[2026-08-12T06:03:53.349+0000] {processor.py:161} INFO - Started process (PID=171) to work on /opt/airflow/dags/hello_airflow.py
[2026-08-12T06:03:53.351+0000] {processor.py:830} INFO - Processing file /opt/airflow/dags/hello_airflow.py for tasks to queue
[2026-08-12T06:03:53.354+0000] {logging_mixin.py:188} INFO - [2026-08-12T06:03:53.354+0000] {dagbag.py:545} INFO - Filling up the DagBag from /opt/airflow/dags/hello_airflow.py
[2026-08-12T06:03:53.392+0000] {processor.py:840} INFO - DAG(s) 'hello_airflow' retrieved from /opt/airflow/dags/hello_airflow.py
[2026-08-12T06:03:53.429+0000] {logging_mixin.py:188} INFO - [2026-08-12T06:03:53.429+0000] {dag.py:3089} INFO - Sync 1 DAGs
[2026-08-12T06:03:53.446+0000] {logging_mixin.py:188} INFO - [2026-08-12T06:03:53.445+0000] {dag.py:3947} INFO - Setting next_dagrun for hello_airflow to None, run_after=None
[2026-08-12T06:03:53.469+0000] {processor.py:183} INFO - Processing /opt/airflow/dags/hello_airflow.py took 0.129 seconds
[2026-08-12T06:04:23.595+0000] {processor.py:161} INFO - Started process (PID=190) to work on /opt/airflow/dags/hello_airflow.py
[2026-08-12T06:04:23.596+0000] {processor.py:830} INFO - Processing file /opt/airflow/dags/hello_airflow.py for tasks to queue
[2026-08-12T06:04:23.599+0000] {logging_mixin.py:188} INFO - [2026-08-12T06:04:23.598+0000] {dagbag.py:545} INFO - Filling up the DagBag from /opt/airflow/dags/hello_airflow.py
[2026-08-12T06:04:23.616+0000] {processor.py:840} INFO - DAG(s) 'hello_airflow' retrieved from /opt/airflow/dags/hello_airflow.py
[2026-08-12T06:04:23.629+0000] {logging_mixin.py:188} INFO - [2026-08-12T06:04:23.628+0000] {dag.py:3089} INFO - Sync 1 DAGs
[2026-08-12T06:04:23.643+0000] {logging_mixin.py:188} INFO - [2026-08-12T06:04:23.643+0000] {dag.py:3947} INFO - Setting next_dagrun for hello_airflow to None, run_after=None
[2026-08-12T06:04:23.663+0000] {processor.py:183} INFO - Processing /opt/airflow/dags/hello_airflow.py took 0.076 seconds
[2026-08-12T06:05:17.309+0000] {processor.py:161} INFO - Started process (PID=165) to work on /opt/airflow/dags/hello_airflow.py
[2026-08-12T06:05:17.311+0000] {processor.py:830} INFO - Processing file /opt/airflow/dags/hello_airflow.py for tasks to queue
[2026-08-12T06:05:17.315+0000] {logging_mixin.py:188} INFO - [2026-08-12T06:05:17.315+0000] {dagbag.py:545} INFO - Filling up the DagBag from /opt/airflow/dags/hello_airflow.py
[2026-08-12T06:05:17.339+0000] {processor.py:840} INFO - DAG(s) 'hello_airflow' retrieved from /opt/airflow/dags/hello_airflow.py
[2026-08-12T06:05:17.369+0000] {logging_mixin.py:188} INFO - [2026-08-12T06:05:17.369+0000] {dag.py:3089} INFO - Sync 1 DAGs
[2026-08-12T06:05:17.384+0000] {logging_mixin.py:188} INFO - [2026-08-12T06:05:17.383+0000] {dag.py:3947} INFO - Setting next_dagrun for hello_airflow to None, run_after=None
[2026-08-12T06:05:17.407+0000] {processor.py:183} INFO - Processing /opt/airflow/dags/hello_airflow.py took 0.106 seconds
[2026-08-12T06:05:47.539+0000] {processor.py:161} INFO - Started process (PID=191) to work on /opt/airflow/dags/hello_airflow.py
[2026-08-12T06:05:47.540+0000] {processor.py:830} INFO - Processing file /opt/airflow/dags/hello_airflow.py for tasks to queue
[2026-08-12T06:05:47.544+0000] {logging_mixin.py:188} INFO - [2026-08-12T06:05:47.543+0000] {dagbag.py:545} INFO - Filling up the DagBag from /opt/airflow/dags/hello_airflow.py
[2026-08-12T06:05:47.583+0000] {processor.py:840} INFO - DAG(s) 'hello_airflow' retrieved from /opt/airflow/dags/hello_airflow.py
[2026-08-12T06:05:47.782+0000] {logging_mixin.py:188} INFO - [2026-08-12T06:05:47.782+0000] {dag.py:3089} INFO - Sync 1 DAGs
[2026-08-12T06:05:47.792+0000] {logging_mixin.py:188} INFO - [2026-08-12T06:05:47.792+0000] {dag.py:3947} INFO - Setting next_dagrun for hello_airflow to None, run_after=None
[2026-08-12T06:05:47.809+0000] {processor.py:183} INFO - Processing /opt/airflow/dags/hello_airflow.py took 0.286 seconds
[2026-08-12T06:06:18.000+0000] {processor.py:161} INFO - Started process (PID=210) to work on /opt/airflow/dags/hello_airflow.py
[2026-08-12T06:06:18.001+0000] {processor.py:830} INFO - Processing file /opt/airflow/dags/hello_airflow.py for tasks to queue
[2026-08-12T06:06:18.003+0000] {logging_mixin.py:188} INFO - [2026-08-12T06:06:18.003+0000] {dagbag.py:545} INFO - Filling up the DagBag from /opt/airflow/dags/hello_airflow.py
[2026-08-12T06:06:18.018+0000] {processor.py:840} INFO - DAG(s) 'hello_airflow' retrieved from /opt/airflow/dags/hello_airflow.py
[2026-08-12T06:06:18.044+0000] {logging_mixin.py:188} INFO - [2026-08-12T06:06:18.044+0000] {dag.py:3089} INFO - Sync 1 DAGs
[2026-08-12T06:06:18.054+0000] {logging_mixin.py:188} INFO - [2026-08-12T06:06:18.054+0000] {dag.py:3947} INFO - Setting next_dagrun for hello_airflow to None, run_after=None
[2026-08-12T06:06:18.074+0000] {processor.py:183} INFO - Processing /opt/airflow/dags/hello_airflow.py took 0.080 seconds
[2026-08-12T06:06:48.194+0000] {processor.py:161} INFO - Started process (PID=237) to work on /opt/airflow/dags/hello_airflow.py
[2026-08-12T06:06:48.195+0000] {processor.py:830} INFO - Processing file /opt/airflow/dags/hello_airflow.py for tasks to queue
[2026-08-12T06:06:48.197+0000] {logging_mixin.py:188} INFO - [2026-08-12T06:06:48.197+0000] {dagbag.py:545} INFO - Filling up the DagBag from /opt/airflow/dags/hello_airflow.py
[2026-08-12T06:06:48.213+0000] {processor.py:840} INFO - DAG(s) 'hello_airflow' retrieved from /opt/airflow/dags/hello_airflow.py
[2026-08-12T06:06:48.241+0000] {logging_mixin.py:188} INFO - [2026-08-12T06:06:48.240+0000] {dag.py:3089} INFO - Sync 1 DAGs
[2026-08-12T06:06:48.252+0000] {logging_mixin.py:188} INFO - [2026-08-12T06:06:48.252+0000] {dag.py:3947} INFO - Setting next_dagrun for hello_airflow to None, run_after=None
[2026-08-12T06:06:48.271+0000] {processor.py:183} INFO - Processing /opt/airflow/dags/hello_airflow.py took 0.081 seconds
[2026-08-12T06:07:18.427+0000] {processor.py:161} INFO - Started process (PID=256) to work on /opt/airflow/dags/hello_airflow.py
[2026-08-12T06:07:18.429+0000] {processor.py:830} INFO - Processing file /opt/airflow/dags/hello_airflow.py for tasks to queue
[2026-08-12T06:07:18.431+0000] {logging_mixin.py:188} INFO - [2026-08-12T06:07:18.431+0000] {dagbag.py:545} INFO - Filling up the DagBag from /opt/airflow/dags/hello_airflow.py
[2026-08-12T06:07:18.451+0000] {processor.py:840} INFO - DAG(s) 'hello_airflow' retrieved from /opt/airflow/dags/hello_airflow.py
[2026-08-12T06:07:18.480+0000] {logging_mixin.py:188} INFO - [2026-08-12T06:07:18.480+0000] {dag.py:3089} INFO - Sync 1 DAGs
[2026-08-12T06:07:18.494+0000] {logging_mixin.py:188} INFO - [2026-08-12T06:07:18.494+0000] {dag.py:3947} INFO - Setting next_dagrun for hello_airflow to None, run_after=None
[2026-08-12T06:07:18.516+0000] {processor.py:183} INFO - Processing /opt/airflow/dags/hello_airflow.py took 0.096 seconds
[2026-08-12T06:07:48.640+0000] {processor.py:161} INFO - Started process (PID=283) to work on /opt/airflow/dags/hello_airflow.py
[2026-08-12T06:07:48.641+0000] {processor.py:830} INFO - Processing file /opt/airflow/dags/hello_airflow.py for tasks to queue
[2026-08-12T06:07:48.643+0000] {logging_mixin.py:188} INFO - [2026-08-12T06:07:48.643+0000] {dagbag.py:545} INFO - Filling up the DagBag from /opt/airflow/dags/hello_airflow.py
[2026-08-12T06:07:48.667+0000] {processor.py:840} INFO - DAG(s) 'hello_airflow' retrieved from /opt/airflow/dags/hello_airflow.py
[2026-08-12T06:07:48.703+0000] {logging_mixin.py:188} INFO - [2026-08-12T06:07:48.702+0000] {dag.py:3089} INFO - Sync 1 DAGs
[2026-08-12T06:07:48.718+0000] {logging_mixin.py:188} INFO - [2026-08-12T06:07:48.718+0000] {dag.py:3947} INFO - Setting next_dagrun for hello_airflow to None, run_after=None
[2026-08-12T06:07:48.740+0000] {processor.py:183} INFO - Processing /opt/airflow/dags/hello_airflow.py took 0.105 seconds
[2026-08-12T06:08:18.891+0000] {processor.py:161} INFO - Started process (PID=302) to work on /opt/airflow/dags/hello_airflow.py
[2026-08-12T06:08:18.892+0000] {processor.py:830} INFO - Processing file /opt/airflow/dags/hello_airflow.py for tasks to queue
[2026-08-12T06:08:18.894+0000] {logging_mixin.py:188} INFO - [2026-08-12T06:08:18.893+0000] {dagbag.py:545} INFO - Filling up the DagBag from /opt/airflow/dags/hello_airflow.py
[2026-08-12T06:08:18.914+0000] {processor.py:840} INFO - DAG(s) 'hello_airflow' retrieved from /opt/airflow/dags/hello_airflow.py
[2026-08-12T06:08:18.940+0000] {logging_mixin.py:188} INFO - [2026-08-12T06:08:18.939+0000] {dag.py:3089} INFO - Sync 1 DAGs
[2026-08-12T06:08:18.951+0000] {logging_mixin.py:188} INFO - [2026-08-12T06:08:18.950+0000] {dag.py:3947} INFO - Setting next_dagrun for hello_airflow to None, run_after=None
[2026-08-12T06:08:18.970+0000] {processor.py:183} INFO - Processing /opt/airflow/dags/hello_airflow.py took 0.086 seconds
[2026-08-12T06:08:49.073+0000] {processor.py:161} INFO - Started process (PID=321) to work on /opt/airflow/dags/hello_airflow.py
[2026-08-12T06:08:49.074+0000] {processor.py:830} INFO - Processing file /opt/airflow/dags/hello_airflow.py for tasks to queue
[2026-08-12T06:08:49.076+0000] {logging_mixin.py:188} INFO - [2026-08-12T06:08:49.076+0000] {dagbag.py:545} INFO - Filling up the DagBag from /opt/airflow/dags/hello_airflow.py
[2026-08-12T06:08:49.094+0000] {processor.py:840} INFO - DAG(s) 'hello_airflow' retrieved from /opt/airflow/dags/hello_airflow.py
[2026-08-12T06:08:49.124+0000] {logging_mixin.py:188} INFO - [2026-08-12T06:08:49.124+0000] {dag.py:3089} INFO - Sync 1 DAGs
[2026-08-12T06:08:49.138+0000] {logging_mixin.py:188} INFO - [2026-08-12T06:08:49.138+0000] {dag.py:3947} INFO - Setting next_dagrun for hello_airflow to None, run_after=None
[2026-08-12T06:08:49.157+0000] {processor.py:183} INFO - Processing /opt/airflow/dags/hello_airflow.py took 0.091 seconds
[2026-08-12T06:09:19.296+0000] {processor.py:161} INFO - Started process (PID=347) to work on /opt/airflow/dags/hello_airflow.py
[2026-08-12T06:09:19.297+0000] {processor.py:830} INFO - Processing file /opt/airflow/dags/hello_airflow.py for tasks to queue
[2026-08-12T06:09:19.300+0000] {logging_mixin.py:188} INFO - [2026-08-12T06:09:19.300+0000] {dagbag.py:545} INFO - Filling up the DagBag from /opt/airflow/dags/hello_airflow.py
[2026-08-12T06:09:19.319+0000] {processor.py:840} INFO - DAG(s) 'hello_airflow' retrieved from /opt/airflow/dags/hello_airflow.py
[2026-08-12T06:09:19.351+0000] {logging_mixin.py:188} INFO - [2026-08-12T06:09:19.350+0000] {dag.py:3089} INFO - Sync 1 DAGs
[2026-08-12T06:09:19.364+0000] {logging_mixin.py:188} INFO - [2026-08-12T06:09:19.363+0000] {dag.py:3947} INFO - Setting next_dagrun for hello_airflow to None, run_after=None
[2026-08-12T06:09:19.383+0000] {processor.py:183} INFO - Processing /opt/airflow/dags/hello_airflow.py took 0.093 seconds
[2026-08-12T06:09:49.512+0000] {processor.py:161} INFO - Started process (PID=366) to work on /opt/airflow/dags/hello_airflow.py
[2026-08-12T06:09:49.514+0000] {processor.py:830} INFO - Processing file /opt/airflow/dags/hello_airflow.py for tasks to queue
[2026-08-12T06:09:49.517+0000] {logging_mixin.py:188} INFO - [2026-08-12T06:09:49.517+0000] {dagbag.py:545} INFO - Filling up the DagBag from /opt/airflow/dags/hello_airflow.py
[2026-08-12T06:09:49.539+0000] {processor.py:840} INFO - DAG(s) 'hello_airflow' retrieved from /opt/airflow/dags/hello_airflow.py
[2026-08-12T06:09:49.572+0000] {logging_mixin.py:188} INFO - [2026-08-12T06:09:49.571+0000] {dag.py:3089} INFO - Sync 1 DAGs
[2026-08-12T06:09:49.588+0000] {logging_mixin.py:188} INFO - [2026-08-12T06:09:49.587+0000] {dag.py:3947} INFO - Setting next_dagrun for hello_airflow to None, run_after=None
[2026-08-12T06:09:49.615+0000] {processor.py:183} INFO - Processing /opt/airflow/dags/hello_airflow.py took 0.109 seconds
[2026-08-12T06:10:19.937+0000] {processor.py:161} INFO - Started process (PID=385) to work on /opt/airflow/dags/hello_airflow.py
[2026-08-12T06:10:19.940+0000] {processor.py:830} INFO - Processing file /opt/airflow/dags/hello_airflow.py for tasks to queue
[2026-08-12T06:10:19.944+0000] {logging_mixin.py:188} INFO - [2026-08-12T06:10:19.943+0000] {dagbag.py:545} INFO - Filling up the DagBag from /opt/airflow/dags/hello_airflow.py
[2026-08-12T06:10:19.961+0000] {processor.py:840} INFO - DAG(s) 'hello_airflow' retrieved from /opt/airflow/dags/hello_airflow.py
[2026-08-12T06:10:20.017+0000] {logging_mixin.py:188} INFO - [2026-08-12T06:10:20.017+0000] {dag.py:3089} INFO - Sync 1 DAGs
[2026-08-12T06:10:20.033+0000] {logging_mixin.py:188} INFO - [2026-08-12T06:10:20.033+0000] {dag.py:3947} INFO - Setting next_dagrun for hello_airflow to None, run_after=None
[2026-08-12T06:10:20.059+0000] {processor.py:183} INFO - Processing /opt/airflow/dags/hello_airflow.py took 0.129 seconds
[2026-08-12T06:10:50.239+0000] {processor.py:161} INFO - Started process (PID=411) to work on /opt/airflow/dags/hello_airflow.py
[2026-08-12T06:10:50.240+0000] {processor.py:830} INFO - Processing file /opt/airflow/dags/hello_airflow.py for tasks to queue
[2026-08-12T06:10:50.242+0000] {logging_mixin.py:188} INFO - [2026-08-12T06:10:50.242+0000] {dagbag.py:545} INFO - Filling up the DagBag from /opt/airflow/dags/hello_airflow.py
[2026-08-12T06:10:50.261+0000] {processor.py:840} INFO - DAG(s) 'hello_airflow' retrieved from /opt/airflow/dags/hello_airflow.py
[2026-08-12T06:10:50.292+0000] {logging_mixin.py:188} INFO - [2026-08-12T06:10:50.291+0000] {dag.py:3089} INFO - Sync 1 DAGs
[2026-08-12T06:10:50.306+0000] {logging_mixin.py:188} INFO - [2026-08-12T06:10:50.305+0000] {dag.py:3947} INFO - Setting next_dagrun for hello_airflow to None, run_after=None
[2026-08-12T06:10:50.328+0000] {processor.py:183} INFO - Processing /opt/airflow/dags/hello_airflow.py took 0.096 seconds
[2026-08-12T06:11:20.394+0000] {processor.py:161} INFO - Started process (PID=430) to work on /opt/airflow/dags/hello_airflow.py
[2026-08-12T06:11:20.395+0000] {processor.py:830} INFO - Processing file /opt/airflow/dags/hello_airflow.py for tasks to queue
[2026-08-12T06:11:20.397+0000] {logging_mixin.py:188} INFO - [2026-08-12T06:11:20.397+0000] {dagbag.py:545} INFO - Filling up the DagBag from /opt/airflow/dags/hello_airflow.py
[2026-08-12T06:11:20.413+0000] {processor.py:840} INFO - DAG(s) 'hello_airflow' retrieved from /opt/airflow/dags/hello_airflow.py
[2026-08-12T06:11:20.443+0000] {logging_mixin.py:188} INFO - [2026-08-12T06:11:20.443+0000] {dag.py:3089} INFO - Sync 1 DAGs
[2026-08-12T06:11:20.455+0000] {logging_mixin.py:188} INFO - [2026-08-12T06:11:20.455+0000] {dag.py:3947} INFO - Setting next_dagrun for hello_airflow to None, run_after=None
[2026-08-12T06:11:20.474+0000] {processor.py:183} INFO - Processing /opt/airflow/dags/hello_airflow.py took 0.086 seconds
[2026-08-12T06:11:50.661+0000] {processor.py:161} INFO - Started process (PID=456) to work on /opt/airflow/dags/hello_airflow.py
[2026-08-12T06:11:50.662+0000] {processor.py:830} INFO - Processing file /opt/airflow/dags/hello_airflow.py for tasks to queue
[2026-08-12T06:11:50.665+0000] {logging_mixin.py:188} INFO - [2026-08-12T06:11:50.664+0000] {dagbag.py:545} INFO - Filling up the DagBag from /opt/airflow/dags/hello_airflow.py
[2026-08-12T06:11:50.682+0000] {processor.py:840} INFO - DAG(s) 'hello_airflow' retrieved from /opt/airflow/dags/hello_airflow.py
[2026-08-12T06:11:50.716+0000] {logging_mixin.py:188} INFO - [2026-08-12T06:11:50.716+0000] {dag.py:3089} INFO - Sync 1 DAGs
[2026-08-12T06:11:50.735+0000] {logging_mixin.py:188} INFO - [2026-08-12T06:11:50.734+0000] {dag.py:3947} INFO - Setting next_dagrun for hello_airflow to None, run_after=None
[2026-08-12T06:11:50.755+0000] {processor.py:183} INFO - Processing /opt/airflow/dags/hello_airflow.py took 0.102 seconds
[2026-08-12T06:12:20.855+0000] {processor.py:161} INFO - Started process (PID=475) to work on /opt/airflow/dags/hello_airflow.py
[2026-08-12T06:12:20.856+0000] {processor.py:830} INFO - Processing file /opt/airflow/dags/hello_airflow.py for tasks to queue
[2026-08-12T06:12:20.859+0000] {logging_mixin.py:188} INFO - [2026-08-12T06:12:20.858+0000] {dagbag.py:545} INFO - Filling up the DagBag from /opt/airflow/dags/hello_airflow.py
[2026-08-12T06:12:20.885+0000] {processor.py:840} INFO - DAG(s) 'hello_airflow' retrieved from /opt/airflow/dags/hello_airflow.py
[2026-08-12T06:12:20.914+0000] {logging_mixin.py:188} INFO - [2026-08-12T06:12:20.914+0000] {dag.py:3089} INFO - Sync 1 DAGs
[2026-08-12T06:12:20.927+0000] {logging_mixin.py:188} INFO - [2026-08-12T06:12:20.927+0000] {dag.py:3947} INFO - Setting next_dagrun for hello_airflow to None, run_after=None
[2026-08-12T06:12:20.945+0000] {processor.py:183} INFO - Processing /opt/airflow/dags/hello_airflow.py took 0.096 seconds
[2026-08-12T06:12:51.103+0000] {processor.py:161} INFO - Started process (PID=494) to work on /opt/airflow/dags/hello_airflow.py
[2026-08-12T06:12:51.104+0000] {processor.py:830} INFO - Processing file /opt/airflow/dags/hello_airflow.py for tasks to queue
[2026-08-12T06:12:51.106+0000] {logging_mixin.py:188} INFO - [2026-08-12T06:12:51.106+0000] {dagbag.py:545} INFO - Filling up the DagBag from /opt/airflow/dags/hello_airflow.py
[2026-08-12T06:12:51.124+0000] {processor.py:840} INFO - DAG(s) 'hello_airflow' retrieved from /opt/airflow/dags/hello_airflow.py
[2026-08-12T06:12:51.151+0000] {logging_mixin.py:188} INFO - [2026-08-12T06:12:51.150+0000] {dag.py:3089} INFO - Sync 1 DAGs
[2026-08-12T06:12:51.162+0000] {logging_mixin.py:188} INFO - [2026-08-12T06:12:51.162+0000] {dag.py:3947} INFO - Setting next_dagrun for hello_airflow to None, run_after=None
[2026-08-12T06:12:51.179+0000] {processor.py:183} INFO - Processing /opt/airflow/dags/hello_airflow.py took 0.082 seconds
[2026-08-12T06:13:21.282+0000] {processor.py:161} INFO - Started process (PID=520) to work on /opt/airflow/dags/hello_airflow.py
[2026-08-12T06:13:21.284+0000] {processor.py:830} INFO - Processing file /opt/airflow/dags/hello_airflow.py for tasks to queue
[2026-08-12T06:13:21.290+0000] {logging_mixin.py:188} INFO - [2026-08-12T06:13:21.289+0000] {dagbag.py:545} INFO - Filling up the DagBag from /opt/airflow/dags/hello_airflow.py
[2026-08-12T06:13:21.318+0000] {processor.py:840} INFO - DAG(s) 'hello_airflow' retrieved from /opt/airflow/dags/hello_airflow.py
[2026-08-12T06:13:21.351+0000] {logging_mixin.py:188} INFO - [2026-08-12T06:13:21.351+0000] {dag.py:3089} INFO - Sync 1 DAGs
[2026-08-12T06:13:21.368+0000] {logging_mixin.py:188} INFO - [2026-08-12T06:13:21.367+0000] {dag.py:3947} INFO - Setting next_dagrun for hello_airflow to None, run_after=None
[2026-08-12T06:13:21.392+0000] {processor.py:183} INFO - Processing /opt/airflow/dags/hello_airflow.py took 0.118 seconds
[2026-08-12T06:13:51.502+0000] {processor.py:161} INFO - Started process (PID=541) to work on /opt/airflow/dags/hello_airflow.py
[2026-08-12T06:13:51.503+0000] {processor.py:830} INFO - Processing file /opt/airflow/dags/hello_airflow.py for tasks to queue
[2026-08-12T06:13:51.505+0000] {logging_mixin.py:188} INFO - [2026-08-12T06:13:51.504+0000] {dagbag.py:545} INFO - Filling up the DagBag from /opt/airflow/dags/hello_airflow.py
[2026-08-12T06:13:51.517+0000] {processor.py:840} INFO - DAG(s) 'hello_airflow' retrieved from /opt/airflow/dags/hello_airflow.py
[2026-08-12T06:13:51.541+0000] {logging_mixin.py:188} INFO - [2026-08-12T06:13:51.540+0000] {dag.py:3089} INFO - Sync 1 DAGs
[2026-08-12T06:13:51.551+0000] {logging_mixin.py:188} INFO - [2026-08-12T06:13:51.551+0000] {dag.py:3947} INFO - Setting next_dagrun for hello_airflow to None, run_after=None
[2026-08-12T06:13:51.566+0000] {processor.py:183} INFO - Processing /opt/airflow/dags/hello_airflow.py took 0.069 seconds
[2026-08-12T06:14:21.719+0000] {processor.py:161} INFO - Started process (PID=567) to work on /opt/airflow/dags/hello_airflow.py
[2026-08-12T06:14:21.720+0000] {processor.py:830} INFO - Processing file /opt/airflow/dags/hello_airflow.py for tasks to queue
[2026-08-12T06:14:21.724+0000] {logging_mixin.py:188} INFO - [2026-08-12T06:14:21.723+0000] {dagbag.py:545} INFO - Filling up the DagBag from /opt/airflow/dags/hello_airflow.py
[2026-08-12T06:14:21.744+0000] {processor.py:840} INFO - DAG(s) 'hello_airflow' retrieved from /opt/airflow/dags/hello_airflow.py
[2026-08-12T06:14:21.777+0000] {logging_mixin.py:188} INFO - [2026-08-12T06:14:21.777+0000] {dag.py:3089} INFO - Sync 1 DAGs
[2026-08-12T06:14:21.794+0000] {logging_mixin.py:188} INFO - [2026-08-12T06:14:21.794+0000] {dag.py:3947} INFO - Setting next_dagrun for hello_airflow to None, run_after=None
[2026-08-12T06:14:21.817+0000] {processor.py:183} INFO - Processing /opt/airflow/dags/hello_airflow.py took 0.106 seconds
[2026-08-12T06:14:51.892+0000] {processor.py:161} INFO - Started process (PID=586) to work on /opt/airflow/dags/hello_airflow.py
[2026-08-12T06:14:51.893+0000] {processor.py:830} INFO - Processing file /opt/airflow/dags/hello_airflow.py for tasks to queue
[2026-08-12T06:14:51.895+0000] {logging_mixin.py:188} INFO - [2026-08-12T06:14:51.895+0000] {dagbag.py:545} INFO - Filling up the DagBag from /opt/airflow/dags/hello_airflow.py
[2026-08-12T06:14:51.930+0000] {processor.py:840} INFO - DAG(s) 'hello_airflow' retrieved from /opt/airflow/dags/hello_airflow.py
[2026-08-12T06:14:51.958+0000] {logging_mixin.py:188} INFO - [2026-08-12T06:14:51.958+0000] {dag.py:3089} INFO - Sync 1 DAGs
[2026-08-12T06:14:51.972+0000] {logging_mixin.py:188} INFO - [2026-08-12T06:14:51.972+0000] {dag.py:3947} INFO - Setting next_dagrun for hello_airflow to None, run_after=None
[2026-08-12T06:14:51.991+0000] {processor.py:183} INFO - Processing /opt/airflow/dags/hello_airflow.py took 0.105 seconds
[2026-08-12T06:15:22.185+0000] {processor.py:161} INFO - Started process (PID=605) to work on /opt/airflow/dags/hello_airflow.py
[2026-08-12T06:15:22.186+0000] {processor.py:830} INFO - Processing file /opt/airflow/dags/hello_airflow.py for tasks to queue
[2026-08-12T06:15:22.189+0000] {logging_mixin.py:188} INFO - [2026-08-12T06:15:22.189+0000] {dagbag.py:545} INFO - Filling up the DagBag from /opt/airflow/dags/hello_airflow.py
[2026-08-12T06:15:22.208+0000] {processor.py:840} INFO - DAG(s) 'hello_airflow' retrieved from /opt/airflow/dags/hello_airflow.py
[2026-08-12T06:15:22.237+0000] {logging_mixin.py:188} INFO - [2026-08-12T06:15:22.237+0000] {dag.py:3089} INFO - Sync 1 DAGs
[2026-08-12T06:15:22.249+0000] {logging_mixin.py:188} INFO - [2026-08-12T06:15:22.249+0000] {dag.py:3947} INFO - Setting next_dagrun for hello_airflow to None, run_after=None
[2026-08-12T06:15:22.267+0000] {processor.py:183} INFO - Processing /opt/airflow/dags/hello_airflow.py took 0.087 seconds
[2026-08-12T06:15:52.354+0000] {processor.py:161} INFO - Started process (PID=631) to work on /opt/airflow/dags/hello_airflow.py
[2026-08-12T06:15:52.355+0000] {processor.py:830} INFO - Processing file /opt/airflow/dags/hello_airflow.py for tasks to queue
[2026-08-12T06:15:52.357+0000] {logging_mixin.py:188} INFO - [2026-08-12T06:15:52.357+0000] {dagbag.py:545} INFO - Filling up the DagBag from /opt/airflow/dags/hello_airflow.py
[2026-08-12T06:15:52.372+0000] {processor.py:840} INFO - DAG(s) 'hello_airflow' retrieved from /opt/airflow/dags/hello_airflow.py
[2026-08-12T06:15:52.400+0000] {logging_mixin.py:188} INFO - [2026-08-12T06:15:52.400+0000] {dag.py:3089} INFO - Sync 1 DAGs
[2026-08-12T06:15:52.413+0000] {logging_mixin.py:188} INFO - [2026-08-12T06:15:52.413+0000] {dag.py:3947} INFO - Setting next_dagrun for hello_airflow to None, run_after=None
[2026-08-12T06:15:52.434+0000] {processor.py:183} INFO - Processing /opt/airflow/dags/hello_airflow.py took 0.085 seconds
[2026-08-12T06:16:22.616+0000] {processor.py:161} INFO - Started process (PID=650) to work on /opt/airflow/dags/hello_airflow.py
[2026-08-12T06:16:22.618+0000] {processor.py:830} INFO - Processing file /opt/airflow/dags/hello_airflow.py for tasks to queue
[2026-08-12T06:16:22.619+0000] {logging_mixin.py:188} INFO - [2026-08-12T06:16:22.619+0000] {dagbag.py:545} INFO - Filling up the DagBag from /opt/airflow/dags/hello_airflow.py
[2026-08-12T06:16:22.636+0000] {processor.py:840} INFO - DAG(s) 'hello_airflow' retrieved from /opt/airflow/dags/hello_airflow.py
[2026-08-12T06:16:22.666+0000] {logging_mixin.py:188} INFO - [2026-08-12T06:16:22.666+0000] {dag.py:3089} INFO - Sync 1 DAGs
[2026-08-12T06:16:22.679+0000] {logging_mixin.py:188} INFO - [2026-08-12T06:16:22.678+0000] {dag.py:3947} INFO - Setting next_dagrun for hello_airflow to None, run_after=None
[2026-08-12T06:16:22.696+0000] {processor.py:183} INFO - Processing /opt/airflow/dags/hello_airflow.py took 0.084 seconds
[2026-08-12T06:16:52.802+0000] {processor.py:161} INFO - Started process (PID=677) to work on /opt/airflow/dags/hello_airflow.py
[2026-08-12T06:16:52.803+0000] {processor.py:830} INFO - Processing file /opt/airflow/dags/hello_airflow.py for tasks to queue
[2026-08-12T06:16:52.806+0000] {logging_mixin.py:188} INFO - [2026-08-12T06:16:52.806+0000] {dagbag.py:545} INFO - Filling up the DagBag from /opt/airflow/dags/hello_airflow.py
[2026-08-12T06:16:52.830+0000] {processor.py:840} INFO - DAG(s) 'hello_airflow' retrieved from /opt/airflow/dags/hello_airflow.py
[2026-08-12T06:16:52.869+0000] {logging_mixin.py:188} INFO - [2026-08-12T06:16:52.869+0000] {dag.py:3089} INFO - Sync 1 DAGs
[2026-08-12T06:16:52.887+0000] {logging_mixin.py:188} INFO - [2026-08-12T06:16:52.886+0000] {dag.py:3947} INFO - Setting next_dagrun for hello_airflow to None, run_after=None
[2026-08-12T06:16:52.908+0000] {processor.py:183} INFO - Processing /opt/airflow/dags/hello_airflow.py took 0.117 seconds
[2026-08-12T06:17:23.015+0000] {processor.py:161} INFO - Started process (PID=696) to work on /opt/airflow/dags/hello_airflow.py
[2026-08-12T06:17:23.016+0000] {processor.py:830} INFO - Processing file /opt/airflow/dags/hello_airflow.py for tasks to queue
[2026-08-12T06:17:23.018+0000] {logging_mixin.py:188} INFO - [2026-08-12T06:17:23.018+0000] {dagbag.py:545} INFO - Filling up the DagBag from /opt/airflow/dags/hello_airflow.py
[2026-08-12T06:17:23.034+0000] {processor.py:840} INFO - DAG(s) 'hello_airflow' retrieved from /opt/airflow/dags/hello_airflow.py
[2026-08-12T06:17:23.062+0000] {logging_mixin.py:188} INFO - [2026-08-12T06:17:23.062+0000] {dag.py:3089} INFO - Sync 1 DAGs
[2026-08-12T06:17:23.074+0000] {logging_mixin.py:188} INFO - [2026-08-12T06:17:23.074+0000] {dag.py:3947} INFO - Setting next_dagrun for hello_airflow to None, run_after=None
[2026-08-12T06:17:23.092+0000] {processor.py:183} INFO - Processing /opt/airflow/dags/hello_airflow.py took 0.082 seconds
[2026-08-12T06:17:53.254+0000] {processor.py:161} INFO - Started process (PID=722) to work on /opt/airflow/dags/hello_airflow.py
[2026-08-12T06:17:53.255+0000] {processor.py:830} INFO - Processing file /opt/airflow/dags/hello_airflow.py for tasks to queue
[2026-08-12T06:17:53.257+0000] {logging_mixin.py:188} INFO - [2026-08-12T06:17:53.257+0000] {dagbag.py:545} INFO - Filling up the DagBag from /opt/airflow/dags/hello_airflow.py
[2026-08-12T06:17:53.277+0000] {processor.py:840} INFO - DAG(s) 'hello_airflow' retrieved from /opt/airflow/dags/hello_airflow.py
[2026-08-12T06:17:53.308+0000] {logging_mixin.py:188} INFO - [2026-08-12T06:17:53.308+0000] {dag.py:3089} INFO - Sync 1 DAGs
[2026-08-12T06:17:53.325+0000] {logging_mixin.py:188} INFO - [2026-08-12T06:17:53.325+0000] {dag.py:3947} INFO - Setting next_dagrun for hello_airflow to None, run_after=None
[2026-08-12T06:17:53.351+0000] {processor.py:183} INFO - Processing /opt/airflow/dags/hello_airflow.py took 0.104 seconds
[2026-08-12T06:18:23.436+0000] {processor.py:161} INFO - Started process (PID=741) to work on /opt/airflow/dags/hello_airflow.py
[2026-08-12T06:18:23.437+0000] {processor.py:830} INFO - Processing file /opt/airflow/dags/hello_airflow.py for tasks to queue
[2026-08-12T06:18:23.440+0000] {logging_mixin.py:188} INFO - [2026-08-12T06:18:23.439+0000] {dagbag.py:545} INFO - Filling up the DagBag from /opt/airflow/dags/hello_airflow.py
[2026-08-12T06:18:23.456+0000] {processor.py:840} INFO - DAG(s) 'hello_airflow' retrieved from /opt/airflow/dags/hello_airflow.py
[2026-08-12T06:18:23.485+0000] {logging_mixin.py:188} INFO - [2026-08-12T06:18:23.485+0000] {dag.py:3089} INFO - Sync 1 DAGs
[2026-08-12T06:18:23.498+0000] {logging_mixin.py:188} INFO - [2026-08-12T06:18:23.497+0000] {dag.py:3947} INFO - Setting next_dagrun for hello_airflow to None, run_after=None
[2026-08-12T06:18:23.518+0000] {processor.py:183} INFO - Processing /opt/airflow/dags/hello_airflow.py took 0.086 seconds
[2026-08-12T06:18:53.664+0000] {processor.py:161} INFO - Started process (PID=760) to work on /opt/airflow/dags/hello_airflow.py
[2026-08-12T06:18:53.665+0000] {processor.py:830} INFO - Processing file /opt/airflow/dags/hello_airflow.py for tasks to queue
[2026-08-12T06:18:53.667+0000] {logging_mixin.py:188} INFO - [2026-08-12T06:18:53.667+0000] {dagbag.py:545} INFO - Filling up the DagBag from /opt/airflow/dags/hello_airflow.py
[2026-08-12T06:18:53.683+0000] {processor.py:840} INFO - DAG(s) 'hello_airflow' retrieved from /opt/airflow/dags/hello_airflow.py
[2026-08-12T06:18:53.711+0000] {logging_mixin.py:188} INFO - [2026-08-12T06:18:53.711+0000] {dag.py:3089} INFO - Sync 1 DAGs
[2026-08-12T06:18:53.724+0000] {logging_mixin.py:188} INFO - [2026-08-12T06:18:53.724+0000] {dag.py:3947} INFO - Setting next_dagrun for hello_airflow to None, run_after=None
[2026-08-12T06:18:53.749+0000] {processor.py:183} INFO - Processing /opt/airflow/dags/hello_airflow.py took 0.090 seconds
[2026-08-12T06:19:23.833+0000] {processor.py:161} INFO - Started process (PID=786) to work on /opt/airflow/dags/hello_airflow.py
[2026-08-12T06:19:23.834+0000] {processor.py:830} INFO - Processing file /opt/airflow/dags/hello_airflow.py for tasks to queue
[2026-08-12T06:19:23.836+0000] {logging_mixin.py:188} INFO - [2026-08-12T06:19:23.836+0000] {dagbag.py:545} INFO - Filling up the DagBag from /opt/airflow/dags/hello_airflow.py
[2026-08-12T06:19:23.851+0000] {processor.py:840} INFO - DAG(s) 'hello_airflow' retrieved from /opt/airflow/dags/hello_airflow.py
[2026-08-12T06:19:23.881+0000] {logging_mixin.py:188} INFO - [2026-08-12T06:19:23.881+0000] {dag.py:3089} INFO - Sync 1 DAGs
[2026-08-12T06:19:23.895+0000] {logging_mixin.py:188} INFO - [2026-08-12T06:19:23.894+0000] {dag.py:3947} INFO - Setting next_dagrun for hello_airflow to None, run_after=None
[2026-08-12T06:19:23.912+0000] {processor.py:183} INFO - Processing /opt/airflow/dags/hello_airflow.py took 0.084 seconds
[2026-08-12T06:19:54.091+0000] {processor.py:161} INFO - Started process (PID=805) to work on /opt/airflow/dags/hello_airflow.py
[2026-08-12T06:19:54.092+0000] {processor.py:830} INFO - Processing file /opt/airflow/dags/hello_airflow.py for tasks to queue
[2026-08-12T06:19:54.096+0000] {logging_mixin.py:188} INFO - [2026-08-12T06:19:54.095+0000] {dagbag.py:545} INFO - Filling up the DagBag from /opt/airflow/dags/hello_airflow.py
[2026-08-12T06:19:54.116+0000] {processor.py:840} INFO - DAG(s) 'hello_airflow' retrieved from /opt/airflow/dags/hello_airflow.py
[2026-08-12T06:19:54.162+0000] {logging_mixin.py:188} INFO - [2026-08-12T06:19:54.161+0000] {dag.py:3089} INFO - Sync 1 DAGs
[2026-08-12T06:19:54.215+0000] {logging_mixin.py:188} INFO - [2026-08-12T06:19:54.215+0000] {dag.py:3947} INFO - Setting next_dagrun for hello_airflow to None, run_after=None
[2026-08-12T06:19:54.260+0000] {processor.py:183} INFO - Processing /opt/airflow/dags/hello_airflow.py took 0.176 seconds
[2026-08-12T06:20:24.489+0000] {processor.py:161} INFO - Started process (PID=824) to work on /opt/airflow/dags/hello_airflow.py
[2026-08-12T06:20:24.491+0000] {processor.py:830} INFO - Processing file /opt/airflow/dags/hello_airflow.py for tasks to queue
[2026-08-12T06:20:24.500+0000] {logging_mixin.py:188} INFO - [2026-08-12T06:20:24.497+0000] {dagbag.py:545} INFO - Filling up the DagBag from /opt/airflow/dags/hello_airflow.py
[2026-08-12T06:20:24.535+0000] {processor.py:840} INFO - DAG(s) 'hello_airflow' retrieved from /opt/airflow/dags/hello_airflow.py
[2026-08-12T06:20:24.594+0000] {logging_mixin.py:188} INFO - [2026-08-12T06:20:24.593+0000] {dag.py:3089} INFO - Sync 1 DAGs
[2026-08-12T06:20:24.623+0000] {logging_mixin.py:188} INFO - [2026-08-12T06:20:24.623+0000] {dag.py:3947} INFO - Setting next_dagrun for hello_airflow to None, run_after=None
[2026-08-12T06:20:24.665+0000] {processor.py:183} INFO - Processing /opt/airflow/dags/hello_airflow.py took 0.190 seconds
[2026-08-12T06:20:54.764+0000] {processor.py:161} INFO - Started process (PID=843) to work on /opt/airflow/dags/hello_airflow.py
[2026-08-12T06:20:54.766+0000] {processor.py:830} INFO - Processing file /opt/airflow/dags/hello_airflow.py for tasks to queue
[2026-08-12T06:20:54.781+0000] {logging_mixin.py:188} INFO - [2026-08-12T06:20:54.780+0000] {dagbag.py:545} INFO - Filling up the DagBag from /opt/airflow/dags/hello_airflow.py
[2026-08-12T06:20:54.844+0000] {processor.py:840} INFO - DAG(s) 'hello_airflow' retrieved from /opt/airflow/dags/hello_airflow.py
[2026-08-12T06:20:54.987+0000] {logging_mixin.py:188} INFO - [2026-08-12T06:20:54.987+0000] {dag.py:3089} INFO - Sync 1 DAGs
[2026-08-12T06:20:55.057+0000] {logging_mixin.py:188} INFO - [2026-08-12T06:20:55.057+0000] {dag.py:3947} INFO - Setting next_dagrun for hello_airflow to None, run_after=None
[2026-08-12T06:20:55.158+0000] {processor.py:183} INFO - Processing /opt/airflow/dags/hello_airflow.py took 0.422 seconds
[2026-08-12T06:21:25.400+0000] {processor.py:161} INFO - Started process (PID=855) to work on /opt/airflow/dags/hello_airflow.py
[2026-08-12T06:21:25.429+0000] {processor.py:830} INFO - Processing file /opt/airflow/dags/hello_airflow.py for tasks to queue
[2026-08-12T06:21:25.450+0000] {logging_mixin.py:188} INFO - [2026-08-12T06:21:25.448+0000] {dagbag.py:545} INFO - Filling up the DagBag from /opt/airflow/dags/hello_airflow.py
[2026-08-12T06:21:25.556+0000] {processor.py:840} INFO - DAG(s) 'hello_airflow' retrieved from /opt/airflow/dags/hello_airflow.py
[2026-08-12T06:21:25.885+0000] {logging_mixin.py:188} INFO - [2026-08-12T06:21:25.884+0000] {dag.py:3089} INFO - Sync 1 DAGs
[2026-08-12T06:21:26.026+0000] {logging_mixin.py:188} INFO - [2026-08-12T06:21:26.025+0000] {dag.py:3947} INFO - Setting next_dagrun for hello_airflow to None, run_after=None
[2026-08-12T06:21:26.233+0000] {processor.py:183} INFO - Processing /opt/airflow/dags/hello_airflow.py took 0.879 seconds
[2026-08-12T06:21:56.991+0000] {processor.py:161} INFO - Started process (PID=875) to work on /opt/airflow/dags/hello_airflow.py
[2026-08-12T06:21:57.005+0000] {processor.py:830} INFO - Processing file /opt/airflow/dags/hello_airflow.py for tasks to queue
[2026-08-12T06:21:57.028+0000] {logging_mixin.py:188} INFO - [2026-08-12T06:21:57.027+0000] {dagbag.py:545} INFO - Filling up the DagBag from /opt/airflow/dags/hello_airflow.py
[2026-08-12T06:21:57.184+0000] {processor.py:840} INFO - DAG(s) 'hello_airflow' retrieved from /opt/airflow/dags/hello_airflow.py
[2026-08-12T06:21:57.511+0000] {logging_mixin.py:188} INFO - [2026-08-12T06:21:57.510+0000] {dag.py:3089} INFO - Sync 1 DAGs
[2026-08-12T06:21:57.640+0000] {logging_mixin.py:188} INFO - [2026-08-12T06:21:57.639+0000] {dag.py:3947} INFO - Setting next_dagrun for hello_airflow to None, run_after=None
[2026-08-12T06:21:57.819+0000] {processor.py:183} INFO - Processing /opt/airflow/dags/hello_airflow.py took 0.895 seconds
[2026-08-12T06:22:28.440+0000] {processor.py:161} INFO - Started process (PID=887) to work on /opt/airflow/dags/hello_airflow.py
[2026-08-12T06:22:28.446+0000] {processor.py:830} INFO - Processing file /opt/airflow/dags/hello_airflow.py for tasks to queue
[2026-08-12T06:22:28.467+0000] {logging_mixin.py:188} INFO - [2026-08-12T06:22:28.465+0000] {dagbag.py:545} INFO - Filling up the DagBag from /opt/airflow/dags/hello_airflow.py
[2026-08-12T06:22:28.585+0000] {processor.py:840} INFO - DAG(s) 'hello_airflow' retrieved from /opt/airflow/dags/hello_airflow.py
[2026-08-12T06:22:28.753+0000] {logging_mixin.py:188} INFO - [2026-08-12T06:22:28.752+0000] {dag.py:3089} INFO - Sync 1 DAGs
[2026-08-12T06:22:28.874+0000] {logging_mixin.py:188} INFO - [2026-08-12T06:22:28.873+0000] {dag.py:3947} INFO - Setting next_dagrun for hello_airflow to None, run_after=None
[2026-08-12T06:22:29.064+0000] {processor.py:183} INFO - Processing /opt/airflow/dags/hello_airflow.py took 0.680 seconds
[2026-08-12T06:22:59.521+0000] {processor.py:161} INFO - Started process (PID=906) to work on /opt/airflow/dags/hello_airflow.py
[2026-08-12T06:22:59.523+0000] {processor.py:830} INFO - Processing file /opt/airflow/dags/hello_airflow.py for tasks to queue
[2026-08-12T06:22:59.527+0000] {logging_mixin.py:188} INFO - [2026-08-12T06:22:59.527+0000] {dagbag.py:545} INFO - Filling up the DagBag from /opt/airflow/dags/hello_airflow.py
[2026-08-12T06:22:59.554+0000] {processor.py:840} INFO - DAG(s) 'hello_airflow' retrieved from /opt/airflow/dags/hello_airflow.py
[2026-08-12T06:22:59.601+0000] {logging_mixin.py:188} INFO - [2026-08-12T06:22:59.601+0000] {dag.py:3089} INFO - Sync 1 DAGs
[2026-08-12T06:22:59.621+0000] {logging_mixin.py:188} INFO - [2026-08-12T06:22:59.620+0000] {dag.py:3947} INFO - Setting next_dagrun for hello_airflow to None, run_after=None
[2026-08-12T06:22:59.652+0000] {processor.py:183} INFO - Processing /opt/airflow/dags/hello_airflow.py took 0.142 seconds
[2026-08-12T06:23:29.733+0000] {processor.py:161} INFO - Started process (PID=925) to work on /opt/airflow/dags/hello_airflow.py
[2026-08-12T06:23:29.735+0000] {processor.py:830} INFO - Processing file /opt/airflow/dags/hello_airflow.py for tasks to queue
[2026-08-12T06:23:29.739+0000] {logging_mixin.py:188} INFO - [2026-08-12T06:23:29.739+0000] {dagbag.py:545} INFO - Filling up the DagBag from /opt/airflow/dags/hello_airflow.py
[2026-08-12T06:23:29.766+0000] {processor.py:840} INFO - DAG(s) 'hello_airflow' retrieved from /opt/airflow/dags/hello_airflow.py
[2026-08-12T06:23:29.804+0000] {logging_mixin.py:188} INFO - [2026-08-12T06:23:29.804+0000] {dag.py:3089} INFO - Sync 1 DAGs
[2026-08-12T06:23:29.823+0000] {logging_mixin.py:188} INFO - [2026-08-12T06:23:29.822+0000] {dag.py:3947} INFO - Setting next_dagrun for hello_airflow to None, run_after=None
[2026-08-12T06:23:29.848+0000] {processor.py:183} INFO - Processing /opt/airflow/dags/hello_airflow.py took 0.124 seconds
[2026-08-12T06:24:00.768+0000] {processor.py:161} INFO - Started process (PID=944) to work on /opt/airflow/dags/hello_airflow.py
[2026-08-12T06:24:00.785+0000] {processor.py:830} INFO - Processing file /opt/airflow/dags/hello_airflow.py for tasks to queue
[2026-08-12T06:24:00.816+0000] {logging_mixin.py:188} INFO - [2026-08-12T06:24:00.808+0000] {dagbag.py:545} INFO - Filling up the DagBag from /opt/airflow/dags/hello_airflow.py
[2026-08-12T06:24:01.064+0000] {processor.py:840} INFO - DAG(s) 'hello_airflow' retrieved from /opt/airflow/dags/hello_airflow.py
[2026-08-12T06:24:01.660+0000] {logging_mixin.py:188} INFO - [2026-08-12T06:24:01.659+0000] {dag.py:3089} INFO - Sync 1 DAGs
[2026-08-12T06:24:01.850+0000] {logging_mixin.py:188} INFO - [2026-08-12T06:24:01.840+0000] {dag.py:3947} INFO - Setting next_dagrun for hello_airflow to None, run_after=None
[2026-08-12T06:24:02.058+0000] {processor.py:183} INFO - Processing /opt/airflow/dags/hello_airflow.py took 1.365 seconds
[2026-08-12T09:45:50.456+0000] {processor.py:161} INFO - Started process (PID=171) to work on /opt/airflow/dags/hello_airflow.py
[2026-08-12T09:45:50.459+0000] {processor.py:830} INFO - Processing file /opt/airflow/dags/hello_airflow.py for tasks to queue
[2026-08-12T09:45:50.466+0000] {logging_mixin.py:188} INFO - [2026-08-12T09:45:50.465+0000] {dagbag.py:545} INFO - Filling up the DagBag from /opt/airflow/dags/hello_airflow.py
[2026-08-12T09:45:50.514+0000] {processor.py:840} INFO - DAG(s) 'hello_airflow' retrieved from /opt/airflow/dags/hello_airflow.py
[2026-08-12T09:45:50.631+0000] {logging_mixin.py:188} INFO - [2026-08-12T09:45:50.630+0000] {dag.py:3089} INFO - Sync 1 DAGs
[2026-08-12T09:45:50.672+0000] {logging_mixin.py:188} INFO - [2026-08-12T09:45:50.671+0000] {dag.py:3947} INFO - Setting next_dagrun for hello_airflow to None, run_after=None
[2026-08-12T09:45:50.744+0000] {processor.py:183} INFO - Processing /opt/airflow/dags/hello_airflow.py took 0.301 seconds
[2026-08-12T09:46:21.054+0000] {processor.py:161} INFO - Started process (PID=190) to work on /opt/airflow/dags/hello_airflow.py
[2026-08-12T09:46:21.055+0000] {processor.py:830} INFO - Processing file /opt/airflow/dags/hello_airflow.py for tasks to queue
[2026-08-12T09:46:21.058+0000] {logging_mixin.py:188} INFO - [2026-08-12T09:46:21.057+0000] {dagbag.py:545} INFO - Filling up the DagBag from /opt/airflow/dags/hello_airflow.py
[2026-08-12T09:46:21.077+0000] {processor.py:840} INFO - DAG(s) 'hello_airflow' retrieved from /opt/airflow/dags/hello_airflow.py
[2026-08-12T09:46:21.111+0000] {logging_mixin.py:188} INFO - [2026-08-12T09:46:21.111+0000] {dag.py:3089} INFO - Sync 1 DAGs
[2026-08-12T09:46:21.130+0000] {logging_mixin.py:188} INFO - [2026-08-12T09:46:21.129+0000] {dag.py:3947} INFO - Setting next_dagrun for hello_airflow to None, run_after=None
[2026-08-12T09:46:21.152+0000] {processor.py:183} INFO - Processing /opt/airflow/dags/hello_airflow.py took 0.104 seconds
[2026-08-12T09:46:51.290+0000] {processor.py:161} INFO - Started process (PID=217) to work on /opt/airflow/dags/hello_airflow.py
[2026-08-12T09:46:51.291+0000] {processor.py:830} INFO - Processing file /opt/airflow/dags/hello_airflow.py for tasks to queue
[2026-08-12T09:46:51.295+0000] {logging_mixin.py:188} INFO - [2026-08-12T09:46:51.295+0000] {dagbag.py:545} INFO - Filling up the DagBag from /opt/airflow/dags/hello_airflow.py
[2026-08-12T09:46:51.322+0000] {processor.py:840} INFO - DAG(s) 'hello_airflow' retrieved from /opt/airflow/dags/hello_airflow.py
[2026-08-12T09:46:51.371+0000] {logging_mixin.py:188} INFO - [2026-08-12T09:46:51.371+0000] {dag.py:3089} INFO - Sync 1 DAGs
[2026-08-12T09:46:51.395+0000] {logging_mixin.py:188} INFO - [2026-08-12T09:46:51.394+0000] {dag.py:3947} INFO - Setting next_dagrun for hello_airflow to None, run_after=None
[2026-08-12T09:46:51.426+0000] {processor.py:183} INFO - Processing /opt/airflow/dags/hello_airflow.py took 0.146 seconds
[2026-08-12T09:47:21.528+0000] {processor.py:161} INFO - Started process (PID=236) to work on /opt/airflow/dags/hello_airflow.py
[2026-08-12T09:47:21.529+0000] {processor.py:830} INFO - Processing file /opt/airflow/dags/hello_airflow.py for tasks to queue
[2026-08-12T09:47:21.532+0000] {logging_mixin.py:188} INFO - [2026-08-12T09:47:21.531+0000] {dagbag.py:545} INFO - Filling up the DagBag from /opt/airflow/dags/hello_airflow.py
[2026-08-12T09:47:21.549+0000] {processor.py:840} INFO - DAG(s) 'hello_airflow' retrieved from /opt/airflow/dags/hello_airflow.py
[2026-08-12T09:47:21.581+0000] {logging_mixin.py:188} INFO - [2026-08-12T09:47:21.580+0000] {dag.py:3089} INFO - Sync 1 DAGs
[2026-08-12T09:47:21.595+0000] {logging_mixin.py:188} INFO - [2026-08-12T09:47:21.595+0000] {dag.py:3947} INFO - Setting next_dagrun for hello_airflow to None, run_after=None
[2026-08-12T09:47:21.618+0000] {processor.py:183} INFO - Processing /opt/airflow/dags/hello_airflow.py took 0.096 seconds
[2026-08-12T09:47:51.809+0000] {processor.py:161} INFO - Started process (PID=255) to work on /opt/airflow/dags/hello_airflow.py
[2026-08-12T09:47:51.810+0000] {processor.py:830} INFO - Processing file /opt/airflow/dags/hello_airflow.py for tasks to queue
[2026-08-12T09:47:51.813+0000] {logging_mixin.py:188} INFO - [2026-08-12T09:47:51.812+0000] {dagbag.py:545} INFO - Filling up the DagBag from /opt/airflow/dags/hello_airflow.py
[2026-08-12T09:47:51.826+0000] {processor.py:840} INFO - DAG(s) 'hello_airflow' retrieved from /opt/airflow/dags/hello_airflow.py
[2026-08-12T09:47:51.852+0000] {logging_mixin.py:188} INFO - [2026-08-12T09:47:51.852+0000] {dag.py:3089} INFO - Sync 1 DAGs
[2026-08-12T09:47:51.864+0000] {logging_mixin.py:188} INFO - [2026-08-12T09:47:51.864+0000] {dag.py:3947} INFO - Setting next_dagrun for hello_airflow to None, run_after=None
[2026-08-12T09:47:51.881+0000] {processor.py:183} INFO - Processing /opt/airflow/dags/hello_airflow.py took 0.078 seconds
[2026-08-12T09:48:22.031+0000] {processor.py:161} INFO - Started process (PID=281) to work on /opt/airflow/dags/hello_airflow.py
[2026-08-12T09:48:22.033+0000] {processor.py:830} INFO - Processing file /opt/airflow/dags/hello_airflow.py for tasks to queue
[2026-08-12T09:48:22.039+0000] {logging_mixin.py:188} INFO - [2026-08-12T09:48:22.038+0000] {dagbag.py:545} INFO - Filling up the DagBag from /opt/airflow/dags/hello_airflow.py
[2026-08-12T09:48:22.077+0000] {processor.py:840} INFO - DAG(s) 'hello_airflow' retrieved from /opt/airflow/dags/hello_airflow.py
[2026-08-12T09:48:22.137+0000] {logging_mixin.py:188} INFO - [2026-08-12T09:48:22.137+0000] {dag.py:3089} INFO - Sync 1 DAGs
[2026-08-12T09:48:22.161+0000] {logging_mixin.py:188} INFO - [2026-08-12T09:48:22.161+0000] {dag.py:3947} INFO - Setting next_dagrun for hello_airflow to None, run_after=None
[2026-08-12T09:48:22.196+0000] {processor.py:183} INFO - Processing /opt/airflow/dags/hello_airflow.py took 0.178 seconds
[2026-08-12T09:48:52.265+0000] {processor.py:161} INFO - Started process (PID=300) to work on /opt/airflow/dags/hello_airflow.py
[2026-08-12T09:48:52.266+0000] {processor.py:830} INFO - Processing file /opt/airflow/dags/hello_airflow.py for tasks to queue
[2026-08-12T09:48:52.268+0000] {logging_mixin.py:188} INFO - [2026-08-12T09:48:52.267+0000] {dagbag.py:545} INFO - Filling up the DagBag from /opt/airflow/dags/hello_airflow.py
[2026-08-12T09:48:52.284+0000] {processor.py:840} INFO - DAG(s) 'hello_airflow' retrieved from /opt/airflow/dags/hello_airflow.py
[2026-08-12T09:48:52.310+0000] {logging_mixin.py:188} INFO - [2026-08-12T09:48:52.310+0000] {dag.py:3089} INFO - Sync 1 DAGs
[2026-08-12T09:48:52.322+0000] {logging_mixin.py:188} INFO - [2026-08-12T09:48:52.321+0000] {dag.py:3947} INFO - Setting next_dagrun for hello_airflow to None, run_after=None
[2026-08-12T09:48:52.340+0000] {processor.py:183} INFO - Processing /opt/airflow/dags/hello_airflow.py took 0.081 seconds
[2026-08-12T09:49:22.470+0000] {processor.py:161} INFO - Started process (PID=319) to work on /opt/airflow/dags/hello_airflow.py
[2026-08-12T09:49:22.470+0000] {processor.py:830} INFO - Processing file /opt/airflow/dags/hello_airflow.py for tasks to queue
[2026-08-12T09:49:22.472+0000] {logging_mixin.py:188} INFO - [2026-08-12T09:49:22.472+0000] {dagbag.py:545} INFO - Filling up the DagBag from /opt/airflow/dags/hello_airflow.py
[2026-08-12T09:49:22.485+0000] {processor.py:840} INFO - DAG(s) 'hello_airflow' retrieved from /opt/airflow/dags/hello_airflow.py
[2026-08-12T09:49:22.507+0000] {logging_mixin.py:188} INFO - [2026-08-12T09:49:22.507+0000] {dag.py:3089} INFO - Sync 1 DAGs
[2026-08-12T09:49:22.518+0000] {logging_mixin.py:188} INFO - [2026-08-12T09:49:22.518+0000] {dag.py:3947} INFO - Setting next_dagrun for hello_airflow to None, run_after=None
[2026-08-12T09:49:22.533+0000] {processor.py:183} INFO - Processing /opt/airflow/dags/hello_airflow.py took 0.068 seconds
[2026-08-12T09:49:52.709+0000] {processor.py:161} INFO - Started process (PID=345) to work on /opt/airflow/dags/hello_airflow.py
[2026-08-12T09:49:52.710+0000] {processor.py:830} INFO - Processing file /opt/airflow/dags/hello_airflow.py for tasks to queue
[2026-08-12T09:49:52.713+0000] {logging_mixin.py:188} INFO - [2026-08-12T09:49:52.712+0000] {dagbag.py:545} INFO - Filling up the DagBag from /opt/airflow/dags/hello_airflow.py
[2026-08-12T09:49:52.730+0000] {processor.py:840} INFO - DAG(s) 'hello_airflow' retrieved from /opt/airflow/dags/hello_airflow.py
[2026-08-12T09:49:52.758+0000] {logging_mixin.py:188} INFO - [2026-08-12T09:49:52.758+0000] {dag.py:3089} INFO - Sync 1 DAGs
[2026-08-12T09:49:52.772+0000] {logging_mixin.py:188} INFO - [2026-08-12T09:49:52.771+0000] {dag.py:3947} INFO - Setting next_dagrun for hello_airflow to None, run_after=None
[2026-08-12T09:49:52.791+0000] {processor.py:183} INFO - Processing /opt/airflow/dags/hello_airflow.py took 0.087 seconds
[2026-08-12T09:50:22.924+0000] {processor.py:161} INFO - Started process (PID=364) to work on /opt/airflow/dags/hello_airflow.py
[2026-08-12T09:50:22.925+0000] {processor.py:830} INFO - Processing file /opt/airflow/dags/hello_airflow.py for tasks to queue
[2026-08-12T09:50:22.928+0000] {logging_mixin.py:188} INFO - [2026-08-12T09:50:22.928+0000] {dagbag.py:545} INFO - Filling up the DagBag from /opt/airflow/dags/hello_airflow.py
[2026-08-12T09:50:22.946+0000] {processor.py:840} INFO - DAG(s) 'hello_airflow' retrieved from /opt/airflow/dags/hello_airflow.py
[2026-08-12T09:50:22.976+0000] {logging_mixin.py:188} INFO - [2026-08-12T09:50:22.976+0000] {dag.py:3089} INFO - Sync 1 DAGs
[2026-08-12T09:50:22.990+0000] {logging_mixin.py:188} INFO - [2026-08-12T09:50:22.990+0000] {dag.py:3947} INFO - Setting next_dagrun for hello_airflow to None, run_after=None
[2026-08-12T09:50:23.011+0000] {processor.py:183} INFO - Processing /opt/airflow/dags/hello_airflow.py took 0.093 seconds
[2026-08-12T09:50:53.205+0000] {processor.py:161} INFO - Started process (PID=383) to work on /opt/airflow/dags/hello_airflow.py
[2026-08-12T09:50:53.206+0000] {processor.py:830} INFO - Processing file /opt/airflow/dags/hello_airflow.py for tasks to queue
[2026-08-12T09:50:53.209+0000] {logging_mixin.py:188} INFO - [2026-08-12T09:50:53.208+0000] {dagbag.py:545} INFO - Filling up the DagBag from /opt/airflow/dags/hello_airflow.py
[2026-08-12T09:50:53.223+0000] {processor.py:840} INFO - DAG(s) 'hello_airflow' retrieved from /opt/airflow/dags/hello_airflow.py
[2026-08-12T09:50:53.246+0000] {logging_mixin.py:188} INFO - [2026-08-12T09:50:53.246+0000] {dag.py:3089} INFO - Sync 1 DAGs
[2026-08-12T09:50:53.259+0000] {logging_mixin.py:188} INFO - [2026-08-12T09:50:53.258+0000] {dag.py:3947} INFO - Setting next_dagrun for hello_airflow to None, run_after=None
[2026-08-12T09:50:53.276+0000] {processor.py:183} INFO - Processing /opt/airflow/dags/hello_airflow.py took 0.076 seconds
[2026-08-12T09:51:23.432+0000] {processor.py:161} INFO - Started process (PID=402) to work on /opt/airflow/dags/hello_airflow.py
[2026-08-12T09:51:23.433+0000] {processor.py:830} INFO - Processing file /opt/airflow/dags/hello_airflow.py for tasks to queue
[2026-08-12T09:51:23.435+0000] {logging_mixin.py:188} INFO - [2026-08-12T09:51:23.435+0000] {dagbag.py:545} INFO - Filling up the DagBag from /opt/airflow/dags/hello_airflow.py
[2026-08-12T09:51:23.450+0000] {processor.py:840} INFO - DAG(s) 'hello_airflow' retrieved from /opt/airflow/dags/hello_airflow.py
[2026-08-12T09:51:23.476+0000] {logging_mixin.py:188} INFO - [2026-08-12T09:51:23.475+0000] {dag.py:3089} INFO - Sync 1 DAGs
[2026-08-12T09:51:23.488+0000] {logging_mixin.py:188} INFO - [2026-08-12T09:51:23.487+0000] {dag.py:3947} INFO - Setting next_dagrun for hello_airflow to None, run_after=None
[2026-08-12T09:51:23.508+0000] {processor.py:183} INFO - Processing /opt/airflow/dags/hello_airflow.py took 0.082 seconds
[2026-08-12T09:51:53.731+0000] {processor.py:161} INFO - Started process (PID=421) to work on /opt/airflow/dags/hello_airflow.py
[2026-08-12T09:51:53.732+0000] {processor.py:830} INFO - Processing file /opt/airflow/dags/hello_airflow.py for tasks to queue
[2026-08-12T09:51:53.735+0000] {logging_mixin.py:188} INFO - [2026-08-12T09:51:53.734+0000] {dagbag.py:545} INFO - Filling up the DagBag from /opt/airflow/dags/hello_airflow.py
[2026-08-12T09:51:53.757+0000] {processor.py:840} INFO - DAG(s) 'hello_airflow' retrieved from /opt/airflow/dags/hello_airflow.py
[2026-08-12T09:51:53.792+0000] {logging_mixin.py:188} INFO - [2026-08-12T09:51:53.792+0000] {dag.py:3089} INFO - Sync 1 DAGs
[2026-08-12T09:51:53.810+0000] {logging_mixin.py:188} INFO - [2026-08-12T09:51:53.809+0000] {dag.py:3947} INFO - Setting next_dagrun for hello_airflow to None, run_after=None
[2026-08-12T09:51:53.835+0000] {processor.py:183} INFO - Processing /opt/airflow/dags/hello_airflow.py took 0.111 seconds
[2026-08-12T09:52:24.143+0000] {processor.py:161} INFO - Started process (PID=440) to work on /opt/airflow/dags/hello_airflow.py
[2026-08-12T09:52:24.150+0000] {processor.py:830} INFO - Processing file /opt/airflow/dags/hello_airflow.py for tasks to queue
[2026-08-12T09:52:24.170+0000] {logging_mixin.py:188} INFO - [2026-08-12T09:52:24.168+0000] {dagbag.py:545} INFO - Filling up the DagBag from /opt/airflow/dags/hello_airflow.py
[2026-08-12T09:52:24.404+0000] {processor.py:840} INFO - DAG(s) 'hello_airflow' retrieved from /opt/airflow/dags/hello_airflow.py
[2026-08-12T09:52:24.741+0000] {logging_mixin.py:188} INFO - [2026-08-12T09:52:24.740+0000] {dag.py:3089} INFO - Sync 1 DAGs
[2026-08-12T09:52:24.818+0000] {logging_mixin.py:188} INFO - [2026-08-12T09:52:24.817+0000] {dag.py:3947} INFO - Setting next_dagrun for hello_airflow to None, run_after=None
[2026-08-12T09:52:24.948+0000] {processor.py:183} INFO - Processing /opt/airflow/dags/hello_airflow.py took 0.859 seconds
[2026-08-12T09:52:55.696+0000] {processor.py:161} INFO - Started process (PID=459) to work on /opt/airflow/dags/hello_airflow.py
[2026-08-12T09:52:55.701+0000] {processor.py:830} INFO - Processing file /opt/airflow/dags/hello_airflow.py for tasks to queue
[2026-08-12T09:52:55.713+0000] {logging_mixin.py:188} INFO - [2026-08-12T09:52:55.711+0000] {dagbag.py:545} INFO - Filling up the DagBag from /opt/airflow/dags/hello_airflow.py
[2026-08-12T09:52:55.788+0000] {processor.py:840} INFO - DAG(s) 'hello_airflow' retrieved from /opt/airflow/dags/hello_airflow.py
[2026-08-12T09:52:55.891+0000] {logging_mixin.py:188} INFO - [2026-08-12T09:52:55.890+0000] {dag.py:3089} INFO - Sync 1 DAGs
[2026-08-12T09:52:55.945+0000] {logging_mixin.py:188} INFO - [2026-08-12T09:52:55.944+0000] {dag.py:3947} INFO - Setting next_dagrun for hello_airflow to None, run_after=None
[2026-08-12T09:52:56.008+0000] {processor.py:183} INFO - Processing /opt/airflow/dags/hello_airflow.py took 0.340 seconds
[2026-08-12T09:53:26.311+0000] {processor.py:161} INFO - Started process (PID=478) to work on /opt/airflow/dags/hello_airflow.py
[2026-08-12T09:53:26.314+0000] {processor.py:830} INFO - Processing file /opt/airflow/dags/hello_airflow.py for tasks to queue
[2026-08-12T09:53:26.319+0000] {logging_mixin.py:188} INFO - [2026-08-12T09:53:26.318+0000] {dagbag.py:545} INFO - Filling up the DagBag from /opt/airflow/dags/hello_airflow.py
[2026-08-12T09:53:26.360+0000] {processor.py:840} INFO - DAG(s) 'hello_airflow' retrieved from /opt/airflow/dags/hello_airflow.py
[2026-08-12T09:53:26.421+0000] {logging_mixin.py:188} INFO - [2026-08-12T09:53:26.420+0000] {dag.py:3089} INFO - Sync 1 DAGs
[2026-08-12T09:53:26.448+0000] {logging_mixin.py:188} INFO - [2026-08-12T09:53:26.448+0000] {dag.py:3947} INFO - Setting next_dagrun for hello_airflow to None, run_after=None
[2026-08-12T09:53:26.488+0000] {processor.py:183} INFO - Processing /opt/airflow/dags/hello_airflow.py took 0.191 seconds
[2026-08-12T09:53:56.715+0000] {processor.py:161} INFO - Started process (PID=497) to work on /opt/airflow/dags/hello_airflow.py
[2026-08-12T09:53:56.716+0000] {processor.py:830} INFO - Processing file /opt/airflow/dags/hello_airflow.py for tasks to queue
[2026-08-12T09:53:56.719+0000] {logging_mixin.py:188} INFO - [2026-08-12T09:53:56.719+0000] {dagbag.py:545} INFO - Filling up the DagBag from /opt/airflow/dags/hello_airflow.py
[2026-08-12T09:53:56.734+0000] {processor.py:840} INFO - DAG(s) 'hello_airflow' retrieved from /opt/airflow/dags/hello_airflow.py
[2026-08-12T09:53:56.763+0000] {logging_mixin.py:188} INFO - [2026-08-12T09:53:56.763+0000] {dag.py:3089} INFO - Sync 1 DAGs
[2026-08-12T09:53:56.777+0000] {logging_mixin.py:188} INFO - [2026-08-12T09:53:56.777+0000] {dag.py:3947} INFO - Setting next_dagrun for hello_airflow to None, run_after=None
[2026-08-12T09:53:56.799+0000] {processor.py:183} INFO - Processing /opt/airflow/dags/hello_airflow.py took 0.090 seconds
[2026-08-12T09:54:27.018+0000] {processor.py:161} INFO - Started process (PID=516) to work on /opt/airflow/dags/hello_airflow.py
[2026-08-12T09:54:27.022+0000] {processor.py:830} INFO - Processing file /opt/airflow/dags/hello_airflow.py for tasks to queue
[2026-08-12T09:54:27.031+0000] {logging_mixin.py:188} INFO - [2026-08-12T09:54:27.029+0000] {dagbag.py:545} INFO - Filling up the DagBag from /opt/airflow/dags/hello_airflow.py
[2026-08-12T09:54:27.087+0000] {processor.py:840} INFO - DAG(s) 'hello_airflow' retrieved from /opt/airflow/dags/hello_airflow.py
[2026-08-12T09:54:27.179+0000] {logging_mixin.py:188} INFO - [2026-08-12T09:54:27.178+0000] {dag.py:3089} INFO - Sync 1 DAGs
[2026-08-12T09:54:27.225+0000] {logging_mixin.py:188} INFO - [2026-08-12T09:54:27.224+0000] {dag.py:3947} INFO - Setting next_dagrun for hello_airflow to None, run_after=None
[2026-08-12T09:54:27.295+0000] {processor.py:183} INFO - Processing /opt/airflow/dags/hello_airflow.py took 0.300 seconds
[2026-08-12T09:54:57.563+0000] {processor.py:161} INFO - Started process (PID=535) to work on /opt/airflow/dags/hello_airflow.py
[2026-08-12T09:54:57.565+0000] {processor.py:830} INFO - Processing file /opt/airflow/dags/hello_airflow.py for tasks to queue
[2026-08-12T09:54:57.571+0000] {logging_mixin.py:188} INFO - [2026-08-12T09:54:57.570+0000] {dagbag.py:545} INFO - Filling up the DagBag from /opt/airflow/dags/hello_airflow.py
[2026-08-12T09:54:57.609+0000] {processor.py:840} INFO - DAG(s) 'hello_airflow' retrieved from /opt/airflow/dags/hello_airflow.py
[2026-08-12T09:54:57.668+0000] {logging_mixin.py:188} INFO - [2026-08-12T09:54:57.668+0000] {dag.py:3089} INFO - Sync 1 DAGs
[2026-08-12T09:54:57.698+0000] {logging_mixin.py:188} INFO - [2026-08-12T09:54:57.698+0000] {dag.py:3947} INFO - Setting next_dagrun for hello_airflow to None, run_after=None
[2026-08-12T09:54:57.739+0000] {processor.py:183} INFO - Processing /opt/airflow/dags/hello_airflow.py took 0.191 seconds
[2026-08-12T09:55:27.822+0000] {processor.py:161} INFO - Started process (PID=554) to work on /opt/airflow/dags/hello_airflow.py
[2026-08-12T09:55:27.824+0000] {processor.py:830} INFO - Processing file /opt/airflow/dags/hello_airflow.py for tasks to queue
[2026-08-12T09:55:27.829+0000] {logging_mixin.py:188} INFO - [2026-08-12T09:55:27.828+0000] {dagbag.py:545} INFO - Filling up the DagBag from /opt/airflow/dags/hello_airflow.py
[2026-08-12T09:55:27.867+0000] {processor.py:840} INFO - DAG(s) 'hello_airflow' retrieved from /opt/airflow/dags/hello_airflow.py
[2026-08-12T09:55:27.927+0000] {logging_mixin.py:188} INFO - [2026-08-12T09:55:27.926+0000] {dag.py:3089} INFO - Sync 1 DAGs
[2026-08-12T09:55:27.958+0000] {logging_mixin.py:188} INFO - [2026-08-12T09:55:27.957+0000] {dag.py:3947} INFO - Setting next_dagrun for hello_airflow to None, run_after=None
[2026-08-12T09:55:28.001+0000] {processor.py:183} INFO - Processing /opt/airflow/dags/hello_airflow.py took 0.192 seconds
[2026-08-12T09:55:58.325+0000] {processor.py:161} INFO - Started process (PID=573) to work on /opt/airflow/dags/hello_airflow.py
[2026-08-12T09:55:58.330+0000] {processor.py:830} INFO - Processing file /opt/airflow/dags/hello_airflow.py for tasks to queue
[2026-08-12T09:55:58.337+0000] {logging_mixin.py:188} INFO - [2026-08-12T09:55:58.336+0000] {dagbag.py:545} INFO - Filling up the DagBag from /opt/airflow/dags/hello_airflow.py
[2026-08-12T09:55:58.380+0000] {processor.py:840} INFO - DAG(s) 'hello_airflow' retrieved from /opt/airflow/dags/hello_airflow.py
[2026-08-12T09:55:58.476+0000] {logging_mixin.py:188} INFO - [2026-08-12T09:55:58.475+0000] {dag.py:3089} INFO - Sync 1 DAGs
[2026-08-12T09:55:58.511+0000] {logging_mixin.py:188} INFO - [2026-08-12T09:55:58.511+0000] {dag.py:3947} INFO - Setting next_dagrun for hello_airflow to None, run_after=None
[2026-08-12T09:55:58.565+0000] {processor.py:183} INFO - Processing /opt/airflow/dags/hello_airflow.py took 0.264 seconds
[2026-08-12T09:56:28.827+0000] {processor.py:161} INFO - Started process (PID=592) to work on /opt/airflow/dags/hello_airflow.py
[2026-08-12T09:56:28.830+0000] {processor.py:830} INFO - Processing file /opt/airflow/dags/hello_airflow.py for tasks to queue
[2026-08-12T09:56:28.834+0000] {logging_mixin.py:188} INFO - [2026-08-12T09:56:28.833+0000] {dagbag.py:545} INFO - Filling up the DagBag from /opt/airflow/dags/hello_airflow.py
[2026-08-12T09:56:28.874+0000] {processor.py:840} INFO - DAG(s) 'hello_airflow' retrieved from /opt/airflow/dags/hello_airflow.py
[2026-08-12T09:56:28.955+0000] {logging_mixin.py:188} INFO - [2026-08-12T09:56:28.955+0000] {dag.py:3089} INFO - Sync 1 DAGs
[2026-08-12T09:56:28.997+0000] {logging_mixin.py:188} INFO - [2026-08-12T09:56:28.996+0000] {dag.py:3947} INFO - Setting next_dagrun for hello_airflow to None, run_after=None
[2026-08-12T09:56:29.051+0000] {processor.py:183} INFO - Processing /opt/airflow/dags/hello_airflow.py took 0.241 seconds
[2026-08-12T09:56:59.291+0000] {processor.py:161} INFO - Started process (PID=611) to work on /opt/airflow/dags/hello_airflow.py
[2026-08-12T09:56:59.292+0000] {processor.py:830} INFO - Processing file /opt/airflow/dags/hello_airflow.py for tasks to queue
[2026-08-12T09:56:59.294+0000] {logging_mixin.py:188} INFO - [2026-08-12T09:56:59.294+0000] {dagbag.py:545} INFO - Filling up the DagBag from /opt/airflow/dags/hello_airflow.py
[2026-08-12T09:56:59.314+0000] {processor.py:840} INFO - DAG(s) 'hello_airflow' retrieved from /opt/airflow/dags/hello_airflow.py
[2026-08-12T09:56:59.348+0000] {logging_mixin.py:188} INFO - [2026-08-12T09:56:59.348+0000] {dag.py:3089} INFO - Sync 1 DAGs
[2026-08-12T09:56:59.363+0000] {logging_mixin.py:188} INFO - [2026-08-12T09:56:59.363+0000] {dag.py:3947} INFO - Setting next_dagrun for hello_airflow to None, run_after=None
[2026-08-12T09:56:59.387+0000] {processor.py:183} INFO - Processing /opt/airflow/dags/hello_airflow.py took 0.102 seconds
[2026-08-12T09:57:29.501+0000] {processor.py:161} INFO - Started process (PID=630) to work on /opt/airflow/dags/hello_airflow.py
[2026-08-12T09:57:29.503+0000] {processor.py:830} INFO - Processing file /opt/airflow/dags/hello_airflow.py for tasks to queue
[2026-08-12T09:57:29.505+0000] {logging_mixin.py:188} INFO - [2026-08-12T09:57:29.505+0000] {dagbag.py:545} INFO - Filling up the DagBag from /opt/airflow/dags/hello_airflow.py
[2026-08-12T09:57:29.526+0000] {processor.py:840} INFO - DAG(s) 'hello_airflow' retrieved from /opt/airflow/dags/hello_airflow.py
[2026-08-12T09:57:29.558+0000] {logging_mixin.py:188} INFO - [2026-08-12T09:57:29.558+0000] {dag.py:3089} INFO - Sync 1 DAGs
[2026-08-12T09:57:29.573+0000] {logging_mixin.py:188} INFO - [2026-08-12T09:57:29.573+0000] {dag.py:3947} INFO - Setting next_dagrun for hello_airflow to None, run_after=None
[2026-08-12T09:57:29.600+0000] {processor.py:183} INFO - Processing /opt/airflow/dags/hello_airflow.py took 0.106 seconds
[2026-08-12T09:57:59.806+0000] {processor.py:161} INFO - Started process (PID=649) to work on /opt/airflow/dags/hello_airflow.py
[2026-08-12T09:57:59.807+0000] {processor.py:830} INFO - Processing file /opt/airflow/dags/hello_airflow.py for tasks to queue
[2026-08-12T09:57:59.809+0000] {logging_mixin.py:188} INFO - [2026-08-12T09:57:59.808+0000] {dagbag.py:545} INFO - Filling up the DagBag from /opt/airflow/dags/hello_airflow.py
[2026-08-12T09:57:59.824+0000] {processor.py:840} INFO - DAG(s) 'hello_airflow' retrieved from /opt/airflow/dags/hello_airflow.py
[2026-08-12T09:57:59.847+0000] {logging_mixin.py:188} INFO - [2026-08-12T09:57:59.847+0000] {dag.py:3089} INFO - Sync 1 DAGs
[2026-08-12T09:57:59.858+0000] {logging_mixin.py:188} INFO - [2026-08-12T09:57:59.858+0000] {dag.py:3947} INFO - Setting next_dagrun for hello_airflow to None, run_after=None
[2026-08-12T09:57:59.875+0000] {processor.py:183} INFO - Processing /opt/airflow/dags/hello_airflow.py took 0.073 seconds
[2026-08-12T09:58:30.018+0000] {processor.py:161} INFO - Started process (PID=668) to work on /opt/airflow/dags/hello_airflow.py
[2026-08-12T09:58:30.020+0000] {processor.py:830} INFO - Processing file /opt/airflow/dags/hello_airflow.py for tasks to queue
[2026-08-12T09:58:30.022+0000] {logging_mixin.py:188} INFO - [2026-08-12T09:58:30.021+0000] {dagbag.py:545} INFO - Filling up the DagBag from /opt/airflow/dags/hello_airflow.py
[2026-08-12T09:58:30.039+0000] {processor.py:840} INFO - DAG(s) 'hello_airflow' retrieved from /opt/airflow/dags/hello_airflow.py
[2026-08-12T09:58:30.067+0000] {logging_mixin.py:188} INFO - [2026-08-12T09:58:30.066+0000] {dag.py:3089} INFO - Sync 1 DAGs
[2026-08-12T09:58:30.081+0000] {logging_mixin.py:188} INFO - [2026-08-12T09:58:30.081+0000] {dag.py:3947} INFO - Setting next_dagrun for hello_airflow to None, run_after=None
[2026-08-12T09:58:30.102+0000] {processor.py:183} INFO - Processing /opt/airflow/dags/hello_airflow.py took 0.089 seconds
[2026-08-12T09:59:00.275+0000] {processor.py:161} INFO - Started process (PID=687) to work on /opt/airflow/dags/hello_airflow.py
[2026-08-12T09:59:00.277+0000] {processor.py:830} INFO - Processing file /opt/airflow/dags/hello_airflow.py for tasks to queue
[2026-08-12T09:59:00.279+0000] {logging_mixin.py:188} INFO - [2026-08-12T09:59:00.278+0000] {dagbag.py:545} INFO - Filling up the DagBag from /opt/airflow/dags/hello_airflow.py
[2026-08-12T09:59:00.295+0000] {processor.py:840} INFO - DAG(s) 'hello_airflow' retrieved from /opt/airflow/dags/hello_airflow.py
[2026-08-12T09:59:00.320+0000] {logging_mixin.py:188} INFO - [2026-08-12T09:59:00.319+0000] {dag.py:3089} INFO - Sync 1 DAGs
[2026-08-12T09:59:00.332+0000] {logging_mixin.py:188} INFO - [2026-08-12T09:59:00.332+0000] {dag.py:3947} INFO - Setting next_dagrun for hello_airflow to None, run_after=None
[2026-08-12T09:59:00.349+0000] {processor.py:183} INFO - Processing /opt/airflow/dags/hello_airflow.py took 0.080 seconds
[2026-08-12T09:59:30.503+0000] {processor.py:161} INFO - Started process (PID=713) to work on /opt/airflow/dags/hello_airflow.py
[2026-08-12T09:59:30.505+0000] {processor.py:830} INFO - Processing file /opt/airflow/dags/hello_airflow.py for tasks to queue
[2026-08-12T09:59:30.510+0000] {logging_mixin.py:188} INFO - [2026-08-12T09:59:30.510+0000] {dagbag.py:545} INFO - Filling up the DagBag from /opt/airflow/dags/hello_airflow.py
[2026-08-12T09:59:30.539+0000] {processor.py:840} INFO - DAG(s) 'hello_airflow' retrieved from /opt/airflow/dags/hello_airflow.py
[2026-08-12T09:59:30.587+0000] {logging_mixin.py:188} INFO - [2026-08-12T09:59:30.587+0000] {dag.py:3089} INFO - Sync 1 DAGs
[2026-08-12T09:59:30.609+0000] {logging_mixin.py:188} INFO - [2026-08-12T09:59:30.608+0000] {dag.py:3947} INFO - Setting next_dagrun for hello_airflow to None, run_after=None
[2026-08-12T09:59:30.642+0000] {processor.py:183} INFO - Processing /opt/airflow/dags/hello_airflow.py took 0.149 seconds
[2026-08-12T10:00:00.769+0000] {processor.py:161} INFO - Started process (PID=732) to work on /opt/airflow/dags/hello_airflow.py
[2026-08-12T10:00:00.772+0000] {processor.py:830} INFO - Processing file /opt/airflow/dags/hello_airflow.py for tasks to queue
[2026-08-12T10:00:00.776+0000] {logging_mixin.py:188} INFO - [2026-08-12T10:00:00.776+0000] {dagbag.py:545} INFO - Filling up the DagBag from /opt/airflow/dags/hello_airflow.py
[2026-08-12T10:00:00.812+0000] {processor.py:840} INFO - DAG(s) 'hello_airflow' retrieved from /opt/airflow/dags/hello_airflow.py
[2026-08-12T10:00:00.872+0000] {logging_mixin.py:188} INFO - [2026-08-12T10:00:00.871+0000] {dag.py:3089} INFO - Sync 1 DAGs
[2026-08-12T10:00:00.898+0000] {logging_mixin.py:188} INFO - [2026-08-12T10:00:00.898+0000] {dag.py:3947} INFO - Setting next_dagrun for hello_airflow to None, run_after=None
[2026-08-12T10:00:00.937+0000] {processor.py:183} INFO - Processing /opt/airflow/dags/hello_airflow.py took 0.183 seconds
[2026-08-12T10:00:31.060+0000] {processor.py:161} INFO - Started process (PID=751) to work on /opt/airflow/dags/hello_airflow.py
[2026-08-12T10:00:31.062+0000] {processor.py:830} INFO - Processing file /opt/airflow/dags/hello_airflow.py for tasks to queue
[2026-08-12T10:00:31.064+0000] {logging_mixin.py:188} INFO - [2026-08-12T10:00:31.064+0000] {dagbag.py:545} INFO - Filling up the DagBag from /opt/airflow/dags/hello_airflow.py
[2026-08-12T10:00:31.084+0000] {processor.py:840} INFO - DAG(s) 'hello_airflow' retrieved from /opt/airflow/dags/hello_airflow.py
[2026-08-12T10:00:31.118+0000] {logging_mixin.py:188} INFO - [2026-08-12T10:00:31.118+0000] {dag.py:3089} INFO - Sync 1 DAGs
[2026-08-12T10:00:31.134+0000] {logging_mixin.py:188} INFO - [2026-08-12T10:00:31.134+0000] {dag.py:3947} INFO - Setting next_dagrun for hello_airflow to None, run_after=None
[2026-08-12T10:00:31.157+0000] {processor.py:183} INFO - Processing /opt/airflow/dags/hello_airflow.py took 0.105 seconds
[2026-08-12T10:01:01.386+0000] {processor.py:161} INFO - Started process (PID=771) to work on /opt/airflow/dags/hello_airflow.py
[2026-08-12T10:01:01.387+0000] {processor.py:830} INFO - Processing file /opt/airflow/dags/hello_airflow.py for tasks to queue
[2026-08-12T10:01:01.390+0000] {logging_mixin.py:188} INFO - [2026-08-12T10:01:01.389+0000] {dagbag.py:545} INFO - Filling up the DagBag from /opt/airflow/dags/hello_airflow.py
[2026-08-12T10:01:01.406+0000] {processor.py:840} INFO - DAG(s) 'hello_airflow' retrieved from /opt/airflow/dags/hello_airflow.py
[2026-08-12T10:01:01.436+0000] {logging_mixin.py:188} INFO - [2026-08-12T10:01:01.435+0000] {dag.py:3089} INFO - Sync 1 DAGs
[2026-08-12T10:01:01.448+0000] {logging_mixin.py:188} INFO - [2026-08-12T10:01:01.448+0000] {dag.py:3947} INFO - Setting next_dagrun for hello_airflow to None, run_after=None
[2026-08-12T10:01:01.467+0000] {processor.py:183} INFO - Processing /opt/airflow/dags/hello_airflow.py took 0.087 seconds
[2026-08-12T10:01:31.592+0000] {processor.py:161} INFO - Started process (PID=790) to work on /opt/airflow/dags/hello_airflow.py
[2026-08-12T10:01:31.593+0000] {processor.py:830} INFO - Processing file /opt/airflow/dags/hello_airflow.py for tasks to queue
[2026-08-12T10:01:31.595+0000] {logging_mixin.py:188} INFO - [2026-08-12T10:01:31.594+0000] {dagbag.py:545} INFO - Filling up the DagBag from /opt/airflow/dags/hello_airflow.py
[2026-08-12T10:01:31.609+0000] {processor.py:840} INFO - DAG(s) 'hello_airflow' retrieved from /opt/airflow/dags/hello_airflow.py
[2026-08-12T10:01:31.633+0000] {logging_mixin.py:188} INFO - [2026-08-12T10:01:31.633+0000] {dag.py:3089} INFO - Sync 1 DAGs
[2026-08-12T10:01:31.645+0000] {logging_mixin.py:188} INFO - [2026-08-12T10:01:31.645+0000] {dag.py:3947} INFO - Setting next_dagrun for hello_airflow to None, run_after=None
[2026-08-12T10:01:31.663+0000] {processor.py:183} INFO - Processing /opt/airflow/dags/hello_airflow.py took 0.076 seconds
[2026-08-12T10:02:01.868+0000] {processor.py:161} INFO - Started process (PID=809) to work on /opt/airflow/dags/hello_airflow.py
[2026-08-12T10:02:01.869+0000] {processor.py:830} INFO - Processing file /opt/airflow/dags/hello_airflow.py for tasks to queue
[2026-08-12T10:02:01.871+0000] {logging_mixin.py:188} INFO - [2026-08-12T10:02:01.870+0000] {dagbag.py:545} INFO - Filling up the DagBag from /opt/airflow/dags/hello_airflow.py
[2026-08-12T10:02:01.884+0000] {processor.py:840} INFO - DAG(s) 'hello_airflow' retrieved from /opt/airflow/dags/hello_airflow.py
[2026-08-12T10:02:01.908+0000] {logging_mixin.py:188} INFO - [2026-08-12T10:02:01.908+0000] {dag.py:3089} INFO - Sync 1 DAGs
[2026-08-12T10:02:01.919+0000] {logging_mixin.py:188} INFO - [2026-08-12T10:02:01.918+0000] {dag.py:3947} INFO - Setting next_dagrun for hello_airflow to None, run_after=None
[2026-08-12T10:02:01.936+0000] {processor.py:183} INFO - Processing /opt/airflow/dags/hello_airflow.py took 0.073 seconds
[2026-08-12T10:02:32.116+0000] {processor.py:161} INFO - Started process (PID=835) to work on /opt/airflow/dags/hello_airflow.py
[2026-08-12T10:02:32.118+0000] {processor.py:830} INFO - Processing file /opt/airflow/dags/hello_airflow.py for tasks to queue
[2026-08-12T10:02:32.122+0000] {logging_mixin.py:188} INFO - [2026-08-12T10:02:32.122+0000] {dagbag.py:545} INFO - Filling up the DagBag from /opt/airflow/dags/hello_airflow.py
[2026-08-12T10:02:32.157+0000] {processor.py:840} INFO - DAG(s) 'hello_airflow' retrieved from /opt/airflow/dags/hello_airflow.py
[2026-08-12T10:02:32.220+0000] {logging_mixin.py:188} INFO - [2026-08-12T10:02:32.220+0000] {dag.py:3089} INFO - Sync 1 DAGs
[2026-08-12T10:02:32.249+0000] {logging_mixin.py:188} INFO - [2026-08-12T10:02:32.249+0000] {dag.py:3947} INFO - Setting next_dagrun for hello_airflow to None, run_after=None
[2026-08-12T10:02:32.288+0000] {processor.py:183} INFO - Processing /opt/airflow/dags/hello_airflow.py took 0.185 seconds
[2026-08-12T10:03:02.524+0000] {processor.py:161} INFO - Started process (PID=854) to work on /opt/airflow/dags/hello_airflow.py
[2026-08-12T10:03:02.526+0000] {processor.py:830} INFO - Processing file /opt/airflow/dags/hello_airflow.py for tasks to queue
[2026-08-12T10:03:02.530+0000] {logging_mixin.py:188} INFO - [2026-08-12T10:03:02.529+0000] {dagbag.py:545} INFO - Filling up the DagBag from /opt/airflow/dags/hello_airflow.py
[2026-08-12T10:03:02.556+0000] {processor.py:840} INFO - DAG(s) 'hello_airflow' retrieved from /opt/airflow/dags/hello_airflow.py
[2026-08-12T10:03:02.600+0000] {logging_mixin.py:188} INFO - [2026-08-12T10:03:02.599+0000] {dag.py:3089} INFO - Sync 1 DAGs
[2026-08-12T10:03:02.621+0000] {logging_mixin.py:188} INFO - [2026-08-12T10:03:02.621+0000] {dag.py:3947} INFO - Setting next_dagrun for hello_airflow to None, run_after=None
[2026-08-12T10:03:02.650+0000] {processor.py:183} INFO - Processing /opt/airflow/dags/hello_airflow.py took 0.135 seconds
[2026-08-12T10:03:32.742+0000] {processor.py:161} INFO - Started process (PID=873) to work on /opt/airflow/dags/hello_airflow.py
[2026-08-12T10:03:32.743+0000] {processor.py:830} INFO - Processing file /opt/airflow/dags/hello_airflow.py for tasks to queue
[2026-08-12T10:03:32.747+0000] {logging_mixin.py:188} INFO - [2026-08-12T10:03:32.747+0000] {dagbag.py:545} INFO - Filling up the DagBag from /opt/airflow/dags/hello_airflow.py
[2026-08-12T10:03:32.774+0000] {processor.py:840} INFO - DAG(s) 'hello_airflow' retrieved from /opt/airflow/dags/hello_airflow.py
[2026-08-12T10:03:32.818+0000] {logging_mixin.py:188} INFO - [2026-08-12T10:03:32.818+0000] {dag.py:3089} INFO - Sync 1 DAGs
[2026-08-12T10:03:32.839+0000] {logging_mixin.py:188} INFO - [2026-08-12T10:03:32.838+0000] {dag.py:3947} INFO - Setting next_dagrun for hello_airflow to None, run_after=None
[2026-08-12T10:03:32.867+0000] {processor.py:183} INFO - Processing /opt/airflow/dags/hello_airflow.py took 0.134 seconds
[2026-08-12T10:04:03.057+0000] {processor.py:161} INFO - Started process (PID=892) to work on /opt/airflow/dags/hello_airflow.py
[2026-08-12T10:04:03.059+0000] {processor.py:830} INFO - Processing file /opt/airflow/dags/hello_airflow.py for tasks to queue
[2026-08-12T10:04:03.061+0000] {logging_mixin.py:188} INFO - [2026-08-12T10:04:03.061+0000] {dagbag.py:545} INFO - Filling up the DagBag from /opt/airflow/dags/hello_airflow.py
[2026-08-12T10:04:03.081+0000] {processor.py:840} INFO - DAG(s) 'hello_airflow' retrieved from /opt/airflow/dags/hello_airflow.py
[2026-08-12T10:04:03.116+0000] {logging_mixin.py:188} INFO - [2026-08-12T10:04:03.115+0000] {dag.py:3089} INFO - Sync 1 DAGs
[2026-08-12T10:04:03.133+0000] {logging_mixin.py:188} INFO - [2026-08-12T10:04:03.133+0000] {dag.py:3947} INFO - Setting next_dagrun for hello_airflow to None, run_after=None
[2026-08-12T10:04:03.158+0000] {processor.py:183} INFO - Processing /opt/airflow/dags/hello_airflow.py took 0.107 seconds
[2026-08-12T10:04:33.276+0000] {processor.py:161} INFO - Started process (PID=911) to work on /opt/airflow/dags/hello_airflow.py
[2026-08-12T10:04:33.278+0000] {processor.py:830} INFO - Processing file /opt/airflow/dags/hello_airflow.py for tasks to queue
[2026-08-12T10:04:33.280+0000] {logging_mixin.py:188} INFO - [2026-08-12T10:04:33.280+0000] {dagbag.py:545} INFO - Filling up the DagBag from /opt/airflow/dags/hello_airflow.py
[2026-08-12T10:04:33.297+0000] {processor.py:840} INFO - DAG(s) 'hello_airflow' retrieved from /opt/airflow/dags/hello_airflow.py
[2026-08-12T10:04:33.326+0000] {logging_mixin.py:188} INFO - [2026-08-12T10:04:33.326+0000] {dag.py:3089} INFO - Sync 1 DAGs
[2026-08-12T10:04:33.340+0000] {logging_mixin.py:188} INFO - [2026-08-12T10:04:33.339+0000] {dag.py:3947} INFO - Setting next_dagrun for hello_airflow to None, run_after=None
[2026-08-12T10:04:33.359+0000] {processor.py:183} INFO - Processing /opt/airflow/dags/hello_airflow.py took 0.089 seconds
[2026-08-12T10:05:03.564+0000] {processor.py:161} INFO - Started process (PID=930) to work on /opt/airflow/dags/hello_airflow.py
[2026-08-12T10:05:03.565+0000] {processor.py:830} INFO - Processing file /opt/airflow/dags/hello_airflow.py for tasks to queue
[2026-08-12T10:05:03.567+0000] {logging_mixin.py:188} INFO - [2026-08-12T10:05:03.567+0000] {dagbag.py:545} INFO - Filling up the DagBag from /opt/airflow/dags/hello_airflow.py
[2026-08-12T10:05:03.583+0000] {processor.py:840} INFO - DAG(s) 'hello_airflow' retrieved from /opt/airflow/dags/hello_airflow.py
[2026-08-12T10:05:03.605+0000] {logging_mixin.py:188} INFO - [2026-08-12T10:05:03.605+0000] {dag.py:3089} INFO - Sync 1 DAGs
[2026-08-12T10:05:03.616+0000] {logging_mixin.py:188} INFO - [2026-08-12T10:05:03.616+0000] {dag.py:3947} INFO - Setting next_dagrun for hello_airflow to None, run_after=None
[2026-08-12T10:05:03.633+0000] {processor.py:183} INFO - Processing /opt/airflow/dags/hello_airflow.py took 0.074 seconds
[2026-08-12T10:05:33.780+0000] {processor.py:161} INFO - Started process (PID=949) to work on /opt/airflow/dags/hello_airflow.py
[2026-08-12T10:05:33.781+0000] {processor.py:830} INFO - Processing file /opt/airflow/dags/hello_airflow.py for tasks to queue
[2026-08-12T10:05:33.784+0000] {logging_mixin.py:188} INFO - [2026-08-12T10:05:33.783+0000] {dagbag.py:545} INFO - Filling up the DagBag from /opt/airflow/dags/hello_airflow.py
[2026-08-12T10:05:33.798+0000] {processor.py:840} INFO - DAG(s) 'hello_airflow' retrieved from /opt/airflow/dags/hello_airflow.py
[2026-08-12T10:05:33.825+0000] {logging_mixin.py:188} INFO - [2026-08-12T10:05:33.825+0000] {dag.py:3089} INFO - Sync 1 DAGs
[2026-08-12T10:05:33.837+0000] {logging_mixin.py:188} INFO - [2026-08-12T10:05:33.837+0000] {dag.py:3947} INFO - Setting next_dagrun for hello_airflow to None, run_after=None
[2026-08-12T10:05:33.855+0000] {processor.py:183} INFO - Processing /opt/airflow/dags/hello_airflow.py took 0.082 seconds
[2026-08-12T10:06:04.101+0000] {processor.py:161} INFO - Started process (PID=975) to work on /opt/airflow/dags/hello_airflow.py
[2026-08-12T10:06:04.106+0000] {processor.py:830} INFO - Processing file /opt/airflow/dags/hello_airflow.py for tasks to queue
[2026-08-12T10:06:04.109+0000] {logging_mixin.py:188} INFO - [2026-08-12T10:06:04.109+0000] {dagbag.py:545} INFO - Filling up the DagBag from /opt/airflow/dags/hello_airflow.py
[2026-08-12T10:06:04.135+0000] {processor.py:840} INFO - DAG(s) 'hello_airflow' retrieved from /opt/airflow/dags/hello_airflow.py
[2026-08-12T10:06:04.180+0000] {logging_mixin.py:188} INFO - [2026-08-12T10:06:04.180+0000] {dag.py:3089} INFO - Sync 1 DAGs
[2026-08-12T10:06:04.203+0000] {logging_mixin.py:188} INFO - [2026-08-12T10:06:04.203+0000] {dag.py:3947} INFO - Setting next_dagrun for hello_airflow to None, run_after=None
[2026-08-12T10:06:04.234+0000] {processor.py:183} INFO - Processing /opt/airflow/dags/hello_airflow.py took 0.145 seconds
[2026-08-12T10:06:34.301+0000] {processor.py:161} INFO - Started process (PID=994) to work on /opt/airflow/dags/hello_airflow.py
[2026-08-12T10:06:34.302+0000] {processor.py:830} INFO - Processing file /opt/airflow/dags/hello_airflow.py for tasks to queue
[2026-08-12T10:06:34.306+0000] {logging_mixin.py:188} INFO - [2026-08-12T10:06:34.305+0000] {dagbag.py:545} INFO - Filling up the DagBag from /opt/airflow/dags/hello_airflow.py
[2026-08-12T10:06:34.328+0000] {processor.py:840} INFO - DAG(s) 'hello_airflow' retrieved from /opt/airflow/dags/hello_airflow.py
[2026-08-12T10:06:34.365+0000] {logging_mixin.py:188} INFO - [2026-08-12T10:06:34.365+0000] {dag.py:3089} INFO - Sync 1 DAGs
[2026-08-12T10:06:34.383+0000] {logging_mixin.py:188} INFO - [2026-08-12T10:06:34.383+0000] {dag.py:3947} INFO - Setting next_dagrun for hello_airflow to None, run_after=None
[2026-08-12T10:06:34.410+0000] {processor.py:183} INFO - Processing /opt/airflow/dags/hello_airflow.py took 0.118 seconds
[2026-08-12T10:07:04.655+0000] {processor.py:161} INFO - Started process (PID=1013) to work on /opt/airflow/dags/hello_airflow.py
[2026-08-12T10:07:04.657+0000] {processor.py:830} INFO - Processing file /opt/airflow/dags/hello_airflow.py for tasks to queue
[2026-08-12T10:07:04.663+0000] {logging_mixin.py:188} INFO - [2026-08-12T10:07:04.663+0000] {dagbag.py:545} INFO - Filling up the DagBag from /opt/airflow/dags/hello_airflow.py
[2026-08-12T10:07:04.699+0000] {processor.py:840} INFO - DAG(s) 'hello_airflow' retrieved from /opt/airflow/dags/hello_airflow.py
[2026-08-12T10:07:04.749+0000] {logging_mixin.py:188} INFO - [2026-08-12T10:07:04.749+0000] {dag.py:3089} INFO - Sync 1 DAGs
[2026-08-12T10:07:04.768+0000] {logging_mixin.py:188} INFO - [2026-08-12T10:07:04.768+0000] {dag.py:3947} INFO - Setting next_dagrun for hello_airflow to None, run_after=None
[2026-08-12T10:07:04.793+0000] {processor.py:183} INFO - Processing /opt/airflow/dags/hello_airflow.py took 0.151 seconds
[2026-08-12T10:07:34.877+0000] {processor.py:161} INFO - Started process (PID=1032) to work on /opt/airflow/dags/hello_airflow.py
[2026-08-12T10:07:34.878+0000] {processor.py:830} INFO - Processing file /opt/airflow/dags/hello_airflow.py for tasks to queue
[2026-08-12T10:07:34.881+0000] {logging_mixin.py:188} INFO - [2026-08-12T10:07:34.881+0000] {dagbag.py:545} INFO - Filling up the DagBag from /opt/airflow/dags/hello_airflow.py
[2026-08-12T10:07:34.895+0000] {processor.py:840} INFO - DAG(s) 'hello_airflow' retrieved from /opt/airflow/dags/hello_airflow.py
[2026-08-12T10:07:34.920+0000] {logging_mixin.py:188} INFO - [2026-08-12T10:07:34.920+0000] {dag.py:3089} INFO - Sync 1 DAGs
[2026-08-12T10:07:34.932+0000] {logging_mixin.py:188} INFO - [2026-08-12T10:07:34.931+0000] {dag.py:3947} INFO - Setting next_dagrun for hello_airflow to None, run_after=None
[2026-08-12T10:07:34.947+0000] {processor.py:183} INFO - Processing /opt/airflow/dags/hello_airflow.py took 0.076 seconds
[2026-08-12T10:08:05.089+0000] {processor.py:161} INFO - Started process (PID=1058) to work on /opt/airflow/dags/hello_airflow.py
[2026-08-12T10:08:05.091+0000] {processor.py:830} INFO - Processing file /opt/airflow/dags/hello_airflow.py for tasks to queue
[2026-08-12T10:08:05.095+0000] {logging_mixin.py:188} INFO - [2026-08-12T10:08:05.094+0000] {dagbag.py:545} INFO - Filling up the DagBag from /opt/airflow/dags/hello_airflow.py
[2026-08-12T10:08:05.117+0000] {processor.py:840} INFO - DAG(s) 'hello_airflow' retrieved from /opt/airflow/dags/hello_airflow.py
[2026-08-12T10:08:05.161+0000] {logging_mixin.py:188} INFO - [2026-08-12T10:08:05.161+0000] {dag.py:3089} INFO - Sync 1 DAGs
[2026-08-12T10:08:05.183+0000] {logging_mixin.py:188} INFO - [2026-08-12T10:08:05.182+0000] {dag.py:3947} INFO - Setting next_dagrun for hello_airflow to None, run_after=None
[2026-08-12T10:08:05.213+0000] {processor.py:183} INFO - Processing /opt/airflow/dags/hello_airflow.py took 0.133 seconds
[2026-08-12T10:08:35.366+0000] {processor.py:161} INFO - Started process (PID=1077) to work on /opt/airflow/dags/hello_airflow.py
[2026-08-12T10:08:35.369+0000] {processor.py:830} INFO - Processing file /opt/airflow/dags/hello_airflow.py for tasks to queue
[2026-08-12T10:08:35.373+0000] {logging_mixin.py:188} INFO - [2026-08-12T10:08:35.373+0000] {dagbag.py:545} INFO - Filling up the DagBag from /opt/airflow/dags/hello_airflow.py
[2026-08-12T10:08:35.403+0000] {processor.py:840} INFO - DAG(s) 'hello_airflow' retrieved from /opt/airflow/dags/hello_airflow.py
[2026-08-12T10:08:35.451+0000] {logging_mixin.py:188} INFO - [2026-08-12T10:08:35.451+0000] {dag.py:3089} INFO - Sync 1 DAGs
[2026-08-12T10:08:35.474+0000] {logging_mixin.py:188} INFO - [2026-08-12T10:08:35.473+0000] {dag.py:3947} INFO - Setting next_dagrun for hello_airflow to None, run_after=None
[2026-08-12T10:08:35.507+0000] {processor.py:183} INFO - Processing /opt/airflow/dags/hello_airflow.py took 0.154 seconds
[2026-08-12T10:09:05.608+0000] {processor.py:161} INFO - Started process (PID=1096) to work on /opt/airflow/dags/hello_airflow.py
[2026-08-12T10:09:05.609+0000] {processor.py:830} INFO - Processing file /opt/airflow/dags/hello_airflow.py for tasks to queue
[2026-08-12T10:09:05.611+0000] {logging_mixin.py:188} INFO - [2026-08-12T10:09:05.611+0000] {dagbag.py:545} INFO - Filling up the DagBag from /opt/airflow/dags/hello_airflow.py
[2026-08-12T10:09:05.626+0000] {processor.py:840} INFO - DAG(s) 'hello_airflow' retrieved from /opt/airflow/dags/hello_airflow.py
[2026-08-12T10:09:05.651+0000] {logging_mixin.py:188} INFO - [2026-08-12T10:09:05.651+0000] {dag.py:3089} INFO - Sync 1 DAGs
[2026-08-12T10:09:05.663+0000] {logging_mixin.py:188} INFO - [2026-08-12T10:09:05.663+0000] {dag.py:3947} INFO - Setting next_dagrun for hello_airflow to None, run_after=None
[2026-08-12T10:09:05.682+0000] {processor.py:183} INFO - Processing /opt/airflow/dags/hello_airflow.py took 0.079 seconds
[2026-08-12T10:09:35.897+0000] {processor.py:161} INFO - Started process (PID=1115) to work on /opt/airflow/dags/hello_airflow.py
[2026-08-12T10:09:35.898+0000] {processor.py:830} INFO - Processing file /opt/airflow/dags/hello_airflow.py for tasks to queue
[2026-08-12T10:09:35.900+0000] {logging_mixin.py:188} INFO - [2026-08-12T10:09:35.899+0000] {dagbag.py:545} INFO - Filling up the DagBag from /opt/airflow/dags/hello_airflow.py
[2026-08-12T10:09:35.913+0000] {processor.py:840} INFO - DAG(s) 'hello_airflow' retrieved from /opt/airflow/dags/hello_airflow.py
[2026-08-12T10:09:35.935+0000] {logging_mixin.py:188} INFO - [2026-08-12T10:09:35.935+0000] {dag.py:3089} INFO - Sync 1 DAGs
[2026-08-12T10:09:35.946+0000] {logging_mixin.py:188} INFO - [2026-08-12T10:09:35.946+0000] {dag.py:3947} INFO - Setting next_dagrun for hello_airflow to None, run_after=None
[2026-08-12T10:09:35.963+0000] {processor.py:183} INFO - Processing /opt/airflow/dags/hello_airflow.py took 0.071 seconds
[2026-08-12T10:10:06.195+0000] {processor.py:161} INFO - Started process (PID=1141) to work on /opt/airflow/dags/hello_airflow.py
[2026-08-12T10:10:06.198+0000] {processor.py:830} INFO - Processing file /opt/airflow/dags/hello_airflow.py for tasks to queue
[2026-08-12T10:10:06.207+0000] {logging_mixin.py:188} INFO - [2026-08-12T10:10:06.205+0000] {dagbag.py:545} INFO - Filling up the DagBag from /opt/airflow/dags/hello_airflow.py
[2026-08-12T10:10:06.260+0000] {processor.py:840} INFO - DAG(s) 'hello_airflow' retrieved from /opt/airflow/dags/hello_airflow.py
[2026-08-12T10:10:06.365+0000] {logging_mixin.py:188} INFO - [2026-08-12T10:10:06.364+0000] {dag.py:3089} INFO - Sync 1 DAGs
[2026-08-12T10:10:06.417+0000] {logging_mixin.py:188} INFO - [2026-08-12T10:10:06.417+0000] {dag.py:3947} INFO - Setting next_dagrun for hello_airflow to None, run_after=None
[2026-08-12T10:10:06.504+0000] {processor.py:183} INFO - Processing /opt/airflow/dags/hello_airflow.py took 0.330 seconds
[2026-08-12T10:10:36.807+0000] {processor.py:161} INFO - Started process (PID=1153) to work on /opt/airflow/dags/hello_airflow.py
[2026-08-12T10:10:36.810+0000] {processor.py:830} INFO - Processing file /opt/airflow/dags/hello_airflow.py for tasks to queue
[2026-08-12T10:10:36.814+0000] {logging_mixin.py:188} INFO - [2026-08-12T10:10:36.813+0000] {dagbag.py:545} INFO - Filling up the DagBag from /opt/airflow/dags/hello_airflow.py
[2026-08-12T10:10:36.842+0000] {processor.py:840} INFO - DAG(s) 'hello_airflow' retrieved from /opt/airflow/dags/hello_airflow.py
[2026-08-12T10:10:36.889+0000] {logging_mixin.py:188} INFO - [2026-08-12T10:10:36.889+0000] {dag.py:3089} INFO - Sync 1 DAGs
[2026-08-12T10:10:36.938+0000] {logging_mixin.py:188} INFO - [2026-08-12T10:10:36.938+0000] {dag.py:3947} INFO - Setting next_dagrun for hello_airflow to None, run_after=None
[2026-08-12T10:10:36.975+0000] {processor.py:183} INFO - Processing /opt/airflow/dags/hello_airflow.py took 0.179 seconds
[2026-08-12T10:11:07.247+0000] {processor.py:161} INFO - Started process (PID=1172) to work on /opt/airflow/dags/hello_airflow.py
[2026-08-12T10:11:07.249+0000] {processor.py:830} INFO - Processing file /opt/airflow/dags/hello_airflow.py for tasks to queue
[2026-08-12T10:11:07.255+0000] {logging_mixin.py:188} INFO - [2026-08-12T10:11:07.254+0000] {dagbag.py:545} INFO - Filling up the DagBag from /opt/airflow/dags/hello_airflow.py
[2026-08-12T10:11:07.287+0000] {processor.py:840} INFO - DAG(s) 'hello_airflow' retrieved from /opt/airflow/dags/hello_airflow.py
[2026-08-12T10:11:07.355+0000] {logging_mixin.py:188} INFO - [2026-08-12T10:11:07.354+0000] {dag.py:3089} INFO - Sync 1 DAGs
[2026-08-12T10:11:07.380+0000] {logging_mixin.py:188} INFO - [2026-08-12T10:11:07.379+0000] {dag.py:3947} INFO - Setting next_dagrun for hello_airflow to None, run_after=None
[2026-08-12T10:11:07.414+0000] {processor.py:183} INFO - Processing /opt/airflow/dags/hello_airflow.py took 0.181 seconds
[2026-08-12T10:11:37.668+0000] {processor.py:161} INFO - Started process (PID=1198) to work on /opt/airflow/dags/hello_airflow.py
[2026-08-12T10:11:37.672+0000] {processor.py:830} INFO - Processing file /opt/airflow/dags/hello_airflow.py for tasks to queue
[2026-08-12T10:11:37.685+0000] {logging_mixin.py:188} INFO - [2026-08-12T10:11:37.682+0000] {dagbag.py:545} INFO - Filling up the DagBag from /opt/airflow/dags/hello_airflow.py
[2026-08-12T10:11:37.737+0000] {processor.py:840} INFO - DAG(s) 'hello_airflow' retrieved from /opt/airflow/dags/hello_airflow.py
[2026-08-12T10:11:37.804+0000] {logging_mixin.py:188} INFO - [2026-08-12T10:11:37.803+0000] {dag.py:3089} INFO - Sync 1 DAGs
[2026-08-12T10:11:37.842+0000] {logging_mixin.py:188} INFO - [2026-08-12T10:11:37.842+0000] {dag.py:3947} INFO - Setting next_dagrun for hello_airflow to None, run_after=None
[2026-08-12T10:11:37.890+0000] {processor.py:183} INFO - Processing /opt/airflow/dags/hello_airflow.py took 0.242 seconds
[2026-08-12T10:12:08.123+0000] {processor.py:161} INFO - Started process (PID=1217) to work on /opt/airflow/dags/hello_airflow.py
[2026-08-12T10:12:08.125+0000] {processor.py:830} INFO - Processing file /opt/airflow/dags/hello_airflow.py for tasks to queue
[2026-08-12T10:12:08.130+0000] {logging_mixin.py:188} INFO - [2026-08-12T10:12:08.129+0000] {dagbag.py:545} INFO - Filling up the DagBag from /opt/airflow/dags/hello_airflow.py
[2026-08-12T10:12:08.168+0000] {processor.py:840} INFO - DAG(s) 'hello_airflow' retrieved from /opt/airflow/dags/hello_airflow.py
[2026-08-12T10:12:08.232+0000] {logging_mixin.py:188} INFO - [2026-08-12T10:12:08.231+0000] {dag.py:3089} INFO - Sync 1 DAGs
[2026-08-12T10:12:08.265+0000] {logging_mixin.py:188} INFO - [2026-08-12T10:12:08.264+0000] {dag.py:3947} INFO - Setting next_dagrun for hello_airflow to None, run_after=None
[2026-08-12T10:12:08.305+0000] {processor.py:183} INFO - Processing /opt/airflow/dags/hello_airflow.py took 0.195 seconds
[2026-08-12T10:12:38.514+0000] {processor.py:161} INFO - Started process (PID=1236) to work on /opt/airflow/dags/hello_airflow.py
[2026-08-12T10:12:38.515+0000] {processor.py:830} INFO - Processing file /opt/airflow/dags/hello_airflow.py for tasks to queue
[2026-08-12T10:12:38.517+0000] {logging_mixin.py:188} INFO - [2026-08-12T10:12:38.517+0000] {dagbag.py:545} INFO - Filling up the DagBag from /opt/airflow/dags/hello_airflow.py
[2026-08-12T10:12:38.533+0000] {processor.py:840} INFO - DAG(s) 'hello_airflow' retrieved from /opt/airflow/dags/hello_airflow.py
[2026-08-12T10:12:38.562+0000] {logging_mixin.py:188} INFO - [2026-08-12T10:12:38.561+0000] {dag.py:3089} INFO - Sync 1 DAGs
[2026-08-12T10:12:38.575+0000] {logging_mixin.py:188} INFO - [2026-08-12T10:12:38.575+0000] {dag.py:3947} INFO - Setting next_dagrun for hello_airflow to None, run_after=None
[2026-08-12T10:12:38.596+0000] {processor.py:183} INFO - Processing /opt/airflow/dags/hello_airflow.py took 0.088 seconds
[2026-08-12T10:13:08.747+0000] {processor.py:161} INFO - Started process (PID=1255) to work on /opt/airflow/dags/hello_airflow.py
[2026-08-12T10:13:08.748+0000] {processor.py:830} INFO - Processing file /opt/airflow/dags/hello_airflow.py for tasks to queue
[2026-08-12T10:13:08.751+0000] {logging_mixin.py:188} INFO - [2026-08-12T10:13:08.750+0000] {dagbag.py:545} INFO - Filling up the DagBag from /opt/airflow/dags/hello_airflow.py
[2026-08-12T10:13:08.771+0000] {processor.py:840} INFO - DAG(s) 'hello_airflow' retrieved from /opt/airflow/dags/hello_airflow.py
[2026-08-12T10:13:08.801+0000] {logging_mixin.py:188} INFO - [2026-08-12T10:13:08.801+0000] {dag.py:3089} INFO - Sync 1 DAGs
[2026-08-12T10:13:08.817+0000] {logging_mixin.py:188} INFO - [2026-08-12T10:13:08.817+0000] {dag.py:3947} INFO - Setting next_dagrun for hello_airflow to None, run_after=None
[2026-08-12T10:13:08.840+0000] {processor.py:183} INFO - Processing /opt/airflow/dags/hello_airflow.py took 0.099 seconds
[2026-08-12T10:13:38.998+0000] {processor.py:161} INFO - Started process (PID=1281) to work on /opt/airflow/dags/hello_airflow.py
[2026-08-12T10:13:39.000+0000] {processor.py:830} INFO - Processing file /opt/airflow/dags/hello_airflow.py for tasks to queue
[2026-08-12T10:13:39.003+0000] {logging_mixin.py:188} INFO - [2026-08-12T10:13:39.002+0000] {dagbag.py:545} INFO - Filling up the DagBag from /opt/airflow/dags/hello_airflow.py
[2026-08-12T10:13:39.030+0000] {processor.py:840} INFO - DAG(s) 'hello_airflow' retrieved from /opt/airflow/dags/hello_airflow.py
[2026-08-12T10:13:39.076+0000] {logging_mixin.py:188} INFO - [2026-08-12T10:13:39.075+0000] {dag.py:3089} INFO - Sync 1 DAGs
[2026-08-12T10:13:39.098+0000] {logging_mixin.py:188} INFO - [2026-08-12T10:13:39.098+0000] {dag.py:3947} INFO - Setting next_dagrun for hello_airflow to None, run_after=None
[2026-08-12T10:13:39.151+0000] {processor.py:183} INFO - Processing /opt/airflow/dags/hello_airflow.py took 0.164 seconds
[2026-08-12T10:14:09.375+0000] {processor.py:161} INFO - Started process (PID=1293) to work on /opt/airflow/dags/hello_airflow.py
[2026-08-12T10:14:09.376+0000] {processor.py:830} INFO - Processing file /opt/airflow/dags/hello_airflow.py for tasks to queue
[2026-08-12T10:14:09.379+0000] {logging_mixin.py:188} INFO - [2026-08-12T10:14:09.379+0000] {dagbag.py:545} INFO - Filling up the DagBag from /opt/airflow/dags/hello_airflow.py
[2026-08-12T10:14:09.400+0000] {processor.py:840} INFO - DAG(s) 'hello_airflow' retrieved from /opt/airflow/dags/hello_airflow.py
[2026-08-12T10:14:09.436+0000] {logging_mixin.py:188} INFO - [2026-08-12T10:14:09.435+0000] {dag.py:3089} INFO - Sync 1 DAGs
[2026-08-12T10:14:09.452+0000] {logging_mixin.py:188} INFO - [2026-08-12T10:14:09.451+0000] {dag.py:3947} INFO - Setting next_dagrun for hello_airflow to None, run_after=None
[2026-08-12T10:14:09.477+0000] {processor.py:183} INFO - Processing /opt/airflow/dags/hello_airflow.py took 0.110 seconds
[2026-08-12T10:14:39.679+0000] {processor.py:161} INFO - Started process (PID=1312) to work on /opt/airflow/dags/hello_airflow.py
[2026-08-12T10:14:39.681+0000] {processor.py:830} INFO - Processing file /opt/airflow/dags/hello_airflow.py for tasks to queue
[2026-08-12T10:14:39.685+0000] {logging_mixin.py:188} INFO - [2026-08-12T10:14:39.684+0000] {dagbag.py:545} INFO - Filling up the DagBag from /opt/airflow/dags/hello_airflow.py
[2026-08-12T10:14:39.710+0000] {processor.py:840} INFO - DAG(s) 'hello_airflow' retrieved from /opt/airflow/dags/hello_airflow.py
[2026-08-12T10:14:39.753+0000] {logging_mixin.py:188} INFO - [2026-08-12T10:14:39.753+0000] {dag.py:3089} INFO - Sync 1 DAGs
[2026-08-12T10:14:39.772+0000] {logging_mixin.py:188} INFO - [2026-08-12T10:14:39.772+0000] {dag.py:3947} INFO - Setting next_dagrun for hello_airflow to None, run_after=None
[2026-08-12T10:14:39.801+0000] {processor.py:183} INFO - Processing /opt/airflow/dags/hello_airflow.py took 0.131 seconds
[2026-08-12T10:15:09.864+0000] {processor.py:161} INFO - Started process (PID=1331) to work on /opt/airflow/dags/hello_airflow.py
[2026-08-12T10:15:09.866+0000] {processor.py:830} INFO - Processing file /opt/airflow/dags/hello_airflow.py for tasks to queue
[2026-08-12T10:15:09.868+0000] {logging_mixin.py:188} INFO - [2026-08-12T10:15:09.868+0000] {dagbag.py:545} INFO - Filling up the DagBag from /opt/airflow/dags/hello_airflow.py
[2026-08-12T10:15:09.885+0000] {processor.py:840} INFO - DAG(s) 'hello_airflow' retrieved from /opt/airflow/dags/hello_airflow.py
[2026-08-12T10:15:09.914+0000] {logging_mixin.py:188} INFO - [2026-08-12T10:15:09.914+0000] {dag.py:3089} INFO - Sync 1 DAGs
[2026-08-12T10:15:09.928+0000] {logging_mixin.py:188} INFO - [2026-08-12T10:15:09.928+0000] {dag.py:3947} INFO - Setting next_dagrun for hello_airflow to None, run_after=None
[2026-08-12T10:15:09.950+0000] {processor.py:183} INFO - Processing /opt/airflow/dags/hello_airflow.py took 0.093 seconds
[2026-08-12T10:15:40.073+0000] {processor.py:161} INFO - Started process (PID=1357) to work on /opt/airflow/dags/hello_airflow.py
[2026-08-12T10:15:40.075+0000] {processor.py:830} INFO - Processing file /opt/airflow/dags/hello_airflow.py for tasks to queue
[2026-08-12T10:15:40.079+0000] {logging_mixin.py:188} INFO - [2026-08-12T10:15:40.078+0000] {dagbag.py:545} INFO - Filling up the DagBag from /opt/airflow/dags/hello_airflow.py
[2026-08-12T10:15:40.106+0000] {processor.py:840} INFO - DAG(s) 'hello_airflow' retrieved from /opt/airflow/dags/hello_airflow.py
[2026-08-12T10:15:40.153+0000] {logging_mixin.py:188} INFO - [2026-08-12T10:15:40.153+0000] {dag.py:3089} INFO - Sync 1 DAGs
[2026-08-12T10:15:40.177+0000] {logging_mixin.py:188} INFO - [2026-08-12T10:15:40.176+0000] {dag.py:3947} INFO - Setting next_dagrun for hello_airflow to None, run_after=None
[2026-08-12T10:15:40.211+0000] {processor.py:183} INFO - Processing /opt/airflow/dags/hello_airflow.py took 0.147 seconds
[2026-08-12T10:16:10.411+0000] {processor.py:161} INFO - Started process (PID=1376) to work on /opt/airflow/dags/hello_airflow.py
[2026-08-12T10:16:10.414+0000] {processor.py:830} INFO - Processing file /opt/airflow/dags/hello_airflow.py for tasks to queue
[2026-08-12T10:16:10.419+0000] {logging_mixin.py:188} INFO - [2026-08-12T10:16:10.418+0000] {dagbag.py:545} INFO - Filling up the DagBag from /opt/airflow/dags/hello_airflow.py
[2026-08-12T10:16:10.455+0000] {processor.py:840} INFO - DAG(s) 'hello_airflow' retrieved from /opt/airflow/dags/hello_airflow.py
[2026-08-12T10:16:10.514+0000] {logging_mixin.py:188} INFO - [2026-08-12T10:16:10.514+0000] {dag.py:3089} INFO - Sync 1 DAGs
[2026-08-12T10:16:10.544+0000] {logging_mixin.py:188} INFO - [2026-08-12T10:16:10.543+0000] {dag.py:3947} INFO - Setting next_dagrun for hello_airflow to None, run_after=None
[2026-08-12T10:16:10.584+0000] {processor.py:183} INFO - Processing /opt/airflow/dags/hello_airflow.py took 0.185 seconds
[2026-08-12T10:16:40.868+0000] {processor.py:161} INFO - Started process (PID=1395) to work on /opt/airflow/dags/hello_airflow.py
[2026-08-12T10:16:40.872+0000] {processor.py:830} INFO - Processing file /opt/airflow/dags/hello_airflow.py for tasks to queue
[2026-08-12T10:16:40.881+0000] {logging_mixin.py:188} INFO - [2026-08-12T10:16:40.880+0000] {dagbag.py:545} INFO - Filling up the DagBag from /opt/airflow/dags/hello_airflow.py
[2026-08-12T10:16:40.927+0000] {processor.py:840} INFO - DAG(s) 'hello_airflow' retrieved from /opt/airflow/dags/hello_airflow.py
[2026-08-12T10:16:41.007+0000] {logging_mixin.py:188} INFO - [2026-08-12T10:16:41.007+0000] {dag.py:3089} INFO - Sync 1 DAGs
[2026-08-12T10:16:41.044+0000] {logging_mixin.py:188} INFO - [2026-08-12T10:16:41.043+0000] {dag.py:3947} INFO - Setting next_dagrun for hello_airflow to None, run_after=None
[2026-08-12T10:16:41.099+0000] {processor.py:183} INFO - Processing /opt/airflow/dags/hello_airflow.py took 0.250 seconds
[2026-08-12T10:17:11.399+0000] {processor.py:161} INFO - Started process (PID=1414) to work on /opt/airflow/dags/hello_airflow.py
[2026-08-12T10:17:11.400+0000] {processor.py:830} INFO - Processing file /opt/airflow/dags/hello_airflow.py for tasks to queue
[2026-08-12T10:17:11.403+0000] {logging_mixin.py:188} INFO - [2026-08-12T10:17:11.403+0000] {dagbag.py:545} INFO - Filling up the DagBag from /opt/airflow/dags/hello_airflow.py
[2026-08-12T10:17:11.421+0000] {processor.py:840} INFO - DAG(s) 'hello_airflow' retrieved from /opt/airflow/dags/hello_airflow.py
[2026-08-12T10:17:11.451+0000] {logging_mixin.py:188} INFO - [2026-08-12T10:17:11.450+0000] {dag.py:3089} INFO - Sync 1 DAGs
[2026-08-12T10:17:11.466+0000] {logging_mixin.py:188} INFO - [2026-08-12T10:17:11.465+0000] {dag.py:3947} INFO - Setting next_dagrun for hello_airflow to None, run_after=None
[2026-08-12T10:17:11.490+0000] {processor.py:183} INFO - Processing /opt/airflow/dags/hello_airflow.py took 0.097 seconds
[2026-08-12T10:17:41.616+0000] {processor.py:161} INFO - Started process (PID=1433) to work on /opt/airflow/dags/hello_airflow.py
[2026-08-12T10:17:41.617+0000] {processor.py:830} INFO - Processing file /opt/airflow/dags/hello_airflow.py for tasks to queue
[2026-08-12T10:17:41.620+0000] {logging_mixin.py:188} INFO - [2026-08-12T10:17:41.619+0000] {dagbag.py:545} INFO - Filling up the DagBag from /opt/airflow/dags/hello_airflow.py
[2026-08-12T10:17:41.642+0000] {processor.py:840} INFO - DAG(s) 'hello_airflow' retrieved from /opt/airflow/dags/hello_airflow.py
[2026-08-12T10:17:41.677+0000] {logging_mixin.py:188} INFO - [2026-08-12T10:17:41.676+0000] {dag.py:3089} INFO - Sync 1 DAGs
[2026-08-12T10:17:41.693+0000] {logging_mixin.py:188} INFO - [2026-08-12T10:17:41.693+0000] {dag.py:3947} INFO - Setting next_dagrun for hello_airflow to None, run_after=None
[2026-08-12T10:17:41.716+0000] {processor.py:183} INFO - Processing /opt/airflow/dags/hello_airflow.py took 0.106 seconds
[2026-08-12T10:18:11.900+0000] {processor.py:161} INFO - Started process (PID=1452) to work on /opt/airflow/dags/hello_airflow.py
[2026-08-12T10:18:11.902+0000] {processor.py:830} INFO - Processing file /opt/airflow/dags/hello_airflow.py for tasks to queue
[2026-08-12T10:18:11.904+0000] {logging_mixin.py:188} INFO - [2026-08-12T10:18:11.903+0000] {dagbag.py:545} INFO - Filling up the DagBag from /opt/airflow/dags/hello_airflow.py
[2026-08-12T10:18:11.919+0000] {processor.py:840} INFO - DAG(s) 'hello_airflow' retrieved from /opt/airflow/dags/hello_airflow.py
[2026-08-12T10:18:11.945+0000] {logging_mixin.py:188} INFO - [2026-08-12T10:18:11.945+0000] {dag.py:3089} INFO - Sync 1 DAGs
[2026-08-12T10:18:11.958+0000] {logging_mixin.py:188} INFO - [2026-08-12T10:18:11.957+0000] {dag.py:3947} INFO - Setting next_dagrun for hello_airflow to None, run_after=None
[2026-08-12T10:18:11.976+0000] {processor.py:183} INFO - Processing /opt/airflow/dags/hello_airflow.py took 0.080 seconds
[2026-08-12T10:18:42.114+0000] {processor.py:161} INFO - Started process (PID=1471) to work on /opt/airflow/dags/hello_airflow.py
[2026-08-12T10:18:42.115+0000] {processor.py:830} INFO - Processing file /opt/airflow/dags/hello_airflow.py for tasks to queue
[2026-08-12T10:18:42.117+0000] {logging_mixin.py:188} INFO - [2026-08-12T10:18:42.117+0000] {dagbag.py:545} INFO - Filling up the DagBag from /opt/airflow/dags/hello_airflow.py
[2026-08-12T10:18:42.132+0000] {processor.py:840} INFO - DAG(s) 'hello_airflow' retrieved from /opt/airflow/dags/hello_airflow.py
[2026-08-12T10:18:42.160+0000] {logging_mixin.py:188} INFO - [2026-08-12T10:18:42.159+0000] {dag.py:3089} INFO - Sync 1 DAGs
[2026-08-12T10:18:42.171+0000] {logging_mixin.py:188} INFO - [2026-08-12T10:18:42.171+0000] {dag.py:3947} INFO - Setting next_dagrun for hello_airflow to None, run_after=None
[2026-08-12T10:18:42.189+0000] {processor.py:183} INFO - Processing /opt/airflow/dags/hello_airflow.py took 0.083 seconds
[2026-08-12T10:19:12.370+0000] {processor.py:161} INFO - Started process (PID=1490) to work on /opt/airflow/dags/hello_airflow.py
[2026-08-12T10:19:12.371+0000] {processor.py:830} INFO - Processing file /opt/airflow/dags/hello_airflow.py for tasks to queue
[2026-08-12T10:19:12.373+0000] {logging_mixin.py:188} INFO - [2026-08-12T10:19:12.373+0000] {dagbag.py:545} INFO - Filling up the DagBag from /opt/airflow/dags/hello_airflow.py
[2026-08-12T10:19:12.388+0000] {processor.py:840} INFO - DAG(s) 'hello_airflow' retrieved from /opt/airflow/dags/hello_airflow.py
[2026-08-12T10:19:12.415+0000] {logging_mixin.py:188} INFO - [2026-08-12T10:19:12.414+0000] {dag.py:3089} INFO - Sync 1 DAGs
[2026-08-12T10:19:12.428+0000] {logging_mixin.py:188} INFO - [2026-08-12T10:19:12.428+0000] {dag.py:3947} INFO - Setting next_dagrun for hello_airflow to None, run_after=None
[2026-08-12T10:19:12.449+0000] {processor.py:183} INFO - Processing /opt/airflow/dags/hello_airflow.py took 0.084 seconds
[2026-08-12T10:19:42.583+0000] {processor.py:161} INFO - Started process (PID=1509) to work on /opt/airflow/dags/hello_airflow.py
[2026-08-12T10:19:42.584+0000] {processor.py:830} INFO - Processing file /opt/airflow/dags/hello_airflow.py for tasks to queue
[2026-08-12T10:19:42.587+0000] {logging_mixin.py:188} INFO - [2026-08-12T10:19:42.586+0000] {dagbag.py:545} INFO - Filling up the DagBag from /opt/airflow/dags/hello_airflow.py
[2026-08-12T10:19:42.601+0000] {processor.py:840} INFO - DAG(s) 'hello_airflow' retrieved from /opt/airflow/dags/hello_airflow.py
[2026-08-12T10:19:42.629+0000] {logging_mixin.py:188} INFO - [2026-08-12T10:19:42.629+0000] {dag.py:3089} INFO - Sync 1 DAGs
[2026-08-12T10:19:42.641+0000] {logging_mixin.py:188} INFO - [2026-08-12T10:19:42.641+0000] {dag.py:3947} INFO - Setting next_dagrun for hello_airflow to None, run_after=None
[2026-08-12T10:19:42.659+0000] {processor.py:183} INFO - Processing /opt/airflow/dags/hello_airflow.py took 0.082 seconds
[2026-08-12T10:20:12.868+0000] {processor.py:161} INFO - Started process (PID=1535) to work on /opt/airflow/dags/hello_airflow.py
[2026-08-12T10:20:12.871+0000] {processor.py:830} INFO - Processing file /opt/airflow/dags/hello_airflow.py for tasks to queue
[2026-08-12T10:20:12.879+0000] {logging_mixin.py:188} INFO - [2026-08-12T10:20:12.878+0000] {dagbag.py:545} INFO - Filling up the DagBag from /opt/airflow/dags/hello_airflow.py
[2026-08-12T10:20:12.911+0000] {processor.py:840} INFO - DAG(s) 'hello_airflow' retrieved from /opt/airflow/dags/hello_airflow.py
[2026-08-12T10:20:12.965+0000] {logging_mixin.py:188} INFO - [2026-08-12T10:20:12.965+0000] {dag.py:3089} INFO - Sync 1 DAGs
[2026-08-12T10:20:12.996+0000] {logging_mixin.py:188} INFO - [2026-08-12T10:20:12.995+0000] {dag.py:3947} INFO - Setting next_dagrun for hello_airflow to None, run_after=None
[2026-08-12T10:20:13.033+0000] {processor.py:183} INFO - Processing /opt/airflow/dags/hello_airflow.py took 0.179 seconds
[2026-08-12T10:20:43.253+0000] {processor.py:161} INFO - Started process (PID=1554) to work on /opt/airflow/dags/hello_airflow.py
[2026-08-12T10:20:43.255+0000] {processor.py:830} INFO - Processing file /opt/airflow/dags/hello_airflow.py for tasks to queue
[2026-08-12T10:20:43.259+0000] {logging_mixin.py:188} INFO - [2026-08-12T10:20:43.259+0000] {dagbag.py:545} INFO - Filling up the DagBag from /opt/airflow/dags/hello_airflow.py
[2026-08-12T10:20:43.284+0000] {processor.py:840} INFO - DAG(s) 'hello_airflow' retrieved from /opt/airflow/dags/hello_airflow.py
[2026-08-12T10:20:43.332+0000] {logging_mixin.py:188} INFO - [2026-08-12T10:20:43.331+0000] {dag.py:3089} INFO - Sync 1 DAGs
[2026-08-12T10:20:43.353+0000] {logging_mixin.py:188} INFO - [2026-08-12T10:20:43.352+0000] {dag.py:3947} INFO - Setting next_dagrun for hello_airflow to None, run_after=None
[2026-08-12T10:20:43.387+0000] {processor.py:183} INFO - Processing /opt/airflow/dags/hello_airflow.py took 0.143 seconds
[2026-08-12T10:21:13.502+0000] {processor.py:161} INFO - Started process (PID=1573) to work on /opt/airflow/dags/hello_airflow.py
[2026-08-12T10:21:13.504+0000] {processor.py:830} INFO - Processing file /opt/airflow/dags/hello_airflow.py for tasks to queue
[2026-08-12T10:21:13.508+0000] {logging_mixin.py:188} INFO - [2026-08-12T10:21:13.507+0000] {dagbag.py:545} INFO - Filling up the DagBag from /opt/airflow/dags/hello_airflow.py
[2026-08-12T10:21:13.535+0000] {processor.py:840} INFO - DAG(s) 'hello_airflow' retrieved from /opt/airflow/dags/hello_airflow.py
[2026-08-12T10:21:13.580+0000] {logging_mixin.py:188} INFO - [2026-08-12T10:21:13.579+0000] {dag.py:3089} INFO - Sync 1 DAGs
[2026-08-12T10:21:13.601+0000] {logging_mixin.py:188} INFO - [2026-08-12T10:21:13.600+0000] {dag.py:3947} INFO - Setting next_dagrun for hello_airflow to None, run_after=None
[2026-08-12T10:21:13.630+0000] {processor.py:183} INFO - Processing /opt/airflow/dags/hello_airflow.py took 0.139 seconds
[2026-08-12T10:21:43.796+0000] {processor.py:161} INFO - Started process (PID=1592) to work on /opt/airflow/dags/hello_airflow.py
[2026-08-12T10:21:43.798+0000] {processor.py:830} INFO - Processing file /opt/airflow/dags/hello_airflow.py for tasks to queue
[2026-08-12T10:21:43.800+0000] {logging_mixin.py:188} INFO - [2026-08-12T10:21:43.800+0000] {dagbag.py:545} INFO - Filling up the DagBag from /opt/airflow/dags/hello_airflow.py
[2026-08-12T10:21:43.822+0000] {processor.py:840} INFO - DAG(s) 'hello_airflow' retrieved from /opt/airflow/dags/hello_airflow.py
[2026-08-12T10:21:43.857+0000] {logging_mixin.py:188} INFO - [2026-08-12T10:21:43.857+0000] {dag.py:3089} INFO - Sync 1 DAGs
[2026-08-12T10:21:43.873+0000] {logging_mixin.py:188} INFO - [2026-08-12T10:21:43.873+0000] {dag.py:3947} INFO - Setting next_dagrun for hello_airflow to None, run_after=None
[2026-08-12T10:21:43.900+0000] {processor.py:183} INFO - Processing /opt/airflow/dags/hello_airflow.py took 0.112 seconds
[2026-08-12T10:22:14.121+0000] {processor.py:161} INFO - Started process (PID=1611) to work on /opt/airflow/dags/hello_airflow.py
[2026-08-12T10:22:14.123+0000] {processor.py:830} INFO - Processing file /opt/airflow/dags/hello_airflow.py for tasks to queue
[2026-08-12T10:22:14.127+0000] {logging_mixin.py:188} INFO - [2026-08-12T10:22:14.126+0000] {dagbag.py:545} INFO - Filling up the DagBag from /opt/airflow/dags/hello_airflow.py
[2026-08-12T10:22:14.155+0000] {processor.py:840} INFO - DAG(s) 'hello_airflow' retrieved from /opt/airflow/dags/hello_airflow.py
[2026-08-12T10:22:14.198+0000] {logging_mixin.py:188} INFO - [2026-08-12T10:22:14.197+0000] {dag.py:3089} INFO - Sync 1 DAGs
[2026-08-12T10:22:14.222+0000] {logging_mixin.py:188} INFO - [2026-08-12T10:22:14.222+0000] {dag.py:3947} INFO - Setting next_dagrun for hello_airflow to None, run_after=None
[2026-08-12T10:22:14.255+0000] {processor.py:183} INFO - Processing /opt/airflow/dags/hello_airflow.py took 0.143 seconds
[2026-08-12T10:22:44.359+0000] {processor.py:161} INFO - Started process (PID=1630) to work on /opt/airflow/dags/hello_airflow.py
[2026-08-12T10:22:44.360+0000] {processor.py:830} INFO - Processing file /opt/airflow/dags/hello_airflow.py for tasks to queue
[2026-08-12T10:22:44.364+0000] {logging_mixin.py:188} INFO - [2026-08-12T10:22:44.364+0000] {dagbag.py:545} INFO - Filling up the DagBag from /opt/airflow/dags/hello_airflow.py
[2026-08-12T10:22:44.390+0000] {processor.py:840} INFO - DAG(s) 'hello_airflow' retrieved from /opt/airflow/dags/hello_airflow.py
[2026-08-12T10:22:44.438+0000] {logging_mixin.py:188} INFO - [2026-08-12T10:22:44.438+0000] {dag.py:3089} INFO - Sync 1 DAGs
[2026-08-12T10:22:44.461+0000] {logging_mixin.py:188} INFO - [2026-08-12T10:22:44.461+0000] {dag.py:3947} INFO - Setting next_dagrun for hello_airflow to None, run_after=None
[2026-08-12T10:22:44.493+0000] {processor.py:183} INFO - Processing /opt/airflow/dags/hello_airflow.py took 0.144 seconds
[2026-08-12T10:23:14.679+0000] {processor.py:161} INFO - Started process (PID=1649) to work on /opt/airflow/dags/hello_airflow.py
[2026-08-12T10:23:14.680+0000] {processor.py:830} INFO - Processing file /opt/airflow/dags/hello_airflow.py for tasks to queue
[2026-08-12T10:23:14.684+0000] {logging_mixin.py:188} INFO - [2026-08-12T10:23:14.683+0000] {dagbag.py:545} INFO - Filling up the DagBag from /opt/airflow/dags/hello_airflow.py
[2026-08-12T10:23:14.707+0000] {processor.py:840} INFO - DAG(s) 'hello_airflow' retrieved from /opt/airflow/dags/hello_airflow.py
[2026-08-12T10:23:14.746+0000] {logging_mixin.py:188} INFO - [2026-08-12T10:23:14.745+0000] {dag.py:3089} INFO - Sync 1 DAGs
[2026-08-12T10:23:14.765+0000] {logging_mixin.py:188} INFO - [2026-08-12T10:23:14.764+0000] {dag.py:3947} INFO - Setting next_dagrun for hello_airflow to None, run_after=None
[2026-08-12T10:23:14.794+0000] {processor.py:183} INFO - Processing /opt/airflow/dags/hello_airflow.py took 0.126 seconds
[2026-08-12T10:23:44.977+0000] {processor.py:161} INFO - Started process (PID=1668) to work on /opt/airflow/dags/hello_airflow.py
[2026-08-12T10:23:44.980+0000] {processor.py:830} INFO - Processing file /opt/airflow/dags/hello_airflow.py for tasks to queue
[2026-08-12T10:23:44.987+0000] {logging_mixin.py:188} INFO - [2026-08-12T10:23:44.986+0000] {dagbag.py:545} INFO - Filling up the DagBag from /opt/airflow/dags/hello_airflow.py
[2026-08-12T10:23:45.037+0000] {processor.py:840} INFO - DAG(s) 'hello_airflow' retrieved from /opt/airflow/dags/hello_airflow.py
[2026-08-12T10:23:45.114+0000] {logging_mixin.py:188} INFO - [2026-08-12T10:23:45.113+0000] {dag.py:3089} INFO - Sync 1 DAGs
[2026-08-12T10:23:45.149+0000] {logging_mixin.py:188} INFO - [2026-08-12T10:23:45.149+0000] {dag.py:3947} INFO - Setting next_dagrun for hello_airflow to None, run_after=None
[2026-08-12T10:23:45.199+0000] {processor.py:183} INFO - Processing /opt/airflow/dags/hello_airflow.py took 0.243 seconds
[2026-08-12T10:24:15.296+0000] {processor.py:161} INFO - Started process (PID=1687) to work on /opt/airflow/dags/hello_airflow.py
[2026-08-12T10:24:15.298+0000] {processor.py:830} INFO - Processing file /opt/airflow/dags/hello_airflow.py for tasks to queue
[2026-08-12T10:24:15.302+0000] {logging_mixin.py:188} INFO - [2026-08-12T10:24:15.302+0000] {dagbag.py:545} INFO - Filling up the DagBag from /opt/airflow/dags/hello_airflow.py
[2026-08-12T10:24:15.326+0000] {processor.py:840} INFO - DAG(s) 'hello_airflow' retrieved from /opt/airflow/dags/hello_airflow.py
[2026-08-12T10:24:15.369+0000] {logging_mixin.py:188} INFO - [2026-08-12T10:24:15.368+0000] {dag.py:3089} INFO - Sync 1 DAGs
[2026-08-12T10:24:15.397+0000] {logging_mixin.py:188} INFO - [2026-08-12T10:24:15.397+0000] {dag.py:3947} INFO - Setting next_dagrun for hello_airflow to None, run_after=None
[2026-08-12T10:24:15.448+0000] {processor.py:183} INFO - Processing /opt/airflow/dags/hello_airflow.py took 0.161 seconds
[2026-08-12T10:24:45.611+0000] {processor.py:161} INFO - Started process (PID=1706) to work on /opt/airflow/dags/hello_airflow.py
[2026-08-12T10:24:45.613+0000] {processor.py:830} INFO - Processing file /opt/airflow/dags/hello_airflow.py for tasks to queue
[2026-08-12T10:24:45.617+0000] {logging_mixin.py:188} INFO - [2026-08-12T10:24:45.617+0000] {dagbag.py:545} INFO - Filling up the DagBag from /opt/airflow/dags/hello_airflow.py
[2026-08-12T10:24:45.643+0000] {processor.py:840} INFO - DAG(s) 'hello_airflow' retrieved from /opt/airflow/dags/hello_airflow.py
[2026-08-12T10:24:45.687+0000] {logging_mixin.py:188} INFO - [2026-08-12T10:24:45.687+0000] {dag.py:3089} INFO - Sync 1 DAGs
[2026-08-12T10:24:45.710+0000] {logging_mixin.py:188} INFO - [2026-08-12T10:24:45.709+0000] {dag.py:3947} INFO - Setting next_dagrun for hello_airflow to None, run_after=None
[2026-08-12T10:24:45.738+0000] {processor.py:183} INFO - Processing /opt/airflow/dags/hello_airflow.py took 0.138 seconds
[2026-08-12T10:25:15.879+0000] {processor.py:161} INFO - Started process (PID=1725) to work on /opt/airflow/dags/hello_airflow.py
[2026-08-12T10:25:15.881+0000] {processor.py:830} INFO - Processing file /opt/airflow/dags/hello_airflow.py for tasks to queue
[2026-08-12T10:25:15.884+0000] {logging_mixin.py:188} INFO - [2026-08-12T10:25:15.883+0000] {dagbag.py:545} INFO - Filling up the DagBag from /opt/airflow/dags/hello_airflow.py
[2026-08-12T10:25:15.909+0000] {processor.py:840} INFO - DAG(s) 'hello_airflow' retrieved from /opt/airflow/dags/hello_airflow.py
[2026-08-12T10:25:15.956+0000] {logging_mixin.py:188} INFO - [2026-08-12T10:25:15.955+0000] {dag.py:3089} INFO - Sync 1 DAGs
[2026-08-12T10:25:15.979+0000] {logging_mixin.py:188} INFO - [2026-08-12T10:25:15.978+0000] {dag.py:3947} INFO - Setting next_dagrun for hello_airflow to None, run_after=None
[2026-08-12T10:25:16.013+0000] {processor.py:183} INFO - Processing /opt/airflow/dags/hello_airflow.py took 0.143 seconds
[2026-08-12T10:25:46.199+0000] {processor.py:161} INFO - Started process (PID=1744) to work on /opt/airflow/dags/hello_airflow.py
[2026-08-12T10:25:46.202+0000] {processor.py:830} INFO - Processing file /opt/airflow/dags/hello_airflow.py for tasks to queue
[2026-08-12T10:25:46.207+0000] {logging_mixin.py:188} INFO - [2026-08-12T10:25:46.206+0000] {dagbag.py:545} INFO - Filling up the DagBag from /opt/airflow/dags/hello_airflow.py
[2026-08-12T10:25:46.252+0000] {processor.py:840} INFO - DAG(s) 'hello_airflow' retrieved from /opt/airflow/dags/hello_airflow.py
[2026-08-12T10:25:46.315+0000] {logging_mixin.py:188} INFO - [2026-08-12T10:25:46.315+0000] {dag.py:3089} INFO - Sync 1 DAGs
[2026-08-12T10:25:46.347+0000] {logging_mixin.py:188} INFO - [2026-08-12T10:25:46.347+0000] {dag.py:3947} INFO - Setting next_dagrun for hello_airflow to None, run_after=None
[2026-08-12T10:25:46.393+0000] {processor.py:183} INFO - Processing /opt/airflow/dags/hello_airflow.py took 0.207 seconds
[2026-08-12T10:26:16.609+0000] {processor.py:161} INFO - Started process (PID=1763) to work on /opt/airflow/dags/hello_airflow.py
[2026-08-12T10:26:16.614+0000] {processor.py:830} INFO - Processing file /opt/airflow/dags/hello_airflow.py for tasks to queue
[2026-08-12T10:26:16.622+0000] {logging_mixin.py:188} INFO - [2026-08-12T10:26:16.621+0000] {dagbag.py:545} INFO - Filling up the DagBag from /opt/airflow/dags/hello_airflow.py
[2026-08-12T10:26:16.682+0000] {processor.py:840} INFO - DAG(s) 'hello_airflow' retrieved from /opt/airflow/dags/hello_airflow.py
[2026-08-12T10:26:16.881+0000] {logging_mixin.py:188} INFO - [2026-08-12T10:26:16.881+0000] {dag.py:3089} INFO - Sync 1 DAGs
[2026-08-12T10:26:16.937+0000] {logging_mixin.py:188} INFO - [2026-08-12T10:26:16.937+0000] {dag.py:3947} INFO - Setting next_dagrun for hello_airflow to None, run_after=None
[2026-08-12T10:26:17.005+0000] {processor.py:183} INFO - Processing /opt/airflow/dags/hello_airflow.py took 0.420 seconds
[2026-08-12T10:26:47.185+0000] {processor.py:161} INFO - Started process (PID=1776) to work on /opt/airflow/dags/hello_airflow.py
[2026-08-12T10:26:47.190+0000] {processor.py:830} INFO - Processing file /opt/airflow/dags/hello_airflow.py for tasks to queue
[2026-08-12T10:26:47.198+0000] {logging_mixin.py:188} INFO - [2026-08-12T10:26:47.196+0000] {dagbag.py:545} INFO - Filling up the DagBag from /opt/airflow/dags/hello_airflow.py
[2026-08-12T10:26:47.249+0000] {processor.py:840} INFO - DAG(s) 'hello_airflow' retrieved from /opt/airflow/dags/hello_airflow.py
[2026-08-12T10:26:47.455+0000] {logging_mixin.py:188} INFO - [2026-08-12T10:26:47.454+0000] {dag.py:3089} INFO - Sync 1 DAGs
[2026-08-12T10:26:47.526+0000] {logging_mixin.py:188} INFO - [2026-08-12T10:26:47.525+0000] {dag.py:3947} INFO - Setting next_dagrun for hello_airflow to None, run_after=None
[2026-08-12T10:26:47.601+0000] {processor.py:183} INFO - Processing /opt/airflow/dags/hello_airflow.py took 0.441 seconds
[2026-08-12T10:27:17.874+0000] {processor.py:161} INFO - Started process (PID=1795) to work on /opt/airflow/dags/hello_airflow.py
[2026-08-12T10:27:17.875+0000] {processor.py:830} INFO - Processing file /opt/airflow/dags/hello_airflow.py for tasks to queue
[2026-08-12T10:27:17.877+0000] {logging_mixin.py:188} INFO - [2026-08-12T10:27:17.877+0000] {dagbag.py:545} INFO - Filling up the DagBag from /opt/airflow/dags/hello_airflow.py
[2026-08-12T10:27:17.893+0000] {processor.py:840} INFO - DAG(s) 'hello_airflow' retrieved from /opt/airflow/dags/hello_airflow.py
[2026-08-12T10:27:17.921+0000] {logging_mixin.py:188} INFO - [2026-08-12T10:27:17.921+0000] {dag.py:3089} INFO - Sync 1 DAGs
[2026-08-12T10:27:17.936+0000] {logging_mixin.py:188} INFO - [2026-08-12T10:27:17.935+0000] {dag.py:3947} INFO - Setting next_dagrun for hello_airflow to None, run_after=None
[2026-08-12T10:27:17.957+0000] {processor.py:183} INFO - Processing /opt/airflow/dags/hello_airflow.py took 0.088 seconds
[2026-08-12T10:27:48.098+0000] {processor.py:161} INFO - Started process (PID=1821) to work on /opt/airflow/dags/hello_airflow.py
[2026-08-12T10:27:48.101+0000] {processor.py:830} INFO - Processing file /opt/airflow/dags/hello_airflow.py for tasks to queue
[2026-08-12T10:27:48.105+0000] {logging_mixin.py:188} INFO - [2026-08-12T10:27:48.104+0000] {dagbag.py:545} INFO - Filling up the DagBag from /opt/airflow/dags/hello_airflow.py
[2026-08-12T10:27:48.144+0000] {processor.py:840} INFO - DAG(s) 'hello_airflow' retrieved from /opt/airflow/dags/hello_airflow.py
[2026-08-12T10:27:48.205+0000] {logging_mixin.py:188} INFO - [2026-08-12T10:27:48.204+0000] {dag.py:3089} INFO - Sync 1 DAGs
[2026-08-12T10:27:48.237+0000] {logging_mixin.py:188} INFO - [2026-08-12T10:27:48.237+0000] {dag.py:3947} INFO - Setting next_dagrun for hello_airflow to None, run_after=None
[2026-08-12T10:27:48.281+0000] {processor.py:183} INFO - Processing /opt/airflow/dags/hello_airflow.py took 0.193 seconds
[2026-08-12T10:28:18.394+0000] {processor.py:161} INFO - Started process (PID=1839) to work on /opt/airflow/dags/hello_airflow.py
[2026-08-12T10:28:18.397+0000] {processor.py:830} INFO - Processing file /opt/airflow/dags/hello_airflow.py for tasks to queue
[2026-08-12T10:28:18.403+0000] {logging_mixin.py:188} INFO - [2026-08-12T10:28:18.402+0000] {dagbag.py:545} INFO - Filling up the DagBag from /opt/airflow/dags/hello_airflow.py
[2026-08-12T10:28:18.437+0000] {processor.py:840} INFO - DAG(s) 'hello_airflow' retrieved from /opt/airflow/dags/hello_airflow.py
[2026-08-12T10:28:18.506+0000] {logging_mixin.py:188} INFO - [2026-08-12T10:28:18.505+0000] {dag.py:3089} INFO - Sync 1 DAGs
[2026-08-12T10:28:18.538+0000] {logging_mixin.py:188} INFO - [2026-08-12T10:28:18.538+0000] {dag.py:3947} INFO - Setting next_dagrun for hello_airflow to None, run_after=None
[2026-08-12T10:28:18.584+0000] {processor.py:183} INFO - Processing /opt/airflow/dags/hello_airflow.py took 0.203 seconds
[2026-08-12T10:28:48.700+0000] {processor.py:161} INFO - Started process (PID=1858) to work on /opt/airflow/dags/hello_airflow.py
[2026-08-12T10:28:48.701+0000] {processor.py:830} INFO - Processing file /opt/airflow/dags/hello_airflow.py for tasks to queue
[2026-08-12T10:28:48.703+0000] {logging_mixin.py:188} INFO - [2026-08-12T10:28:48.703+0000] {dagbag.py:545} INFO - Filling up the DagBag from /opt/airflow/dags/hello_airflow.py
[2026-08-12T10:28:48.718+0000] {processor.py:840} INFO - DAG(s) 'hello_airflow' retrieved from /opt/airflow/dags/hello_airflow.py
[2026-08-12T10:28:48.745+0000] {logging_mixin.py:188} INFO - [2026-08-12T10:28:48.745+0000] {dag.py:3089} INFO - Sync 1 DAGs
[2026-08-12T10:28:48.761+0000] {logging_mixin.py:188} INFO - [2026-08-12T10:28:48.760+0000] {dag.py:3947} INFO - Setting next_dagrun for hello_airflow to None, run_after=None
[2026-08-12T10:28:48.783+0000] {processor.py:183} INFO - Processing /opt/airflow/dags/hello_airflow.py took 0.089 seconds
[2026-08-12T10:29:19.019+0000] {processor.py:161} INFO - Started process (PID=1878) to work on /opt/airflow/dags/hello_airflow.py
[2026-08-12T10:29:19.021+0000] {processor.py:830} INFO - Processing file /opt/airflow/dags/hello_airflow.py for tasks to queue
[2026-08-12T10:29:19.024+0000] {logging_mixin.py:188} INFO - [2026-08-12T10:29:19.023+0000] {dagbag.py:545} INFO - Filling up the DagBag from /opt/airflow/dags/hello_airflow.py
[2026-08-12T10:29:19.052+0000] {processor.py:840} INFO - DAG(s) 'hello_airflow' retrieved from /opt/airflow/dags/hello_airflow.py
[2026-08-12T10:29:19.096+0000] {logging_mixin.py:188} INFO - [2026-08-12T10:29:19.096+0000] {dag.py:3089} INFO - Sync 1 DAGs
[2026-08-12T10:29:19.117+0000] {logging_mixin.py:188} INFO - [2026-08-12T10:29:19.117+0000] {dag.py:3947} INFO - Setting next_dagrun for hello_airflow to None, run_after=None
[2026-08-12T10:29:19.148+0000] {processor.py:183} INFO - Processing /opt/airflow/dags/hello_airflow.py took 0.137 seconds
[2026-08-12T10:29:49.212+0000] {processor.py:161} INFO - Started process (PID=1897) to work on /opt/airflow/dags/hello_airflow.py
[2026-08-12T10:29:49.213+0000] {processor.py:830} INFO - Processing file /opt/airflow/dags/hello_airflow.py for tasks to queue
[2026-08-12T10:29:49.215+0000] {logging_mixin.py:188} INFO - [2026-08-12T10:29:49.215+0000] {dagbag.py:545} INFO - Filling up the DagBag from /opt/airflow/dags/hello_airflow.py
[2026-08-12T10:29:49.230+0000] {processor.py:840} INFO - DAG(s) 'hello_airflow' retrieved from /opt/airflow/dags/hello_airflow.py
[2026-08-12T10:29:49.251+0000] {logging_mixin.py:188} INFO - [2026-08-12T10:29:49.251+0000] {dag.py:3089} INFO - Sync 1 DAGs
[2026-08-12T10:29:49.260+0000] {logging_mixin.py:188} INFO - [2026-08-12T10:29:49.260+0000] {dag.py:3947} INFO - Setting next_dagrun for hello_airflow to None, run_after=None
[2026-08-12T10:29:49.276+0000] {processor.py:183} INFO - Processing /opt/airflow/dags/hello_airflow.py took 0.069 seconds
[2026-08-12T10:30:19.419+0000] {processor.py:161} INFO - Started process (PID=1916) to work on /opt/airflow/dags/hello_airflow.py
[2026-08-12T10:30:19.419+0000] {processor.py:830} INFO - Processing file /opt/airflow/dags/hello_airflow.py for tasks to queue
[2026-08-12T10:30:19.422+0000] {logging_mixin.py:188} INFO - [2026-08-12T10:30:19.421+0000] {dagbag.py:545} INFO - Filling up the DagBag from /opt/airflow/dags/hello_airflow.py
[2026-08-12T10:30:19.437+0000] {processor.py:840} INFO - DAG(s) 'hello_airflow' retrieved from /opt/airflow/dags/hello_airflow.py
[2026-08-12T10:30:19.460+0000] {logging_mixin.py:188} INFO - [2026-08-12T10:30:19.460+0000] {dag.py:3089} INFO - Sync 1 DAGs
[2026-08-12T10:30:19.472+0000] {logging_mixin.py:188} INFO - [2026-08-12T10:30:19.471+0000] {dag.py:3947} INFO - Setting next_dagrun for hello_airflow to None, run_after=None
[2026-08-12T10:30:19.489+0000] {processor.py:183} INFO - Processing /opt/airflow/dags/hello_airflow.py took 0.075 seconds
[2026-08-12T10:30:49.661+0000] {processor.py:161} INFO - Started process (PID=1943) to work on /opt/airflow/dags/hello_airflow.py
[2026-08-12T10:30:49.662+0000] {processor.py:830} INFO - Processing file /opt/airflow/dags/hello_airflow.py for tasks to queue
[2026-08-12T10:30:49.665+0000] {logging_mixin.py:188} INFO - [2026-08-12T10:30:49.664+0000] {dagbag.py:545} INFO - Filling up the DagBag from /opt/airflow/dags/hello_airflow.py
[2026-08-12T10:30:49.682+0000] {processor.py:840} INFO - DAG(s) 'hello_airflow' retrieved from /opt/airflow/dags/hello_airflow.py
[2026-08-12T10:30:49.710+0000] {logging_mixin.py:188} INFO - [2026-08-12T10:30:49.709+0000] {dag.py:3089} INFO - Sync 1 DAGs
[2026-08-12T10:30:49.723+0000] {logging_mixin.py:188} INFO - [2026-08-12T10:30:49.723+0000] {dag.py:3947} INFO - Setting next_dagrun for hello_airflow to None, run_after=None
[2026-08-12T10:30:49.743+0000] {processor.py:183} INFO - Processing /opt/airflow/dags/hello_airflow.py took 0.087 seconds
[2026-08-12T10:31:19.896+0000] {processor.py:161} INFO - Started process (PID=1962) to work on /opt/airflow/dags/hello_airflow.py
[2026-08-12T10:31:19.897+0000] {processor.py:830} INFO - Processing file /opt/airflow/dags/hello_airflow.py for tasks to queue
[2026-08-12T10:31:19.899+0000] {logging_mixin.py:188} INFO - [2026-08-12T10:31:19.899+0000] {dagbag.py:545} INFO - Filling up the DagBag from /opt/airflow/dags/hello_airflow.py
[2026-08-12T10:31:19.912+0000] {processor.py:840} INFO - DAG(s) 'hello_airflow' retrieved from /opt/airflow/dags/hello_airflow.py
[2026-08-12T10:31:19.934+0000] {logging_mixin.py:188} INFO - [2026-08-12T10:31:19.933+0000] {dag.py:3089} INFO - Sync 1 DAGs
[2026-08-12T10:31:19.944+0000] {logging_mixin.py:188} INFO - [2026-08-12T10:31:19.944+0000] {dag.py:3947} INFO - Setting next_dagrun for hello_airflow to None, run_after=None
[2026-08-12T10:31:19.960+0000] {processor.py:183} INFO - Processing /opt/airflow/dags/hello_airflow.py took 0.069 seconds
[2026-08-12T10:31:50.121+0000] {processor.py:161} INFO - Started process (PID=1988) to work on /opt/airflow/dags/hello_airflow.py
[2026-08-12T10:31:50.123+0000] {processor.py:830} INFO - Processing file /opt/airflow/dags/hello_airflow.py for tasks to queue
[2026-08-12T10:31:50.126+0000] {logging_mixin.py:188} INFO - [2026-08-12T10:31:50.125+0000] {dagbag.py:545} INFO - Filling up the DagBag from /opt/airflow/dags/hello_airflow.py
[2026-08-12T10:31:50.152+0000] {processor.py:840} INFO - DAG(s) 'hello_airflow' retrieved from /opt/airflow/dags/hello_airflow.py
[2026-08-12T10:31:50.192+0000] {logging_mixin.py:188} INFO - [2026-08-12T10:31:50.192+0000] {dag.py:3089} INFO - Sync 1 DAGs
[2026-08-12T10:31:50.211+0000] {logging_mixin.py:188} INFO - [2026-08-12T10:31:50.211+0000] {dag.py:3947} INFO - Setting next_dagrun for hello_airflow to None, run_after=None
[2026-08-12T10:31:50.239+0000] {processor.py:183} INFO - Processing /opt/airflow/dags/hello_airflow.py took 0.128 seconds
[2026-08-12T10:32:20.326+0000] {processor.py:161} INFO - Started process (PID=2007) to work on /opt/airflow/dags/hello_airflow.py
[2026-08-12T10:32:20.327+0000] {processor.py:830} INFO - Processing file /opt/airflow/dags/hello_airflow.py for tasks to queue
[2026-08-12T10:32:20.329+0000] {logging_mixin.py:188} INFO - [2026-08-12T10:32:20.329+0000] {dagbag.py:545} INFO - Filling up the DagBag from /opt/airflow/dags/hello_airflow.py
[2026-08-12T10:32:20.343+0000] {processor.py:840} INFO - DAG(s) 'hello_airflow' retrieved from /opt/airflow/dags/hello_airflow.py
[2026-08-12T10:32:20.366+0000] {logging_mixin.py:188} INFO - [2026-08-12T10:32:20.366+0000] {dag.py:3089} INFO - Sync 1 DAGs
[2026-08-12T10:32:20.378+0000] {logging_mixin.py:188} INFO - [2026-08-12T10:32:20.377+0000] {dag.py:3947} INFO - Setting next_dagrun for hello_airflow to None, run_after=None
[2026-08-12T10:32:20.395+0000] {processor.py:183} INFO - Processing /opt/airflow/dags/hello_airflow.py took 0.074 seconds
[2026-08-12T10:32:50.513+0000] {processor.py:161} INFO - Started process (PID=2033) to work on /opt/airflow/dags/hello_airflow.py
[2026-08-12T10:32:50.514+0000] {processor.py:830} INFO - Processing file /opt/airflow/dags/hello_airflow.py for tasks to queue
[2026-08-12T10:32:50.517+0000] {logging_mixin.py:188} INFO - [2026-08-12T10:32:50.516+0000] {dagbag.py:545} INFO - Filling up the DagBag from /opt/airflow/dags/hello_airflow.py
[2026-08-12T10:32:50.531+0000] {processor.py:840} INFO - DAG(s) 'hello_airflow' retrieved from /opt/airflow/dags/hello_airflow.py
[2026-08-12T10:32:50.555+0000] {logging_mixin.py:188} INFO - [2026-08-12T10:32:50.555+0000] {dag.py:3089} INFO - Sync 1 DAGs
[2026-08-12T10:32:50.566+0000] {logging_mixin.py:188} INFO - [2026-08-12T10:32:50.566+0000] {dag.py:3947} INFO - Setting next_dagrun for hello_airflow to None, run_after=None
[2026-08-12T10:32:50.583+0000] {processor.py:183} INFO - Processing /opt/airflow/dags/hello_airflow.py took 0.076 seconds
[2026-08-12T10:33:20.822+0000] {processor.py:161} INFO - Started process (PID=2052) to work on /opt/airflow/dags/hello_airflow.py
[2026-08-12T10:33:20.825+0000] {processor.py:830} INFO - Processing file /opt/airflow/dags/hello_airflow.py for tasks to queue
[2026-08-12T10:33:20.831+0000] {logging_mixin.py:188} INFO - [2026-08-12T10:33:20.830+0000] {dagbag.py:545} INFO - Filling up the DagBag from /opt/airflow/dags/hello_airflow.py
[2026-08-12T10:33:20.864+0000] {processor.py:840} INFO - DAG(s) 'hello_airflow' retrieved from /opt/airflow/dags/hello_airflow.py
[2026-08-12T10:33:20.923+0000] {logging_mixin.py:188} INFO - [2026-08-12T10:33:20.923+0000] {dag.py:3089} INFO - Sync 1 DAGs
[2026-08-12T10:33:20.954+0000] {logging_mixin.py:188} INFO - [2026-08-12T10:33:20.954+0000] {dag.py:3947} INFO - Setting next_dagrun for hello_airflow to None, run_after=None
[2026-08-12T10:33:20.995+0000] {processor.py:183} INFO - Processing /opt/airflow/dags/hello_airflow.py took 0.184 seconds
[2026-08-12T10:33:51.248+0000] {processor.py:161} INFO - Started process (PID=2071) to work on /opt/airflow/dags/hello_airflow.py
[2026-08-12T10:33:51.249+0000] {processor.py:830} INFO - Processing file /opt/airflow/dags/hello_airflow.py for tasks to queue
[2026-08-12T10:33:51.252+0000] {logging_mixin.py:188} INFO - [2026-08-12T10:33:51.252+0000] {dagbag.py:545} INFO - Filling up the DagBag from /opt/airflow/dags/hello_airflow.py
[2026-08-12T10:33:51.267+0000] {processor.py:840} INFO - DAG(s) 'hello_airflow' retrieved from /opt/airflow/dags/hello_airflow.py
[2026-08-12T10:33:51.292+0000] {logging_mixin.py:188} INFO - [2026-08-12T10:33:51.291+0000] {dag.py:3089} INFO - Sync 1 DAGs
[2026-08-12T10:33:51.304+0000] {logging_mixin.py:188} INFO - [2026-08-12T10:33:51.303+0000] {dag.py:3947} INFO - Setting next_dagrun for hello_airflow to None, run_after=None
[2026-08-12T10:33:51.323+0000] {processor.py:183} INFO - Processing /opt/airflow/dags/hello_airflow.py took 0.081 seconds
[2026-08-12T10:34:21.453+0000] {processor.py:161} INFO - Started process (PID=2090) to work on /opt/airflow/dags/hello_airflow.py
[2026-08-12T10:34:21.454+0000] {processor.py:830} INFO - Processing file /opt/airflow/dags/hello_airflow.py for tasks to queue
[2026-08-12T10:34:21.456+0000] {logging_mixin.py:188} INFO - [2026-08-12T10:34:21.456+0000] {dagbag.py:545} INFO - Filling up the DagBag from /opt/airflow/dags/hello_airflow.py
[2026-08-12T10:34:21.471+0000] {processor.py:840} INFO - DAG(s) 'hello_airflow' retrieved from /opt/airflow/dags/hello_airflow.py
[2026-08-12T10:34:21.499+0000] {logging_mixin.py:188} INFO - [2026-08-12T10:34:21.499+0000] {dag.py:3089} INFO - Sync 1 DAGs
[2026-08-12T10:34:21.511+0000] {logging_mixin.py:188} INFO - [2026-08-12T10:34:21.511+0000] {dag.py:3947} INFO - Setting next_dagrun for hello_airflow to None, run_after=None
[2026-08-12T10:34:21.528+0000] {processor.py:183} INFO - Processing /opt/airflow/dags/hello_airflow.py took 0.081 seconds
[2026-08-12T10:34:51.708+0000] {processor.py:161} INFO - Started process (PID=2117) to work on /opt/airflow/dags/hello_airflow.py
[2026-08-12T10:34:51.709+0000] {processor.py:830} INFO - Processing file /opt/airflow/dags/hello_airflow.py for tasks to queue
[2026-08-12T10:34:51.712+0000] {logging_mixin.py:188} INFO - [2026-08-12T10:34:51.712+0000] {dagbag.py:545} INFO - Filling up the DagBag from /opt/airflow/dags/hello_airflow.py
[2026-08-12T10:34:51.730+0000] {processor.py:840} INFO - DAG(s) 'hello_airflow' retrieved from /opt/airflow/dags/hello_airflow.py
[2026-08-12T10:34:51.758+0000] {logging_mixin.py:188} INFO - [2026-08-12T10:34:51.757+0000] {dag.py:3089} INFO - Sync 1 DAGs
[2026-08-12T10:34:51.771+0000] {logging_mixin.py:188} INFO - [2026-08-12T10:34:51.771+0000] {dag.py:3947} INFO - Setting next_dagrun for hello_airflow to None, run_after=None
[2026-08-12T10:34:51.790+0000] {processor.py:183} INFO - Processing /opt/airflow/dags/hello_airflow.py took 0.088 seconds
[2026-08-12T10:35:21.924+0000] {processor.py:161} INFO - Started process (PID=2136) to work on /opt/airflow/dags/hello_airflow.py
[2026-08-12T10:35:21.925+0000] {processor.py:830} INFO - Processing file /opt/airflow/dags/hello_airflow.py for tasks to queue
[2026-08-12T10:35:21.927+0000] {logging_mixin.py:188} INFO - [2026-08-12T10:35:21.927+0000] {dagbag.py:545} INFO - Filling up the DagBag from /opt/airflow/dags/hello_airflow.py
[2026-08-12T10:35:21.943+0000] {processor.py:840} INFO - DAG(s) 'hello_airflow' retrieved from /opt/airflow/dags/hello_airflow.py
[2026-08-12T10:35:21.966+0000] {logging_mixin.py:188} INFO - [2026-08-12T10:35:21.966+0000] {dag.py:3089} INFO - Sync 1 DAGs
[2026-08-12T10:35:21.977+0000] {logging_mixin.py:188} INFO - [2026-08-12T10:35:21.976+0000] {dag.py:3947} INFO - Setting next_dagrun for hello_airflow to None, run_after=None
[2026-08-12T10:35:21.992+0000] {processor.py:183} INFO - Processing /opt/airflow/dags/hello_airflow.py took 0.074 seconds
[2026-08-12T10:35:52.157+0000] {processor.py:161} INFO - Started process (PID=2162) to work on /opt/airflow/dags/hello_airflow.py
[2026-08-12T10:35:52.159+0000] {processor.py:830} INFO - Processing file /opt/airflow/dags/hello_airflow.py for tasks to queue
[2026-08-12T10:35:52.164+0000] {logging_mixin.py:188} INFO - [2026-08-12T10:35:52.163+0000] {dagbag.py:545} INFO - Filling up the DagBag from /opt/airflow/dags/hello_airflow.py
[2026-08-12T10:35:52.190+0000] {processor.py:840} INFO - DAG(s) 'hello_airflow' retrieved from /opt/airflow/dags/hello_airflow.py
[2026-08-12T10:35:52.237+0000] {logging_mixin.py:188} INFO - [2026-08-12T10:35:52.236+0000] {dag.py:3089} INFO - Sync 1 DAGs
[2026-08-12T10:35:52.269+0000] {logging_mixin.py:188} INFO - [2026-08-12T10:35:52.268+0000] {dag.py:3947} INFO - Setting next_dagrun for hello_airflow to None, run_after=None
[2026-08-12T10:35:52.360+0000] {processor.py:183} INFO - Processing /opt/airflow/dags/hello_airflow.py took 0.212 seconds
[2026-08-12T10:36:22.581+0000] {processor.py:161} INFO - Started process (PID=2181) to work on /opt/airflow/dags/hello_airflow.py
[2026-08-12T10:36:22.583+0000] {processor.py:830} INFO - Processing file /opt/airflow/dags/hello_airflow.py for tasks to queue
[2026-08-12T10:36:22.585+0000] {logging_mixin.py:188} INFO - [2026-08-12T10:36:22.585+0000] {dagbag.py:545} INFO - Filling up the DagBag from /opt/airflow/dags/hello_airflow.py
[2026-08-12T10:36:22.600+0000] {processor.py:840} INFO - DAG(s) 'hello_airflow' retrieved from /opt/airflow/dags/hello_airflow.py
[2026-08-12T10:36:22.624+0000] {logging_mixin.py:188} INFO - [2026-08-12T10:36:22.623+0000] {dag.py:3089} INFO - Sync 1 DAGs
[2026-08-12T10:36:22.635+0000] {logging_mixin.py:188} INFO - [2026-08-12T10:36:22.634+0000] {dag.py:3947} INFO - Setting next_dagrun for hello_airflow to None, run_after=None
[2026-08-12T10:36:22.653+0000] {processor.py:183} INFO - Processing /opt/airflow/dags/hello_airflow.py took 0.078 seconds
[2026-08-12T10:36:52.779+0000] {processor.py:161} INFO - Started process (PID=2207) to work on /opt/airflow/dags/hello_airflow.py
[2026-08-12T10:36:52.781+0000] {processor.py:830} INFO - Processing file /opt/airflow/dags/hello_airflow.py for tasks to queue
[2026-08-12T10:36:52.783+0000] {logging_mixin.py:188} INFO - [2026-08-12T10:36:52.782+0000] {dagbag.py:545} INFO - Filling up the DagBag from /opt/airflow/dags/hello_airflow.py
[2026-08-12T10:36:52.797+0000] {processor.py:840} INFO - DAG(s) 'hello_airflow' retrieved from /opt/airflow/dags/hello_airflow.py
[2026-08-12T10:36:52.823+0000] {logging_mixin.py:188} INFO - [2026-08-12T10:36:52.823+0000] {dag.py:3089} INFO - Sync 1 DAGs
[2026-08-12T10:36:52.835+0000] {logging_mixin.py:188} INFO - [2026-08-12T10:36:52.835+0000] {dag.py:3947} INFO - Setting next_dagrun for hello_airflow to None, run_after=None
[2026-08-12T10:36:52.852+0000] {processor.py:183} INFO - Processing /opt/airflow/dags/hello_airflow.py took 0.079 seconds
[2026-08-12T10:37:23.032+0000] {processor.py:161} INFO - Started process (PID=2226) to work on /opt/airflow/dags/hello_airflow.py
[2026-08-12T10:37:23.033+0000] {processor.py:830} INFO - Processing file /opt/airflow/dags/hello_airflow.py for tasks to queue
[2026-08-12T10:37:23.035+0000] {logging_mixin.py:188} INFO - [2026-08-12T10:37:23.035+0000] {dagbag.py:545} INFO - Filling up the DagBag from /opt/airflow/dags/hello_airflow.py
[2026-08-12T10:37:23.049+0000] {processor.py:840} INFO - DAG(s) 'hello_airflow' retrieved from /opt/airflow/dags/hello_airflow.py
[2026-08-12T10:37:23.073+0000] {logging_mixin.py:188} INFO - [2026-08-12T10:37:23.073+0000] {dag.py:3089} INFO - Sync 1 DAGs
[2026-08-12T10:37:23.085+0000] {logging_mixin.py:188} INFO - [2026-08-12T10:37:23.085+0000] {dag.py:3947} INFO - Setting next_dagrun for hello_airflow to None, run_after=None
[2026-08-12T10:37:23.103+0000] {processor.py:183} INFO - Processing /opt/airflow/dags/hello_airflow.py took 0.076 seconds
[2026-08-12T10:37:53.235+0000] {processor.py:161} INFO - Started process (PID=2245) to work on /opt/airflow/dags/hello_airflow.py
[2026-08-12T10:37:53.236+0000] {processor.py:830} INFO - Processing file /opt/airflow/dags/hello_airflow.py for tasks to queue
[2026-08-12T10:37:53.239+0000] {logging_mixin.py:188} INFO - [2026-08-12T10:37:53.238+0000] {dagbag.py:545} INFO - Filling up the DagBag from /opt/airflow/dags/hello_airflow.py
[2026-08-12T10:37:53.252+0000] {processor.py:840} INFO - DAG(s) 'hello_airflow' retrieved from /opt/airflow/dags/hello_airflow.py
[2026-08-12T10:37:53.279+0000] {logging_mixin.py:188} INFO - [2026-08-12T10:37:53.278+0000] {dag.py:3089} INFO - Sync 1 DAGs
[2026-08-12T10:37:53.289+0000] {logging_mixin.py:188} INFO - [2026-08-12T10:37:53.289+0000] {dag.py:3947} INFO - Setting next_dagrun for hello_airflow to None, run_after=None
[2026-08-12T10:37:53.305+0000] {processor.py:183} INFO - Processing /opt/airflow/dags/hello_airflow.py took 0.076 seconds
[2026-08-12T10:38:23.483+0000] {processor.py:161} INFO - Started process (PID=2271) to work on /opt/airflow/dags/hello_airflow.py
[2026-08-12T10:38:23.484+0000] {processor.py:830} INFO - Processing file /opt/airflow/dags/hello_airflow.py for tasks to queue
[2026-08-12T10:38:23.486+0000] {logging_mixin.py:188} INFO - [2026-08-12T10:38:23.486+0000] {dagbag.py:545} INFO - Filling up the DagBag from /opt/airflow/dags/hello_airflow.py
[2026-08-12T10:38:23.502+0000] {processor.py:840} INFO - DAG(s) 'hello_airflow' retrieved from /opt/airflow/dags/hello_airflow.py
[2026-08-12T10:38:23.528+0000] {logging_mixin.py:188} INFO - [2026-08-12T10:38:23.527+0000] {dag.py:3089} INFO - Sync 1 DAGs
[2026-08-12T10:38:23.540+0000] {logging_mixin.py:188} INFO - [2026-08-12T10:38:23.539+0000] {dag.py:3947} INFO - Setting next_dagrun for hello_airflow to None, run_after=None
[2026-08-12T10:38:23.557+0000] {processor.py:183} INFO - Processing /opt/airflow/dags/hello_airflow.py took 0.080 seconds
[2026-08-12T10:38:53.683+0000] {processor.py:161} INFO - Started process (PID=2290) to work on /opt/airflow/dags/hello_airflow.py
[2026-08-12T10:38:53.684+0000] {processor.py:830} INFO - Processing file /opt/airflow/dags/hello_airflow.py for tasks to queue
[2026-08-12T10:38:53.686+0000] {logging_mixin.py:188} INFO - [2026-08-12T10:38:53.685+0000] {dagbag.py:545} INFO - Filling up the DagBag from /opt/airflow/dags/hello_airflow.py
[2026-08-12T10:38:53.700+0000] {processor.py:840} INFO - DAG(s) 'hello_airflow' retrieved from /opt/airflow/dags/hello_airflow.py
[2026-08-12T10:38:53.725+0000] {logging_mixin.py:188} INFO - [2026-08-12T10:38:53.724+0000] {dag.py:3089} INFO - Sync 1 DAGs
[2026-08-12T10:38:53.735+0000] {logging_mixin.py:188} INFO - [2026-08-12T10:38:53.735+0000] {dag.py:3947} INFO - Setting next_dagrun for hello_airflow to None, run_after=None
[2026-08-12T10:38:53.752+0000] {processor.py:183} INFO - Processing /opt/airflow/dags/hello_airflow.py took 0.076 seconds
[2026-08-12T10:39:23.953+0000] {processor.py:161} INFO - Started process (PID=2316) to work on /opt/airflow/dags/hello_airflow.py
[2026-08-12T10:39:23.954+0000] {processor.py:830} INFO - Processing file /opt/airflow/dags/hello_airflow.py for tasks to queue
[2026-08-12T10:39:23.957+0000] {logging_mixin.py:188} INFO - [2026-08-12T10:39:23.956+0000] {dagbag.py:545} INFO - Filling up the DagBag from /opt/airflow/dags/hello_airflow.py
[2026-08-12T10:39:23.976+0000] {processor.py:840} INFO - DAG(s) 'hello_airflow' retrieved from /opt/airflow/dags/hello_airflow.py
[2026-08-12T10:39:24.008+0000] {logging_mixin.py:188} INFO - [2026-08-12T10:39:24.008+0000] {dag.py:3089} INFO - Sync 1 DAGs
[2026-08-12T10:39:24.024+0000] {logging_mixin.py:188} INFO - [2026-08-12T10:39:24.023+0000] {dag.py:3947} INFO - Setting next_dagrun for hello_airflow to None, run_after=None
[2026-08-12T10:39:24.049+0000] {processor.py:183} INFO - Processing /opt/airflow/dags/hello_airflow.py took 0.104 seconds
[2026-08-12T10:39:54.164+0000] {processor.py:161} INFO - Started process (PID=2335) to work on /opt/airflow/dags/hello_airflow.py
[2026-08-12T10:39:54.165+0000] {processor.py:830} INFO - Processing file /opt/airflow/dags/hello_airflow.py for tasks to queue
[2026-08-12T10:39:54.167+0000] {logging_mixin.py:188} INFO - [2026-08-12T10:39:54.167+0000] {dagbag.py:545} INFO - Filling up the DagBag from /opt/airflow/dags/hello_airflow.py
[2026-08-12T10:39:54.181+0000] {processor.py:840} INFO - DAG(s) 'hello_airflow' retrieved from /opt/airflow/dags/hello_airflow.py
[2026-08-12T10:39:54.205+0000] {logging_mixin.py:188} INFO - [2026-08-12T10:39:54.205+0000] {dag.py:3089} INFO - Sync 1 DAGs
[2026-08-12T10:39:54.216+0000] {logging_mixin.py:188} INFO - [2026-08-12T10:39:54.216+0000] {dag.py:3947} INFO - Setting next_dagrun for hello_airflow to None, run_after=None
[2026-08-12T10:39:54.232+0000] {processor.py:183} INFO - Processing /opt/airflow/dags/hello_airflow.py took 0.074 seconds
[2026-08-12T10:40:24.400+0000] {processor.py:161} INFO - Started process (PID=2354) to work on /opt/airflow/dags/hello_airflow.py
[2026-08-12T10:40:24.401+0000] {processor.py:830} INFO - Processing file /opt/airflow/dags/hello_airflow.py for tasks to queue
[2026-08-12T10:40:24.403+0000] {logging_mixin.py:188} INFO - [2026-08-12T10:40:24.403+0000] {dagbag.py:545} INFO - Filling up the DagBag from /opt/airflow/dags/hello_airflow.py
[2026-08-12T10:40:24.416+0000] {processor.py:840} INFO - DAG(s) 'hello_airflow' retrieved from /opt/airflow/dags/hello_airflow.py
[2026-08-12T10:40:24.439+0000] {logging_mixin.py:188} INFO - [2026-08-12T10:40:24.439+0000] {dag.py:3089} INFO - Sync 1 DAGs
[2026-08-12T10:40:24.450+0000] {logging_mixin.py:188} INFO - [2026-08-12T10:40:24.449+0000] {dag.py:3947} INFO - Setting next_dagrun for hello_airflow to None, run_after=None
[2026-08-12T10:40:24.466+0000] {processor.py:183} INFO - Processing /opt/airflow/dags/hello_airflow.py took 0.071 seconds
[2026-08-12T10:40:54.635+0000] {processor.py:161} INFO - Started process (PID=2380) to work on /opt/airflow/dags/hello_airflow.py
[2026-08-12T10:40:54.637+0000] {processor.py:830} INFO - Processing file /opt/airflow/dags/hello_airflow.py for tasks to queue
[2026-08-12T10:40:54.645+0000] {logging_mixin.py:188} INFO - [2026-08-12T10:40:54.644+0000] {dagbag.py:545} INFO - Filling up the DagBag from /opt/airflow/dags/hello_airflow.py
[2026-08-12T10:40:54.670+0000] {processor.py:840} INFO - DAG(s) 'hello_airflow' retrieved from /opt/airflow/dags/hello_airflow.py
[2026-08-12T10:40:54.701+0000] {logging_mixin.py:188} INFO - [2026-08-12T10:40:54.701+0000] {dag.py:3089} INFO - Sync 1 DAGs
[2026-08-12T10:40:54.716+0000] {logging_mixin.py:188} INFO - [2026-08-12T10:40:54.716+0000] {dag.py:3947} INFO - Setting next_dagrun for hello_airflow to None, run_after=None
[2026-08-12T10:40:54.740+0000] {processor.py:183} INFO - Processing /opt/airflow/dags/hello_airflow.py took 0.111 seconds
[2026-08-12T10:41:24.837+0000] {processor.py:161} INFO - Started process (PID=2399) to work on /opt/airflow/dags/hello_airflow.py
[2026-08-12T10:41:24.838+0000] {processor.py:830} INFO - Processing file /opt/airflow/dags/hello_airflow.py for tasks to queue
[2026-08-12T10:41:24.841+0000] {logging_mixin.py:188} INFO - [2026-08-12T10:41:24.840+0000] {dagbag.py:545} INFO - Filling up the DagBag from /opt/airflow/dags/hello_airflow.py
[2026-08-12T10:41:24.856+0000] {processor.py:840} INFO - DAG(s) 'hello_airflow' retrieved from /opt/airflow/dags/hello_airflow.py
[2026-08-12T10:41:24.881+0000] {logging_mixin.py:188} INFO - [2026-08-12T10:41:24.881+0000] {dag.py:3089} INFO - Sync 1 DAGs
[2026-08-12T10:41:24.892+0000] {logging_mixin.py:188} INFO - [2026-08-12T10:41:24.892+0000] {dag.py:3947} INFO - Setting next_dagrun for hello_airflow to None, run_after=None
[2026-08-12T10:41:24.908+0000] {processor.py:183} INFO - Processing /opt/airflow/dags/hello_airflow.py took 0.076 seconds
[2026-08-12T10:41:55.125+0000] {processor.py:161} INFO - Started process (PID=2425) to work on /opt/airflow/dags/hello_airflow.py
[2026-08-12T10:41:55.126+0000] {processor.py:830} INFO - Processing file /opt/airflow/dags/hello_airflow.py for tasks to queue
[2026-08-12T10:41:55.130+0000] {logging_mixin.py:188} INFO - [2026-08-12T10:41:55.129+0000] {dagbag.py:545} INFO - Filling up the DagBag from /opt/airflow/dags/hello_airflow.py
[2026-08-12T10:41:55.149+0000] {processor.py:840} INFO - DAG(s) 'hello_airflow' retrieved from /opt/airflow/dags/hello_airflow.py
[2026-08-12T10:41:55.182+0000] {logging_mixin.py:188} INFO - [2026-08-12T10:41:55.181+0000] {dag.py:3089} INFO - Sync 1 DAGs
[2026-08-12T10:41:55.197+0000] {logging_mixin.py:188} INFO - [2026-08-12T10:41:55.197+0000] {dag.py:3947} INFO - Setting next_dagrun for hello_airflow to None, run_after=None
[2026-08-12T10:41:55.222+0000] {processor.py:183} INFO - Processing /opt/airflow/dags/hello_airflow.py took 0.104 seconds
[2026-08-12T10:42:25.324+0000] {processor.py:161} INFO - Started process (PID=2444) to work on /opt/airflow/dags/hello_airflow.py
[2026-08-12T10:42:25.325+0000] {processor.py:830} INFO - Processing file /opt/airflow/dags/hello_airflow.py for tasks to queue
[2026-08-12T10:42:25.326+0000] {logging_mixin.py:188} INFO - [2026-08-12T10:42:25.326+0000] {dagbag.py:545} INFO - Filling up the DagBag from /opt/airflow/dags/hello_airflow.py
[2026-08-12T10:42:25.341+0000] {processor.py:840} INFO - DAG(s) 'hello_airflow' retrieved from /opt/airflow/dags/hello_airflow.py
[2026-08-12T10:42:25.363+0000] {logging_mixin.py:188} INFO - [2026-08-12T10:42:25.363+0000] {dag.py:3089} INFO - Sync 1 DAGs
[2026-08-12T10:42:25.373+0000] {logging_mixin.py:188} INFO - [2026-08-12T10:42:25.373+0000] {dag.py:3947} INFO - Setting next_dagrun for hello_airflow to None, run_after=None
[2026-08-12T10:42:25.389+0000] {processor.py:183} INFO - Processing /opt/airflow/dags/hello_airflow.py took 0.070 seconds
[2026-08-12T10:42:55.592+0000] {processor.py:161} INFO - Started process (PID=2471) to work on /opt/airflow/dags/hello_airflow.py
[2026-08-12T10:42:55.593+0000] {processor.py:830} INFO - Processing file /opt/airflow/dags/hello_airflow.py for tasks to queue
[2026-08-12T10:42:55.595+0000] {logging_mixin.py:188} INFO - [2026-08-12T10:42:55.594+0000] {dagbag.py:545} INFO - Filling up the DagBag from /opt/airflow/dags/hello_airflow.py
[2026-08-12T10:42:55.609+0000] {processor.py:840} INFO - DAG(s) 'hello_airflow' retrieved from /opt/airflow/dags/hello_airflow.py
[2026-08-12T10:42:55.638+0000] {logging_mixin.py:188} INFO - [2026-08-12T10:42:55.638+0000] {dag.py:3089} INFO - Sync 1 DAGs
[2026-08-12T10:42:55.650+0000] {logging_mixin.py:188} INFO - [2026-08-12T10:42:55.650+0000] {dag.py:3947} INFO - Setting next_dagrun for hello_airflow to None, run_after=None
[2026-08-12T10:42:55.672+0000] {processor.py:183} INFO - Processing /opt/airflow/dags/hello_airflow.py took 0.085 seconds
[2026-08-12T10:43:25.797+0000] {processor.py:161} INFO - Started process (PID=2490) to work on /opt/airflow/dags/hello_airflow.py
[2026-08-12T10:43:25.798+0000] {processor.py:830} INFO - Processing file /opt/airflow/dags/hello_airflow.py for tasks to queue
[2026-08-12T10:43:25.800+0000] {logging_mixin.py:188} INFO - [2026-08-12T10:43:25.799+0000] {dagbag.py:545} INFO - Filling up the DagBag from /opt/airflow/dags/hello_airflow.py
[2026-08-12T10:43:25.814+0000] {processor.py:840} INFO - DAG(s) 'hello_airflow' retrieved from /opt/airflow/dags/hello_airflow.py
[2026-08-12T10:43:25.838+0000] {logging_mixin.py:188} INFO - [2026-08-12T10:43:25.838+0000] {dag.py:3089} INFO - Sync 1 DAGs
[2026-08-12T10:43:25.849+0000] {logging_mixin.py:188} INFO - [2026-08-12T10:43:25.848+0000] {dag.py:3947} INFO - Setting next_dagrun for hello_airflow to None, run_after=None
[2026-08-12T10:43:25.867+0000] {processor.py:183} INFO - Processing /opt/airflow/dags/hello_airflow.py took 0.074 seconds
[2026-08-12T10:43:56.042+0000] {processor.py:161} INFO - Started process (PID=2509) to work on /opt/airflow/dags/hello_airflow.py
[2026-08-12T10:43:56.043+0000] {processor.py:830} INFO - Processing file /opt/airflow/dags/hello_airflow.py for tasks to queue
[2026-08-12T10:43:56.045+0000] {logging_mixin.py:188} INFO - [2026-08-12T10:43:56.045+0000] {dagbag.py:545} INFO - Filling up the DagBag from /opt/airflow/dags/hello_airflow.py
[2026-08-12T10:43:56.059+0000] {processor.py:840} INFO - DAG(s) 'hello_airflow' retrieved from /opt/airflow/dags/hello_airflow.py
[2026-08-12T10:43:56.081+0000] {logging_mixin.py:188} INFO - [2026-08-12T10:43:56.080+0000] {dag.py:3089} INFO - Sync 1 DAGs
[2026-08-12T10:43:56.091+0000] {logging_mixin.py:188} INFO - [2026-08-12T10:43:56.091+0000] {dag.py:3947} INFO - Setting next_dagrun for hello_airflow to None, run_after=None
[2026-08-12T10:43:56.106+0000] {processor.py:183} INFO - Processing /opt/airflow/dags/hello_airflow.py took 0.068 seconds
[2026-08-12T10:44:26.361+0000] {processor.py:161} INFO - Started process (PID=2528) to work on /opt/airflow/dags/hello_airflow.py
[2026-08-12T10:44:26.362+0000] {processor.py:830} INFO - Processing file /opt/airflow/dags/hello_airflow.py for tasks to queue
[2026-08-12T10:44:26.364+0000] {logging_mixin.py:188} INFO - [2026-08-12T10:44:26.364+0000] {dagbag.py:545} INFO - Filling up the DagBag from /opt/airflow/dags/hello_airflow.py
[2026-08-12T10:44:26.382+0000] {processor.py:840} INFO - DAG(s) 'hello_airflow' retrieved from /opt/airflow/dags/hello_airflow.py
[2026-08-12T10:44:26.406+0000] {logging_mixin.py:188} INFO - [2026-08-12T10:44:26.406+0000] {dag.py:3089} INFO - Sync 1 DAGs
[2026-08-12T10:44:26.419+0000] {logging_mixin.py:188} INFO - [2026-08-12T10:44:26.419+0000] {dag.py:3947} INFO - Setting next_dagrun for hello_airflow to None, run_after=None
[2026-08-12T10:44:26.437+0000] {processor.py:183} INFO - Processing /opt/airflow/dags/hello_airflow.py took 0.083 seconds
[2026-08-12T10:44:56.618+0000] {processor.py:161} INFO - Started process (PID=2547) to work on /opt/airflow/dags/hello_airflow.py
[2026-08-12T10:44:56.619+0000] {processor.py:830} INFO - Processing file /opt/airflow/dags/hello_airflow.py for tasks to queue
[2026-08-12T10:44:56.622+0000] {logging_mixin.py:188} INFO - [2026-08-12T10:44:56.621+0000] {dagbag.py:545} INFO - Filling up the DagBag from /opt/airflow/dags/hello_airflow.py
[2026-08-12T10:44:56.639+0000] {processor.py:840} INFO - DAG(s) 'hello_airflow' retrieved from /opt/airflow/dags/hello_airflow.py
[2026-08-12T10:44:56.664+0000] {logging_mixin.py:188} INFO - [2026-08-12T10:44:56.664+0000] {dag.py:3089} INFO - Sync 1 DAGs
[2026-08-12T10:44:56.675+0000] {logging_mixin.py:188} INFO - [2026-08-12T10:44:56.675+0000] {dag.py:3947} INFO - Setting next_dagrun for hello_airflow to None, run_after=None
[2026-08-12T10:44:56.693+0000] {processor.py:183} INFO - Processing /opt/airflow/dags/hello_airflow.py took 0.085 seconds
[2026-08-12T10:45:26.943+0000] {processor.py:161} INFO - Started process (PID=2567) to work on /opt/airflow/dags/hello_airflow.py
[2026-08-12T10:45:26.945+0000] {processor.py:830} INFO - Processing file /opt/airflow/dags/hello_airflow.py for tasks to queue
[2026-08-12T10:45:26.951+0000] {logging_mixin.py:188} INFO - [2026-08-12T10:45:26.950+0000] {dagbag.py:545} INFO - Filling up the DagBag from /opt/airflow/dags/hello_airflow.py
[2026-08-12T10:45:26.987+0000] {processor.py:840} INFO - DAG(s) 'hello_airflow' retrieved from /opt/airflow/dags/hello_airflow.py
[2026-08-12T10:45:27.045+0000] {logging_mixin.py:188} INFO - [2026-08-12T10:45:27.044+0000] {dag.py:3089} INFO - Sync 1 DAGs
[2026-08-12T10:45:27.070+0000] {logging_mixin.py:188} INFO - [2026-08-12T10:45:27.069+0000] {dag.py:3947} INFO - Setting next_dagrun for hello_airflow to None, run_after=None
[2026-08-12T10:45:27.108+0000] {processor.py:183} INFO - Processing /opt/airflow/dags/hello_airflow.py took 0.175 seconds
[2026-08-12T10:45:57.233+0000] {processor.py:161} INFO - Started process (PID=2587) to work on /opt/airflow/dags/hello_airflow.py
[2026-08-12T10:45:57.235+0000] {processor.py:830} INFO - Processing file /opt/airflow/dags/hello_airflow.py for tasks to queue
[2026-08-12T10:45:57.238+0000] {logging_mixin.py:188} INFO - [2026-08-12T10:45:57.237+0000] {dagbag.py:545} INFO - Filling up the DagBag from /opt/airflow/dags/hello_airflow.py
[2026-08-12T10:45:57.262+0000] {processor.py:840} INFO - DAG(s) 'hello_airflow' retrieved from /opt/airflow/dags/hello_airflow.py
[2026-08-12T10:45:57.307+0000] {logging_mixin.py:188} INFO - [2026-08-12T10:45:57.307+0000] {dag.py:3089} INFO - Sync 1 DAGs
[2026-08-12T10:45:57.326+0000] {logging_mixin.py:188} INFO - [2026-08-12T10:45:57.326+0000] {dag.py:3947} INFO - Setting next_dagrun for hello_airflow to None, run_after=None
[2026-08-12T10:45:57.353+0000] {processor.py:183} INFO - Processing /opt/airflow/dags/hello_airflow.py took 0.126 seconds
[2026-08-12T10:46:27.580+0000] {processor.py:161} INFO - Started process (PID=2613) to work on /opt/airflow/dags/hello_airflow.py
[2026-08-12T10:46:27.582+0000] {processor.py:830} INFO - Processing file /opt/airflow/dags/hello_airflow.py for tasks to queue
[2026-08-12T10:46:27.585+0000] {logging_mixin.py:188} INFO - [2026-08-12T10:46:27.585+0000] {dagbag.py:545} INFO - Filling up the DagBag from /opt/airflow/dags/hello_airflow.py
[2026-08-12T10:46:27.605+0000] {processor.py:840} INFO - DAG(s) 'hello_airflow' retrieved from /opt/airflow/dags/hello_airflow.py
[2026-08-12T10:46:27.643+0000] {logging_mixin.py:188} INFO - [2026-08-12T10:46:27.643+0000] {dag.py:3089} INFO - Sync 1 DAGs
[2026-08-12T10:46:27.662+0000] {logging_mixin.py:188} INFO - [2026-08-12T10:46:27.662+0000] {dag.py:3947} INFO - Setting next_dagrun for hello_airflow to None, run_after=None
[2026-08-12T10:46:27.692+0000] {processor.py:183} INFO - Processing /opt/airflow/dags/hello_airflow.py took 0.119 seconds
[2026-08-12T10:46:57.838+0000] {processor.py:161} INFO - Started process (PID=2633) to work on /opt/airflow/dags/hello_airflow.py
[2026-08-12T10:46:57.841+0000] {processor.py:830} INFO - Processing file /opt/airflow/dags/hello_airflow.py for tasks to queue
[2026-08-12T10:46:57.846+0000] {logging_mixin.py:188} INFO - [2026-08-12T10:46:57.845+0000] {dagbag.py:545} INFO - Filling up the DagBag from /opt/airflow/dags/hello_airflow.py
[2026-08-12T10:46:57.893+0000] {processor.py:840} INFO - DAG(s) 'hello_airflow' retrieved from /opt/airflow/dags/hello_airflow.py
[2026-08-12T10:46:57.969+0000] {logging_mixin.py:188} INFO - [2026-08-12T10:46:57.968+0000] {dag.py:3089} INFO - Sync 1 DAGs
[2026-08-12T10:46:58.004+0000] {logging_mixin.py:188} INFO - [2026-08-12T10:46:58.004+0000] {dag.py:3947} INFO - Setting next_dagrun for hello_airflow to None, run_after=None
[2026-08-12T10:46:58.058+0000] {processor.py:183} INFO - Processing /opt/airflow/dags/hello_airflow.py took 0.233 seconds
[2026-08-12T10:47:28.115+0000] {processor.py:161} INFO - Started process (PID=2652) to work on /opt/airflow/dags/hello_airflow.py
[2026-08-12T10:47:28.116+0000] {processor.py:830} INFO - Processing file /opt/airflow/dags/hello_airflow.py for tasks to queue
[2026-08-12T10:47:28.119+0000] {logging_mixin.py:188} INFO - [2026-08-12T10:47:28.118+0000] {dagbag.py:545} INFO - Filling up the DagBag from /opt/airflow/dags/hello_airflow.py
[2026-08-12T10:47:28.134+0000] {processor.py:840} INFO - DAG(s) 'hello_airflow' retrieved from /opt/airflow/dags/hello_airflow.py
[2026-08-12T10:47:28.164+0000] {logging_mixin.py:188} INFO - [2026-08-12T10:47:28.164+0000] {dag.py:3089} INFO - Sync 1 DAGs
[2026-08-12T10:47:28.175+0000] {logging_mixin.py:188} INFO - [2026-08-12T10:47:28.175+0000] {dag.py:3947} INFO - Setting next_dagrun for hello_airflow to None, run_after=None
[2026-08-12T10:47:28.193+0000] {processor.py:183} INFO - Processing /opt/airflow/dags/hello_airflow.py took 0.083 seconds
[2026-08-12T10:47:58.342+0000] {processor.py:161} INFO - Started process (PID=2677) to work on /opt/airflow/dags/hello_airflow.py
[2026-08-12T10:47:58.344+0000] {processor.py:830} INFO - Processing file /opt/airflow/dags/hello_airflow.py for tasks to queue
[2026-08-12T10:47:58.346+0000] {logging_mixin.py:188} INFO - [2026-08-12T10:47:58.346+0000] {dagbag.py:545} INFO - Filling up the DagBag from /opt/airflow/dags/hello_airflow.py
[2026-08-12T10:47:58.364+0000] {processor.py:840} INFO - DAG(s) 'hello_airflow' retrieved from /opt/airflow/dags/hello_airflow.py
[2026-08-12T10:47:58.395+0000] {logging_mixin.py:188} INFO - [2026-08-12T10:47:58.395+0000] {dag.py:3089} INFO - Sync 1 DAGs
[2026-08-12T10:47:58.407+0000] {logging_mixin.py:188} INFO - [2026-08-12T10:47:58.407+0000] {dag.py:3947} INFO - Setting next_dagrun for hello_airflow to None, run_after=None
[2026-08-12T10:47:58.428+0000] {processor.py:183} INFO - Processing /opt/airflow/dags/hello_airflow.py took 0.094 seconds
[2026-08-12T10:48:28.648+0000] {processor.py:161} INFO - Started process (PID=2696) to work on /opt/airflow/dags/hello_airflow.py
[2026-08-12T10:48:28.650+0000] {processor.py:830} INFO - Processing file /opt/airflow/dags/hello_airflow.py for tasks to queue
[2026-08-12T10:48:28.653+0000] {logging_mixin.py:188} INFO - [2026-08-12T10:48:28.652+0000] {dagbag.py:545} INFO - Filling up the DagBag from /opt/airflow/dags/hello_airflow.py
[2026-08-12T10:48:28.675+0000] {processor.py:840} INFO - DAG(s) 'hello_airflow' retrieved from /opt/airflow/dags/hello_airflow.py
[2026-08-12T10:48:28.711+0000] {logging_mixin.py:188} INFO - [2026-08-12T10:48:28.711+0000] {dag.py:3089} INFO - Sync 1 DAGs
[2026-08-12T10:48:28.724+0000] {logging_mixin.py:188} INFO - [2026-08-12T10:48:28.724+0000] {dag.py:3947} INFO - Setting next_dagrun for hello_airflow to None, run_after=None
[2026-08-12T10:48:28.751+0000] {processor.py:183} INFO - Processing /opt/airflow/dags/hello_airflow.py took 0.108 seconds
[2026-08-12T10:48:58.872+0000] {processor.py:161} INFO - Started process (PID=2715) to work on /opt/airflow/dags/hello_airflow.py
[2026-08-12T10:48:58.873+0000] {processor.py:830} INFO - Processing file /opt/airflow/dags/hello_airflow.py for tasks to queue
[2026-08-12T10:48:58.875+0000] {logging_mixin.py:188} INFO - [2026-08-12T10:48:58.875+0000] {dagbag.py:545} INFO - Filling up the DagBag from /opt/airflow/dags/hello_airflow.py
[2026-08-12T10:48:58.890+0000] {processor.py:840} INFO - DAG(s) 'hello_airflow' retrieved from /opt/airflow/dags/hello_airflow.py
[2026-08-12T10:48:58.918+0000] {logging_mixin.py:188} INFO - [2026-08-12T10:48:58.918+0000] {dag.py:3089} INFO - Sync 1 DAGs
[2026-08-12T10:48:58.930+0000] {logging_mixin.py:188} INFO - [2026-08-12T10:48:58.930+0000] {dag.py:3947} INFO - Setting next_dagrun for hello_airflow to None, run_after=None
[2026-08-12T10:48:58.947+0000] {processor.py:183} INFO - Processing /opt/airflow/dags/hello_airflow.py took 0.082 seconds
[2026-08-12T10:49:29.182+0000] {processor.py:161} INFO - Started process (PID=2734) to work on /opt/airflow/dags/hello_airflow.py
[2026-08-12T10:49:29.183+0000] {processor.py:830} INFO - Processing file /opt/airflow/dags/hello_airflow.py for tasks to queue
[2026-08-12T10:49:29.185+0000] {logging_mixin.py:188} INFO - [2026-08-12T10:49:29.185+0000] {dagbag.py:545} INFO - Filling up the DagBag from /opt/airflow/dags/hello_airflow.py
[2026-08-12T10:49:29.200+0000] {processor.py:840} INFO - DAG(s) 'hello_airflow' retrieved from /opt/airflow/dags/hello_airflow.py
[2026-08-12T10:49:29.227+0000] {logging_mixin.py:188} INFO - [2026-08-12T10:49:29.227+0000] {dag.py:3089} INFO - Sync 1 DAGs
[2026-08-12T10:49:29.241+0000] {logging_mixin.py:188} INFO - [2026-08-12T10:49:29.241+0000] {dag.py:3947} INFO - Setting next_dagrun for hello_airflow to None, run_after=None
[2026-08-12T10:49:29.264+0000] {processor.py:183} INFO - Processing /opt/airflow/dags/hello_airflow.py took 0.087 seconds
[2026-08-12T10:49:59.430+0000] {processor.py:161} INFO - Started process (PID=2760) to work on /opt/airflow/dags/hello_airflow.py
[2026-08-12T10:49:59.432+0000] {processor.py:830} INFO - Processing file /opt/airflow/dags/hello_airflow.py for tasks to queue
[2026-08-12T10:49:59.435+0000] {logging_mixin.py:188} INFO - [2026-08-12T10:49:59.435+0000] {dagbag.py:545} INFO - Filling up the DagBag from /opt/airflow/dags/hello_airflow.py
[2026-08-12T10:49:59.455+0000] {processor.py:840} INFO - DAG(s) 'hello_airflow' retrieved from /opt/airflow/dags/hello_airflow.py
[2026-08-12T10:49:59.488+0000] {logging_mixin.py:188} INFO - [2026-08-12T10:49:59.488+0000] {dag.py:3089} INFO - Sync 1 DAGs
[2026-08-12T10:49:59.503+0000] {logging_mixin.py:188} INFO - [2026-08-12T10:49:59.502+0000] {dag.py:3947} INFO - Setting next_dagrun for hello_airflow to None, run_after=None
[2026-08-12T10:49:59.525+0000] {processor.py:183} INFO - Processing /opt/airflow/dags/hello_airflow.py took 0.103 seconds
[2026-08-12T10:50:29.702+0000] {processor.py:161} INFO - Started process (PID=2779) to work on /opt/airflow/dags/hello_airflow.py
[2026-08-12T10:50:29.703+0000] {processor.py:830} INFO - Processing file /opt/airflow/dags/hello_airflow.py for tasks to queue
[2026-08-12T10:50:29.706+0000] {logging_mixin.py:188} INFO - [2026-08-12T10:50:29.706+0000] {dagbag.py:545} INFO - Filling up the DagBag from /opt/airflow/dags/hello_airflow.py
[2026-08-12T10:50:29.727+0000] {processor.py:840} INFO - DAG(s) 'hello_airflow' retrieved from /opt/airflow/dags/hello_airflow.py
[2026-08-12T10:50:29.756+0000] {logging_mixin.py:188} INFO - [2026-08-12T10:50:29.756+0000] {dag.py:3089} INFO - Sync 1 DAGs
[2026-08-12T10:50:29.770+0000] {logging_mixin.py:188} INFO - [2026-08-12T10:50:29.770+0000] {dag.py:3947} INFO - Setting next_dagrun for hello_airflow to None, run_after=None
[2026-08-12T10:50:29.792+0000] {processor.py:183} INFO - Processing /opt/airflow/dags/hello_airflow.py took 0.097 seconds
[2026-08-12T10:50:59.986+0000] {processor.py:161} INFO - Started process (PID=2798) to work on /opt/airflow/dags/hello_airflow.py
[2026-08-12T10:50:59.987+0000] {processor.py:830} INFO - Processing file /opt/airflow/dags/hello_airflow.py for tasks to queue
[2026-08-12T10:50:59.990+0000] {logging_mixin.py:188} INFO - [2026-08-12T10:50:59.989+0000] {dagbag.py:545} INFO - Filling up the DagBag from /opt/airflow/dags/hello_airflow.py
[2026-08-12T10:51:00.008+0000] {processor.py:840} INFO - DAG(s) 'hello_airflow' retrieved from /opt/airflow/dags/hello_airflow.py
[2026-08-12T10:51:00.035+0000] {logging_mixin.py:188} INFO - [2026-08-12T10:51:00.035+0000] {dag.py:3089} INFO - Sync 1 DAGs
[2026-08-12T10:51:00.047+0000] {logging_mixin.py:188} INFO - [2026-08-12T10:51:00.047+0000] {dag.py:3947} INFO - Setting next_dagrun for hello_airflow to None, run_after=None
[2026-08-12T10:51:00.066+0000] {processor.py:183} INFO - Processing /opt/airflow/dags/hello_airflow.py took 0.085 seconds
[2026-08-12T10:51:30.222+0000] {processor.py:161} INFO - Started process (PID=2824) to work on /opt/airflow/dags/hello_airflow.py
[2026-08-12T10:51:30.224+0000] {processor.py:830} INFO - Processing file /opt/airflow/dags/hello_airflow.py for tasks to queue
[2026-08-12T10:51:30.227+0000] {logging_mixin.py:188} INFO - [2026-08-12T10:51:30.227+0000] {dagbag.py:545} INFO - Filling up the DagBag from /opt/airflow/dags/hello_airflow.py
[2026-08-12T10:51:30.248+0000] {processor.py:840} INFO - DAG(s) 'hello_airflow' retrieved from /opt/airflow/dags/hello_airflow.py
[2026-08-12T10:51:30.280+0000] {logging_mixin.py:188} INFO - [2026-08-12T10:51:30.280+0000] {dag.py:3089} INFO - Sync 1 DAGs
[2026-08-12T10:51:30.295+0000] {logging_mixin.py:188} INFO - [2026-08-12T10:51:30.295+0000] {dag.py:3947} INFO - Setting next_dagrun for hello_airflow to None, run_after=None
[2026-08-12T10:51:30.319+0000] {processor.py:183} INFO - Processing /opt/airflow/dags/hello_airflow.py took 0.105 seconds
[2026-08-12T10:52:00.504+0000] {processor.py:161} INFO - Started process (PID=2843) to work on /opt/airflow/dags/hello_airflow.py
[2026-08-12T10:52:00.507+0000] {processor.py:830} INFO - Processing file /opt/airflow/dags/hello_airflow.py for tasks to queue
[2026-08-12T10:52:00.510+0000] {logging_mixin.py:188} INFO - [2026-08-12T10:52:00.510+0000] {dagbag.py:545} INFO - Filling up the DagBag from /opt/airflow/dags/hello_airflow.py
[2026-08-12T10:52:00.525+0000] {processor.py:840} INFO - DAG(s) 'hello_airflow' retrieved from /opt/airflow/dags/hello_airflow.py
[2026-08-12T10:52:00.552+0000] {logging_mixin.py:188} INFO - [2026-08-12T10:52:00.552+0000] {dag.py:3089} INFO - Sync 1 DAGs
[2026-08-12T10:52:00.568+0000] {logging_mixin.py:188} INFO - [2026-08-12T10:52:00.568+0000] {dag.py:3947} INFO - Setting next_dagrun for hello_airflow to None, run_after=None
[2026-08-12T10:52:00.587+0000] {processor.py:183} INFO - Processing /opt/airflow/dags/hello_airflow.py took 0.089 seconds
[2026-08-12T10:52:30.747+0000] {processor.py:161} INFO - Started process (PID=2862) to work on /opt/airflow/dags/hello_airflow.py
[2026-08-12T10:52:30.748+0000] {processor.py:830} INFO - Processing file /opt/airflow/dags/hello_airflow.py for tasks to queue
[2026-08-12T10:52:30.750+0000] {logging_mixin.py:188} INFO - [2026-08-12T10:52:30.750+0000] {dagbag.py:545} INFO - Filling up the DagBag from /opt/airflow/dags/hello_airflow.py
[2026-08-12T10:52:30.763+0000] {processor.py:840} INFO - DAG(s) 'hello_airflow' retrieved from /opt/airflow/dags/hello_airflow.py
[2026-08-12T10:52:30.795+0000] {logging_mixin.py:188} INFO - [2026-08-12T10:52:30.795+0000] {dag.py:3089} INFO - Sync 1 DAGs
[2026-08-12T10:52:30.810+0000] {logging_mixin.py:188} INFO - [2026-08-12T10:52:30.809+0000] {dag.py:3947} INFO - Setting next_dagrun for hello_airflow to None, run_after=None
[2026-08-12T10:52:30.828+0000] {processor.py:183} INFO - Processing /opt/airflow/dags/hello_airflow.py took 0.087 seconds
[2026-08-12T10:53:01.055+0000] {processor.py:161} INFO - Started process (PID=2889) to work on /opt/airflow/dags/hello_airflow.py
[2026-08-12T10:53:01.057+0000] {processor.py:830} INFO - Processing file /opt/airflow/dags/hello_airflow.py for tasks to queue
[2026-08-12T10:53:01.060+0000] {logging_mixin.py:188} INFO - [2026-08-12T10:53:01.060+0000] {dagbag.py:545} INFO - Filling up the DagBag from /opt/airflow/dags/hello_airflow.py
[2026-08-12T10:53:01.084+0000] {processor.py:840} INFO - DAG(s) 'hello_airflow' retrieved from /opt/airflow/dags/hello_airflow.py
[2026-08-12T10:53:01.137+0000] {logging_mixin.py:188} INFO - [2026-08-12T10:53:01.136+0000] {dag.py:3089} INFO - Sync 1 DAGs
[2026-08-12T10:53:01.165+0000] {logging_mixin.py:188} INFO - [2026-08-12T10:53:01.164+0000] {dag.py:3947} INFO - Setting next_dagrun for hello_airflow to None, run_after=None
[2026-08-12T10:53:01.204+0000] {processor.py:183} INFO - Processing /opt/airflow/dags/hello_airflow.py took 0.160 seconds
[2026-08-12T10:53:31.339+0000] {processor.py:161} INFO - Started process (PID=2908) to work on /opt/airflow/dags/hello_airflow.py
[2026-08-12T10:53:31.340+0000] {processor.py:830} INFO - Processing file /opt/airflow/dags/hello_airflow.py for tasks to queue
[2026-08-12T10:53:31.344+0000] {logging_mixin.py:188} INFO - [2026-08-12T10:53:31.344+0000] {dagbag.py:545} INFO - Filling up the DagBag from /opt/airflow/dags/hello_airflow.py
[2026-08-12T10:53:31.368+0000] {processor.py:840} INFO - DAG(s) 'hello_airflow' retrieved from /opt/airflow/dags/hello_airflow.py
[2026-08-12T10:53:31.398+0000] {logging_mixin.py:188} INFO - [2026-08-12T10:53:31.397+0000] {dag.py:3089} INFO - Sync 1 DAGs
[2026-08-12T10:53:31.410+0000] {logging_mixin.py:188} INFO - [2026-08-12T10:53:31.410+0000] {dag.py:3947} INFO - Setting next_dagrun for hello_airflow to None, run_after=None
[2026-08-12T10:53:31.431+0000] {processor.py:183} INFO - Processing /opt/airflow/dags/hello_airflow.py took 0.097 seconds
[2026-08-12T10:54:01.533+0000] {processor.py:161} INFO - Started process (PID=2927) to work on /opt/airflow/dags/hello_airflow.py
[2026-08-12T10:54:01.534+0000] {processor.py:830} INFO - Processing file /opt/airflow/dags/hello_airflow.py for tasks to queue
[2026-08-12T10:54:01.538+0000] {logging_mixin.py:188} INFO - [2026-08-12T10:54:01.537+0000] {dagbag.py:545} INFO - Filling up the DagBag from /opt/airflow/dags/hello_airflow.py
[2026-08-12T10:54:01.555+0000] {processor.py:840} INFO - DAG(s) 'hello_airflow' retrieved from /opt/airflow/dags/hello_airflow.py
[2026-08-12T10:54:01.587+0000] {logging_mixin.py:188} INFO - [2026-08-12T10:54:01.587+0000] {dag.py:3089} INFO - Sync 1 DAGs
[2026-08-12T10:54:01.600+0000] {logging_mixin.py:188} INFO - [2026-08-12T10:54:01.600+0000] {dag.py:3947} INFO - Setting next_dagrun for hello_airflow to None, run_after=None
[2026-08-12T10:54:01.625+0000] {processor.py:183} INFO - Processing /opt/airflow/dags/hello_airflow.py took 0.099 seconds
[2026-08-12T10:54:32.068+0000] {processor.py:161} INFO - Started process (PID=2945) to work on /opt/airflow/dags/hello_airflow.py
[2026-08-12T10:54:32.074+0000] {processor.py:830} INFO - Processing file /opt/airflow/dags/hello_airflow.py for tasks to queue
[2026-08-12T10:54:32.081+0000] {logging_mixin.py:188} INFO - [2026-08-12T10:54:32.080+0000] {dagbag.py:545} INFO - Filling up the DagBag from /opt/airflow/dags/hello_airflow.py
[2026-08-12T10:54:32.150+0000] {processor.py:840} INFO - DAG(s) 'hello_airflow' retrieved from /opt/airflow/dags/hello_airflow.py
[2026-08-12T10:54:32.346+0000] {logging_mixin.py:188} INFO - [2026-08-12T10:54:32.345+0000] {dag.py:3089} INFO - Sync 1 DAGs
[2026-08-12T10:54:32.388+0000] {logging_mixin.py:188} INFO - [2026-08-12T10:54:32.388+0000] {dag.py:3947} INFO - Setting next_dagrun for hello_airflow to None, run_after=None
[2026-08-12T10:54:32.446+0000] {processor.py:183} INFO - Processing /opt/airflow/dags/hello_airflow.py took 0.398 seconds
[2026-08-12T10:55:02.743+0000] {processor.py:161} INFO - Started process (PID=2964) to work on /opt/airflow/dags/hello_airflow.py
[2026-08-12T10:55:02.746+0000] {processor.py:830} INFO - Processing file /opt/airflow/dags/hello_airflow.py for tasks to queue
[2026-08-12T10:55:02.751+0000] {logging_mixin.py:188} INFO - [2026-08-12T10:55:02.750+0000] {dagbag.py:545} INFO - Filling up the DagBag from /opt/airflow/dags/hello_airflow.py
[2026-08-12T10:55:02.791+0000] {processor.py:840} INFO - DAG(s) 'hello_airflow' retrieved from /opt/airflow/dags/hello_airflow.py
[2026-08-12T10:55:02.876+0000] {logging_mixin.py:188} INFO - [2026-08-12T10:55:02.875+0000] {dag.py:3089} INFO - Sync 1 DAGs
[2026-08-12T10:55:02.917+0000] {logging_mixin.py:188} INFO - [2026-08-12T10:55:02.916+0000] {dag.py:3947} INFO - Setting next_dagrun for hello_airflow to None, run_after=None
[2026-08-12T10:55:02.981+0000] {processor.py:183} INFO - Processing /opt/airflow/dags/hello_airflow.py took 0.253 seconds
[2026-08-12T10:55:33.477+0000] {processor.py:161} INFO - Started process (PID=2976) to work on /opt/airflow/dags/hello_airflow.py
[2026-08-12T10:55:33.480+0000] {processor.py:830} INFO - Processing file /opt/airflow/dags/hello_airflow.py for tasks to queue
[2026-08-12T10:55:33.486+0000] {logging_mixin.py:188} INFO - [2026-08-12T10:55:33.486+0000] {dagbag.py:545} INFO - Filling up the DagBag from /opt/airflow/dags/hello_airflow.py
[2026-08-12T10:55:33.524+0000] {processor.py:840} INFO - DAG(s) 'hello_airflow' retrieved from /opt/airflow/dags/hello_airflow.py
[2026-08-12T10:55:33.585+0000] {logging_mixin.py:188} INFO - [2026-08-12T10:55:33.585+0000] {dag.py:3089} INFO - Sync 1 DAGs
[2026-08-12T10:55:33.611+0000] {logging_mixin.py:188} INFO - [2026-08-12T10:55:33.610+0000] {dag.py:3947} INFO - Setting next_dagrun for hello_airflow to None, run_after=None
[2026-08-12T10:55:33.651+0000] {processor.py:183} INFO - Processing /opt/airflow/dags/hello_airflow.py took 0.193 seconds
[2026-08-12T10:56:03.886+0000] {processor.py:161} INFO - Started process (PID=2995) to work on /opt/airflow/dags/hello_airflow.py
[2026-08-12T10:56:03.888+0000] {processor.py:830} INFO - Processing file /opt/airflow/dags/hello_airflow.py for tasks to queue
[2026-08-12T10:56:03.893+0000] {logging_mixin.py:188} INFO - [2026-08-12T10:56:03.892+0000] {dagbag.py:545} INFO - Filling up the DagBag from /opt/airflow/dags/hello_airflow.py
[2026-08-12T10:56:03.927+0000] {processor.py:840} INFO - DAG(s) 'hello_airflow' retrieved from /opt/airflow/dags/hello_airflow.py
[2026-08-12T10:56:03.978+0000] {logging_mixin.py:188} INFO - [2026-08-12T10:56:03.978+0000] {dag.py:3089} INFO - Sync 1 DAGs
[2026-08-12T10:56:04.019+0000] {logging_mixin.py:188} INFO - [2026-08-12T10:56:04.019+0000] {dag.py:3947} INFO - Setting next_dagrun for hello_airflow to None, run_after=None
[2026-08-12T10:56:04.080+0000] {processor.py:183} INFO - Processing /opt/airflow/dags/hello_airflow.py took 0.204 seconds
[2026-08-12T10:56:34.565+0000] {processor.py:161} INFO - Started process (PID=3014) to work on /opt/airflow/dags/hello_airflow.py
[2026-08-12T10:56:34.569+0000] {processor.py:830} INFO - Processing file /opt/airflow/dags/hello_airflow.py for tasks to queue
[2026-08-12T10:56:34.583+0000] {logging_mixin.py:188} INFO - [2026-08-12T10:56:34.582+0000] {dagbag.py:545} INFO - Filling up the DagBag from /opt/airflow/dags/hello_airflow.py
[2026-08-12T10:56:34.678+0000] {processor.py:840} INFO - DAG(s) 'hello_airflow' retrieved from /opt/airflow/dags/hello_airflow.py
[2026-08-12T10:56:34.798+0000] {logging_mixin.py:188} INFO - [2026-08-12T10:56:34.796+0000] {dag.py:3089} INFO - Sync 1 DAGs
[2026-08-12T10:56:34.859+0000] {logging_mixin.py:188} INFO - [2026-08-12T10:56:34.858+0000] {dag.py:3947} INFO - Setting next_dagrun for hello_airflow to None, run_after=None
[2026-08-12T10:56:34.941+0000] {processor.py:183} INFO - Processing /opt/airflow/dags/hello_airflow.py took 0.429 seconds
[2026-08-12T10:57:05.421+0000] {processor.py:161} INFO - Started process (PID=3027) to work on /opt/airflow/dags/hello_airflow.py
[2026-08-12T10:57:05.424+0000] {processor.py:830} INFO - Processing file /opt/airflow/dags/hello_airflow.py for tasks to queue
[2026-08-12T10:57:05.429+0000] {logging_mixin.py:188} INFO - [2026-08-12T10:57:05.428+0000] {dagbag.py:545} INFO - Filling up the DagBag from /opt/airflow/dags/hello_airflow.py
[2026-08-12T10:57:05.469+0000] {processor.py:840} INFO - DAG(s) 'hello_airflow' retrieved from /opt/airflow/dags/hello_airflow.py
[2026-08-12T10:57:05.535+0000] {logging_mixin.py:188} INFO - [2026-08-12T10:57:05.535+0000] {dag.py:3089} INFO - Sync 1 DAGs
[2026-08-12T10:57:05.564+0000] {logging_mixin.py:188} INFO - [2026-08-12T10:57:05.563+0000] {dag.py:3947} INFO - Setting next_dagrun for hello_airflow to None, run_after=None
[2026-08-12T10:57:05.605+0000] {processor.py:183} INFO - Processing /opt/airflow/dags/hello_airflow.py took 0.198 seconds
[2026-08-12T10:57:35.837+0000] {processor.py:161} INFO - Started process (PID=3047) to work on /opt/airflow/dags/hello_airflow.py
[2026-08-12T10:57:35.841+0000] {processor.py:830} INFO - Processing file /opt/airflow/dags/hello_airflow.py for tasks to queue
[2026-08-12T10:57:35.850+0000] {logging_mixin.py:188} INFO - [2026-08-12T10:57:35.849+0000] {dagbag.py:545} INFO - Filling up the DagBag from /opt/airflow/dags/hello_airflow.py
[2026-08-12T10:57:35.951+0000] {processor.py:840} INFO - DAG(s) 'hello_airflow' retrieved from /opt/airflow/dags/hello_airflow.py
[2026-08-12T10:57:36.082+0000] {logging_mixin.py:188} INFO - [2026-08-12T10:57:36.081+0000] {dag.py:3089} INFO - Sync 1 DAGs
[2026-08-12T10:57:36.170+0000] {logging_mixin.py:188} INFO - [2026-08-12T10:57:36.169+0000] {dag.py:3947} INFO - Setting next_dagrun for hello_airflow to None, run_after=None
[2026-08-12T10:57:36.268+0000] {processor.py:183} INFO - Processing /opt/airflow/dags/hello_airflow.py took 0.462 seconds
[2026-08-12T10:58:06.591+0000] {processor.py:161} INFO - Started process (PID=3067) to work on /opt/airflow/dags/hello_airflow.py
[2026-08-12T10:58:06.594+0000] {processor.py:830} INFO - Processing file /opt/airflow/dags/hello_airflow.py for tasks to queue
[2026-08-12T10:58:06.598+0000] {logging_mixin.py:188} INFO - [2026-08-12T10:58:06.598+0000] {dagbag.py:545} INFO - Filling up the DagBag from /opt/airflow/dags/hello_airflow.py
[2026-08-12T10:58:06.643+0000] {processor.py:840} INFO - DAG(s) 'hello_airflow' retrieved from /opt/airflow/dags/hello_airflow.py
[2026-08-12T10:58:06.730+0000] {logging_mixin.py:188} INFO - [2026-08-12T10:58:06.729+0000] {dag.py:3089} INFO - Sync 1 DAGs
[2026-08-12T10:58:06.771+0000] {logging_mixin.py:188} INFO - [2026-08-12T10:58:06.770+0000] {dag.py:3947} INFO - Setting next_dagrun for hello_airflow to None, run_after=None
[2026-08-12T10:58:06.848+0000] {processor.py:183} INFO - Processing /opt/airflow/dags/hello_airflow.py took 0.270 seconds
[2026-08-12T10:58:37.286+0000] {processor.py:161} INFO - Started process (PID=3079) to work on /opt/airflow/dags/hello_airflow.py
[2026-08-12T10:58:37.330+0000] {processor.py:830} INFO - Processing file /opt/airflow/dags/hello_airflow.py for tasks to queue
[2026-08-12T10:58:37.387+0000] {logging_mixin.py:188} INFO - [2026-08-12T10:58:37.374+0000] {dagbag.py:545} INFO - Filling up the DagBag from /opt/airflow/dags/hello_airflow.py
[2026-08-12T10:58:37.806+0000] {processor.py:840} INFO - DAG(s) 'hello_airflow' retrieved from /opt/airflow/dags/hello_airflow.py
[2026-08-12T10:58:38.105+0000] {logging_mixin.py:188} INFO - [2026-08-12T10:58:38.102+0000] {dag.py:3089} INFO - Sync 1 DAGs
[2026-08-12T10:58:38.171+0000] {logging_mixin.py:188} INFO - [2026-08-12T10:58:38.170+0000] {dag.py:3947} INFO - Setting next_dagrun for hello_airflow to None, run_after=None
[2026-08-12T10:58:38.252+0000] {processor.py:183} INFO - Processing /opt/airflow/dags/hello_airflow.py took 1.040 seconds
[2026-08-12T10:59:08.554+0000] {processor.py:161} INFO - Started process (PID=3098) to work on /opt/airflow/dags/hello_airflow.py
[2026-08-12T10:59:08.560+0000] {processor.py:830} INFO - Processing file /opt/airflow/dags/hello_airflow.py for tasks to queue
[2026-08-12T10:59:08.573+0000] {logging_mixin.py:188} INFO - [2026-08-12T10:59:08.571+0000] {dagbag.py:545} INFO - Filling up the DagBag from /opt/airflow/dags/hello_airflow.py
[2026-08-12T10:59:08.689+0000] {processor.py:840} INFO - DAG(s) 'hello_airflow' retrieved from /opt/airflow/dags/hello_airflow.py
[2026-08-12T10:59:08.814+0000] {logging_mixin.py:188} INFO - [2026-08-12T10:59:08.813+0000] {dag.py:3089} INFO - Sync 1 DAGs
[2026-08-12T10:59:08.881+0000] {logging_mixin.py:188} INFO - [2026-08-12T10:59:08.880+0000] {dag.py:3947} INFO - Setting next_dagrun for hello_airflow to None, run_after=None
[2026-08-12T10:59:08.938+0000] {processor.py:183} INFO - Processing /opt/airflow/dags/hello_airflow.py took 0.415 seconds
[2026-08-12T10:59:39.324+0000] {processor.py:161} INFO - Started process (PID=3117) to work on /opt/airflow/dags/hello_airflow.py
[2026-08-12T10:59:39.326+0000] {processor.py:830} INFO - Processing file /opt/airflow/dags/hello_airflow.py for tasks to queue
[2026-08-12T10:59:39.330+0000] {logging_mixin.py:188} INFO - [2026-08-12T10:59:39.330+0000] {dagbag.py:545} INFO - Filling up the DagBag from /opt/airflow/dags/hello_airflow.py
[2026-08-12T10:59:39.364+0000] {processor.py:840} INFO - DAG(s) 'hello_airflow' retrieved from /opt/airflow/dags/hello_airflow.py
[2026-08-12T10:59:39.421+0000] {logging_mixin.py:188} INFO - [2026-08-12T10:59:39.420+0000] {dag.py:3089} INFO - Sync 1 DAGs
[2026-08-12T10:59:39.446+0000] {logging_mixin.py:188} INFO - [2026-08-12T10:59:39.445+0000] {dag.py:3947} INFO - Setting next_dagrun for hello_airflow to None, run_after=None
[2026-08-12T10:59:39.486+0000] {processor.py:183} INFO - Processing /opt/airflow/dags/hello_airflow.py took 0.176 seconds
[2026-08-12T11:00:09.726+0000] {processor.py:161} INFO - Started process (PID=3130) to work on /opt/airflow/dags/hello_airflow.py
[2026-08-12T11:00:09.731+0000] {processor.py:830} INFO - Processing file /opt/airflow/dags/hello_airflow.py for tasks to queue
[2026-08-12T11:00:09.741+0000] {logging_mixin.py:188} INFO - [2026-08-12T11:00:09.739+0000] {dagbag.py:545} INFO - Filling up the DagBag from /opt/airflow/dags/hello_airflow.py
[2026-08-12T11:00:09.821+0000] {processor.py:840} INFO - DAG(s) 'hello_airflow' retrieved from /opt/airflow/dags/hello_airflow.py
[2026-08-12T11:00:09.936+0000] {logging_mixin.py:188} INFO - [2026-08-12T11:00:09.935+0000] {dag.py:3089} INFO - Sync 1 DAGs
[2026-08-12T11:00:09.991+0000] {logging_mixin.py:188} INFO - [2026-08-12T11:00:09.990+0000] {dag.py:3947} INFO - Setting next_dagrun for hello_airflow to None, run_after=None
[2026-08-12T11:00:10.076+0000] {processor.py:183} INFO - Processing /opt/airflow/dags/hello_airflow.py took 0.381 seconds
[2026-08-12T11:00:40.329+0000] {processor.py:161} INFO - Started process (PID=3149) to work on /opt/airflow/dags/hello_airflow.py
[2026-08-12T11:00:40.333+0000] {processor.py:830} INFO - Processing file /opt/airflow/dags/hello_airflow.py for tasks to queue
[2026-08-12T11:00:40.343+0000] {logging_mixin.py:188} INFO - [2026-08-12T11:00:40.341+0000] {dagbag.py:545} INFO - Filling up the DagBag from /opt/airflow/dags/hello_airflow.py
[2026-08-12T11:00:40.405+0000] {processor.py:840} INFO - DAG(s) 'hello_airflow' retrieved from /opt/airflow/dags/hello_airflow.py
[2026-08-12T11:00:40.529+0000] {logging_mixin.py:188} INFO - [2026-08-12T11:00:40.528+0000] {dag.py:3089} INFO - Sync 1 DAGs
[2026-08-12T11:00:40.584+0000] {logging_mixin.py:188} INFO - [2026-08-12T11:00:40.583+0000] {dag.py:3947} INFO - Setting next_dagrun for hello_airflow to None, run_after=None
[2026-08-12T11:00:40.656+0000] {processor.py:183} INFO - Processing /opt/airflow/dags/hello_airflow.py took 0.351 seconds
[2026-08-12T11:01:10.858+0000] {processor.py:161} INFO - Started process (PID=3161) to work on /opt/airflow/dags/hello_airflow.py
[2026-08-12T11:01:10.862+0000] {processor.py:830} INFO - Processing file /opt/airflow/dags/hello_airflow.py for tasks to queue
[2026-08-12T11:01:10.869+0000] {logging_mixin.py:188} INFO - [2026-08-12T11:01:10.868+0000] {dagbag.py:545} INFO - Filling up the DagBag from /opt/airflow/dags/hello_airflow.py
[2026-08-12T11:01:10.930+0000] {processor.py:840} INFO - DAG(s) 'hello_airflow' retrieved from /opt/airflow/dags/hello_airflow.py
[2026-08-12T11:01:11.011+0000] {logging_mixin.py:188} INFO - [2026-08-12T11:01:11.011+0000] {dag.py:3089} INFO - Sync 1 DAGs
[2026-08-12T11:01:11.047+0000] {logging_mixin.py:188} INFO - [2026-08-12T11:01:11.047+0000] {dag.py:3947} INFO - Setting next_dagrun for hello_airflow to None, run_after=None
[2026-08-12T11:01:11.107+0000] {processor.py:183} INFO - Processing /opt/airflow/dags/hello_airflow.py took 0.263 seconds
[2026-08-12T11:01:41.362+0000] {processor.py:161} INFO - Started process (PID=3180) to work on /opt/airflow/dags/hello_airflow.py
[2026-08-12T11:01:41.365+0000] {processor.py:830} INFO - Processing file /opt/airflow/dags/hello_airflow.py for tasks to queue
[2026-08-12T11:01:41.370+0000] {logging_mixin.py:188} INFO - [2026-08-12T11:01:41.369+0000] {dagbag.py:545} INFO - Filling up the DagBag from /opt/airflow/dags/hello_airflow.py
[2026-08-12T11:01:41.412+0000] {processor.py:840} INFO - DAG(s) 'hello_airflow' retrieved from /opt/airflow/dags/hello_airflow.py
[2026-08-12T11:01:41.501+0000] {logging_mixin.py:188} INFO - [2026-08-12T11:01:41.499+0000] {dag.py:3089} INFO - Sync 1 DAGs
[2026-08-12T11:01:41.537+0000] {logging_mixin.py:188} INFO - [2026-08-12T11:01:41.536+0000] {dag.py:3947} INFO - Setting next_dagrun for hello_airflow to None, run_after=None
[2026-08-12T11:01:41.588+0000] {processor.py:183} INFO - Processing /opt/airflow/dags/hello_airflow.py took 0.242 seconds
[2026-08-12T11:02:11.797+0000] {processor.py:161} INFO - Started process (PID=3199) to work on /opt/airflow/dags/hello_airflow.py
[2026-08-12T11:02:11.803+0000] {processor.py:830} INFO - Processing file /opt/airflow/dags/hello_airflow.py for tasks to queue
[2026-08-12T11:02:11.814+0000] {logging_mixin.py:188} INFO - [2026-08-12T11:02:11.811+0000] {dagbag.py:545} INFO - Filling up the DagBag from /opt/airflow/dags/hello_airflow.py
[2026-08-12T11:02:11.898+0000] {processor.py:840} INFO - DAG(s) 'hello_airflow' retrieved from /opt/airflow/dags/hello_airflow.py
[2026-08-12T11:02:12.021+0000] {logging_mixin.py:188} INFO - [2026-08-12T11:02:12.021+0000] {dag.py:3089} INFO - Sync 1 DAGs
[2026-08-12T11:02:12.093+0000] {logging_mixin.py:188} INFO - [2026-08-12T11:02:12.092+0000] {dag.py:3947} INFO - Setting next_dagrun for hello_airflow to None, run_after=None
[2026-08-12T11:02:12.192+0000] {processor.py:183} INFO - Processing /opt/airflow/dags/hello_airflow.py took 0.422 seconds
[2026-08-12T11:02:42.629+0000] {processor.py:161} INFO - Started process (PID=3211) to work on /opt/airflow/dags/hello_airflow.py
[2026-08-12T11:02:42.630+0000] {processor.py:830} INFO - Processing file /opt/airflow/dags/hello_airflow.py for tasks to queue
[2026-08-12T11:02:42.633+0000] {logging_mixin.py:188} INFO - [2026-08-12T11:02:42.633+0000] {dagbag.py:545} INFO - Filling up the DagBag from /opt/airflow/dags/hello_airflow.py
[2026-08-12T11:02:42.659+0000] {processor.py:840} INFO - DAG(s) 'hello_airflow' retrieved from /opt/airflow/dags/hello_airflow.py
[2026-08-12T11:02:42.699+0000] {logging_mixin.py:188} INFO - [2026-08-12T11:02:42.699+0000] {dag.py:3089} INFO - Sync 1 DAGs
[2026-08-12T11:02:42.722+0000] {logging_mixin.py:188} INFO - [2026-08-12T11:02:42.721+0000] {dag.py:3947} INFO - Setting next_dagrun for hello_airflow to None, run_after=None
[2026-08-12T11:02:42.755+0000] {processor.py:183} INFO - Processing /opt/airflow/dags/hello_airflow.py took 0.134 seconds
[2026-08-12T11:03:12.960+0000] {processor.py:161} INFO - Started process (PID=3230) to work on /opt/airflow/dags/hello_airflow.py
[2026-08-12T11:03:12.963+0000] {processor.py:830} INFO - Processing file /opt/airflow/dags/hello_airflow.py for tasks to queue
[2026-08-12T11:03:12.967+0000] {logging_mixin.py:188} INFO - [2026-08-12T11:03:12.966+0000] {dagbag.py:545} INFO - Filling up the DagBag from /opt/airflow/dags/hello_airflow.py
[2026-08-12T11:03:13.012+0000] {processor.py:840} INFO - DAG(s) 'hello_airflow' retrieved from /opt/airflow/dags/hello_airflow.py
[2026-08-12T11:03:13.072+0000] {logging_mixin.py:188} INFO - [2026-08-12T11:03:13.072+0000] {dag.py:3089} INFO - Sync 1 DAGs
[2026-08-12T11:03:13.098+0000] {logging_mixin.py:188} INFO - [2026-08-12T11:03:13.098+0000] {dag.py:3947} INFO - Setting next_dagrun for hello_airflow to None, run_after=None
[2026-08-12T11:03:13.143+0000] {processor.py:183} INFO - Processing /opt/airflow/dags/hello_airflow.py took 0.193 seconds
[2026-08-12T11:03:43.430+0000] {processor.py:161} INFO - Started process (PID=3249) to work on /opt/airflow/dags/hello_airflow.py
[2026-08-12T11:03:43.435+0000] {processor.py:830} INFO - Processing file /opt/airflow/dags/hello_airflow.py for tasks to queue
[2026-08-12T11:03:43.443+0000] {logging_mixin.py:188} INFO - [2026-08-12T11:03:43.442+0000] {dagbag.py:545} INFO - Filling up the DagBag from /opt/airflow/dags/hello_airflow.py
[2026-08-12T11:03:43.499+0000] {processor.py:840} INFO - DAG(s) 'hello_airflow' retrieved from /opt/airflow/dags/hello_airflow.py
[2026-08-12T11:03:43.589+0000] {logging_mixin.py:188} INFO - [2026-08-12T11:03:43.588+0000] {dag.py:3089} INFO - Sync 1 DAGs
[2026-08-12T11:03:43.645+0000] {logging_mixin.py:188} INFO - [2026-08-12T11:03:43.644+0000] {dag.py:3947} INFO - Setting next_dagrun for hello_airflow to None, run_after=None
[2026-08-12T11:03:43.718+0000] {processor.py:183} INFO - Processing /opt/airflow/dags/hello_airflow.py took 0.320 seconds
[2026-08-12T11:04:13.841+0000] {processor.py:161} INFO - Started process (PID=3261) to work on /opt/airflow/dags/hello_airflow.py
[2026-08-12T11:04:13.844+0000] {processor.py:830} INFO - Processing file /opt/airflow/dags/hello_airflow.py for tasks to queue
[2026-08-12T11:04:13.850+0000] {logging_mixin.py:188} INFO - [2026-08-12T11:04:13.849+0000] {dagbag.py:545} INFO - Filling up the DagBag from /opt/airflow/dags/hello_airflow.py
[2026-08-12T11:04:13.896+0000] {processor.py:840} INFO - DAG(s) 'hello_airflow' retrieved from /opt/airflow/dags/hello_airflow.py
[2026-08-12T11:04:13.966+0000] {logging_mixin.py:188} INFO - [2026-08-12T11:04:13.966+0000] {dag.py:3089} INFO - Sync 1 DAGs
[2026-08-12T11:04:13.996+0000] {logging_mixin.py:188} INFO - [2026-08-12T11:04:13.995+0000] {dag.py:3947} INFO - Setting next_dagrun for hello_airflow to None, run_after=None
[2026-08-12T11:04:14.049+0000] {processor.py:183} INFO - Processing /opt/airflow/dags/hello_airflow.py took 0.225 seconds
[2026-08-12T11:04:44.425+0000] {processor.py:161} INFO - Started process (PID=3281) to work on /opt/airflow/dags/hello_airflow.py
[2026-08-12T11:04:44.428+0000] {processor.py:830} INFO - Processing file /opt/airflow/dags/hello_airflow.py for tasks to queue
[2026-08-12T11:04:44.433+0000] {logging_mixin.py:188} INFO - [2026-08-12T11:04:44.432+0000] {dagbag.py:545} INFO - Filling up the DagBag from /opt/airflow/dags/hello_airflow.py
[2026-08-12T11:04:44.462+0000] {processor.py:840} INFO - DAG(s) 'hello_airflow' retrieved from /opt/airflow/dags/hello_airflow.py
[2026-08-12T11:04:44.505+0000] {logging_mixin.py:188} INFO - [2026-08-12T11:04:44.505+0000] {dag.py:3089} INFO - Sync 1 DAGs
[2026-08-12T11:04:44.526+0000] {logging_mixin.py:188} INFO - [2026-08-12T11:04:44.526+0000] {dag.py:3947} INFO - Setting next_dagrun for hello_airflow to None, run_after=None
[2026-08-12T11:04:44.559+0000] {processor.py:183} INFO - Processing /opt/airflow/dags/hello_airflow.py took 0.145 seconds
[2026-08-12T11:05:14.767+0000] {processor.py:161} INFO - Started process (PID=3300) to work on /opt/airflow/dags/hello_airflow.py
[2026-08-12T11:05:14.770+0000] {processor.py:830} INFO - Processing file /opt/airflow/dags/hello_airflow.py for tasks to queue
[2026-08-12T11:05:14.774+0000] {logging_mixin.py:188} INFO - [2026-08-12T11:05:14.773+0000] {dagbag.py:545} INFO - Filling up the DagBag from /opt/airflow/dags/hello_airflow.py
[2026-08-12T11:05:14.810+0000] {processor.py:840} INFO - DAG(s) 'hello_airflow' retrieved from /opt/airflow/dags/hello_airflow.py
[2026-08-12T11:05:14.868+0000] {logging_mixin.py:188} INFO - [2026-08-12T11:05:14.868+0000] {dag.py:3089} INFO - Sync 1 DAGs
[2026-08-12T11:05:14.894+0000] {logging_mixin.py:188} INFO - [2026-08-12T11:05:14.894+0000] {dag.py:3947} INFO - Setting next_dagrun for hello_airflow to None, run_after=None
[2026-08-12T11:05:14.930+0000] {processor.py:183} INFO - Processing /opt/airflow/dags/hello_airflow.py took 0.175 seconds
[2026-08-12T11:05:45.081+0000] {processor.py:161} INFO - Started process (PID=3319) to work on /opt/airflow/dags/hello_airflow.py
[2026-08-12T11:05:45.083+0000] {processor.py:830} INFO - Processing file /opt/airflow/dags/hello_airflow.py for tasks to queue
[2026-08-12T11:05:45.086+0000] {logging_mixin.py:188} INFO - [2026-08-12T11:05:45.085+0000] {dagbag.py:545} INFO - Filling up the DagBag from /opt/airflow/dags/hello_airflow.py
[2026-08-12T11:05:45.109+0000] {processor.py:840} INFO - DAG(s) 'hello_airflow' retrieved from /opt/airflow/dags/hello_airflow.py
[2026-08-12T11:05:45.151+0000] {logging_mixin.py:188} INFO - [2026-08-12T11:05:45.151+0000] {dag.py:3089} INFO - Sync 1 DAGs
[2026-08-12T11:05:45.171+0000] {logging_mixin.py:188} INFO - [2026-08-12T11:05:45.171+0000] {dag.py:3947} INFO - Setting next_dagrun for hello_airflow to None, run_after=None
[2026-08-12T11:05:45.200+0000] {processor.py:183} INFO - Processing /opt/airflow/dags/hello_airflow.py took 0.126 seconds
[2026-08-12T11:06:15.564+0000] {processor.py:161} INFO - Started process (PID=3339) to work on /opt/airflow/dags/hello_airflow.py
[2026-08-12T11:06:15.570+0000] {processor.py:830} INFO - Processing file /opt/airflow/dags/hello_airflow.py for tasks to queue
[2026-08-12T11:06:15.582+0000] {logging_mixin.py:188} INFO - [2026-08-12T11:06:15.581+0000] {dagbag.py:545} INFO - Filling up the DagBag from /opt/airflow/dags/hello_airflow.py
[2026-08-12T11:06:15.663+0000] {processor.py:840} INFO - DAG(s) 'hello_airflow' retrieved from /opt/airflow/dags/hello_airflow.py
[2026-08-12T11:06:15.810+0000] {logging_mixin.py:188} INFO - [2026-08-12T11:06:15.809+0000] {dag.py:3089} INFO - Sync 1 DAGs
[2026-08-12T11:06:15.871+0000] {logging_mixin.py:188} INFO - [2026-08-12T11:06:15.870+0000] {dag.py:3947} INFO - Setting next_dagrun for hello_airflow to None, run_after=None
[2026-08-12T11:06:15.954+0000] {processor.py:183} INFO - Processing /opt/airflow/dags/hello_airflow.py took 0.413 seconds
[2026-08-12T11:06:46.477+0000] {processor.py:161} INFO - Started process (PID=3352) to work on /opt/airflow/dags/hello_airflow.py
[2026-08-12T11:06:46.480+0000] {processor.py:830} INFO - Processing file /opt/airflow/dags/hello_airflow.py for tasks to queue
[2026-08-12T11:06:46.489+0000] {logging_mixin.py:188} INFO - [2026-08-12T11:06:46.488+0000] {dagbag.py:545} INFO - Filling up the DagBag from /opt/airflow/dags/hello_airflow.py
[2026-08-12T11:06:46.549+0000] {processor.py:840} INFO - DAG(s) 'hello_airflow' retrieved from /opt/airflow/dags/hello_airflow.py
[2026-08-12T11:06:46.634+0000] {logging_mixin.py:188} INFO - [2026-08-12T11:06:46.633+0000] {dag.py:3089} INFO - Sync 1 DAGs
[2026-08-12T11:06:46.668+0000] {logging_mixin.py:188} INFO - [2026-08-12T11:06:46.668+0000] {dag.py:3947} INFO - Setting next_dagrun for hello_airflow to None, run_after=None
[2026-08-12T11:06:46.718+0000] {processor.py:183} INFO - Processing /opt/airflow/dags/hello_airflow.py took 0.257 seconds
[2026-08-12T11:07:16.879+0000] {processor.py:161} INFO - Started process (PID=3371) to work on /opt/airflow/dags/hello_airflow.py
[2026-08-12T11:07:16.883+0000] {processor.py:830} INFO - Processing file /opt/airflow/dags/hello_airflow.py for tasks to queue
[2026-08-12T11:07:16.892+0000] {logging_mixin.py:188} INFO - [2026-08-12T11:07:16.891+0000] {dagbag.py:545} INFO - Filling up the DagBag from /opt/airflow/dags/hello_airflow.py
[2026-08-12T11:07:16.953+0000] {processor.py:840} INFO - DAG(s) 'hello_airflow' retrieved from /opt/airflow/dags/hello_airflow.py
[2026-08-12T11:07:17.051+0000] {logging_mixin.py:188} INFO - [2026-08-12T11:07:17.051+0000] {dag.py:3089} INFO - Sync 1 DAGs
[2026-08-12T11:07:17.098+0000] {logging_mixin.py:188} INFO - [2026-08-12T11:07:17.097+0000] {dag.py:3947} INFO - Setting next_dagrun for hello_airflow to None, run_after=None
[2026-08-12T11:07:17.171+0000] {processor.py:183} INFO - Processing /opt/airflow/dags/hello_airflow.py took 0.317 seconds
[2026-08-12T11:07:47.657+0000] {processor.py:161} INFO - Started process (PID=3390) to work on /opt/airflow/dags/hello_airflow.py
[2026-08-12T11:07:47.671+0000] {processor.py:830} INFO - Processing file /opt/airflow/dags/hello_airflow.py for tasks to queue
[2026-08-12T11:07:47.692+0000] {logging_mixin.py:188} INFO - [2026-08-12T11:07:47.685+0000] {dagbag.py:545} INFO - Filling up the DagBag from /opt/airflow/dags/hello_airflow.py
[2026-08-12T11:07:47.763+0000] {processor.py:840} INFO - DAG(s) 'hello_airflow' retrieved from /opt/airflow/dags/hello_airflow.py
[2026-08-12T11:07:47.841+0000] {logging_mixin.py:188} INFO - [2026-08-12T11:07:47.840+0000] {dag.py:3089} INFO - Sync 1 DAGs
[2026-08-12T11:07:47.887+0000] {logging_mixin.py:188} INFO - [2026-08-12T11:07:47.886+0000] {dag.py:3947} INFO - Setting next_dagrun for hello_airflow to None, run_after=None
[2026-08-12T11:07:47.946+0000] {processor.py:183} INFO - Processing /opt/airflow/dags/hello_airflow.py took 0.336 seconds
[2026-08-12T11:08:18.316+0000] {processor.py:161} INFO - Started process (PID=3402) to work on /opt/airflow/dags/hello_airflow.py
[2026-08-12T11:08:18.317+0000] {processor.py:830} INFO - Processing file /opt/airflow/dags/hello_airflow.py for tasks to queue
[2026-08-12T11:08:18.321+0000] {logging_mixin.py:188} INFO - [2026-08-12T11:08:18.321+0000] {dagbag.py:545} INFO - Filling up the DagBag from /opt/airflow/dags/hello_airflow.py
[2026-08-12T11:08:18.348+0000] {processor.py:840} INFO - DAG(s) 'hello_airflow' retrieved from /opt/airflow/dags/hello_airflow.py
[2026-08-12T11:08:18.393+0000] {logging_mixin.py:188} INFO - [2026-08-12T11:08:18.393+0000] {dag.py:3089} INFO - Sync 1 DAGs
[2026-08-12T11:08:18.417+0000] {logging_mixin.py:188} INFO - [2026-08-12T11:08:18.416+0000] {dag.py:3947} INFO - Setting next_dagrun for hello_airflow to None, run_after=None
[2026-08-12T11:08:18.452+0000] {processor.py:183} INFO - Processing /opt/airflow/dags/hello_airflow.py took 0.148 seconds
[2026-08-12T11:08:48.596+0000] {processor.py:161} INFO - Started process (PID=3421) to work on /opt/airflow/dags/hello_airflow.py
[2026-08-12T11:08:48.598+0000] {processor.py:830} INFO - Processing file /opt/airflow/dags/hello_airflow.py for tasks to queue
[2026-08-12T11:08:48.603+0000] {logging_mixin.py:188} INFO - [2026-08-12T11:08:48.602+0000] {dagbag.py:545} INFO - Filling up the DagBag from /opt/airflow/dags/hello_airflow.py
[2026-08-12T11:08:48.633+0000] {processor.py:840} INFO - DAG(s) 'hello_airflow' retrieved from /opt/airflow/dags/hello_airflow.py
[2026-08-12T11:08:48.680+0000] {logging_mixin.py:188} INFO - [2026-08-12T11:08:48.679+0000] {dag.py:3089} INFO - Sync 1 DAGs
[2026-08-12T11:08:48.700+0000] {logging_mixin.py:188} INFO - [2026-08-12T11:08:48.699+0000] {dag.py:3947} INFO - Setting next_dagrun for hello_airflow to None, run_after=None
[2026-08-12T11:08:48.732+0000] {processor.py:183} INFO - Processing /opt/airflow/dags/hello_airflow.py took 0.147 seconds
[2026-08-12T11:09:19.037+0000] {processor.py:161} INFO - Started process (PID=3440) to work on /opt/airflow/dags/hello_airflow.py
[2026-08-12T11:09:19.041+0000] {processor.py:830} INFO - Processing file /opt/airflow/dags/hello_airflow.py for tasks to queue
[2026-08-12T11:09:19.049+0000] {logging_mixin.py:188} INFO - [2026-08-12T11:09:19.047+0000] {dagbag.py:545} INFO - Filling up the DagBag from /opt/airflow/dags/hello_airflow.py
[2026-08-12T11:09:19.101+0000] {processor.py:840} INFO - DAG(s) 'hello_airflow' retrieved from /opt/airflow/dags/hello_airflow.py
[2026-08-12T11:09:19.178+0000] {logging_mixin.py:188} INFO - [2026-08-12T11:09:19.177+0000] {dag.py:3089} INFO - Sync 1 DAGs
[2026-08-12T11:09:19.214+0000] {logging_mixin.py:188} INFO - [2026-08-12T11:09:19.213+0000] {dag.py:3947} INFO - Setting next_dagrun for hello_airflow to None, run_after=None
[2026-08-12T11:09:19.278+0000] {processor.py:183} INFO - Processing /opt/airflow/dags/hello_airflow.py took 0.258 seconds
[2026-08-12T11:09:49.733+0000] {processor.py:161} INFO - Started process (PID=3452) to work on /opt/airflow/dags/hello_airflow.py
[2026-08-12T11:09:49.738+0000] {processor.py:830} INFO - Processing file /opt/airflow/dags/hello_airflow.py for tasks to queue
[2026-08-12T11:09:49.750+0000] {logging_mixin.py:188} INFO - [2026-08-12T11:09:49.749+0000] {dagbag.py:545} INFO - Filling up the DagBag from /opt/airflow/dags/hello_airflow.py
[2026-08-12T11:09:49.809+0000] {processor.py:840} INFO - DAG(s) 'hello_airflow' retrieved from /opt/airflow/dags/hello_airflow.py
[2026-08-12T11:09:49.896+0000] {logging_mixin.py:188} INFO - [2026-08-12T11:09:49.895+0000] {dag.py:3089} INFO - Sync 1 DAGs
[2026-08-12T11:09:49.945+0000] {logging_mixin.py:188} INFO - [2026-08-12T11:09:49.944+0000] {dag.py:3947} INFO - Setting next_dagrun for hello_airflow to None, run_after=None
[2026-08-12T11:09:50.005+0000] {processor.py:183} INFO - Processing /opt/airflow/dags/hello_airflow.py took 0.302 seconds
[2026-08-12T11:10:20.367+0000] {processor.py:161} INFO - Started process (PID=3472) to work on /opt/airflow/dags/hello_airflow.py
[2026-08-12T11:10:20.372+0000] {processor.py:830} INFO - Processing file /opt/airflow/dags/hello_airflow.py for tasks to queue
[2026-08-12T11:10:20.385+0000] {logging_mixin.py:188} INFO - [2026-08-12T11:10:20.382+0000] {dagbag.py:545} INFO - Filling up the DagBag from /opt/airflow/dags/hello_airflow.py
[2026-08-12T11:10:20.463+0000] {processor.py:840} INFO - DAG(s) 'hello_airflow' retrieved from /opt/airflow/dags/hello_airflow.py
[2026-08-12T11:10:20.587+0000] {logging_mixin.py:188} INFO - [2026-08-12T11:10:20.586+0000] {dag.py:3089} INFO - Sync 1 DAGs
[2026-08-12T11:10:20.633+0000] {logging_mixin.py:188} INFO - [2026-08-12T11:10:20.632+0000] {dag.py:3947} INFO - Setting next_dagrun for hello_airflow to None, run_after=None
[2026-08-12T11:10:20.714+0000] {processor.py:183} INFO - Processing /opt/airflow/dags/hello_airflow.py took 0.366 seconds
[2026-08-12T11:24:19.132+0000] {processor.py:161} INFO - Started process (PID=179) to work on /opt/airflow/dags/hello_airflow.py
[2026-08-12T11:24:19.136+0000] {processor.py:830} INFO - Processing file /opt/airflow/dags/hello_airflow.py for tasks to queue
[2026-08-12T11:24:19.144+0000] {logging_mixin.py:188} INFO - [2026-08-12T11:24:19.143+0000] {dagbag.py:545} INFO - Filling up the DagBag from /opt/airflow/dags/hello_airflow.py
[2026-08-12T11:24:19.215+0000] {processor.py:840} INFO - DAG(s) 'hello_airflow' retrieved from /opt/airflow/dags/hello_airflow.py
[2026-08-12T11:24:19.304+0000] {logging_mixin.py:188} INFO - [2026-08-12T11:24:19.303+0000] {dag.py:3089} INFO - Sync 1 DAGs
[2026-08-12T11:24:19.351+0000] {logging_mixin.py:188} INFO - [2026-08-12T11:24:19.350+0000] {dag.py:3947} INFO - Setting next_dagrun for hello_airflow to None, run_after=None
[2026-08-12T11:24:19.420+0000] {processor.py:183} INFO - Processing /opt/airflow/dags/hello_airflow.py took 0.309 seconds
[2026-08-12T11:24:49.722+0000] {processor.py:161} INFO - Started process (PID=198) to work on /opt/airflow/dags/hello_airflow.py
[2026-08-12T11:24:49.724+0000] {processor.py:830} INFO - Processing file /opt/airflow/dags/hello_airflow.py for tasks to queue
[2026-08-12T11:24:49.727+0000] {logging_mixin.py:188} INFO - [2026-08-12T11:24:49.727+0000] {dagbag.py:545} INFO - Filling up the DagBag from /opt/airflow/dags/hello_airflow.py
[2026-08-12T11:24:49.750+0000] {processor.py:840} INFO - DAG(s) 'hello_airflow' retrieved from /opt/airflow/dags/hello_airflow.py
[2026-08-12T11:24:49.929+0000] {logging_mixin.py:188} INFO - [2026-08-12T11:24:49.929+0000] {dag.py:3089} INFO - Sync 1 DAGs
[2026-08-12T11:24:49.946+0000] {logging_mixin.py:188} INFO - [2026-08-12T11:24:49.945+0000] {dag.py:3947} INFO - Setting next_dagrun for hello_airflow to None, run_after=None
[2026-08-12T11:24:49.974+0000] {processor.py:183} INFO - Processing /opt/airflow/dags/hello_airflow.py took 0.260 seconds
[2026-08-12T11:25:20.248+0000] {processor.py:161} INFO - Started process (PID=217) to work on /opt/airflow/dags/hello_airflow.py
[2026-08-12T11:25:20.250+0000] {processor.py:830} INFO - Processing file /opt/airflow/dags/hello_airflow.py for tasks to queue
[2026-08-12T11:25:20.254+0000] {logging_mixin.py:188} INFO - [2026-08-12T11:25:20.253+0000] {dagbag.py:545} INFO - Filling up the DagBag from /opt/airflow/dags/hello_airflow.py
[2026-08-12T11:25:20.282+0000] {processor.py:840} INFO - DAG(s) 'hello_airflow' retrieved from /opt/airflow/dags/hello_airflow.py
[2026-08-12T11:25:20.410+0000] {logging_mixin.py:188} INFO - [2026-08-12T11:25:20.409+0000] {dag.py:3089} INFO - Sync 1 DAGs
[2026-08-12T11:25:20.446+0000] {logging_mixin.py:188} INFO - [2026-08-12T11:25:20.446+0000] {dag.py:3947} INFO - Setting next_dagrun for hello_airflow to None, run_after=None
[2026-08-12T11:25:20.482+0000] {processor.py:183} INFO - Processing /opt/airflow/dags/hello_airflow.py took 0.245 seconds
[2026-08-12T11:25:50.728+0000] {processor.py:161} INFO - Started process (PID=236) to work on /opt/airflow/dags/hello_airflow.py
[2026-08-12T11:25:50.729+0000] {processor.py:830} INFO - Processing file /opt/airflow/dags/hello_airflow.py for tasks to queue
[2026-08-12T11:25:50.731+0000] {logging_mixin.py:188} INFO - [2026-08-12T11:25:50.731+0000] {dagbag.py:545} INFO - Filling up the DagBag from /opt/airflow/dags/hello_airflow.py
[2026-08-12T11:25:50.750+0000] {processor.py:840} INFO - DAG(s) 'hello_airflow' retrieved from /opt/airflow/dags/hello_airflow.py
[2026-08-12T11:25:50.782+0000] {logging_mixin.py:188} INFO - [2026-08-12T11:25:50.782+0000] {dag.py:3089} INFO - Sync 1 DAGs
[2026-08-12T11:25:50.796+0000] {logging_mixin.py:188} INFO - [2026-08-12T11:25:50.796+0000] {dag.py:3947} INFO - Setting next_dagrun for hello_airflow to None, run_after=None
[2026-08-12T11:25:50.819+0000] {processor.py:183} INFO - Processing /opt/airflow/dags/hello_airflow.py took 0.097 seconds
[2026-08-12T11:26:20.957+0000] {processor.py:161} INFO - Started process (PID=257) to work on /opt/airflow/dags/hello_airflow.py
[2026-08-12T11:26:20.958+0000] {processor.py:830} INFO - Processing file /opt/airflow/dags/hello_airflow.py for tasks to queue
[2026-08-12T11:26:20.962+0000] {logging_mixin.py:188} INFO - [2026-08-12T11:26:20.961+0000] {dagbag.py:545} INFO - Filling up the DagBag from /opt/airflow/dags/hello_airflow.py
[2026-08-12T11:26:20.979+0000] {processor.py:840} INFO - DAG(s) 'hello_airflow' retrieved from /opt/airflow/dags/hello_airflow.py
[2026-08-12T11:26:21.016+0000] {logging_mixin.py:188} INFO - [2026-08-12T11:26:21.016+0000] {dag.py:3089} INFO - Sync 1 DAGs
[2026-08-12T11:26:21.038+0000] {logging_mixin.py:188} INFO - [2026-08-12T11:26:21.034+0000] {dag.py:3947} INFO - Setting next_dagrun for hello_airflow to None, run_after=None
[2026-08-12T11:26:21.061+0000] {processor.py:183} INFO - Processing /opt/airflow/dags/hello_airflow.py took 0.112 seconds
[2026-08-12T11:26:51.313+0000] {processor.py:161} INFO - Started process (PID=276) to work on /opt/airflow/dags/hello_airflow.py
[2026-08-12T11:26:51.314+0000] {processor.py:830} INFO - Processing file /opt/airflow/dags/hello_airflow.py for tasks to queue
[2026-08-12T11:26:51.318+0000] {logging_mixin.py:188} INFO - [2026-08-12T11:26:51.318+0000] {dagbag.py:545} INFO - Filling up the DagBag from /opt/airflow/dags/hello_airflow.py
[2026-08-12T11:26:51.347+0000] {processor.py:840} INFO - DAG(s) 'hello_airflow' retrieved from /opt/airflow/dags/hello_airflow.py
[2026-08-12T11:26:51.393+0000] {logging_mixin.py:188} INFO - [2026-08-12T11:26:51.393+0000] {dag.py:3089} INFO - Sync 1 DAGs
[2026-08-12T11:26:51.416+0000] {logging_mixin.py:188} INFO - [2026-08-12T11:26:51.415+0000] {dag.py:3947} INFO - Setting next_dagrun for hello_airflow to None, run_after=None
[2026-08-12T11:26:51.448+0000] {processor.py:183} INFO - Processing /opt/airflow/dags/hello_airflow.py took 0.145 seconds
[2026-08-12T11:27:22.322+0000] {processor.py:161} INFO - Started process (PID=295) to work on /opt/airflow/dags/hello_airflow.py
[2026-08-12T11:27:22.394+0000] {processor.py:830} INFO - Processing file /opt/airflow/dags/hello_airflow.py for tasks to queue
[2026-08-12T11:27:22.434+0000] {logging_mixin.py:188} INFO - [2026-08-12T11:27:22.429+0000] {dagbag.py:545} INFO - Filling up the DagBag from /opt/airflow/dags/hello_airflow.py
[2026-08-12T11:27:22.622+0000] {processor.py:840} INFO - DAG(s) 'hello_airflow' retrieved from /opt/airflow/dags/hello_airflow.py
[2026-08-12T11:27:23.223+0000] {logging_mixin.py:188} INFO - [2026-08-12T11:27:23.222+0000] {dag.py:3089} INFO - Sync 1 DAGs
[2026-08-12T11:27:23.410+0000] {logging_mixin.py:188} INFO - [2026-08-12T11:27:23.409+0000] {dag.py:3947} INFO - Setting next_dagrun for hello_airflow to None, run_after=None
[2026-08-12T11:27:23.699+0000] {processor.py:183} INFO - Processing /opt/airflow/dags/hello_airflow.py took 1.477 seconds
[2026-08-12T11:27:54.264+0000] {processor.py:161} INFO - Started process (PID=314) to work on /opt/airflow/dags/hello_airflow.py
[2026-08-12T11:27:54.279+0000] {processor.py:830} INFO - Processing file /opt/airflow/dags/hello_airflow.py for tasks to queue
[2026-08-12T11:27:54.297+0000] {logging_mixin.py:188} INFO - [2026-08-12T11:27:54.295+0000] {dagbag.py:545} INFO - Filling up the DagBag from /opt/airflow/dags/hello_airflow.py
[2026-08-12T11:27:54.651+0000] {processor.py:840} INFO - DAG(s) 'hello_airflow' retrieved from /opt/airflow/dags/hello_airflow.py
[2026-08-12T11:27:54.997+0000] {logging_mixin.py:188} INFO - [2026-08-12T11:27:54.996+0000] {dag.py:3089} INFO - Sync 1 DAGs
[2026-08-12T11:27:55.228+0000] {logging_mixin.py:188} INFO - [2026-08-12T11:27:55.217+0000] {dag.py:3947} INFO - Setting next_dagrun for hello_airflow to None, run_after=None
[2026-08-12T11:27:55.563+0000] {processor.py:183} INFO - Processing /opt/airflow/dags/hello_airflow.py took 1.382 seconds
[2026-08-12T11:28:27.319+0000] {processor.py:161} INFO - Started process (PID=326) to work on /opt/airflow/dags/hello_airflow.py
[2026-08-12T11:28:27.390+0000] {processor.py:830} INFO - Processing file /opt/airflow/dags/hello_airflow.py for tasks to queue
[2026-08-12T11:28:27.508+0000] {logging_mixin.py:188} INFO - [2026-08-12T11:28:27.501+0000] {dagbag.py:545} INFO - Filling up the DagBag from /opt/airflow/dags/hello_airflow.py
[2026-08-12T11:28:27.918+0000] {processor.py:840} INFO - DAG(s) 'hello_airflow' retrieved from /opt/airflow/dags/hello_airflow.py
[2026-08-12T11:28:28.663+0000] {logging_mixin.py:188} INFO - [2026-08-12T11:28:28.661+0000] {dag.py:3089} INFO - Sync 1 DAGs
[2026-08-12T11:28:28.894+0000] {logging_mixin.py:188} INFO - [2026-08-12T11:28:28.892+0000] {dag.py:3947} INFO - Setting next_dagrun for hello_airflow to None, run_after=None
[2026-08-12T11:28:29.221+0000] {processor.py:183} INFO - Processing /opt/airflow/dags/hello_airflow.py took 2.170 seconds
[2026-08-12T11:29:00.590+0000] {processor.py:161} INFO - Started process (PID=344) to work on /opt/airflow/dags/hello_airflow.py
[2026-08-12T11:29:00.608+0000] {processor.py:830} INFO - Processing file /opt/airflow/dags/hello_airflow.py for tasks to queue
[2026-08-12T11:29:00.632+0000] {logging_mixin.py:188} INFO - [2026-08-12T11:29:00.631+0000] {dagbag.py:545} INFO - Filling up the DagBag from /opt/airflow/dags/hello_airflow.py
[2026-08-12T11:29:00.824+0000] {processor.py:840} INFO - DAG(s) 'hello_airflow' retrieved from /opt/airflow/dags/hello_airflow.py
[2026-08-12T11:29:01.104+0000] {logging_mixin.py:188} INFO - [2026-08-12T11:29:01.103+0000] {dag.py:3089} INFO - Sync 1 DAGs
[2026-08-12T11:29:01.263+0000] {logging_mixin.py:188} INFO - [2026-08-12T11:29:01.261+0000] {dag.py:3947} INFO - Setting next_dagrun for hello_airflow to None, run_after=None
[2026-08-12T11:29:01.475+0000] {processor.py:183} INFO - Processing /opt/airflow/dags/hello_airflow.py took 0.955 seconds
[2026-08-12T11:29:32.223+0000] {processor.py:161} INFO - Started process (PID=356) to work on /opt/airflow/dags/hello_airflow.py
[2026-08-12T11:29:32.239+0000] {processor.py:830} INFO - Processing file /opt/airflow/dags/hello_airflow.py for tasks to queue
[2026-08-12T11:29:32.257+0000] {logging_mixin.py:188} INFO - [2026-08-12T11:29:32.256+0000] {dagbag.py:545} INFO - Filling up the DagBag from /opt/airflow/dags/hello_airflow.py
[2026-08-12T11:29:32.498+0000] {processor.py:840} INFO - DAG(s) 'hello_airflow' retrieved from /opt/airflow/dags/hello_airflow.py
[2026-08-12T11:29:32.824+0000] {logging_mixin.py:188} INFO - [2026-08-12T11:29:32.823+0000] {dag.py:3089} INFO - Sync 1 DAGs
[2026-08-12T11:29:32.968+0000] {logging_mixin.py:188} INFO - [2026-08-12T11:29:32.966+0000] {dag.py:3947} INFO - Setting next_dagrun for hello_airflow to None, run_after=None
[2026-08-12T11:29:33.163+0000] {processor.py:183} INFO - Processing /opt/airflow/dags/hello_airflow.py took 1.009 seconds
[2026-08-12T11:30:04.017+0000] {processor.py:161} INFO - Started process (PID=375) to work on /opt/airflow/dags/hello_airflow.py
[2026-08-12T11:30:04.024+0000] {processor.py:830} INFO - Processing file /opt/airflow/dags/hello_airflow.py for tasks to queue
[2026-08-12T11:30:04.042+0000] {logging_mixin.py:188} INFO - [2026-08-12T11:30:04.040+0000] {dagbag.py:545} INFO - Filling up the DagBag from /opt/airflow/dags/hello_airflow.py
[2026-08-12T11:30:04.225+0000] {processor.py:840} INFO - DAG(s) 'hello_airflow' retrieved from /opt/airflow/dags/hello_airflow.py
[2026-08-12T11:30:04.570+0000] {logging_mixin.py:188} INFO - [2026-08-12T11:30:04.568+0000] {dag.py:3089} INFO - Sync 1 DAGs
[2026-08-12T11:30:04.718+0000] {logging_mixin.py:188} INFO - [2026-08-12T11:30:04.714+0000] {dag.py:3947} INFO - Setting next_dagrun for hello_airflow to None, run_after=None
[2026-08-12T11:30:04.921+0000] {processor.py:183} INFO - Processing /opt/airflow/dags/hello_airflow.py took 0.957 seconds
[2026-08-12T11:30:35.851+0000] {processor.py:161} INFO - Started process (PID=387) to work on /opt/airflow/dags/hello_airflow.py
[2026-08-12T11:30:35.860+0000] {processor.py:830} INFO - Processing file /opt/airflow/dags/hello_airflow.py for tasks to queue
[2026-08-12T11:30:35.884+0000] {logging_mixin.py:188} INFO - [2026-08-12T11:30:35.882+0000] {dagbag.py:545} INFO - Filling up the DagBag from /opt/airflow/dags/hello_airflow.py
[2026-08-12T11:30:36.029+0000] {processor.py:840} INFO - DAG(s) 'hello_airflow' retrieved from /opt/airflow/dags/hello_airflow.py
[2026-08-12T11:30:36.289+0000] {logging_mixin.py:188} INFO - [2026-08-12T11:30:36.287+0000] {dag.py:3089} INFO - Sync 1 DAGs
[2026-08-12T11:30:36.436+0000] {logging_mixin.py:188} INFO - [2026-08-12T11:30:36.434+0000] {dag.py:3947} INFO - Setting next_dagrun for hello_airflow to None, run_after=None
[2026-08-12T11:30:36.655+0000] {processor.py:183} INFO - Processing /opt/airflow/dags/hello_airflow.py took 0.863 seconds
[2026-08-12T11:31:07.229+0000] {processor.py:161} INFO - Started process (PID=405) to work on /opt/airflow/dags/hello_airflow.py
[2026-08-12T11:31:07.240+0000] {processor.py:830} INFO - Processing file /opt/airflow/dags/hello_airflow.py for tasks to queue
[2026-08-12T11:31:07.268+0000] {logging_mixin.py:188} INFO - [2026-08-12T11:31:07.266+0000] {dagbag.py:545} INFO - Filling up the DagBag from /opt/airflow/dags/hello_airflow.py
[2026-08-12T11:31:08.057+0000] {processor.py:840} INFO - DAG(s) 'hello_airflow' retrieved from /opt/airflow/dags/hello_airflow.py
[2026-08-12T11:31:08.549+0000] {logging_mixin.py:188} INFO - [2026-08-12T11:31:08.543+0000] {dag.py:3089} INFO - Sync 1 DAGs
[2026-08-12T11:31:08.741+0000] {logging_mixin.py:188} INFO - [2026-08-12T11:31:08.740+0000] {dag.py:3947} INFO - Setting next_dagrun for hello_airflow to None, run_after=None
[2026-08-12T11:31:09.015+0000] {processor.py:183} INFO - Processing /opt/airflow/dags/hello_airflow.py took 1.897 seconds
[2026-08-12T11:31:39.675+0000] {processor.py:161} INFO - Started process (PID=417) to work on /opt/airflow/dags/hello_airflow.py
[2026-08-12T11:31:39.678+0000] {processor.py:830} INFO - Processing file /opt/airflow/dags/hello_airflow.py for tasks to queue
[2026-08-12T11:31:39.684+0000] {logging_mixin.py:188} INFO - [2026-08-12T11:31:39.683+0000] {dagbag.py:545} INFO - Filling up the DagBag from /opt/airflow/dags/hello_airflow.py
[2026-08-12T11:31:39.716+0000] {processor.py:840} INFO - DAG(s) 'hello_airflow' retrieved from /opt/airflow/dags/hello_airflow.py
[2026-08-12T11:31:39.733+0000] {logging_mixin.py:188} INFO - [2026-08-12T11:31:39.733+0000] {dag.py:3089} INFO - Sync 1 DAGs
[2026-08-12T11:31:39.758+0000] {logging_mixin.py:188} INFO - [2026-08-12T11:31:39.757+0000] {dag.py:3947} INFO - Setting next_dagrun for hello_airflow to None, run_after=None
[2026-08-12T11:31:39.793+0000] {processor.py:183} INFO - Processing /opt/airflow/dags/hello_airflow.py took 0.131 seconds
[2026-08-12T11:32:10.147+0000] {processor.py:161} INFO - Started process (PID=436) to work on /opt/airflow/dags/hello_airflow.py
[2026-08-12T11:32:10.152+0000] {processor.py:830} INFO - Processing file /opt/airflow/dags/hello_airflow.py for tasks to queue
[2026-08-12T11:32:10.163+0000] {logging_mixin.py:188} INFO - [2026-08-12T11:32:10.161+0000] {dagbag.py:545} INFO - Filling up the DagBag from /opt/airflow/dags/hello_airflow.py
[2026-08-12T11:32:10.233+0000] {processor.py:840} INFO - DAG(s) 'hello_airflow' retrieved from /opt/airflow/dags/hello_airflow.py
[2026-08-12T11:32:10.807+0000] {logging_mixin.py:188} INFO - [2026-08-12T11:32:10.807+0000] {dag.py:3089} INFO - Sync 1 DAGs
[2026-08-12T11:32:10.841+0000] {logging_mixin.py:188} INFO - [2026-08-12T11:32:10.841+0000] {dag.py:3947} INFO - Setting next_dagrun for hello_airflow to None, run_after=None
[2026-08-12T11:32:10.916+0000] {processor.py:183} INFO - Processing /opt/airflow/dags/hello_airflow.py took 0.801 seconds
[2026-08-12T11:32:41.874+0000] {processor.py:161} INFO - Started process (PID=456) to work on /opt/airflow/dags/hello_airflow.py
[2026-08-12T11:32:41.892+0000] {processor.py:830} INFO - Processing file /opt/airflow/dags/hello_airflow.py for tasks to queue
[2026-08-12T11:32:41.913+0000] {logging_mixin.py:188} INFO - [2026-08-12T11:32:41.911+0000] {dagbag.py:545} INFO - Filling up the DagBag from /opt/airflow/dags/hello_airflow.py
[2026-08-12T11:32:42.229+0000] {processor.py:840} INFO - DAG(s) 'hello_airflow' retrieved from /opt/airflow/dags/hello_airflow.py
[2026-08-12T11:32:42.521+0000] {logging_mixin.py:188} INFO - [2026-08-12T11:32:42.520+0000] {dag.py:3089} INFO - Sync 1 DAGs
[2026-08-12T11:32:42.638+0000] {logging_mixin.py:188} INFO - [2026-08-12T11:32:42.637+0000] {dag.py:3947} INFO - Setting next_dagrun for hello_airflow to None, run_after=None
[2026-08-12T11:32:42.845+0000] {processor.py:183} INFO - Processing /opt/airflow/dags/hello_airflow.py took 1.049 seconds
[2026-08-12T11:33:13.191+0000] {processor.py:161} INFO - Started process (PID=475) to work on /opt/airflow/dags/hello_airflow.py
[2026-08-12T11:33:13.193+0000] {processor.py:830} INFO - Processing file /opt/airflow/dags/hello_airflow.py for tasks to queue
[2026-08-12T11:33:13.196+0000] {logging_mixin.py:188} INFO - [2026-08-12T11:33:13.196+0000] {dagbag.py:545} INFO - Filling up the DagBag from /opt/airflow/dags/hello_airflow.py
[2026-08-12T11:33:13.225+0000] {processor.py:840} INFO - DAG(s) 'hello_airflow' retrieved from /opt/airflow/dags/hello_airflow.py
[2026-08-12T11:33:13.273+0000] {logging_mixin.py:188} INFO - [2026-08-12T11:33:13.273+0000] {dag.py:3089} INFO - Sync 1 DAGs
[2026-08-12T11:33:13.293+0000] {logging_mixin.py:188} INFO - [2026-08-12T11:33:13.293+0000] {dag.py:3947} INFO - Setting next_dagrun for hello_airflow to None, run_after=None
[2026-08-12T11:33:13.326+0000] {processor.py:183} INFO - Processing /opt/airflow/dags/hello_airflow.py took 0.145 seconds
[2026-08-12T11:33:43.612+0000] {processor.py:161} INFO - Started process (PID=494) to work on /opt/airflow/dags/hello_airflow.py
[2026-08-12T11:33:43.615+0000] {processor.py:830} INFO - Processing file /opt/airflow/dags/hello_airflow.py for tasks to queue
[2026-08-12T11:33:43.619+0000] {logging_mixin.py:188} INFO - [2026-08-12T11:33:43.619+0000] {dagbag.py:545} INFO - Filling up the DagBag from /opt/airflow/dags/hello_airflow.py
[2026-08-12T11:33:43.653+0000] {processor.py:840} INFO - DAG(s) 'hello_airflow' retrieved from /opt/airflow/dags/hello_airflow.py
[2026-08-12T11:33:43.714+0000] {logging_mixin.py:188} INFO - [2026-08-12T11:33:43.714+0000] {dag.py:3089} INFO - Sync 1 DAGs
[2026-08-12T11:33:43.750+0000] {logging_mixin.py:188} INFO - [2026-08-12T11:33:43.749+0000] {dag.py:3947} INFO - Setting next_dagrun for hello_airflow to None, run_after=None
[2026-08-12T11:33:43.790+0000] {processor.py:183} INFO - Processing /opt/airflow/dags/hello_airflow.py took 0.193 seconds
[2026-08-12T11:34:13.883+0000] {processor.py:161} INFO - Started process (PID=513) to work on /opt/airflow/dags/hello_airflow.py
[2026-08-12T11:34:13.886+0000] {processor.py:830} INFO - Processing file /opt/airflow/dags/hello_airflow.py for tasks to queue
[2026-08-12T11:34:13.893+0000] {logging_mixin.py:188} INFO - [2026-08-12T11:34:13.892+0000] {dagbag.py:545} INFO - Filling up the DagBag from /opt/airflow/dags/hello_airflow.py
[2026-08-12T11:34:13.937+0000] {processor.py:840} INFO - DAG(s) 'hello_airflow' retrieved from /opt/airflow/dags/hello_airflow.py
[2026-08-12T11:34:14.014+0000] {logging_mixin.py:188} INFO - [2026-08-12T11:34:14.014+0000] {dag.py:3089} INFO - Sync 1 DAGs
[2026-08-12T11:34:14.046+0000] {logging_mixin.py:188} INFO - [2026-08-12T11:34:14.046+0000] {dag.py:3947} INFO - Setting next_dagrun for hello_airflow to None, run_after=None
[2026-08-12T11:34:14.095+0000] {processor.py:183} INFO - Processing /opt/airflow/dags/hello_airflow.py took 0.228 seconds
[2026-08-12T11:34:44.443+0000] {processor.py:161} INFO - Started process (PID=525) to work on /opt/airflow/dags/hello_airflow.py
[2026-08-12T11:34:44.445+0000] {processor.py:830} INFO - Processing file /opt/airflow/dags/hello_airflow.py for tasks to queue
[2026-08-12T11:34:44.449+0000] {logging_mixin.py:188} INFO - [2026-08-12T11:34:44.448+0000] {dagbag.py:545} INFO - Filling up the DagBag from /opt/airflow/dags/hello_airflow.py
[2026-08-12T11:34:44.478+0000] {processor.py:840} INFO - DAG(s) 'hello_airflow' retrieved from /opt/airflow/dags/hello_airflow.py
[2026-08-12T11:34:44.517+0000] {logging_mixin.py:188} INFO - [2026-08-12T11:34:44.516+0000] {dag.py:3089} INFO - Sync 1 DAGs
[2026-08-12T11:34:44.534+0000] {logging_mixin.py:188} INFO - [2026-08-12T11:34:44.534+0000] {dag.py:3947} INFO - Setting next_dagrun for hello_airflow to None, run_after=None
[2026-08-12T11:34:44.562+0000] {processor.py:183} INFO - Processing /opt/airflow/dags/hello_airflow.py took 0.127 seconds
[2026-08-12T11:35:14.655+0000] {processor.py:161} INFO - Started process (PID=544) to work on /opt/airflow/dags/hello_airflow.py
[2026-08-12T11:35:14.656+0000] {processor.py:830} INFO - Processing file /opt/airflow/dags/hello_airflow.py for tasks to queue
[2026-08-12T11:35:14.659+0000] {logging_mixin.py:188} INFO - [2026-08-12T11:35:14.659+0000] {dagbag.py:545} INFO - Filling up the DagBag from /opt/airflow/dags/hello_airflow.py
[2026-08-12T11:35:14.676+0000] {processor.py:840} INFO - DAG(s) 'hello_airflow' retrieved from /opt/airflow/dags/hello_airflow.py
[2026-08-12T11:35:14.709+0000] {logging_mixin.py:188} INFO - [2026-08-12T11:35:14.709+0000] {dag.py:3089} INFO - Sync 1 DAGs
[2026-08-12T11:35:14.724+0000] {logging_mixin.py:188} INFO - [2026-08-12T11:35:14.723+0000] {dag.py:3947} INFO - Setting next_dagrun for hello_airflow to None, run_after=None
[2026-08-12T11:35:14.746+0000] {processor.py:183} INFO - Processing /opt/airflow/dags/hello_airflow.py took 0.098 seconds
[2026-08-12T11:35:44.994+0000] {processor.py:161} INFO - Started process (PID=563) to work on /opt/airflow/dags/hello_airflow.py
[2026-08-12T11:35:44.995+0000] {processor.py:830} INFO - Processing file /opt/airflow/dags/hello_airflow.py for tasks to queue
[2026-08-12T11:35:44.998+0000] {logging_mixin.py:188} INFO - [2026-08-12T11:35:44.998+0000] {dagbag.py:545} INFO - Filling up the DagBag from /opt/airflow/dags/hello_airflow.py
[2026-08-12T11:35:45.014+0000] {processor.py:840} INFO - DAG(s) 'hello_airflow' retrieved from /opt/airflow/dags/hello_airflow.py
[2026-08-12T11:35:45.044+0000] {logging_mixin.py:188} INFO - [2026-08-12T11:35:45.044+0000] {dag.py:3089} INFO - Sync 1 DAGs
[2026-08-12T11:35:45.058+0000] {logging_mixin.py:188} INFO - [2026-08-12T11:35:45.057+0000] {dag.py:3947} INFO - Setting next_dagrun for hello_airflow to None, run_after=None
[2026-08-12T11:35:45.086+0000] {processor.py:183} INFO - Processing /opt/airflow/dags/hello_airflow.py took 0.097 seconds
[2026-08-12T11:36:15.298+0000] {processor.py:161} INFO - Started process (PID=582) to work on /opt/airflow/dags/hello_airflow.py
[2026-08-12T11:36:15.301+0000] {processor.py:830} INFO - Processing file /opt/airflow/dags/hello_airflow.py for tasks to queue
[2026-08-12T11:36:15.306+0000] {logging_mixin.py:188} INFO - [2026-08-12T11:36:15.306+0000] {dagbag.py:545} INFO - Filling up the DagBag from /opt/airflow/dags/hello_airflow.py
[2026-08-12T11:36:15.335+0000] {processor.py:840} INFO - DAG(s) 'hello_airflow' retrieved from /opt/airflow/dags/hello_airflow.py
[2026-08-12T11:36:15.388+0000] {logging_mixin.py:188} INFO - [2026-08-12T11:36:15.388+0000] {dag.py:3089} INFO - Sync 1 DAGs
[2026-08-12T11:36:15.415+0000] {logging_mixin.py:188} INFO - [2026-08-12T11:36:15.414+0000] {dag.py:3947} INFO - Setting next_dagrun for hello_airflow to None, run_after=None
[2026-08-12T11:36:15.456+0000] {processor.py:183} INFO - Processing /opt/airflow/dags/hello_airflow.py took 0.169 seconds
[2026-08-12T11:36:45.563+0000] {processor.py:161} INFO - Started process (PID=602) to work on /opt/airflow/dags/hello_airflow.py
[2026-08-12T11:36:45.565+0000] {processor.py:830} INFO - Processing file /opt/airflow/dags/hello_airflow.py for tasks to queue
[2026-08-12T11:36:45.568+0000] {logging_mixin.py:188} INFO - [2026-08-12T11:36:45.568+0000] {dagbag.py:545} INFO - Filling up the DagBag from /opt/airflow/dags/hello_airflow.py
[2026-08-12T11:36:45.587+0000] {processor.py:840} INFO - DAG(s) 'hello_airflow' retrieved from /opt/airflow/dags/hello_airflow.py
[2026-08-12T11:36:45.619+0000] {logging_mixin.py:188} INFO - [2026-08-12T11:36:45.618+0000] {dag.py:3089} INFO - Sync 1 DAGs
[2026-08-12T11:36:45.632+0000] {logging_mixin.py:188} INFO - [2026-08-12T11:36:45.632+0000] {dag.py:3947} INFO - Setting next_dagrun for hello_airflow to None, run_after=None
[2026-08-12T11:36:45.656+0000] {processor.py:183} INFO - Processing /opt/airflow/dags/hello_airflow.py took 0.100 seconds
[2026-08-12T11:37:15.770+0000] {processor.py:161} INFO - Started process (PID=622) to work on /opt/airflow/dags/hello_airflow.py
[2026-08-12T11:37:15.771+0000] {processor.py:830} INFO - Processing file /opt/airflow/dags/hello_airflow.py for tasks to queue
[2026-08-12T11:37:15.774+0000] {logging_mixin.py:188} INFO - [2026-08-12T11:37:15.774+0000] {dagbag.py:545} INFO - Filling up the DagBag from /opt/airflow/dags/hello_airflow.py
[2026-08-12T11:37:15.789+0000] {processor.py:840} INFO - DAG(s) 'hello_airflow' retrieved from /opt/airflow/dags/hello_airflow.py
[2026-08-12T11:37:15.817+0000] {logging_mixin.py:188} INFO - [2026-08-12T11:37:15.817+0000] {dag.py:3089} INFO - Sync 1 DAGs
[2026-08-12T11:37:15.829+0000] {logging_mixin.py:188} INFO - [2026-08-12T11:37:15.829+0000] {dag.py:3947} INFO - Setting next_dagrun for hello_airflow to None, run_after=None
[2026-08-12T11:37:15.876+0000] {processor.py:183} INFO - Processing /opt/airflow/dags/hello_airflow.py took 0.113 seconds
[2026-08-12T11:37:46.122+0000] {processor.py:161} INFO - Started process (PID=647) to work on /opt/airflow/dags/hello_airflow.py
[2026-08-12T11:37:46.123+0000] {processor.py:830} INFO - Processing file /opt/airflow/dags/hello_airflow.py for tasks to queue
[2026-08-12T11:37:46.126+0000] {logging_mixin.py:188} INFO - [2026-08-12T11:37:46.126+0000] {dagbag.py:545} INFO - Filling up the DagBag from /opt/airflow/dags/hello_airflow.py
[2026-08-12T11:37:46.146+0000] {processor.py:840} INFO - DAG(s) 'hello_airflow' retrieved from /opt/airflow/dags/hello_airflow.py
[2026-08-12T11:37:46.187+0000] {logging_mixin.py:188} INFO - [2026-08-12T11:37:46.187+0000] {dag.py:3089} INFO - Sync 1 DAGs
[2026-08-12T11:37:46.202+0000] {logging_mixin.py:188} INFO - [2026-08-12T11:37:46.202+0000] {dag.py:3947} INFO - Setting next_dagrun for hello_airflow to None, run_after=None
[2026-08-12T11:37:46.226+0000] {processor.py:183} INFO - Processing /opt/airflow/dags/hello_airflow.py took 0.113 seconds
[2026-08-12T11:38:16.391+0000] {processor.py:161} INFO - Started process (PID=659) to work on /opt/airflow/dags/hello_airflow.py
[2026-08-12T11:38:16.392+0000] {processor.py:830} INFO - Processing file /opt/airflow/dags/hello_airflow.py for tasks to queue
[2026-08-12T11:38:16.395+0000] {logging_mixin.py:188} INFO - [2026-08-12T11:38:16.394+0000] {dagbag.py:545} INFO - Filling up the DagBag from /opt/airflow/dags/hello_airflow.py
[2026-08-12T11:38:16.410+0000] {processor.py:840} INFO - DAG(s) 'hello_airflow' retrieved from /opt/airflow/dags/hello_airflow.py
[2026-08-12T11:38:16.439+0000] {logging_mixin.py:188} INFO - [2026-08-12T11:38:16.438+0000] {dag.py:3089} INFO - Sync 1 DAGs
[2026-08-12T11:38:16.455+0000] {logging_mixin.py:188} INFO - [2026-08-12T11:38:16.454+0000] {dag.py:3947} INFO - Setting next_dagrun for hello_airflow to None, run_after=None
[2026-08-12T11:38:16.479+0000] {processor.py:183} INFO - Processing /opt/airflow/dags/hello_airflow.py took 0.096 seconds
[2026-08-12T11:38:46.704+0000] {processor.py:161} INFO - Started process (PID=686) to work on /opt/airflow/dags/hello_airflow.py
[2026-08-12T11:38:46.705+0000] {processor.py:830} INFO - Processing file /opt/airflow/dags/hello_airflow.py for tasks to queue
[2026-08-12T11:38:46.710+0000] {logging_mixin.py:188} INFO - [2026-08-12T11:38:46.709+0000] {dagbag.py:545} INFO - Filling up the DagBag from /opt/airflow/dags/hello_airflow.py
[2026-08-12T11:38:46.735+0000] {processor.py:840} INFO - DAG(s) 'hello_airflow' retrieved from /opt/airflow/dags/hello_airflow.py
[2026-08-12T11:38:46.782+0000] {logging_mixin.py:188} INFO - [2026-08-12T11:38:46.781+0000] {dag.py:3089} INFO - Sync 1 DAGs
[2026-08-12T11:38:46.804+0000] {logging_mixin.py:188} INFO - [2026-08-12T11:38:46.803+0000] {dag.py:3947} INFO - Setting next_dagrun for hello_airflow to None, run_after=None
[2026-08-12T11:38:46.835+0000] {processor.py:183} INFO - Processing /opt/airflow/dags/hello_airflow.py took 0.140 seconds
[2026-08-12T11:39:17.120+0000] {processor.py:161} INFO - Started process (PID=698) to work on /opt/airflow/dags/hello_airflow.py
[2026-08-12T11:39:17.121+0000] {processor.py:830} INFO - Processing file /opt/airflow/dags/hello_airflow.py for tasks to queue
[2026-08-12T11:39:17.124+0000] {logging_mixin.py:188} INFO - [2026-08-12T11:39:17.123+0000] {dagbag.py:545} INFO - Filling up the DagBag from /opt/airflow/dags/hello_airflow.py
[2026-08-12T11:39:17.142+0000] {processor.py:840} INFO - DAG(s) 'hello_airflow' retrieved from /opt/airflow/dags/hello_airflow.py
[2026-08-12T11:39:17.170+0000] {logging_mixin.py:188} INFO - [2026-08-12T11:39:17.169+0000] {dag.py:3089} INFO - Sync 1 DAGs
[2026-08-12T11:39:17.182+0000] {logging_mixin.py:188} INFO - [2026-08-12T11:39:17.181+0000] {dag.py:3947} INFO - Setting next_dagrun for hello_airflow to None, run_after=None
[2026-08-12T11:39:17.208+0000] {processor.py:183} INFO - Processing /opt/airflow/dags/hello_airflow.py took 0.094 seconds
[2026-08-12T11:39:47.384+0000] {processor.py:161} INFO - Started process (PID=717) to work on /opt/airflow/dags/hello_airflow.py
[2026-08-12T11:39:47.386+0000] {processor.py:830} INFO - Processing file /opt/airflow/dags/hello_airflow.py for tasks to queue
[2026-08-12T11:39:47.389+0000] {logging_mixin.py:188} INFO - [2026-08-12T11:39:47.388+0000] {dagbag.py:545} INFO - Filling up the DagBag from /opt/airflow/dags/hello_airflow.py
[2026-08-12T11:39:47.409+0000] {processor.py:840} INFO - DAG(s) 'hello_airflow' retrieved from /opt/airflow/dags/hello_airflow.py
[2026-08-12T11:39:47.447+0000] {logging_mixin.py:188} INFO - [2026-08-12T11:39:47.446+0000] {dag.py:3089} INFO - Sync 1 DAGs
[2026-08-12T11:39:47.466+0000] {logging_mixin.py:188} INFO - [2026-08-12T11:39:47.466+0000] {dag.py:3947} INFO - Setting next_dagrun for hello_airflow to None, run_after=None
[2026-08-12T11:39:47.494+0000] {processor.py:183} INFO - Processing /opt/airflow/dags/hello_airflow.py took 0.118 seconds
[2026-08-12T11:40:17.725+0000] {processor.py:161} INFO - Started process (PID=736) to work on /opt/airflow/dags/hello_airflow.py
[2026-08-12T11:40:17.727+0000] {processor.py:830} INFO - Processing file /opt/airflow/dags/hello_airflow.py for tasks to queue
[2026-08-12T11:40:17.729+0000] {logging_mixin.py:188} INFO - [2026-08-12T11:40:17.729+0000] {dagbag.py:545} INFO - Filling up the DagBag from /opt/airflow/dags/hello_airflow.py
[2026-08-12T11:40:17.747+0000] {processor.py:840} INFO - DAG(s) 'hello_airflow' retrieved from /opt/airflow/dags/hello_airflow.py
[2026-08-12T11:40:17.787+0000] {logging_mixin.py:188} INFO - [2026-08-12T11:40:17.787+0000] {dag.py:3089} INFO - Sync 1 DAGs
[2026-08-12T11:40:17.805+0000] {logging_mixin.py:188} INFO - [2026-08-12T11:40:17.804+0000] {dag.py:3947} INFO - Setting next_dagrun for hello_airflow to None, run_after=None
[2026-08-12T11:40:17.832+0000] {processor.py:183} INFO - Processing /opt/airflow/dags/hello_airflow.py took 0.114 seconds
[2026-08-12T11:40:48.175+0000] {processor.py:161} INFO - Started process (PID=755) to work on /opt/airflow/dags/hello_airflow.py
[2026-08-12T11:40:48.177+0000] {processor.py:830} INFO - Processing file /opt/airflow/dags/hello_airflow.py for tasks to queue
[2026-08-12T11:40:48.182+0000] {logging_mixin.py:188} INFO - [2026-08-12T11:40:48.181+0000] {dagbag.py:545} INFO - Filling up the DagBag from /opt/airflow/dags/hello_airflow.py
[2026-08-12T11:40:48.216+0000] {processor.py:840} INFO - DAG(s) 'hello_airflow' retrieved from /opt/airflow/dags/hello_airflow.py
[2026-08-12T11:40:48.272+0000] {logging_mixin.py:188} INFO - [2026-08-12T11:40:48.272+0000] {dag.py:3089} INFO - Sync 1 DAGs
[2026-08-12T11:40:48.298+0000] {logging_mixin.py:188} INFO - [2026-08-12T11:40:48.297+0000] {dag.py:3947} INFO - Setting next_dagrun for hello_airflow to None, run_after=None
[2026-08-12T11:40:48.337+0000] {processor.py:183} INFO - Processing /opt/airflow/dags/hello_airflow.py took 0.174 seconds
[2026-08-12T11:41:18.790+0000] {processor.py:161} INFO - Started process (PID=774) to work on /opt/airflow/dags/hello_airflow.py
[2026-08-12T11:41:18.795+0000] {processor.py:830} INFO - Processing file /opt/airflow/dags/hello_airflow.py for tasks to queue
[2026-08-12T11:41:18.805+0000] {logging_mixin.py:188} INFO - [2026-08-12T11:41:18.803+0000] {dagbag.py:545} INFO - Filling up the DagBag from /opt/airflow/dags/hello_airflow.py
[2026-08-12T11:41:18.868+0000] {processor.py:840} INFO - DAG(s) 'hello_airflow' retrieved from /opt/airflow/dags/hello_airflow.py
[2026-08-12T11:41:18.995+0000] {logging_mixin.py:188} INFO - [2026-08-12T11:41:18.994+0000] {dag.py:3089} INFO - Sync 1 DAGs
[2026-08-12T11:41:19.057+0000] {logging_mixin.py:188} INFO - [2026-08-12T11:41:19.056+0000] {dag.py:3947} INFO - Setting next_dagrun for hello_airflow to None, run_after=None
[2026-08-12T11:41:19.132+0000] {processor.py:183} INFO - Processing /opt/airflow/dags/hello_airflow.py took 0.364 seconds
[2026-08-12T11:41:49.659+0000] {processor.py:161} INFO - Started process (PID=786) to work on /opt/airflow/dags/hello_airflow.py
[2026-08-12T11:41:49.671+0000] {processor.py:830} INFO - Processing file /opt/airflow/dags/hello_airflow.py for tasks to queue
[2026-08-12T11:41:49.693+0000] {logging_mixin.py:188} INFO - [2026-08-12T11:41:49.690+0000] {dagbag.py:545} INFO - Filling up the DagBag from /opt/airflow/dags/hello_airflow.py
[2026-08-12T11:41:49.826+0000] {processor.py:840} INFO - DAG(s) 'hello_airflow' retrieved from /opt/airflow/dags/hello_airflow.py
[2026-08-12T11:41:50.100+0000] {logging_mixin.py:188} INFO - [2026-08-12T11:41:50.099+0000] {dag.py:3089} INFO - Sync 1 DAGs
[2026-08-12T11:41:50.235+0000] {logging_mixin.py:188} INFO - [2026-08-12T11:41:50.234+0000] {dag.py:3947} INFO - Setting next_dagrun for hello_airflow to None, run_after=None
[2026-08-12T11:41:50.367+0000] {processor.py:183} INFO - Processing /opt/airflow/dags/hello_airflow.py took 0.804 seconds
[2026-08-12T11:42:20.889+0000] {processor.py:161} INFO - Started process (PID=805) to work on /opt/airflow/dags/hello_airflow.py
[2026-08-12T11:42:20.892+0000] {processor.py:830} INFO - Processing file /opt/airflow/dags/hello_airflow.py for tasks to queue
[2026-08-12T11:42:20.897+0000] {logging_mixin.py:188} INFO - [2026-08-12T11:42:20.897+0000] {dagbag.py:545} INFO - Filling up the DagBag from /opt/airflow/dags/hello_airflow.py
[2026-08-12T11:42:20.936+0000] {processor.py:840} INFO - DAG(s) 'hello_airflow' retrieved from /opt/airflow/dags/hello_airflow.py
[2026-08-12T11:42:20.999+0000] {logging_mixin.py:188} INFO - [2026-08-12T11:42:20.999+0000] {dag.py:3089} INFO - Sync 1 DAGs
[2026-08-12T11:42:21.030+0000] {logging_mixin.py:188} INFO - [2026-08-12T11:42:21.029+0000] {dag.py:3947} INFO - Setting next_dagrun for hello_airflow to None, run_after=None
[2026-08-12T11:42:21.079+0000] {processor.py:183} INFO - Processing /opt/airflow/dags/hello_airflow.py took 0.201 seconds
[2026-08-12T11:42:51.374+0000] {processor.py:161} INFO - Started process (PID=824) to work on /opt/airflow/dags/hello_airflow.py
[2026-08-12T11:42:51.380+0000] {processor.py:830} INFO - Processing file /opt/airflow/dags/hello_airflow.py for tasks to queue
[2026-08-12T11:42:51.391+0000] {logging_mixin.py:188} INFO - [2026-08-12T11:42:51.389+0000] {dagbag.py:545} INFO - Filling up the DagBag from /opt/airflow/dags/hello_airflow.py
[2026-08-12T11:42:51.468+0000] {processor.py:840} INFO - DAG(s) 'hello_airflow' retrieved from /opt/airflow/dags/hello_airflow.py
[2026-08-12T11:42:51.587+0000] {logging_mixin.py:188} INFO - [2026-08-12T11:42:51.586+0000] {dag.py:3089} INFO - Sync 1 DAGs
[2026-08-12T11:42:51.654+0000] {logging_mixin.py:188} INFO - [2026-08-12T11:42:51.653+0000] {dag.py:3947} INFO - Setting next_dagrun for hello_airflow to None, run_after=None
[2026-08-12T11:42:51.740+0000] {processor.py:183} INFO - Processing /opt/airflow/dags/hello_airflow.py took 0.399 seconds
[2026-08-12T11:43:22.081+0000] {processor.py:161} INFO - Started process (PID=843) to work on /opt/airflow/dags/hello_airflow.py
[2026-08-12T11:43:22.084+0000] {processor.py:830} INFO - Processing file /opt/airflow/dags/hello_airflow.py for tasks to queue
[2026-08-12T11:43:22.090+0000] {logging_mixin.py:188} INFO - [2026-08-12T11:43:22.089+0000] {dagbag.py:545} INFO - Filling up the DagBag from /opt/airflow/dags/hello_airflow.py
[2026-08-12T11:43:22.132+0000] {processor.py:840} INFO - DAG(s) 'hello_airflow' retrieved from /opt/airflow/dags/hello_airflow.py
[2026-08-12T11:43:22.192+0000] {logging_mixin.py:188} INFO - [2026-08-12T11:43:22.192+0000] {dag.py:3089} INFO - Sync 1 DAGs
[2026-08-12T11:43:22.216+0000] {logging_mixin.py:188} INFO - [2026-08-12T11:43:22.216+0000] {dag.py:3947} INFO - Setting next_dagrun for hello_airflow to None, run_after=None
[2026-08-12T11:43:22.260+0000] {processor.py:183} INFO - Processing /opt/airflow/dags/hello_airflow.py took 0.194 seconds
[2026-08-12T11:43:52.553+0000] {processor.py:161} INFO - Started process (PID=862) to work on /opt/airflow/dags/hello_airflow.py
[2026-08-12T11:43:52.557+0000] {processor.py:830} INFO - Processing file /opt/airflow/dags/hello_airflow.py for tasks to queue
[2026-08-12T11:43:52.563+0000] {logging_mixin.py:188} INFO - [2026-08-12T11:43:52.562+0000] {dagbag.py:545} INFO - Filling up the DagBag from /opt/airflow/dags/hello_airflow.py
[2026-08-12T11:43:52.630+0000] {processor.py:840} INFO - DAG(s) 'hello_airflow' retrieved from /opt/airflow/dags/hello_airflow.py
[2026-08-12T11:43:52.721+0000] {logging_mixin.py:188} INFO - [2026-08-12T11:43:52.721+0000] {dag.py:3089} INFO - Sync 1 DAGs
[2026-08-12T11:43:52.759+0000] {logging_mixin.py:188} INFO - [2026-08-12T11:43:52.758+0000] {dag.py:3947} INFO - Setting next_dagrun for hello_airflow to None, run_after=None
[2026-08-12T11:43:52.814+0000] {processor.py:183} INFO - Processing /opt/airflow/dags/hello_airflow.py took 0.281 seconds
[2026-08-12T11:44:23.156+0000] {processor.py:161} INFO - Started process (PID=881) to work on /opt/airflow/dags/hello_airflow.py
[2026-08-12T11:44:23.161+0000] {processor.py:830} INFO - Processing file /opt/airflow/dags/hello_airflow.py for tasks to queue
[2026-08-12T11:44:23.171+0000] {logging_mixin.py:188} INFO - [2026-08-12T11:44:23.169+0000] {dagbag.py:545} INFO - Filling up the DagBag from /opt/airflow/dags/hello_airflow.py
[2026-08-12T11:44:23.232+0000] {processor.py:840} INFO - DAG(s) 'hello_airflow' retrieved from /opt/airflow/dags/hello_airflow.py
[2026-08-12T11:44:23.331+0000] {logging_mixin.py:188} INFO - [2026-08-12T11:44:23.330+0000] {dag.py:3089} INFO - Sync 1 DAGs
[2026-08-12T11:44:23.375+0000] {logging_mixin.py:188} INFO - [2026-08-12T11:44:23.374+0000] {dag.py:3947} INFO - Setting next_dagrun for hello_airflow to None, run_after=None
[2026-08-12T11:44:23.442+0000] {processor.py:183} INFO - Processing /opt/airflow/dags/hello_airflow.py took 0.318 seconds
[2026-08-12T11:44:53.836+0000] {processor.py:161} INFO - Started process (PID=900) to work on /opt/airflow/dags/hello_airflow.py
[2026-08-12T11:44:53.839+0000] {processor.py:830} INFO - Processing file /opt/airflow/dags/hello_airflow.py for tasks to queue
[2026-08-12T11:44:53.844+0000] {logging_mixin.py:188} INFO - [2026-08-12T11:44:53.844+0000] {dagbag.py:545} INFO - Filling up the DagBag from /opt/airflow/dags/hello_airflow.py
[2026-08-12T11:44:53.872+0000] {processor.py:840} INFO - DAG(s) 'hello_airflow' retrieved from /opt/airflow/dags/hello_airflow.py
[2026-08-12T11:44:53.920+0000] {logging_mixin.py:188} INFO - [2026-08-12T11:44:53.919+0000] {dag.py:3089} INFO - Sync 1 DAGs
[2026-08-12T11:44:53.951+0000] {logging_mixin.py:188} INFO - [2026-08-12T11:44:53.951+0000] {dag.py:3947} INFO - Setting next_dagrun for hello_airflow to None, run_after=None
[2026-08-12T11:44:53.996+0000] {processor.py:183} INFO - Processing /opt/airflow/dags/hello_airflow.py took 0.168 seconds
[2026-08-12T11:45:24.201+0000] {processor.py:161} INFO - Started process (PID=912) to work on /opt/airflow/dags/hello_airflow.py
[2026-08-12T11:45:24.203+0000] {processor.py:830} INFO - Processing file /opt/airflow/dags/hello_airflow.py for tasks to queue
[2026-08-12T11:45:24.206+0000] {logging_mixin.py:188} INFO - [2026-08-12T11:45:24.205+0000] {dagbag.py:545} INFO - Filling up the DagBag from /opt/airflow/dags/hello_airflow.py
[2026-08-12T11:45:24.228+0000] {processor.py:840} INFO - DAG(s) 'hello_airflow' retrieved from /opt/airflow/dags/hello_airflow.py
[2026-08-12T11:45:24.267+0000] {logging_mixin.py:188} INFO - [2026-08-12T11:45:24.267+0000] {dag.py:3089} INFO - Sync 1 DAGs
[2026-08-12T11:45:24.284+0000] {logging_mixin.py:188} INFO - [2026-08-12T11:45:24.284+0000] {dag.py:3947} INFO - Setting next_dagrun for hello_airflow to None, run_after=None
[2026-08-12T11:45:24.309+0000] {processor.py:183} INFO - Processing /opt/airflow/dags/hello_airflow.py took 0.117 seconds
[2026-08-12T11:45:54.461+0000] {processor.py:161} INFO - Started process (PID=931) to work on /opt/airflow/dags/hello_airflow.py
[2026-08-12T11:45:54.464+0000] {processor.py:830} INFO - Processing file /opt/airflow/dags/hello_airflow.py for tasks to queue
[2026-08-12T11:45:54.470+0000] {logging_mixin.py:188} INFO - [2026-08-12T11:45:54.469+0000] {dagbag.py:545} INFO - Filling up the DagBag from /opt/airflow/dags/hello_airflow.py
[2026-08-12T11:45:54.508+0000] {processor.py:840} INFO - DAG(s) 'hello_airflow' retrieved from /opt/airflow/dags/hello_airflow.py
[2026-08-12T11:45:54.574+0000] {logging_mixin.py:188} INFO - [2026-08-12T11:45:54.573+0000] {dag.py:3089} INFO - Sync 1 DAGs
[2026-08-12T11:45:54.603+0000] {logging_mixin.py:188} INFO - [2026-08-12T11:45:54.603+0000] {dag.py:3947} INFO - Setting next_dagrun for hello_airflow to None, run_after=None
[2026-08-12T11:45:54.641+0000] {processor.py:183} INFO - Processing /opt/airflow/dags/hello_airflow.py took 0.193 seconds
[2026-08-12T11:46:24.839+0000] {processor.py:161} INFO - Started process (PID=950) to work on /opt/airflow/dags/hello_airflow.py
[2026-08-12T11:46:24.841+0000] {processor.py:830} INFO - Processing file /opt/airflow/dags/hello_airflow.py for tasks to queue
[2026-08-12T11:46:24.844+0000] {logging_mixin.py:188} INFO - [2026-08-12T11:46:24.843+0000] {dagbag.py:545} INFO - Filling up the DagBag from /opt/airflow/dags/hello_airflow.py
[2026-08-12T11:46:24.866+0000] {processor.py:840} INFO - DAG(s) 'hello_airflow' retrieved from /opt/airflow/dags/hello_airflow.py
[2026-08-12T11:46:24.902+0000] {logging_mixin.py:188} INFO - [2026-08-12T11:46:24.901+0000] {dag.py:3089} INFO - Sync 1 DAGs
[2026-08-12T11:46:24.918+0000] {logging_mixin.py:188} INFO - [2026-08-12T11:46:24.918+0000] {dag.py:3947} INFO - Setting next_dagrun for hello_airflow to None, run_after=None
[2026-08-12T11:46:24.942+0000] {processor.py:183} INFO - Processing /opt/airflow/dags/hello_airflow.py took 0.109 seconds
[2026-08-12T11:46:55.150+0000] {processor.py:161} INFO - Started process (PID=969) to work on /opt/airflow/dags/hello_airflow.py
[2026-08-12T11:46:55.152+0000] {processor.py:830} INFO - Processing file /opt/airflow/dags/hello_airflow.py for tasks to queue
[2026-08-12T11:46:55.155+0000] {logging_mixin.py:188} INFO - [2026-08-12T11:46:55.155+0000] {dagbag.py:545} INFO - Filling up the DagBag from /opt/airflow/dags/hello_airflow.py
[2026-08-12T11:46:55.180+0000] {processor.py:840} INFO - DAG(s) 'hello_airflow' retrieved from /opt/airflow/dags/hello_airflow.py
[2026-08-12T11:46:55.219+0000] {logging_mixin.py:188} INFO - [2026-08-12T11:46:55.219+0000] {dag.py:3089} INFO - Sync 1 DAGs
[2026-08-12T11:46:55.239+0000] {logging_mixin.py:188} INFO - [2026-08-12T11:46:55.239+0000] {dag.py:3947} INFO - Setting next_dagrun for hello_airflow to None, run_after=None
[2026-08-12T11:46:55.270+0000] {processor.py:183} INFO - Processing /opt/airflow/dags/hello_airflow.py took 0.128 seconds
[2026-08-12T11:47:25.419+0000] {processor.py:161} INFO - Started process (PID=988) to work on /opt/airflow/dags/hello_airflow.py
[2026-08-12T11:47:25.421+0000] {processor.py:830} INFO - Processing file /opt/airflow/dags/hello_airflow.py for tasks to queue
[2026-08-12T11:47:25.424+0000] {logging_mixin.py:188} INFO - [2026-08-12T11:47:25.424+0000] {dagbag.py:545} INFO - Filling up the DagBag from /opt/airflow/dags/hello_airflow.py
[2026-08-12T11:47:25.445+0000] {processor.py:840} INFO - DAG(s) 'hello_airflow' retrieved from /opt/airflow/dags/hello_airflow.py
[2026-08-12T11:47:25.480+0000] {logging_mixin.py:188} INFO - [2026-08-12T11:47:25.480+0000] {dag.py:3089} INFO - Sync 1 DAGs
[2026-08-12T11:47:25.495+0000] {logging_mixin.py:188} INFO - [2026-08-12T11:47:25.495+0000] {dag.py:3947} INFO - Setting next_dagrun for hello_airflow to None, run_after=None
[2026-08-12T11:47:25.518+0000] {processor.py:183} INFO - Processing /opt/airflow/dags/hello_airflow.py took 0.106 seconds
[2026-08-12T11:47:55.723+0000] {processor.py:161} INFO - Started process (PID=1007) to work on /opt/airflow/dags/hello_airflow.py
[2026-08-12T11:47:55.725+0000] {processor.py:830} INFO - Processing file /opt/airflow/dags/hello_airflow.py for tasks to queue
[2026-08-12T11:47:55.727+0000] {logging_mixin.py:188} INFO - [2026-08-12T11:47:55.727+0000] {dagbag.py:545} INFO - Filling up the DagBag from /opt/airflow/dags/hello_airflow.py
[2026-08-12T11:47:55.745+0000] {processor.py:840} INFO - DAG(s) 'hello_airflow' retrieved from /opt/airflow/dags/hello_airflow.py
[2026-08-12T11:47:55.774+0000] {logging_mixin.py:188} INFO - [2026-08-12T11:47:55.774+0000] {dag.py:3089} INFO - Sync 1 DAGs
[2026-08-12T11:47:55.788+0000] {logging_mixin.py:188} INFO - [2026-08-12T11:47:55.788+0000] {dag.py:3947} INFO - Setting next_dagrun for hello_airflow to None, run_after=None
[2026-08-12T11:47:55.811+0000] {processor.py:183} INFO - Processing /opt/airflow/dags/hello_airflow.py took 0.094 seconds
[2026-08-12T11:48:26.009+0000] {processor.py:161} INFO - Started process (PID=1026) to work on /opt/airflow/dags/hello_airflow.py
[2026-08-12T11:48:26.010+0000] {processor.py:830} INFO - Processing file /opt/airflow/dags/hello_airflow.py for tasks to queue
[2026-08-12T11:48:26.014+0000] {logging_mixin.py:188} INFO - [2026-08-12T11:48:26.013+0000] {dagbag.py:545} INFO - Filling up the DagBag from /opt/airflow/dags/hello_airflow.py
[2026-08-12T11:48:26.038+0000] {processor.py:840} INFO - DAG(s) 'hello_airflow' retrieved from /opt/airflow/dags/hello_airflow.py
[2026-08-12T11:48:26.084+0000] {logging_mixin.py:188} INFO - [2026-08-12T11:48:26.083+0000] {dag.py:3089} INFO - Sync 1 DAGs
[2026-08-12T11:48:26.105+0000] {logging_mixin.py:188} INFO - [2026-08-12T11:48:26.104+0000] {dag.py:3947} INFO - Setting next_dagrun for hello_airflow to None, run_after=None
[2026-08-12T11:48:26.134+0000] {processor.py:183} INFO - Processing /opt/airflow/dags/hello_airflow.py took 0.135 seconds
[2026-08-12T11:48:56.368+0000] {processor.py:161} INFO - Started process (PID=1045) to work on /opt/airflow/dags/hello_airflow.py
[2026-08-12T11:48:56.371+0000] {processor.py:830} INFO - Processing file /opt/airflow/dags/hello_airflow.py for tasks to queue
[2026-08-12T11:48:56.376+0000] {logging_mixin.py:188} INFO - [2026-08-12T11:48:56.375+0000] {dagbag.py:545} INFO - Filling up the DagBag from /opt/airflow/dags/hello_airflow.py
[2026-08-12T11:48:56.415+0000] {processor.py:840} INFO - DAG(s) 'hello_airflow' retrieved from /opt/airflow/dags/hello_airflow.py
[2026-08-12T11:48:56.470+0000] {logging_mixin.py:188} INFO - [2026-08-12T11:48:56.470+0000] {dag.py:3089} INFO - Sync 1 DAGs
[2026-08-12T11:48:56.497+0000] {logging_mixin.py:188} INFO - [2026-08-12T11:48:56.496+0000] {dag.py:3947} INFO - Setting next_dagrun for hello_airflow to None, run_after=None
[2026-08-12T11:48:56.534+0000] {processor.py:183} INFO - Processing /opt/airflow/dags/hello_airflow.py took 0.183 seconds
[2026-08-12T11:49:26.658+0000] {processor.py:161} INFO - Started process (PID=1064) to work on /opt/airflow/dags/hello_airflow.py
[2026-08-12T11:49:26.661+0000] {processor.py:830} INFO - Processing file /opt/airflow/dags/hello_airflow.py for tasks to queue
[2026-08-12T11:49:26.665+0000] {logging_mixin.py:188} INFO - [2026-08-12T11:49:26.665+0000] {dagbag.py:545} INFO - Filling up the DagBag from /opt/airflow/dags/hello_airflow.py
[2026-08-12T11:49:26.690+0000] {processor.py:840} INFO - DAG(s) 'hello_airflow' retrieved from /opt/airflow/dags/hello_airflow.py
[2026-08-12T11:49:26.734+0000] {logging_mixin.py:188} INFO - [2026-08-12T11:49:26.734+0000] {dag.py:3089} INFO - Sync 1 DAGs
[2026-08-12T11:49:26.757+0000] {logging_mixin.py:188} INFO - [2026-08-12T11:49:26.756+0000] {dag.py:3947} INFO - Setting next_dagrun for hello_airflow to None, run_after=None
[2026-08-12T11:49:26.787+0000] {processor.py:183} INFO - Processing /opt/airflow/dags/hello_airflow.py took 0.138 seconds
[2026-08-12T13:39:27.018+0000] {processor.py:161} INFO - Started process (PID=186) to work on /opt/airflow/dags/hello_airflow.py
[2026-08-12T13:39:27.024+0000] {processor.py:830} INFO - Processing file /opt/airflow/dags/hello_airflow.py for tasks to queue
[2026-08-12T13:39:27.036+0000] {logging_mixin.py:188} INFO - [2026-08-12T13:39:27.035+0000] {dagbag.py:545} INFO - Filling up the DagBag from /opt/airflow/dags/hello_airflow.py
[2026-08-12T13:39:27.111+0000] {processor.py:840} INFO - DAG(s) 'hello_airflow' retrieved from /opt/airflow/dags/hello_airflow.py
[2026-08-12T13:39:27.712+0000] {logging_mixin.py:188} INFO - [2026-08-12T13:39:27.701+0000] {dag.py:3089} INFO - Sync 1 DAGs
[2026-08-12T13:39:27.808+0000] {logging_mixin.py:188} INFO - [2026-08-12T13:39:27.801+0000] {dag.py:3947} INFO - Setting next_dagrun for hello_airflow to None, run_after=None
[2026-08-12T13:39:27.981+0000] {processor.py:183} INFO - Processing /opt/airflow/dags/hello_airflow.py took 0.991 seconds
[2026-08-12T13:39:58.778+0000] {processor.py:161} INFO - Started process (PID=204) to work on /opt/airflow/dags/hello_airflow.py
[2026-08-12T13:39:58.796+0000] {processor.py:830} INFO - Processing file /opt/airflow/dags/hello_airflow.py for tasks to queue
[2026-08-12T13:39:58.816+0000] {logging_mixin.py:188} INFO - [2026-08-12T13:39:58.813+0000] {dagbag.py:545} INFO - Filling up the DagBag from /opt/airflow/dags/hello_airflow.py
[2026-08-12T13:39:58.924+0000] {processor.py:840} INFO - DAG(s) 'hello_airflow' retrieved from /opt/airflow/dags/hello_airflow.py
[2026-08-12T13:39:59.189+0000] {logging_mixin.py:188} INFO - [2026-08-12T13:39:59.188+0000] {dag.py:3089} INFO - Sync 1 DAGs
[2026-08-12T13:39:59.324+0000] {logging_mixin.py:188} INFO - [2026-08-12T13:39:59.316+0000] {dag.py:3947} INFO - Setting next_dagrun for hello_airflow to None, run_after=None
[2026-08-12T13:39:59.494+0000] {processor.py:183} INFO - Processing /opt/airflow/dags/hello_airflow.py took 0.778 seconds
[2026-08-12T13:40:29.938+0000] {processor.py:161} INFO - Started process (PID=223) to work on /opt/airflow/dags/hello_airflow.py
[2026-08-12T13:40:29.942+0000] {processor.py:830} INFO - Processing file /opt/airflow/dags/hello_airflow.py for tasks to queue
[2026-08-12T13:40:29.948+0000] {logging_mixin.py:188} INFO - [2026-08-12T13:40:29.947+0000] {dagbag.py:545} INFO - Filling up the DagBag from /opt/airflow/dags/hello_airflow.py
[2026-08-12T13:40:29.994+0000] {processor.py:840} INFO - DAG(s) 'hello_airflow' retrieved from /opt/airflow/dags/hello_airflow.py
[2026-08-12T13:40:30.066+0000] {logging_mixin.py:188} INFO - [2026-08-12T13:40:30.065+0000] {dag.py:3089} INFO - Sync 1 DAGs
[2026-08-12T13:40:30.094+0000] {logging_mixin.py:188} INFO - [2026-08-12T13:40:30.093+0000] {dag.py:3947} INFO - Setting next_dagrun for hello_airflow to None, run_after=None
[2026-08-12T13:40:30.134+0000] {processor.py:183} INFO - Processing /opt/airflow/dags/hello_airflow.py took 0.216 seconds
[2026-08-12T13:41:00.284+0000] {processor.py:161} INFO - Started process (PID=242) to work on /opt/airflow/dags/hello_airflow.py
[2026-08-12T13:41:00.285+0000] {processor.py:830} INFO - Processing file /opt/airflow/dags/hello_airflow.py for tasks to queue
[2026-08-12T13:41:00.288+0000] {logging_mixin.py:188} INFO - [2026-08-12T13:41:00.287+0000] {dagbag.py:545} INFO - Filling up the DagBag from /opt/airflow/dags/hello_airflow.py
[2026-08-12T13:41:00.310+0000] {processor.py:840} INFO - DAG(s) 'hello_airflow' retrieved from /opt/airflow/dags/hello_airflow.py
[2026-08-12T13:41:00.343+0000] {logging_mixin.py:188} INFO - [2026-08-12T13:41:00.343+0000] {dag.py:3089} INFO - Sync 1 DAGs
[2026-08-12T13:41:00.359+0000] {logging_mixin.py:188} INFO - [2026-08-12T13:41:00.358+0000] {dag.py:3947} INFO - Setting next_dagrun for hello_airflow to None, run_after=None
[2026-08-12T13:41:00.381+0000] {processor.py:183} INFO - Processing /opt/airflow/dags/hello_airflow.py took 0.104 seconds
[2026-08-12T13:41:30.528+0000] {processor.py:161} INFO - Started process (PID=261) to work on /opt/airflow/dags/hello_airflow.py
[2026-08-12T13:41:30.529+0000] {processor.py:830} INFO - Processing file /opt/airflow/dags/hello_airflow.py for tasks to queue
[2026-08-12T13:41:30.531+0000] {logging_mixin.py:188} INFO - [2026-08-12T13:41:30.531+0000] {dagbag.py:545} INFO - Filling up the DagBag from /opt/airflow/dags/hello_airflow.py
[2026-08-12T13:41:30.545+0000] {processor.py:840} INFO - DAG(s) 'hello_airflow' retrieved from /opt/airflow/dags/hello_airflow.py
[2026-08-12T13:41:30.566+0000] {logging_mixin.py:188} INFO - [2026-08-12T13:41:30.566+0000] {dag.py:3089} INFO - Sync 1 DAGs
[2026-08-12T13:41:30.576+0000] {logging_mixin.py:188} INFO - [2026-08-12T13:41:30.575+0000] {dag.py:3947} INFO - Setting next_dagrun for hello_airflow to None, run_after=None
[2026-08-12T13:41:30.593+0000] {processor.py:183} INFO - Processing /opt/airflow/dags/hello_airflow.py took 0.069 seconds
[2026-08-12T13:42:00.751+0000] {processor.py:161} INFO - Started process (PID=287) to work on /opt/airflow/dags/hello_airflow.py
[2026-08-12T13:42:00.753+0000] {processor.py:830} INFO - Processing file /opt/airflow/dags/hello_airflow.py for tasks to queue
[2026-08-12T13:42:00.755+0000] {logging_mixin.py:188} INFO - [2026-08-12T13:42:00.755+0000] {dagbag.py:545} INFO - Filling up the DagBag from /opt/airflow/dags/hello_airflow.py
[2026-08-12T13:42:00.773+0000] {processor.py:840} INFO - DAG(s) 'hello_airflow' retrieved from /opt/airflow/dags/hello_airflow.py
[2026-08-12T13:42:00.809+0000] {logging_mixin.py:188} INFO - [2026-08-12T13:42:00.809+0000] {dag.py:3089} INFO - Sync 1 DAGs
[2026-08-12T13:42:00.824+0000] {logging_mixin.py:188} INFO - [2026-08-12T13:42:00.824+0000] {dag.py:3947} INFO - Setting next_dagrun for hello_airflow to None, run_after=None
[2026-08-12T13:42:00.848+0000] {processor.py:183} INFO - Processing /opt/airflow/dags/hello_airflow.py took 0.103 seconds
[2026-08-12T13:42:30.969+0000] {processor.py:161} INFO - Started process (PID=306) to work on /opt/airflow/dags/hello_airflow.py
[2026-08-12T13:42:30.971+0000] {processor.py:830} INFO - Processing file /opt/airflow/dags/hello_airflow.py for tasks to queue
[2026-08-12T13:42:30.974+0000] {logging_mixin.py:188} INFO - [2026-08-12T13:42:30.973+0000] {dagbag.py:545} INFO - Filling up the DagBag from /opt/airflow/dags/hello_airflow.py
[2026-08-12T13:42:30.994+0000] {processor.py:840} INFO - DAG(s) 'hello_airflow' retrieved from /opt/airflow/dags/hello_airflow.py
[2026-08-12T13:42:31.028+0000] {logging_mixin.py:188} INFO - [2026-08-12T13:42:31.028+0000] {dag.py:3089} INFO - Sync 1 DAGs
[2026-08-12T13:42:31.044+0000] {logging_mixin.py:188} INFO - [2026-08-12T13:42:31.044+0000] {dag.py:3947} INFO - Setting next_dagrun for hello_airflow to None, run_after=None
[2026-08-12T13:42:31.078+0000] {processor.py:183} INFO - Processing /opt/airflow/dags/hello_airflow.py took 0.115 seconds
[2026-08-12T13:43:01.235+0000] {processor.py:161} INFO - Started process (PID=325) to work on /opt/airflow/dags/hello_airflow.py
[2026-08-12T13:43:01.236+0000] {processor.py:830} INFO - Processing file /opt/airflow/dags/hello_airflow.py for tasks to queue
[2026-08-12T13:43:01.238+0000] {logging_mixin.py:188} INFO - [2026-08-12T13:43:01.238+0000] {dagbag.py:545} INFO - Filling up the DagBag from /opt/airflow/dags/hello_airflow.py
[2026-08-12T13:43:01.252+0000] {processor.py:840} INFO - DAG(s) 'hello_airflow' retrieved from /opt/airflow/dags/hello_airflow.py
[2026-08-12T13:43:01.273+0000] {logging_mixin.py:188} INFO - [2026-08-12T13:43:01.273+0000] {dag.py:3089} INFO - Sync 1 DAGs
[2026-08-12T13:43:01.283+0000] {logging_mixin.py:188} INFO - [2026-08-12T13:43:01.283+0000] {dag.py:3947} INFO - Setting next_dagrun for hello_airflow to None, run_after=None
[2026-08-12T13:43:01.298+0000] {processor.py:183} INFO - Processing /opt/airflow/dags/hello_airflow.py took 0.068 seconds
[2026-08-12T13:43:31.502+0000] {processor.py:161} INFO - Started process (PID=351) to work on /opt/airflow/dags/hello_airflow.py
[2026-08-12T13:43:31.504+0000] {processor.py:830} INFO - Processing file /opt/airflow/dags/hello_airflow.py for tasks to queue
[2026-08-12T13:43:31.508+0000] {logging_mixin.py:188} INFO - [2026-08-12T13:43:31.507+0000] {dagbag.py:545} INFO - Filling up the DagBag from /opt/airflow/dags/hello_airflow.py
[2026-08-12T13:43:31.534+0000] {processor.py:840} INFO - DAG(s) 'hello_airflow' retrieved from /opt/airflow/dags/hello_airflow.py
[2026-08-12T13:43:31.575+0000] {logging_mixin.py:188} INFO - [2026-08-12T13:43:31.574+0000] {dag.py:3089} INFO - Sync 1 DAGs
[2026-08-12T13:43:31.595+0000] {logging_mixin.py:188} INFO - [2026-08-12T13:43:31.595+0000] {dag.py:3947} INFO - Setting next_dagrun for hello_airflow to None, run_after=None
[2026-08-12T13:43:31.625+0000] {processor.py:183} INFO - Processing /opt/airflow/dags/hello_airflow.py took 0.132 seconds
[2026-08-12T13:44:01.709+0000] {processor.py:161} INFO - Started process (PID=370) to work on /opt/airflow/dags/hello_airflow.py
[2026-08-12T13:44:01.711+0000] {processor.py:830} INFO - Processing file /opt/airflow/dags/hello_airflow.py for tasks to queue
[2026-08-12T13:44:01.715+0000] {logging_mixin.py:188} INFO - [2026-08-12T13:44:01.714+0000] {dagbag.py:545} INFO - Filling up the DagBag from /opt/airflow/dags/hello_airflow.py
[2026-08-12T13:44:01.742+0000] {processor.py:840} INFO - DAG(s) 'hello_airflow' retrieved from /opt/airflow/dags/hello_airflow.py
[2026-08-12T13:44:01.769+0000] {logging_mixin.py:188} INFO - [2026-08-12T13:44:01.769+0000] {dag.py:3089} INFO - Sync 1 DAGs
[2026-08-12T13:44:01.781+0000] {logging_mixin.py:188} INFO - [2026-08-12T13:44:01.781+0000] {dag.py:3947} INFO - Setting next_dagrun for hello_airflow to None, run_after=None
[2026-08-12T13:44:01.802+0000] {processor.py:183} INFO - Processing /opt/airflow/dags/hello_airflow.py took 0.099 seconds
[2026-08-12T13:44:32.084+0000] {processor.py:161} INFO - Started process (PID=389) to work on /opt/airflow/dags/hello_airflow.py
[2026-08-12T13:44:32.085+0000] {processor.py:830} INFO - Processing file /opt/airflow/dags/hello_airflow.py for tasks to queue
[2026-08-12T13:44:32.086+0000] {logging_mixin.py:188} INFO - [2026-08-12T13:44:32.086+0000] {dagbag.py:545} INFO - Filling up the DagBag from /opt/airflow/dags/hello_airflow.py
[2026-08-12T13:44:32.098+0000] {processor.py:840} INFO - DAG(s) 'hello_airflow' retrieved from /opt/airflow/dags/hello_airflow.py
[2026-08-12T13:44:32.121+0000] {logging_mixin.py:188} INFO - [2026-08-12T13:44:32.121+0000] {dag.py:3089} INFO - Sync 1 DAGs
[2026-08-12T13:44:32.131+0000] {logging_mixin.py:188} INFO - [2026-08-12T13:44:32.130+0000] {dag.py:3947} INFO - Setting next_dagrun for hello_airflow to None, run_after=None
[2026-08-12T13:44:32.153+0000] {processor.py:183} INFO - Processing /opt/airflow/dags/hello_airflow.py took 0.074 seconds
[2026-08-12T13:45:02.322+0000] {processor.py:161} INFO - Started process (PID=415) to work on /opt/airflow/dags/hello_airflow.py
[2026-08-12T13:45:02.324+0000] {processor.py:830} INFO - Processing file /opt/airflow/dags/hello_airflow.py for tasks to queue
[2026-08-12T13:45:02.329+0000] {logging_mixin.py:188} INFO - [2026-08-12T13:45:02.328+0000] {dagbag.py:545} INFO - Filling up the DagBag from /opt/airflow/dags/hello_airflow.py
[2026-08-12T13:45:02.360+0000] {processor.py:840} INFO - DAG(s) 'hello_airflow' retrieved from /opt/airflow/dags/hello_airflow.py
[2026-08-12T13:45:02.411+0000] {logging_mixin.py:188} INFO - [2026-08-12T13:45:02.411+0000] {dag.py:3089} INFO - Sync 1 DAGs
[2026-08-12T13:45:02.482+0000] {logging_mixin.py:188} INFO - [2026-08-12T13:45:02.481+0000] {dag.py:3947} INFO - Setting next_dagrun for hello_airflow to None, run_after=None
[2026-08-12T13:45:02.530+0000] {processor.py:183} INFO - Processing /opt/airflow/dags/hello_airflow.py took 0.225 seconds
[2026-08-12T13:45:32.741+0000] {processor.py:161} INFO - Started process (PID=434) to work on /opt/airflow/dags/hello_airflow.py
[2026-08-12T13:45:32.742+0000] {processor.py:830} INFO - Processing file /opt/airflow/dags/hello_airflow.py for tasks to queue
[2026-08-12T13:45:32.744+0000] {logging_mixin.py:188} INFO - [2026-08-12T13:45:32.743+0000] {dagbag.py:545} INFO - Filling up the DagBag from /opt/airflow/dags/hello_airflow.py
[2026-08-12T13:45:32.758+0000] {processor.py:840} INFO - DAG(s) 'hello_airflow' retrieved from /opt/airflow/dags/hello_airflow.py
[2026-08-12T13:45:32.783+0000] {logging_mixin.py:188} INFO - [2026-08-12T13:45:32.783+0000] {dag.py:3089} INFO - Sync 1 DAGs
[2026-08-12T13:45:32.795+0000] {logging_mixin.py:188} INFO - [2026-08-12T13:45:32.795+0000] {dag.py:3947} INFO - Setting next_dagrun for hello_airflow to None, run_after=None
[2026-08-12T13:45:32.810+0000] {processor.py:183} INFO - Processing /opt/airflow/dags/hello_airflow.py took 0.075 seconds
[2026-08-12T13:46:02.960+0000] {processor.py:161} INFO - Started process (PID=453) to work on /opt/airflow/dags/hello_airflow.py
[2026-08-12T13:46:02.962+0000] {processor.py:830} INFO - Processing file /opt/airflow/dags/hello_airflow.py for tasks to queue
[2026-08-12T13:46:02.964+0000] {logging_mixin.py:188} INFO - [2026-08-12T13:46:02.964+0000] {dagbag.py:545} INFO - Filling up the DagBag from /opt/airflow/dags/hello_airflow.py
[2026-08-12T13:46:02.977+0000] {processor.py:840} INFO - DAG(s) 'hello_airflow' retrieved from /opt/airflow/dags/hello_airflow.py
[2026-08-12T13:46:03.000+0000] {logging_mixin.py:188} INFO - [2026-08-12T13:46:03.000+0000] {dag.py:3089} INFO - Sync 1 DAGs
[2026-08-12T13:46:03.011+0000] {logging_mixin.py:188} INFO - [2026-08-12T13:46:03.011+0000] {dag.py:3947} INFO - Setting next_dagrun for hello_airflow to None, run_after=None
[2026-08-12T13:46:03.028+0000] {processor.py:183} INFO - Processing /opt/airflow/dags/hello_airflow.py took 0.073 seconds
[2026-08-12T13:46:33.204+0000] {processor.py:161} INFO - Started process (PID=479) to work on /opt/airflow/dags/hello_airflow.py
[2026-08-12T13:46:33.205+0000] {processor.py:830} INFO - Processing file /opt/airflow/dags/hello_airflow.py for tasks to queue
[2026-08-12T13:46:33.208+0000] {logging_mixin.py:188} INFO - [2026-08-12T13:46:33.208+0000] {dagbag.py:545} INFO - Filling up the DagBag from /opt/airflow/dags/hello_airflow.py
[2026-08-12T13:46:33.227+0000] {processor.py:840} INFO - DAG(s) 'hello_airflow' retrieved from /opt/airflow/dags/hello_airflow.py
[2026-08-12T13:46:33.260+0000] {logging_mixin.py:188} INFO - [2026-08-12T13:46:33.260+0000] {dag.py:3089} INFO - Sync 1 DAGs
[2026-08-12T13:46:33.275+0000] {logging_mixin.py:188} INFO - [2026-08-12T13:46:33.275+0000] {dag.py:3947} INFO - Setting next_dagrun for hello_airflow to None, run_after=None
[2026-08-12T13:46:33.298+0000] {processor.py:183} INFO - Processing /opt/airflow/dags/hello_airflow.py took 0.101 seconds
[2026-08-12T13:47:03.407+0000] {processor.py:161} INFO - Started process (PID=498) to work on /opt/airflow/dags/hello_airflow.py
[2026-08-12T13:47:03.409+0000] {processor.py:830} INFO - Processing file /opt/airflow/dags/hello_airflow.py for tasks to queue
[2026-08-12T13:47:03.411+0000] {logging_mixin.py:188} INFO - [2026-08-12T13:47:03.411+0000] {dagbag.py:545} INFO - Filling up the DagBag from /opt/airflow/dags/hello_airflow.py
[2026-08-12T13:47:03.423+0000] {processor.py:840} INFO - DAG(s) 'hello_airflow' retrieved from /opt/airflow/dags/hello_airflow.py
[2026-08-12T13:47:03.446+0000] {logging_mixin.py:188} INFO - [2026-08-12T13:47:03.446+0000] {dag.py:3089} INFO - Sync 1 DAGs
[2026-08-12T13:47:03.457+0000] {logging_mixin.py:188} INFO - [2026-08-12T13:47:03.457+0000] {dag.py:3947} INFO - Setting next_dagrun for hello_airflow to None, run_after=None
[2026-08-12T13:47:03.474+0000] {processor.py:183} INFO - Processing /opt/airflow/dags/hello_airflow.py took 0.071 seconds
[2026-08-12T13:47:33.680+0000] {processor.py:161} INFO - Started process (PID=524) to work on /opt/airflow/dags/hello_airflow.py
[2026-08-12T13:47:33.681+0000] {processor.py:830} INFO - Processing file /opt/airflow/dags/hello_airflow.py for tasks to queue
[2026-08-12T13:47:33.683+0000] {logging_mixin.py:188} INFO - [2026-08-12T13:47:33.682+0000] {dagbag.py:545} INFO - Filling up the DagBag from /opt/airflow/dags/hello_airflow.py
[2026-08-12T13:47:33.694+0000] {processor.py:840} INFO - DAG(s) 'hello_airflow' retrieved from /opt/airflow/dags/hello_airflow.py
[2026-08-12T13:47:33.717+0000] {logging_mixin.py:188} INFO - [2026-08-12T13:47:33.716+0000] {dag.py:3089} INFO - Sync 1 DAGs
[2026-08-12T13:47:33.728+0000] {logging_mixin.py:188} INFO - [2026-08-12T13:47:33.727+0000] {dag.py:3947} INFO - Setting next_dagrun for hello_airflow to None, run_after=None
[2026-08-12T13:47:33.744+0000] {processor.py:183} INFO - Processing /opt/airflow/dags/hello_airflow.py took 0.069 seconds
[2026-08-12T13:48:03.891+0000] {processor.py:161} INFO - Started process (PID=544) to work on /opt/airflow/dags/hello_airflow.py
[2026-08-12T13:48:03.892+0000] {processor.py:830} INFO - Processing file /opt/airflow/dags/hello_airflow.py for tasks to queue
[2026-08-12T13:48:03.894+0000] {logging_mixin.py:188} INFO - [2026-08-12T13:48:03.894+0000] {dagbag.py:545} INFO - Filling up the DagBag from /opt/airflow/dags/hello_airflow.py
[2026-08-12T13:48:03.909+0000] {processor.py:840} INFO - DAG(s) 'hello_airflow' retrieved from /opt/airflow/dags/hello_airflow.py
[2026-08-12T13:48:03.933+0000] {logging_mixin.py:188} INFO - [2026-08-12T13:48:03.933+0000] {dag.py:3089} INFO - Sync 1 DAGs
[2026-08-12T13:48:03.946+0000] {logging_mixin.py:188} INFO - [2026-08-12T13:48:03.946+0000] {dag.py:3947} INFO - Setting next_dagrun for hello_airflow to None, run_after=None
[2026-08-12T13:48:03.964+0000] {processor.py:183} INFO - Processing /opt/airflow/dags/hello_airflow.py took 0.077 seconds
[2026-08-12T13:48:34.124+0000] {processor.py:161} INFO - Started process (PID=563) to work on /opt/airflow/dags/hello_airflow.py
[2026-08-12T13:48:34.125+0000] {processor.py:830} INFO - Processing file /opt/airflow/dags/hello_airflow.py for tasks to queue
[2026-08-12T13:48:34.127+0000] {logging_mixin.py:188} INFO - [2026-08-12T13:48:34.127+0000] {dagbag.py:545} INFO - Filling up the DagBag from /opt/airflow/dags/hello_airflow.py
[2026-08-12T13:48:34.140+0000] {processor.py:840} INFO - DAG(s) 'hello_airflow' retrieved from /opt/airflow/dags/hello_airflow.py
[2026-08-12T13:48:34.161+0000] {logging_mixin.py:188} INFO - [2026-08-12T13:48:34.161+0000] {dag.py:3089} INFO - Sync 1 DAGs
[2026-08-12T13:48:34.172+0000] {logging_mixin.py:188} INFO - [2026-08-12T13:48:34.171+0000] {dag.py:3947} INFO - Setting next_dagrun for hello_airflow to None, run_after=None
[2026-08-12T13:48:34.186+0000] {processor.py:183} INFO - Processing /opt/airflow/dags/hello_airflow.py took 0.066 seconds
[2026-08-12T13:49:04.368+0000] {processor.py:161} INFO - Started process (PID=589) to work on /opt/airflow/dags/hello_airflow.py
[2026-08-12T13:49:04.369+0000] {processor.py:830} INFO - Processing file /opt/airflow/dags/hello_airflow.py for tasks to queue
[2026-08-12T13:49:04.373+0000] {logging_mixin.py:188} INFO - [2026-08-12T13:49:04.372+0000] {dagbag.py:545} INFO - Filling up the DagBag from /opt/airflow/dags/hello_airflow.py
[2026-08-12T13:49:04.394+0000] {processor.py:840} INFO - DAG(s) 'hello_airflow' retrieved from /opt/airflow/dags/hello_airflow.py
[2026-08-12T13:49:04.428+0000] {logging_mixin.py:188} INFO - [2026-08-12T13:49:04.428+0000] {dag.py:3089} INFO - Sync 1 DAGs
[2026-08-12T13:49:04.446+0000] {logging_mixin.py:188} INFO - [2026-08-12T13:49:04.445+0000] {dag.py:3947} INFO - Setting next_dagrun for hello_airflow to None, run_after=None
[2026-08-12T13:49:04.470+0000] {processor.py:183} INFO - Processing /opt/airflow/dags/hello_airflow.py took 0.110 seconds
[2026-08-12T13:49:34.613+0000] {processor.py:161} INFO - Started process (PID=609) to work on /opt/airflow/dags/hello_airflow.py
[2026-08-12T13:49:34.614+0000] {processor.py:830} INFO - Processing file /opt/airflow/dags/hello_airflow.py for tasks to queue
[2026-08-12T13:49:34.616+0000] {logging_mixin.py:188} INFO - [2026-08-12T13:49:34.616+0000] {dagbag.py:545} INFO - Filling up the DagBag from /opt/airflow/dags/hello_airflow.py
[2026-08-12T13:49:34.632+0000] {processor.py:840} INFO - DAG(s) 'hello_airflow' retrieved from /opt/airflow/dags/hello_airflow.py
[2026-08-12T13:49:34.655+0000] {logging_mixin.py:188} INFO - [2026-08-12T13:49:34.655+0000] {dag.py:3089} INFO - Sync 1 DAGs
[2026-08-12T13:49:34.666+0000] {logging_mixin.py:188} INFO - [2026-08-12T13:49:34.666+0000] {dag.py:3947} INFO - Setting next_dagrun for hello_airflow to None, run_after=None
[2026-08-12T13:49:34.683+0000] {processor.py:183} INFO - Processing /opt/airflow/dags/hello_airflow.py took 0.076 seconds
[2026-08-12T13:50:04.850+0000] {processor.py:161} INFO - Started process (PID=628) to work on /opt/airflow/dags/hello_airflow.py
[2026-08-12T13:50:04.851+0000] {processor.py:830} INFO - Processing file /opt/airflow/dags/hello_airflow.py for tasks to queue
[2026-08-12T13:50:04.853+0000] {logging_mixin.py:188} INFO - [2026-08-12T13:50:04.853+0000] {dagbag.py:545} INFO - Filling up the DagBag from /opt/airflow/dags/hello_airflow.py
[2026-08-12T13:50:04.866+0000] {processor.py:840} INFO - DAG(s) 'hello_airflow' retrieved from /opt/airflow/dags/hello_airflow.py
[2026-08-12T13:50:04.886+0000] {logging_mixin.py:188} INFO - [2026-08-12T13:50:04.886+0000] {dag.py:3089} INFO - Sync 1 DAGs
[2026-08-12T13:50:04.896+0000] {logging_mixin.py:188} INFO - [2026-08-12T13:50:04.896+0000] {dag.py:3947} INFO - Setting next_dagrun for hello_airflow to None, run_after=None
[2026-08-12T13:50:04.911+0000] {processor.py:183} INFO - Processing /opt/airflow/dags/hello_airflow.py took 0.065 seconds
[2026-08-12T13:50:35.064+0000] {processor.py:161} INFO - Started process (PID=654) to work on /opt/airflow/dags/hello_airflow.py
[2026-08-12T13:50:35.068+0000] {processor.py:830} INFO - Processing file /opt/airflow/dags/hello_airflow.py for tasks to queue
[2026-08-12T13:50:35.072+0000] {logging_mixin.py:188} INFO - [2026-08-12T13:50:35.071+0000] {dagbag.py:545} INFO - Filling up the DagBag from /opt/airflow/dags/hello_airflow.py
[2026-08-12T13:50:35.102+0000] {processor.py:840} INFO - DAG(s) 'hello_airflow' retrieved from /opt/airflow/dags/hello_airflow.py
[2026-08-12T13:50:35.150+0000] {logging_mixin.py:188} INFO - [2026-08-12T13:50:35.149+0000] {dag.py:3089} INFO - Sync 1 DAGs
[2026-08-12T13:50:35.178+0000] {logging_mixin.py:188} INFO - [2026-08-12T13:50:35.178+0000] {dag.py:3947} INFO - Setting next_dagrun for hello_airflow to None, run_after=None
[2026-08-12T13:50:35.211+0000] {processor.py:183} INFO - Processing /opt/airflow/dags/hello_airflow.py took 0.159 seconds
[2026-08-12T13:51:05.285+0000] {processor.py:161} INFO - Started process (PID=673) to work on /opt/airflow/dags/hello_airflow.py
[2026-08-12T13:51:05.286+0000] {processor.py:830} INFO - Processing file /opt/airflow/dags/hello_airflow.py for tasks to queue
[2026-08-12T13:51:05.288+0000] {logging_mixin.py:188} INFO - [2026-08-12T13:51:05.288+0000] {dagbag.py:545} INFO - Filling up the DagBag from /opt/airflow/dags/hello_airflow.py
[2026-08-12T13:51:05.303+0000] {processor.py:840} INFO - DAG(s) 'hello_airflow' retrieved from /opt/airflow/dags/hello_airflow.py
[2026-08-12T13:51:05.327+0000] {logging_mixin.py:188} INFO - [2026-08-12T13:51:05.326+0000] {dag.py:3089} INFO - Sync 1 DAGs
[2026-08-12T13:51:05.337+0000] {logging_mixin.py:188} INFO - [2026-08-12T13:51:05.337+0000] {dag.py:3947} INFO - Setting next_dagrun for hello_airflow to None, run_after=None
[2026-08-12T13:51:05.353+0000] {processor.py:183} INFO - Processing /opt/airflow/dags/hello_airflow.py took 0.072 seconds
[2026-08-12T13:51:35.500+0000] {processor.py:161} INFO - Started process (PID=692) to work on /opt/airflow/dags/hello_airflow.py
[2026-08-12T13:51:35.501+0000] {processor.py:830} INFO - Processing file /opt/airflow/dags/hello_airflow.py for tasks to queue
[2026-08-12T13:51:35.503+0000] {logging_mixin.py:188} INFO - [2026-08-12T13:51:35.502+0000] {dagbag.py:545} INFO - Filling up the DagBag from /opt/airflow/dags/hello_airflow.py
[2026-08-12T13:51:35.517+0000] {processor.py:840} INFO - DAG(s) 'hello_airflow' retrieved from /opt/airflow/dags/hello_airflow.py
[2026-08-12T13:51:35.539+0000] {logging_mixin.py:188} INFO - [2026-08-12T13:51:35.539+0000] {dag.py:3089} INFO - Sync 1 DAGs
[2026-08-12T13:51:35.550+0000] {logging_mixin.py:188} INFO - [2026-08-12T13:51:35.550+0000] {dag.py:3947} INFO - Setting next_dagrun for hello_airflow to None, run_after=None
[2026-08-12T13:51:35.566+0000] {processor.py:183} INFO - Processing /opt/airflow/dags/hello_airflow.py took 0.071 seconds
[2026-08-12T13:52:05.732+0000] {processor.py:161} INFO - Started process (PID=719) to work on /opt/airflow/dags/hello_airflow.py
[2026-08-12T13:52:05.734+0000] {processor.py:830} INFO - Processing file /opt/airflow/dags/hello_airflow.py for tasks to queue
[2026-08-12T13:52:05.737+0000] {logging_mixin.py:188} INFO - [2026-08-12T13:52:05.737+0000] {dagbag.py:545} INFO - Filling up the DagBag from /opt/airflow/dags/hello_airflow.py
[2026-08-12T13:52:05.763+0000] {processor.py:840} INFO - DAG(s) 'hello_airflow' retrieved from /opt/airflow/dags/hello_airflow.py
[2026-08-12T13:52:05.803+0000] {logging_mixin.py:188} INFO - [2026-08-12T13:52:05.803+0000] {dag.py:3089} INFO - Sync 1 DAGs
[2026-08-12T13:52:05.821+0000] {logging_mixin.py:188} INFO - [2026-08-12T13:52:05.821+0000] {dag.py:3947} INFO - Setting next_dagrun for hello_airflow to None, run_after=None
[2026-08-12T13:52:05.849+0000] {processor.py:183} INFO - Processing /opt/airflow/dags/hello_airflow.py took 0.125 seconds
[2026-08-12T13:52:35.928+0000] {processor.py:161} INFO - Started process (PID=738) to work on /opt/airflow/dags/hello_airflow.py
[2026-08-12T13:52:35.929+0000] {processor.py:830} INFO - Processing file /opt/airflow/dags/hello_airflow.py for tasks to queue
[2026-08-12T13:52:35.932+0000] {logging_mixin.py:188} INFO - [2026-08-12T13:52:35.931+0000] {dagbag.py:545} INFO - Filling up the DagBag from /opt/airflow/dags/hello_airflow.py
[2026-08-12T13:52:35.947+0000] {processor.py:840} INFO - DAG(s) 'hello_airflow' retrieved from /opt/airflow/dags/hello_airflow.py
[2026-08-12T13:52:35.971+0000] {logging_mixin.py:188} INFO - [2026-08-12T13:52:35.971+0000] {dag.py:3089} INFO - Sync 1 DAGs
[2026-08-12T13:52:35.981+0000] {logging_mixin.py:188} INFO - [2026-08-12T13:52:35.981+0000] {dag.py:3947} INFO - Setting next_dagrun for hello_airflow to None, run_after=None
[2026-08-12T13:52:35.998+0000] {processor.py:183} INFO - Processing /opt/airflow/dags/hello_airflow.py took 0.075 seconds
[2026-08-12T13:53:06.125+0000] {processor.py:161} INFO - Started process (PID=757) to work on /opt/airflow/dags/hello_airflow.py
[2026-08-12T13:53:06.126+0000] {processor.py:830} INFO - Processing file /opt/airflow/dags/hello_airflow.py for tasks to queue
[2026-08-12T13:53:06.128+0000] {logging_mixin.py:188} INFO - [2026-08-12T13:53:06.128+0000] {dagbag.py:545} INFO - Filling up the DagBag from /opt/airflow/dags/hello_airflow.py
[2026-08-12T13:53:06.144+0000] {processor.py:840} INFO - DAG(s) 'hello_airflow' retrieved from /opt/airflow/dags/hello_airflow.py
[2026-08-12T13:53:06.168+0000] {logging_mixin.py:188} INFO - [2026-08-12T13:53:06.167+0000] {dag.py:3089} INFO - Sync 1 DAGs
[2026-08-12T13:53:06.179+0000] {logging_mixin.py:188} INFO - [2026-08-12T13:53:06.179+0000] {dag.py:3947} INFO - Setting next_dagrun for hello_airflow to None, run_after=None
[2026-08-12T13:53:06.195+0000] {processor.py:183} INFO - Processing /opt/airflow/dags/hello_airflow.py took 0.076 seconds
[2026-08-12T13:53:36.359+0000] {processor.py:161} INFO - Started process (PID=783) to work on /opt/airflow/dags/hello_airflow.py
[2026-08-12T13:53:36.361+0000] {processor.py:830} INFO - Processing file /opt/airflow/dags/hello_airflow.py for tasks to queue
[2026-08-12T13:53:36.363+0000] {logging_mixin.py:188} INFO - [2026-08-12T13:53:36.363+0000] {dagbag.py:545} INFO - Filling up the DagBag from /opt/airflow/dags/hello_airflow.py
[2026-08-12T13:53:36.382+0000] {processor.py:840} INFO - DAG(s) 'hello_airflow' retrieved from /opt/airflow/dags/hello_airflow.py
[2026-08-12T13:53:36.411+0000] {logging_mixin.py:188} INFO - [2026-08-12T13:53:36.411+0000] {dag.py:3089} INFO - Sync 1 DAGs
[2026-08-12T13:53:36.426+0000] {logging_mixin.py:188} INFO - [2026-08-12T13:53:36.425+0000] {dag.py:3947} INFO - Setting next_dagrun for hello_airflow to None, run_after=None
[2026-08-12T13:53:36.448+0000] {processor.py:183} INFO - Processing /opt/airflow/dags/hello_airflow.py took 0.096 seconds
[2026-08-12T13:54:06.562+0000] {processor.py:161} INFO - Started process (PID=802) to work on /opt/airflow/dags/hello_airflow.py
[2026-08-12T13:54:06.563+0000] {processor.py:830} INFO - Processing file /opt/airflow/dags/hello_airflow.py for tasks to queue
[2026-08-12T13:54:06.565+0000] {logging_mixin.py:188} INFO - [2026-08-12T13:54:06.565+0000] {dagbag.py:545} INFO - Filling up the DagBag from /opt/airflow/dags/hello_airflow.py
[2026-08-12T13:54:06.580+0000] {processor.py:840} INFO - DAG(s) 'hello_airflow' retrieved from /opt/airflow/dags/hello_airflow.py
[2026-08-12T13:54:06.603+0000] {logging_mixin.py:188} INFO - [2026-08-12T13:54:06.603+0000] {dag.py:3089} INFO - Sync 1 DAGs
[2026-08-12T13:54:06.614+0000] {logging_mixin.py:188} INFO - [2026-08-12T13:54:06.614+0000] {dag.py:3947} INFO - Setting next_dagrun for hello_airflow to None, run_after=None
[2026-08-12T13:54:06.630+0000] {processor.py:183} INFO - Processing /opt/airflow/dags/hello_airflow.py took 0.073 seconds
[2026-08-12T13:54:36.859+0000] {processor.py:161} INFO - Started process (PID=828) to work on /opt/airflow/dags/hello_airflow.py
[2026-08-12T13:54:36.860+0000] {processor.py:830} INFO - Processing file /opt/airflow/dags/hello_airflow.py for tasks to queue
[2026-08-12T13:54:36.862+0000] {logging_mixin.py:188} INFO - [2026-08-12T13:54:36.862+0000] {dagbag.py:545} INFO - Filling up the DagBag from /opt/airflow/dags/hello_airflow.py
[2026-08-12T13:54:36.876+0000] {processor.py:840} INFO - DAG(s) 'hello_airflow' retrieved from /opt/airflow/dags/hello_airflow.py
[2026-08-12T13:54:36.900+0000] {logging_mixin.py:188} INFO - [2026-08-12T13:54:36.900+0000] {dag.py:3089} INFO - Sync 1 DAGs
[2026-08-12T13:54:36.912+0000] {logging_mixin.py:188} INFO - [2026-08-12T13:54:36.911+0000] {dag.py:3947} INFO - Setting next_dagrun for hello_airflow to None, run_after=None
[2026-08-12T13:54:36.928+0000] {processor.py:183} INFO - Processing /opt/airflow/dags/hello_airflow.py took 0.074 seconds
[2026-08-12T13:55:07.082+0000] {processor.py:161} INFO - Started process (PID=847) to work on /opt/airflow/dags/hello_airflow.py
[2026-08-12T13:55:07.084+0000] {processor.py:830} INFO - Processing file /opt/airflow/dags/hello_airflow.py for tasks to queue
[2026-08-12T13:55:07.087+0000] {logging_mixin.py:188} INFO - [2026-08-12T13:55:07.087+0000] {dagbag.py:545} INFO - Filling up the DagBag from /opt/airflow/dags/hello_airflow.py
[2026-08-12T13:55:07.112+0000] {processor.py:840} INFO - DAG(s) 'hello_airflow' retrieved from /opt/airflow/dags/hello_airflow.py
[2026-08-12T13:55:07.147+0000] {logging_mixin.py:188} INFO - [2026-08-12T13:55:07.147+0000] {dag.py:3089} INFO - Sync 1 DAGs
[2026-08-12T13:55:07.163+0000] {logging_mixin.py:188} INFO - [2026-08-12T13:55:07.163+0000] {dag.py:3947} INFO - Setting next_dagrun for hello_airflow to None, run_after=None
[2026-08-12T13:55:07.187+0000] {processor.py:183} INFO - Processing /opt/airflow/dags/hello_airflow.py took 0.111 seconds
[2026-08-12T13:55:37.299+0000] {processor.py:161} INFO - Started process (PID=866) to work on /opt/airflow/dags/hello_airflow.py
[2026-08-12T13:55:37.301+0000] {processor.py:830} INFO - Processing file /opt/airflow/dags/hello_airflow.py for tasks to queue
[2026-08-12T13:55:37.303+0000] {logging_mixin.py:188} INFO - [2026-08-12T13:55:37.303+0000] {dagbag.py:545} INFO - Filling up the DagBag from /opt/airflow/dags/hello_airflow.py
[2026-08-12T13:55:37.318+0000] {processor.py:840} INFO - DAG(s) 'hello_airflow' retrieved from /opt/airflow/dags/hello_airflow.py
[2026-08-12T13:55:37.340+0000] {logging_mixin.py:188} INFO - [2026-08-12T13:55:37.340+0000] {dag.py:3089} INFO - Sync 1 DAGs
[2026-08-12T13:55:37.350+0000] {logging_mixin.py:188} INFO - [2026-08-12T13:55:37.350+0000] {dag.py:3947} INFO - Setting next_dagrun for hello_airflow to None, run_after=None
[2026-08-12T13:55:37.366+0000] {processor.py:183} INFO - Processing /opt/airflow/dags/hello_airflow.py took 0.072 seconds
[2026-08-12T13:56:07.563+0000] {processor.py:161} INFO - Started process (PID=885) to work on /opt/airflow/dags/hello_airflow.py
[2026-08-12T13:56:07.564+0000] {processor.py:830} INFO - Processing file /opt/airflow/dags/hello_airflow.py for tasks to queue
[2026-08-12T13:56:07.567+0000] {logging_mixin.py:188} INFO - [2026-08-12T13:56:07.566+0000] {dagbag.py:545} INFO - Filling up the DagBag from /opt/airflow/dags/hello_airflow.py
[2026-08-12T13:56:07.582+0000] {processor.py:840} INFO - DAG(s) 'hello_airflow' retrieved from /opt/airflow/dags/hello_airflow.py
[2026-08-12T13:56:07.607+0000] {logging_mixin.py:188} INFO - [2026-08-12T13:56:07.607+0000] {dag.py:3089} INFO - Sync 1 DAGs
[2026-08-12T13:56:07.619+0000] {logging_mixin.py:188} INFO - [2026-08-12T13:56:07.619+0000] {dag.py:3947} INFO - Setting next_dagrun for hello_airflow to None, run_after=None
[2026-08-12T13:56:07.637+0000] {processor.py:183} INFO - Processing /opt/airflow/dags/hello_airflow.py took 0.079 seconds
[2026-08-12T13:56:37.770+0000] {processor.py:161} INFO - Started process (PID=911) to work on /opt/airflow/dags/hello_airflow.py
[2026-08-12T13:56:37.772+0000] {processor.py:830} INFO - Processing file /opt/airflow/dags/hello_airflow.py for tasks to queue
[2026-08-12T13:56:37.775+0000] {logging_mixin.py:188} INFO - [2026-08-12T13:56:37.774+0000] {dagbag.py:545} INFO - Filling up the DagBag from /opt/airflow/dags/hello_airflow.py
[2026-08-12T13:56:37.797+0000] {processor.py:840} INFO - DAG(s) 'hello_airflow' retrieved from /opt/airflow/dags/hello_airflow.py
[2026-08-12T13:56:37.832+0000] {logging_mixin.py:188} INFO - [2026-08-12T13:56:37.832+0000] {dag.py:3089} INFO - Sync 1 DAGs
[2026-08-12T13:56:37.849+0000] {logging_mixin.py:188} INFO - [2026-08-12T13:56:37.848+0000] {dag.py:3947} INFO - Setting next_dagrun for hello_airflow to None, run_after=None
[2026-08-12T13:56:37.874+0000] {processor.py:183} INFO - Processing /opt/airflow/dags/hello_airflow.py took 0.111 seconds
[2026-08-12T13:57:08.006+0000] {processor.py:161} INFO - Started process (PID=930) to work on /opt/airflow/dags/hello_airflow.py
[2026-08-12T13:57:08.007+0000] {processor.py:830} INFO - Processing file /opt/airflow/dags/hello_airflow.py for tasks to queue
[2026-08-12T13:57:08.009+0000] {logging_mixin.py:188} INFO - [2026-08-12T13:57:08.009+0000] {dagbag.py:545} INFO - Filling up the DagBag from /opt/airflow/dags/hello_airflow.py
[2026-08-12T13:57:08.024+0000] {processor.py:840} INFO - DAG(s) 'hello_airflow' retrieved from /opt/airflow/dags/hello_airflow.py
[2026-08-12T13:57:08.048+0000] {logging_mixin.py:188} INFO - [2026-08-12T13:57:08.048+0000] {dag.py:3089} INFO - Sync 1 DAGs
[2026-08-12T13:57:08.059+0000] {logging_mixin.py:188} INFO - [2026-08-12T13:57:08.058+0000] {dag.py:3947} INFO - Setting next_dagrun for hello_airflow to None, run_after=None
[2026-08-12T13:57:08.075+0000] {processor.py:183} INFO - Processing /opt/airflow/dags/hello_airflow.py took 0.075 seconds
[2026-08-12T13:57:38.241+0000] {processor.py:161} INFO - Started process (PID=956) to work on /opt/airflow/dags/hello_airflow.py
[2026-08-12T13:57:38.242+0000] {processor.py:830} INFO - Processing file /opt/airflow/dags/hello_airflow.py for tasks to queue
[2026-08-12T13:57:38.245+0000] {logging_mixin.py:188} INFO - [2026-08-12T13:57:38.245+0000] {dagbag.py:545} INFO - Filling up the DagBag from /opt/airflow/dags/hello_airflow.py
[2026-08-12T13:57:38.258+0000] {processor.py:840} INFO - DAG(s) 'hello_airflow' retrieved from /opt/airflow/dags/hello_airflow.py
[2026-08-12T13:57:38.282+0000] {logging_mixin.py:188} INFO - [2026-08-12T13:57:38.282+0000] {dag.py:3089} INFO - Sync 1 DAGs
[2026-08-12T13:57:38.294+0000] {logging_mixin.py:188} INFO - [2026-08-12T13:57:38.293+0000] {dag.py:3947} INFO - Setting next_dagrun for hello_airflow to None, run_after=None
[2026-08-12T13:57:38.312+0000] {processor.py:183} INFO - Processing /opt/airflow/dags/hello_airflow.py took 0.076 seconds
[2026-08-12T13:58:08.434+0000] {processor.py:161} INFO - Started process (PID=975) to work on /opt/airflow/dags/hello_airflow.py
[2026-08-12T13:58:08.435+0000] {processor.py:830} INFO - Processing file /opt/airflow/dags/hello_airflow.py for tasks to queue
[2026-08-12T13:58:08.437+0000] {logging_mixin.py:188} INFO - [2026-08-12T13:58:08.437+0000] {dagbag.py:545} INFO - Filling up the DagBag from /opt/airflow/dags/hello_airflow.py
[2026-08-12T13:58:08.451+0000] {processor.py:840} INFO - DAG(s) 'hello_airflow' retrieved from /opt/airflow/dags/hello_airflow.py
[2026-08-12T13:58:08.473+0000] {logging_mixin.py:188} INFO - [2026-08-12T13:58:08.473+0000] {dag.py:3089} INFO - Sync 1 DAGs
[2026-08-12T13:58:08.483+0000] {logging_mixin.py:188} INFO - [2026-08-12T13:58:08.483+0000] {dag.py:3947} INFO - Setting next_dagrun for hello_airflow to None, run_after=None
[2026-08-12T13:58:08.499+0000] {processor.py:183} INFO - Processing /opt/airflow/dags/hello_airflow.py took 0.069 seconds
[2026-08-12T13:58:38.675+0000] {processor.py:161} INFO - Started process (PID=994) to work on /opt/airflow/dags/hello_airflow.py
[2026-08-12T13:58:38.676+0000] {processor.py:830} INFO - Processing file /opt/airflow/dags/hello_airflow.py for tasks to queue
[2026-08-12T13:58:38.678+0000] {logging_mixin.py:188} INFO - [2026-08-12T13:58:38.678+0000] {dagbag.py:545} INFO - Filling up the DagBag from /opt/airflow/dags/hello_airflow.py
[2026-08-12T13:58:38.692+0000] {processor.py:840} INFO - DAG(s) 'hello_airflow' retrieved from /opt/airflow/dags/hello_airflow.py
[2026-08-12T13:58:38.716+0000] {logging_mixin.py:188} INFO - [2026-08-12T13:58:38.715+0000] {dag.py:3089} INFO - Sync 1 DAGs
[2026-08-12T13:58:38.726+0000] {logging_mixin.py:188} INFO - [2026-08-12T13:58:38.726+0000] {dag.py:3947} INFO - Setting next_dagrun for hello_airflow to None, run_after=None
[2026-08-12T13:58:38.742+0000] {processor.py:183} INFO - Processing /opt/airflow/dags/hello_airflow.py took 0.072 seconds
[2026-08-12T13:59:08.885+0000] {processor.py:161} INFO - Started process (PID=1020) to work on /opt/airflow/dags/hello_airflow.py
[2026-08-12T13:59:08.886+0000] {processor.py:830} INFO - Processing file /opt/airflow/dags/hello_airflow.py for tasks to queue
[2026-08-12T13:59:08.890+0000] {logging_mixin.py:188} INFO - [2026-08-12T13:59:08.889+0000] {dagbag.py:545} INFO - Filling up the DagBag from /opt/airflow/dags/hello_airflow.py
[2026-08-12T13:59:08.912+0000] {processor.py:840} INFO - DAG(s) 'hello_airflow' retrieved from /opt/airflow/dags/hello_airflow.py
[2026-08-12T13:59:08.950+0000] {logging_mixin.py:188} INFO - [2026-08-12T13:59:08.950+0000] {dag.py:3089} INFO - Sync 1 DAGs
[2026-08-12T13:59:08.969+0000] {logging_mixin.py:188} INFO - [2026-08-12T13:59:08.969+0000] {dag.py:3947} INFO - Setting next_dagrun for hello_airflow to None, run_after=None
[2026-08-12T13:59:08.997+0000] {processor.py:183} INFO - Processing /opt/airflow/dags/hello_airflow.py took 0.119 seconds
[2026-08-12T13:59:39.153+0000] {processor.py:161} INFO - Started process (PID=1039) to work on /opt/airflow/dags/hello_airflow.py
[2026-08-12T13:59:39.156+0000] {processor.py:830} INFO - Processing file /opt/airflow/dags/hello_airflow.py for tasks to queue
[2026-08-12T13:59:39.158+0000] {logging_mixin.py:188} INFO - [2026-08-12T13:59:39.158+0000] {dagbag.py:545} INFO - Filling up the DagBag from /opt/airflow/dags/hello_airflow.py
[2026-08-12T13:59:39.172+0000] {processor.py:840} INFO - DAG(s) 'hello_airflow' retrieved from /opt/airflow/dags/hello_airflow.py
[2026-08-12T13:59:39.194+0000] {logging_mixin.py:188} INFO - [2026-08-12T13:59:39.194+0000] {dag.py:3089} INFO - Sync 1 DAGs
[2026-08-12T13:59:39.205+0000] {logging_mixin.py:188} INFO - [2026-08-12T13:59:39.205+0000] {dag.py:3947} INFO - Setting next_dagrun for hello_airflow to None, run_after=None
[2026-08-12T13:59:39.220+0000] {processor.py:183} INFO - Processing /opt/airflow/dags/hello_airflow.py took 0.072 seconds
[2026-08-12T14:00:09.385+0000] {processor.py:161} INFO - Started process (PID=1058) to work on /opt/airflow/dags/hello_airflow.py
[2026-08-12T14:00:09.386+0000] {processor.py:830} INFO - Processing file /opt/airflow/dags/hello_airflow.py for tasks to queue
[2026-08-12T14:00:09.389+0000] {logging_mixin.py:188} INFO - [2026-08-12T14:00:09.389+0000] {dagbag.py:545} INFO - Filling up the DagBag from /opt/airflow/dags/hello_airflow.py
[2026-08-12T14:00:09.411+0000] {processor.py:840} INFO - DAG(s) 'hello_airflow' retrieved from /opt/airflow/dags/hello_airflow.py
[2026-08-12T14:00:09.434+0000] {logging_mixin.py:188} INFO - [2026-08-12T14:00:09.434+0000] {dag.py:3089} INFO - Sync 1 DAGs
[2026-08-12T14:00:09.445+0000] {logging_mixin.py:188} INFO - [2026-08-12T14:00:09.444+0000] {dag.py:3947} INFO - Setting next_dagrun for hello_airflow to None, run_after=None
[2026-08-12T14:00:09.461+0000] {processor.py:183} INFO - Processing /opt/airflow/dags/hello_airflow.py took 0.081 seconds
[2026-08-12T14:00:39.594+0000] {processor.py:161} INFO - Started process (PID=1084) to work on /opt/airflow/dags/hello_airflow.py
[2026-08-12T14:00:39.595+0000] {processor.py:830} INFO - Processing file /opt/airflow/dags/hello_airflow.py for tasks to queue
[2026-08-12T14:00:39.598+0000] {logging_mixin.py:188} INFO - [2026-08-12T14:00:39.598+0000] {dagbag.py:545} INFO - Filling up the DagBag from /opt/airflow/dags/hello_airflow.py
[2026-08-12T14:00:39.616+0000] {processor.py:840} INFO - DAG(s) 'hello_airflow' retrieved from /opt/airflow/dags/hello_airflow.py
[2026-08-12T14:00:39.645+0000] {logging_mixin.py:188} INFO - [2026-08-12T14:00:39.644+0000] {dag.py:3089} INFO - Sync 1 DAGs
[2026-08-12T14:00:39.659+0000] {logging_mixin.py:188} INFO - [2026-08-12T14:00:39.658+0000] {dag.py:3947} INFO - Setting next_dagrun for hello_airflow to None, run_after=None
[2026-08-12T14:00:39.678+0000] {processor.py:183} INFO - Processing /opt/airflow/dags/hello_airflow.py took 0.091 seconds
[2026-08-12T14:01:09.822+0000] {processor.py:161} INFO - Started process (PID=1103) to work on /opt/airflow/dags/hello_airflow.py
[2026-08-12T14:01:09.824+0000] {processor.py:830} INFO - Processing file /opt/airflow/dags/hello_airflow.py for tasks to queue
[2026-08-12T14:01:09.826+0000] {logging_mixin.py:188} INFO - [2026-08-12T14:01:09.825+0000] {dagbag.py:545} INFO - Filling up the DagBag from /opt/airflow/dags/hello_airflow.py
[2026-08-12T14:01:09.842+0000] {processor.py:840} INFO - DAG(s) 'hello_airflow' retrieved from /opt/airflow/dags/hello_airflow.py
[2026-08-12T14:01:09.865+0000] {logging_mixin.py:188} INFO - [2026-08-12T14:01:09.864+0000] {dag.py:3089} INFO - Sync 1 DAGs
[2026-08-12T14:01:09.875+0000] {logging_mixin.py:188} INFO - [2026-08-12T14:01:09.875+0000] {dag.py:3947} INFO - Setting next_dagrun for hello_airflow to None, run_after=None
[2026-08-12T14:01:09.891+0000] {processor.py:183} INFO - Processing /opt/airflow/dags/hello_airflow.py took 0.075 seconds
[2026-08-12T14:01:40.070+0000] {processor.py:161} INFO - Started process (PID=1130) to work on /opt/airflow/dags/hello_airflow.py
[2026-08-12T14:01:40.072+0000] {processor.py:830} INFO - Processing file /opt/airflow/dags/hello_airflow.py for tasks to queue
[2026-08-12T14:01:40.074+0000] {logging_mixin.py:188} INFO - [2026-08-12T14:01:40.074+0000] {dagbag.py:545} INFO - Filling up the DagBag from /opt/airflow/dags/hello_airflow.py
[2026-08-12T14:01:40.102+0000] {processor.py:840} INFO - DAG(s) 'hello_airflow' retrieved from /opt/airflow/dags/hello_airflow.py
[2026-08-12T14:01:40.141+0000] {logging_mixin.py:188} INFO - [2026-08-12T14:01:40.141+0000] {dag.py:3089} INFO - Sync 1 DAGs
[2026-08-12T14:01:40.159+0000] {logging_mixin.py:188} INFO - [2026-08-12T14:01:40.159+0000] {dag.py:3947} INFO - Setting next_dagrun for hello_airflow to None, run_after=None
[2026-08-12T14:01:40.187+0000] {processor.py:183} INFO - Processing /opt/airflow/dags/hello_airflow.py took 0.124 seconds
[2026-08-12T14:02:10.278+0000] {processor.py:161} INFO - Started process (PID=1149) to work on /opt/airflow/dags/hello_airflow.py
[2026-08-12T14:02:10.279+0000] {processor.py:830} INFO - Processing file /opt/airflow/dags/hello_airflow.py for tasks to queue
[2026-08-12T14:02:10.281+0000] {logging_mixin.py:188} INFO - [2026-08-12T14:02:10.281+0000] {dagbag.py:545} INFO - Filling up the DagBag from /opt/airflow/dags/hello_airflow.py
[2026-08-12T14:02:10.295+0000] {processor.py:840} INFO - DAG(s) 'hello_airflow' retrieved from /opt/airflow/dags/hello_airflow.py
[2026-08-12T14:02:10.319+0000] {logging_mixin.py:188} INFO - [2026-08-12T14:02:10.319+0000] {dag.py:3089} INFO - Sync 1 DAGs
[2026-08-12T14:02:10.330+0000] {logging_mixin.py:188} INFO - [2026-08-12T14:02:10.329+0000] {dag.py:3947} INFO - Setting next_dagrun for hello_airflow to None, run_after=None
[2026-08-12T14:02:10.344+0000] {processor.py:183} INFO - Processing /opt/airflow/dags/hello_airflow.py took 0.071 seconds
[2026-08-12T14:02:40.485+0000] {processor.py:161} INFO - Started process (PID=1168) to work on /opt/airflow/dags/hello_airflow.py
[2026-08-12T14:02:40.486+0000] {processor.py:830} INFO - Processing file /opt/airflow/dags/hello_airflow.py for tasks to queue
[2026-08-12T14:02:40.488+0000] {logging_mixin.py:188} INFO - [2026-08-12T14:02:40.487+0000] {dagbag.py:545} INFO - Filling up the DagBag from /opt/airflow/dags/hello_airflow.py
[2026-08-12T14:02:40.500+0000] {processor.py:840} INFO - DAG(s) 'hello_airflow' retrieved from /opt/airflow/dags/hello_airflow.py
[2026-08-12T14:02:40.534+0000] {logging_mixin.py:188} INFO - [2026-08-12T14:02:40.534+0000] {dag.py:3089} INFO - Sync 1 DAGs
[2026-08-12T14:02:40.551+0000] {logging_mixin.py:188} INFO - [2026-08-12T14:02:40.551+0000] {dag.py:3947} INFO - Setting next_dagrun for hello_airflow to None, run_after=None
[2026-08-12T14:02:40.572+0000] {processor.py:183} INFO - Processing /opt/airflow/dags/hello_airflow.py took 0.093 seconds
[2026-08-12T14:03:10.729+0000] {processor.py:161} INFO - Started process (PID=1194) to work on /opt/airflow/dags/hello_airflow.py
[2026-08-12T14:03:10.731+0000] {processor.py:830} INFO - Processing file /opt/airflow/dags/hello_airflow.py for tasks to queue
[2026-08-12T14:03:10.735+0000] {logging_mixin.py:188} INFO - [2026-08-12T14:03:10.734+0000] {dagbag.py:545} INFO - Filling up the DagBag from /opt/airflow/dags/hello_airflow.py
[2026-08-12T14:03:10.764+0000] {processor.py:840} INFO - DAG(s) 'hello_airflow' retrieved from /opt/airflow/dags/hello_airflow.py
[2026-08-12T14:03:10.808+0000] {logging_mixin.py:188} INFO - [2026-08-12T14:03:10.808+0000] {dag.py:3089} INFO - Sync 1 DAGs
[2026-08-12T14:03:10.825+0000] {logging_mixin.py:188} INFO - [2026-08-12T14:03:10.825+0000] {dag.py:3947} INFO - Setting next_dagrun for hello_airflow to None, run_after=None
[2026-08-12T14:03:10.851+0000] {processor.py:183} INFO - Processing /opt/airflow/dags/hello_airflow.py took 0.133 seconds
[2026-08-12T14:03:40.948+0000] {processor.py:161} INFO - Started process (PID=1213) to work on /opt/airflow/dags/hello_airflow.py
[2026-08-12T14:03:40.949+0000] {processor.py:830} INFO - Processing file /opt/airflow/dags/hello_airflow.py for tasks to queue
[2026-08-12T14:03:40.951+0000] {logging_mixin.py:188} INFO - [2026-08-12T14:03:40.950+0000] {dagbag.py:545} INFO - Filling up the DagBag from /opt/airflow/dags/hello_airflow.py
[2026-08-12T14:03:40.965+0000] {processor.py:840} INFO - DAG(s) 'hello_airflow' retrieved from /opt/airflow/dags/hello_airflow.py
[2026-08-12T14:03:40.987+0000] {logging_mixin.py:188} INFO - [2026-08-12T14:03:40.987+0000] {dag.py:3089} INFO - Sync 1 DAGs
[2026-08-12T14:03:40.998+0000] {logging_mixin.py:188} INFO - [2026-08-12T14:03:40.998+0000] {dag.py:3947} INFO - Setting next_dagrun for hello_airflow to None, run_after=None
[2026-08-12T14:03:41.014+0000] {processor.py:183} INFO - Processing /opt/airflow/dags/hello_airflow.py took 0.072 seconds
[2026-08-12T14:04:11.166+0000] {processor.py:161} INFO - Started process (PID=1239) to work on /opt/airflow/dags/hello_airflow.py
[2026-08-12T14:04:11.168+0000] {processor.py:830} INFO - Processing file /opt/airflow/dags/hello_airflow.py for tasks to queue
[2026-08-12T14:04:11.173+0000] {logging_mixin.py:188} INFO - [2026-08-12T14:04:11.172+0000] {dagbag.py:545} INFO - Filling up the DagBag from /opt/airflow/dags/hello_airflow.py
[2026-08-12T14:04:11.201+0000] {processor.py:840} INFO - DAG(s) 'hello_airflow' retrieved from /opt/airflow/dags/hello_airflow.py
[2026-08-12T14:04:11.250+0000] {logging_mixin.py:188} INFO - [2026-08-12T14:04:11.250+0000] {dag.py:3089} INFO - Sync 1 DAGs
[2026-08-12T14:04:11.273+0000] {logging_mixin.py:188} INFO - [2026-08-12T14:04:11.273+0000] {dag.py:3947} INFO - Setting next_dagrun for hello_airflow to None, run_after=None
[2026-08-12T14:04:11.309+0000] {processor.py:183} INFO - Processing /opt/airflow/dags/hello_airflow.py took 0.156 seconds
[2026-08-12T14:04:41.408+0000] {processor.py:161} INFO - Started process (PID=1258) to work on /opt/airflow/dags/hello_airflow.py
[2026-08-12T14:04:41.409+0000] {processor.py:830} INFO - Processing file /opt/airflow/dags/hello_airflow.py for tasks to queue
[2026-08-12T14:04:41.411+0000] {logging_mixin.py:188} INFO - [2026-08-12T14:04:41.411+0000] {dagbag.py:545} INFO - Filling up the DagBag from /opt/airflow/dags/hello_airflow.py
[2026-08-12T14:04:41.426+0000] {processor.py:840} INFO - DAG(s) 'hello_airflow' retrieved from /opt/airflow/dags/hello_airflow.py
[2026-08-12T14:04:41.449+0000] {logging_mixin.py:188} INFO - [2026-08-12T14:04:41.449+0000] {dag.py:3089} INFO - Sync 1 DAGs
[2026-08-12T14:04:41.460+0000] {logging_mixin.py:188} INFO - [2026-08-12T14:04:41.460+0000] {dag.py:3947} INFO - Setting next_dagrun for hello_airflow to None, run_after=None
[2026-08-12T14:04:41.477+0000] {processor.py:183} INFO - Processing /opt/airflow/dags/hello_airflow.py took 0.074 seconds
[2026-08-12T14:05:11.692+0000] {processor.py:161} INFO - Started process (PID=1277) to work on /opt/airflow/dags/hello_airflow.py
[2026-08-12T14:05:11.694+0000] {processor.py:830} INFO - Processing file /opt/airflow/dags/hello_airflow.py for tasks to queue
[2026-08-12T14:05:11.696+0000] {logging_mixin.py:188} INFO - [2026-08-12T14:05:11.695+0000] {dagbag.py:545} INFO - Filling up the DagBag from /opt/airflow/dags/hello_airflow.py
[2026-08-12T14:05:11.709+0000] {processor.py:840} INFO - DAG(s) 'hello_airflow' retrieved from /opt/airflow/dags/hello_airflow.py
[2026-08-12T14:05:11.732+0000] {logging_mixin.py:188} INFO - [2026-08-12T14:05:11.732+0000] {dag.py:3089} INFO - Sync 1 DAGs
[2026-08-12T14:05:11.743+0000] {logging_mixin.py:188} INFO - [2026-08-12T14:05:11.743+0000] {dag.py:3947} INFO - Setting next_dagrun for hello_airflow to None, run_after=None
[2026-08-12T14:05:11.760+0000] {processor.py:183} INFO - Processing /opt/airflow/dags/hello_airflow.py took 0.075 seconds
[2026-08-12T14:05:41.889+0000] {processor.py:161} INFO - Started process (PID=1303) to work on /opt/airflow/dags/hello_airflow.py
[2026-08-12T14:05:41.890+0000] {processor.py:830} INFO - Processing file /opt/airflow/dags/hello_airflow.py for tasks to queue
[2026-08-12T14:05:41.893+0000] {logging_mixin.py:188} INFO - [2026-08-12T14:05:41.892+0000] {dagbag.py:545} INFO - Filling up the DagBag from /opt/airflow/dags/hello_airflow.py
[2026-08-12T14:05:41.911+0000] {processor.py:840} INFO - DAG(s) 'hello_airflow' retrieved from /opt/airflow/dags/hello_airflow.py
[2026-08-12T14:05:41.941+0000] {logging_mixin.py:188} INFO - [2026-08-12T14:05:41.941+0000] {dag.py:3089} INFO - Sync 1 DAGs
[2026-08-12T14:05:41.956+0000] {logging_mixin.py:188} INFO - [2026-08-12T14:05:41.956+0000] {dag.py:3947} INFO - Setting next_dagrun for hello_airflow to None, run_after=None
[2026-08-12T14:05:41.978+0000] {processor.py:183} INFO - Processing /opt/airflow/dags/hello_airflow.py took 0.096 seconds
[2026-08-12T14:06:12.134+0000] {processor.py:161} INFO - Started process (PID=1322) to work on /opt/airflow/dags/hello_airflow.py
[2026-08-12T14:06:12.135+0000] {processor.py:830} INFO - Processing file /opt/airflow/dags/hello_airflow.py for tasks to queue
[2026-08-12T14:06:12.136+0000] {logging_mixin.py:188} INFO - [2026-08-12T14:06:12.136+0000] {dagbag.py:545} INFO - Filling up the DagBag from /opt/airflow/dags/hello_airflow.py
[2026-08-12T14:06:12.150+0000] {processor.py:840} INFO - DAG(s) 'hello_airflow' retrieved from /opt/airflow/dags/hello_airflow.py
[2026-08-12T14:06:12.170+0000] {logging_mixin.py:188} INFO - [2026-08-12T14:06:12.170+0000] {dag.py:3089} INFO - Sync 1 DAGs
[2026-08-12T14:06:12.180+0000] {logging_mixin.py:188} INFO - [2026-08-12T14:06:12.180+0000] {dag.py:3947} INFO - Setting next_dagrun for hello_airflow to None, run_after=None
[2026-08-12T14:06:12.196+0000] {processor.py:183} INFO - Processing /opt/airflow/dags/hello_airflow.py took 0.067 seconds
[2026-08-12T14:06:42.364+0000] {processor.py:161} INFO - Started process (PID=1348) to work on /opt/airflow/dags/hello_airflow.py
[2026-08-12T14:06:42.365+0000] {processor.py:830} INFO - Processing file /opt/airflow/dags/hello_airflow.py for tasks to queue
[2026-08-12T14:06:42.368+0000] {logging_mixin.py:188} INFO - [2026-08-12T14:06:42.368+0000] {dagbag.py:545} INFO - Filling up the DagBag from /opt/airflow/dags/hello_airflow.py
[2026-08-12T14:06:42.386+0000] {processor.py:840} INFO - DAG(s) 'hello_airflow' retrieved from /opt/airflow/dags/hello_airflow.py
[2026-08-12T14:06:42.429+0000] {logging_mixin.py:188} INFO - [2026-08-12T14:06:42.428+0000] {dag.py:3089} INFO - Sync 1 DAGs
[2026-08-12T14:06:42.443+0000] {logging_mixin.py:188} INFO - [2026-08-12T14:06:42.443+0000] {dag.py:3947} INFO - Setting next_dagrun for hello_airflow to None, run_after=None
[2026-08-12T14:06:42.473+0000] {processor.py:183} INFO - Processing /opt/airflow/dags/hello_airflow.py took 0.115 seconds
[2026-08-12T14:07:12.723+0000] {processor.py:161} INFO - Started process (PID=1367) to work on /opt/airflow/dags/hello_airflow.py
[2026-08-12T14:07:12.726+0000] {processor.py:830} INFO - Processing file /opt/airflow/dags/hello_airflow.py for tasks to queue
[2026-08-12T14:07:12.733+0000] {logging_mixin.py:188} INFO - [2026-08-12T14:07:12.732+0000] {dagbag.py:545} INFO - Filling up the DagBag from /opt/airflow/dags/hello_airflow.py
[2026-08-12T14:07:12.805+0000] {processor.py:840} INFO - DAG(s) 'hello_airflow' retrieved from /opt/airflow/dags/hello_airflow.py
[2026-08-12T14:07:13.098+0000] {logging_mixin.py:188} INFO - [2026-08-12T14:07:13.097+0000] {dag.py:3089} INFO - Sync 1 DAGs
[2026-08-12T14:07:13.212+0000] {logging_mixin.py:188} INFO - [2026-08-12T14:07:13.211+0000] {dag.py:3947} INFO - Setting next_dagrun for hello_airflow to None, run_after=None
[2026-08-12T14:07:13.508+0000] {processor.py:183} INFO - Processing /opt/airflow/dags/hello_airflow.py took 0.797 seconds
[2026-08-12T14:07:43.976+0000] {processor.py:161} INFO - Started process (PID=1386) to work on /opt/airflow/dags/hello_airflow.py
[2026-08-12T14:07:43.980+0000] {processor.py:830} INFO - Processing file /opt/airflow/dags/hello_airflow.py for tasks to queue
[2026-08-12T14:07:43.985+0000] {logging_mixin.py:188} INFO - [2026-08-12T14:07:43.984+0000] {dagbag.py:545} INFO - Filling up the DagBag from /opt/airflow/dags/hello_airflow.py
[2026-08-12T14:07:44.020+0000] {processor.py:840} INFO - DAG(s) 'hello_airflow' retrieved from /opt/airflow/dags/hello_airflow.py
[2026-08-12T14:07:44.063+0000] {logging_mixin.py:188} INFO - [2026-08-12T14:07:44.062+0000] {dag.py:3089} INFO - Sync 1 DAGs
[2026-08-12T14:07:44.082+0000] {logging_mixin.py:188} INFO - [2026-08-12T14:07:44.082+0000] {dag.py:3947} INFO - Setting next_dagrun for hello_airflow to None, run_after=None
[2026-08-12T14:07:44.111+0000] {processor.py:183} INFO - Processing /opt/airflow/dags/hello_airflow.py took 0.146 seconds
[2026-08-12T14:08:14.242+0000] {processor.py:161} INFO - Started process (PID=1405) to work on /opt/airflow/dags/hello_airflow.py
[2026-08-12T14:08:14.246+0000] {processor.py:830} INFO - Processing file /opt/airflow/dags/hello_airflow.py for tasks to queue
[2026-08-12T14:08:14.251+0000] {logging_mixin.py:188} INFO - [2026-08-12T14:08:14.250+0000] {dagbag.py:545} INFO - Filling up the DagBag from /opt/airflow/dags/hello_airflow.py
[2026-08-12T14:08:14.291+0000] {processor.py:840} INFO - DAG(s) 'hello_airflow' retrieved from /opt/airflow/dags/hello_airflow.py
[2026-08-12T14:08:14.368+0000] {logging_mixin.py:188} INFO - [2026-08-12T14:08:14.368+0000] {dag.py:3089} INFO - Sync 1 DAGs
[2026-08-12T14:08:14.402+0000] {logging_mixin.py:188} INFO - [2026-08-12T14:08:14.401+0000] {dag.py:3947} INFO - Setting next_dagrun for hello_airflow to None, run_after=None
[2026-08-12T14:08:14.451+0000] {processor.py:183} INFO - Processing /opt/airflow/dags/hello_airflow.py took 0.222 seconds
[2026-08-12T14:08:44.528+0000] {processor.py:161} INFO - Started process (PID=1424) to work on /opt/airflow/dags/hello_airflow.py
[2026-08-12T14:08:44.529+0000] {processor.py:830} INFO - Processing file /opt/airflow/dags/hello_airflow.py for tasks to queue
[2026-08-12T14:08:44.531+0000] {logging_mixin.py:188} INFO - [2026-08-12T14:08:44.531+0000] {dagbag.py:545} INFO - Filling up the DagBag from /opt/airflow/dags/hello_airflow.py
[2026-08-12T14:08:44.549+0000] {processor.py:840} INFO - DAG(s) 'hello_airflow' retrieved from /opt/airflow/dags/hello_airflow.py
[2026-08-12T14:08:44.581+0000] {logging_mixin.py:188} INFO - [2026-08-12T14:08:44.580+0000] {dag.py:3089} INFO - Sync 1 DAGs
[2026-08-12T14:08:44.596+0000] {logging_mixin.py:188} INFO - [2026-08-12T14:08:44.595+0000] {dag.py:3947} INFO - Setting next_dagrun for hello_airflow to None, run_after=None
[2026-08-12T14:08:44.618+0000] {processor.py:183} INFO - Processing /opt/airflow/dags/hello_airflow.py took 0.096 seconds
[2026-08-12T14:09:15.024+0000] {processor.py:161} INFO - Started process (PID=1443) to work on /opt/airflow/dags/hello_airflow.py
[2026-08-12T14:09:15.033+0000] {processor.py:830} INFO - Processing file /opt/airflow/dags/hello_airflow.py for tasks to queue
[2026-08-12T14:09:15.047+0000] {logging_mixin.py:188} INFO - [2026-08-12T14:09:15.045+0000] {dagbag.py:545} INFO - Filling up the DagBag from /opt/airflow/dags/hello_airflow.py
[2026-08-12T14:09:15.120+0000] {processor.py:840} INFO - DAG(s) 'hello_airflow' retrieved from /opt/airflow/dags/hello_airflow.py
[2026-08-12T14:09:15.317+0000] {logging_mixin.py:188} INFO - [2026-08-12T14:09:15.315+0000] {dag.py:3089} INFO - Sync 1 DAGs
[2026-08-12T14:09:15.418+0000] {logging_mixin.py:188} INFO - [2026-08-12T14:09:15.416+0000] {dag.py:3947} INFO - Setting next_dagrun for hello_airflow to None, run_after=None
[2026-08-12T14:09:15.528+0000] {processor.py:183} INFO - Processing /opt/airflow/dags/hello_airflow.py took 0.538 seconds
[2026-08-12T14:09:49.555+0000] {processor.py:161} INFO - Started process (PID=1462) to work on /opt/airflow/dags/hello_airflow.py
[2026-08-12T14:09:49.588+0000] {processor.py:830} INFO - Processing file /opt/airflow/dags/hello_airflow.py for tasks to queue
[2026-08-12T14:09:50.170+0000] {logging_mixin.py:188} INFO - [2026-08-12T14:09:50.168+0000] {dagbag.py:545} INFO - Filling up the DagBag from /opt/airflow/dags/hello_airflow.py
[2026-08-12T14:09:52.852+0000] {processor.py:840} INFO - DAG(s) 'hello_airflow' retrieved from /opt/airflow/dags/hello_airflow.py
[2026-08-12T14:09:53.682+0000] {logging_mixin.py:188} INFO - [2026-08-12T14:09:53.681+0000] {dag.py:3089} INFO - Sync 1 DAGs
[2026-08-12T14:09:54.179+0000] {logging_mixin.py:188} INFO - [2026-08-12T14:09:54.178+0000] {dag.py:3947} INFO - Setting next_dagrun for hello_airflow to None, run_after=None
[2026-08-12T14:09:54.871+0000] {processor.py:183} INFO - Processing /opt/airflow/dags/hello_airflow.py took 5.480 seconds
[2026-08-12T14:10:26.292+0000] {processor.py:161} INFO - Started process (PID=1474) to work on /opt/airflow/dags/hello_airflow.py
[2026-08-12T14:10:26.301+0000] {processor.py:830} INFO - Processing file /opt/airflow/dags/hello_airflow.py for tasks to queue
[2026-08-12T14:10:26.553+0000] {logging_mixin.py:188} INFO - [2026-08-12T14:10:26.551+0000] {dagbag.py:545} INFO - Filling up the DagBag from /opt/airflow/dags/hello_airflow.py
[2026-08-12T14:10:28.026+0000] {processor.py:840} INFO - DAG(s) 'hello_airflow' retrieved from /opt/airflow/dags/hello_airflow.py
[2026-08-12T14:10:28.477+0000] {logging_mixin.py:188} INFO - [2026-08-12T14:10:28.476+0000] {dag.py:3089} INFO - Sync 1 DAGs
[2026-08-12T14:10:28.740+0000] {logging_mixin.py:188} INFO - [2026-08-12T14:10:28.739+0000] {dag.py:3947} INFO - Setting next_dagrun for hello_airflow to None, run_after=None
[2026-08-12T14:10:29.129+0000] {processor.py:183} INFO - Processing /opt/airflow/dags/hello_airflow.py took 2.906 seconds
[2026-08-12T16:57:13.031+0000] {processor.py:161} INFO - Started process (PID=186) to work on /opt/airflow/dags/hello_airflow.py
[2026-08-12T16:57:13.037+0000] {processor.py:830} INFO - Processing file /opt/airflow/dags/hello_airflow.py for tasks to queue
[2026-08-12T16:57:13.054+0000] {logging_mixin.py:188} INFO - [2026-08-12T16:57:13.052+0000] {dagbag.py:545} INFO - Filling up the DagBag from /opt/airflow/dags/hello_airflow.py
[2026-08-12T16:57:13.144+0000] {processor.py:840} INFO - DAG(s) 'hello_airflow' retrieved from /opt/airflow/dags/hello_airflow.py
[2026-08-12T16:57:13.270+0000] {logging_mixin.py:188} INFO - [2026-08-12T16:57:13.269+0000] {dag.py:3089} INFO - Sync 1 DAGs
[2026-08-12T16:57:13.381+0000] {logging_mixin.py:188} INFO - [2026-08-12T16:57:13.379+0000] {dag.py:3947} INFO - Setting next_dagrun for hello_airflow to None, run_after=None
[2026-08-12T16:57:13.494+0000] {processor.py:183} INFO - Processing /opt/airflow/dags/hello_airflow.py took 0.497 seconds
[2026-08-12T16:57:43.722+0000] {processor.py:161} INFO - Started process (PID=211) to work on /opt/airflow/dags/hello_airflow.py
[2026-08-12T16:57:43.725+0000] {processor.py:830} INFO - Processing file /opt/airflow/dags/hello_airflow.py for tasks to queue
[2026-08-12T16:57:43.731+0000] {logging_mixin.py:188} INFO - [2026-08-12T16:57:43.730+0000] {dagbag.py:545} INFO - Filling up the DagBag from /opt/airflow/dags/hello_airflow.py
[2026-08-12T16:57:43.779+0000] {processor.py:840} INFO - DAG(s) 'hello_airflow' retrieved from /opt/airflow/dags/hello_airflow.py
[2026-08-12T16:57:44.145+0000] {logging_mixin.py:188} INFO - [2026-08-12T16:57:44.144+0000] {dag.py:3089} INFO - Sync 1 DAGs
[2026-08-12T16:57:44.169+0000] {logging_mixin.py:188} INFO - [2026-08-12T16:57:44.169+0000] {dag.py:3947} INFO - Setting next_dagrun for hello_airflow to None, run_after=None
[2026-08-12T16:57:44.217+0000] {processor.py:183} INFO - Processing /opt/airflow/dags/hello_airflow.py took 0.514 seconds
[2026-08-12T16:58:15.177+0000] {processor.py:161} INFO - Started process (PID=230) to work on /opt/airflow/dags/hello_airflow.py
[2026-08-12T16:58:15.178+0000] {processor.py:830} INFO - Processing file /opt/airflow/dags/hello_airflow.py for tasks to queue
[2026-08-12T16:58:15.180+0000] {logging_mixin.py:188} INFO - [2026-08-12T16:58:15.179+0000] {dagbag.py:545} INFO - Filling up the DagBag from /opt/airflow/dags/hello_airflow.py
[2026-08-12T16:58:15.193+0000] {processor.py:840} INFO - DAG(s) 'hello_airflow' retrieved from /opt/airflow/dags/hello_airflow.py
[2026-08-12T16:58:15.218+0000] {logging_mixin.py:188} INFO - [2026-08-12T16:58:15.218+0000] {dag.py:3089} INFO - Sync 1 DAGs
[2026-08-12T16:58:15.229+0000] {logging_mixin.py:188} INFO - [2026-08-12T16:58:15.229+0000] {dag.py:3947} INFO - Setting next_dagrun for hello_airflow to None, run_after=None
[2026-08-12T16:58:15.268+0000] {processor.py:183} INFO - Processing /opt/airflow/dags/hello_airflow.py took 0.097 seconds
[2026-08-12T16:58:45.674+0000] {processor.py:161} INFO - Started process (PID=254) to work on /opt/airflow/dags/hello_airflow.py
[2026-08-12T16:58:45.678+0000] {processor.py:830} INFO - Processing file /opt/airflow/dags/hello_airflow.py for tasks to queue
[2026-08-12T16:58:45.694+0000] {logging_mixin.py:188} INFO - [2026-08-12T16:58:45.691+0000] {dagbag.py:545} INFO - Filling up the DagBag from /opt/airflow/dags/hello_airflow.py
[2026-08-12T16:58:45.752+0000] {processor.py:840} INFO - DAG(s) 'hello_airflow' retrieved from /opt/airflow/dags/hello_airflow.py
[2026-08-12T16:58:45.840+0000] {logging_mixin.py:188} INFO - [2026-08-12T16:58:45.839+0000] {dag.py:3089} INFO - Sync 1 DAGs
[2026-08-12T16:58:45.876+0000] {logging_mixin.py:188} INFO - [2026-08-12T16:58:45.876+0000] {dag.py:3947} INFO - Setting next_dagrun for hello_airflow to None, run_after=None
[2026-08-12T16:58:45.928+0000] {processor.py:183} INFO - Processing /opt/airflow/dags/hello_airflow.py took 0.275 seconds
[2026-08-12T16:59:16.311+0000] {processor.py:161} INFO - Started process (PID=279) to work on /opt/airflow/dags/hello_airflow.py
[2026-08-12T16:59:16.313+0000] {processor.py:830} INFO - Processing file /opt/airflow/dags/hello_airflow.py for tasks to queue
[2026-08-12T16:59:16.316+0000] {logging_mixin.py:188} INFO - [2026-08-12T16:59:16.315+0000] {dagbag.py:545} INFO - Filling up the DagBag from /opt/airflow/dags/hello_airflow.py
[2026-08-12T16:59:16.332+0000] {processor.py:840} INFO - DAG(s) 'hello_airflow' retrieved from /opt/airflow/dags/hello_airflow.py
[2026-08-12T16:59:16.359+0000] {logging_mixin.py:188} INFO - [2026-08-12T16:59:16.359+0000] {dag.py:3089} INFO - Sync 1 DAGs
[2026-08-12T16:59:16.372+0000] {logging_mixin.py:188} INFO - [2026-08-12T16:59:16.372+0000] {dag.py:3947} INFO - Setting next_dagrun for hello_airflow to None, run_after=None
[2026-08-12T16:59:16.392+0000] {processor.py:183} INFO - Processing /opt/airflow/dags/hello_airflow.py took 0.087 seconds
[2026-08-12T16:59:46.727+0000] {processor.py:161} INFO - Started process (PID=303) to work on /opt/airflow/dags/hello_airflow.py
[2026-08-12T16:59:46.731+0000] {processor.py:830} INFO - Processing file /opt/airflow/dags/hello_airflow.py for tasks to queue
[2026-08-12T16:59:46.737+0000] {logging_mixin.py:188} INFO - [2026-08-12T16:59:46.736+0000] {dagbag.py:545} INFO - Filling up the DagBag from /opt/airflow/dags/hello_airflow.py
[2026-08-12T16:59:46.779+0000] {processor.py:840} INFO - DAG(s) 'hello_airflow' retrieved from /opt/airflow/dags/hello_airflow.py
[2026-08-12T16:59:46.837+0000] {logging_mixin.py:188} INFO - [2026-08-12T16:59:46.837+0000] {dag.py:3089} INFO - Sync 1 DAGs
[2026-08-12T16:59:46.867+0000] {logging_mixin.py:188} INFO - [2026-08-12T16:59:46.867+0000] {dag.py:3947} INFO - Setting next_dagrun for hello_airflow to None, run_after=None
[2026-08-12T16:59:46.907+0000] {processor.py:183} INFO - Processing /opt/airflow/dags/hello_airflow.py took 0.194 seconds
[2026-08-12T17:00:17.055+0000] {processor.py:161} INFO - Started process (PID=327) to work on /opt/airflow/dags/hello_airflow.py
[2026-08-12T17:00:17.056+0000] {processor.py:830} INFO - Processing file /opt/airflow/dags/hello_airflow.py for tasks to queue
[2026-08-12T17:00:17.059+0000] {logging_mixin.py:188} INFO - [2026-08-12T17:00:17.058+0000] {dagbag.py:545} INFO - Filling up the DagBag from /opt/airflow/dags/hello_airflow.py
[2026-08-12T17:00:17.076+0000] {processor.py:840} INFO - DAG(s) 'hello_airflow' retrieved from /opt/airflow/dags/hello_airflow.py
[2026-08-12T17:00:17.106+0000] {logging_mixin.py:188} INFO - [2026-08-12T17:00:17.106+0000] {dag.py:3089} INFO - Sync 1 DAGs
[2026-08-12T17:00:17.120+0000] {logging_mixin.py:188} INFO - [2026-08-12T17:00:17.120+0000] {dag.py:3947} INFO - Setting next_dagrun for hello_airflow to None, run_after=None
[2026-08-12T17:00:17.142+0000] {processor.py:183} INFO - Processing /opt/airflow/dags/hello_airflow.py took 0.093 seconds
[2026-08-12T17:00:47.472+0000] {processor.py:161} INFO - Started process (PID=351) to work on /opt/airflow/dags/hello_airflow.py
[2026-08-12T17:00:47.474+0000] {processor.py:830} INFO - Processing file /opt/airflow/dags/hello_airflow.py for tasks to queue
[2026-08-12T17:00:47.478+0000] {logging_mixin.py:188} INFO - [2026-08-12T17:00:47.477+0000] {dagbag.py:545} INFO - Filling up the DagBag from /opt/airflow/dags/hello_airflow.py
[2026-08-12T17:00:47.505+0000] {processor.py:840} INFO - DAG(s) 'hello_airflow' retrieved from /opt/airflow/dags/hello_airflow.py
[2026-08-12T17:00:47.559+0000] {logging_mixin.py:188} INFO - [2026-08-12T17:00:47.559+0000] {dag.py:3089} INFO - Sync 1 DAGs
[2026-08-12T17:00:47.583+0000] {logging_mixin.py:188} INFO - [2026-08-12T17:00:47.583+0000] {dag.py:3947} INFO - Setting next_dagrun for hello_airflow to None, run_after=None
[2026-08-12T17:00:47.618+0000] {processor.py:183} INFO - Processing /opt/airflow/dags/hello_airflow.py took 0.158 seconds
[2026-08-12T17:01:17.886+0000] {processor.py:161} INFO - Started process (PID=376) to work on /opt/airflow/dags/hello_airflow.py
[2026-08-12T17:01:17.889+0000] {processor.py:830} INFO - Processing file /opt/airflow/dags/hello_airflow.py for tasks to queue
[2026-08-12T17:01:17.894+0000] {logging_mixin.py:188} INFO - [2026-08-12T17:01:17.893+0000] {dagbag.py:545} INFO - Filling up the DagBag from /opt/airflow/dags/hello_airflow.py
[2026-08-12T17:01:17.934+0000] {processor.py:840} INFO - DAG(s) 'hello_airflow' retrieved from /opt/airflow/dags/hello_airflow.py
[2026-08-12T17:01:18.009+0000] {logging_mixin.py:188} INFO - [2026-08-12T17:01:18.008+0000] {dag.py:3089} INFO - Sync 1 DAGs
[2026-08-12T17:01:18.044+0000] {logging_mixin.py:188} INFO - [2026-08-12T17:01:18.044+0000] {dag.py:3947} INFO - Setting next_dagrun for hello_airflow to None, run_after=None
[2026-08-12T17:01:18.093+0000] {processor.py:183} INFO - Processing /opt/airflow/dags/hello_airflow.py took 0.221 seconds
[2026-08-12T17:01:48.463+0000] {processor.py:161} INFO - Started process (PID=400) to work on /opt/airflow/dags/hello_airflow.py
[2026-08-12T17:01:48.466+0000] {processor.py:830} INFO - Processing file /opt/airflow/dags/hello_airflow.py for tasks to queue
[2026-08-12T17:01:48.474+0000] {logging_mixin.py:188} INFO - [2026-08-12T17:01:48.473+0000] {dagbag.py:545} INFO - Filling up the DagBag from /opt/airflow/dags/hello_airflow.py
[2026-08-12T17:01:48.524+0000] {processor.py:840} INFO - DAG(s) 'hello_airflow' retrieved from /opt/airflow/dags/hello_airflow.py
[2026-08-12T17:01:48.608+0000] {logging_mixin.py:188} INFO - [2026-08-12T17:01:48.607+0000] {dag.py:3089} INFO - Sync 1 DAGs
[2026-08-12T17:01:48.650+0000] {logging_mixin.py:188} INFO - [2026-08-12T17:01:48.649+0000] {dag.py:3947} INFO - Setting next_dagrun for hello_airflow to None, run_after=None
[2026-08-12T17:01:48.706+0000] {processor.py:183} INFO - Processing /opt/airflow/dags/hello_airflow.py took 0.263 seconds
[2026-08-12T17:02:19.372+0000] {processor.py:161} INFO - Started process (PID=417) to work on /opt/airflow/dags/hello_airflow.py
[2026-08-12T17:02:19.380+0000] {processor.py:830} INFO - Processing file /opt/airflow/dags/hello_airflow.py for tasks to queue
[2026-08-12T17:02:19.391+0000] {logging_mixin.py:188} INFO - [2026-08-12T17:02:19.390+0000] {dagbag.py:545} INFO - Filling up the DagBag from /opt/airflow/dags/hello_airflow.py
[2026-08-12T17:02:19.453+0000] {processor.py:840} INFO - DAG(s) 'hello_airflow' retrieved from /opt/airflow/dags/hello_airflow.py
[2026-08-12T17:02:19.559+0000] {logging_mixin.py:188} INFO - [2026-08-12T17:02:19.558+0000] {dag.py:3089} INFO - Sync 1 DAGs
[2026-08-12T17:02:19.611+0000] {logging_mixin.py:188} INFO - [2026-08-12T17:02:19.611+0000] {dag.py:3947} INFO - Setting next_dagrun for hello_airflow to None, run_after=None
[2026-08-12T17:02:19.689+0000] {processor.py:183} INFO - Processing /opt/airflow/dags/hello_airflow.py took 0.339 seconds
[2026-08-12T17:03:30.776+0000] {processor.py:161} INFO - Started process (PID=182) to work on /opt/airflow/dags/hello_airflow.py
[2026-08-12T17:03:30.788+0000] {processor.py:830} INFO - Processing file /opt/airflow/dags/hello_airflow.py for tasks to queue
[2026-08-12T17:03:30.810+0000] {logging_mixin.py:188} INFO - [2026-08-12T17:03:30.806+0000] {dagbag.py:545} INFO - Filling up the DagBag from /opt/airflow/dags/hello_airflow.py
[2026-08-12T17:03:30.930+0000] {processor.py:840} INFO - DAG(s) 'hello_airflow' retrieved from /opt/airflow/dags/hello_airflow.py
[2026-08-12T17:03:32.112+0000] {logging_mixin.py:188} INFO - [2026-08-12T17:03:32.111+0000] {dag.py:3089} INFO - Sync 1 DAGs
[2026-08-12T17:03:32.148+0000] {logging_mixin.py:188} INFO - [2026-08-12T17:03:32.147+0000] {dag.py:3947} INFO - Setting next_dagrun for hello_airflow to None, run_after=None
[2026-08-12T17:03:32.223+0000] {processor.py:183} INFO - Processing /opt/airflow/dags/hello_airflow.py took 1.515 seconds
[2026-08-12T17:04:02.582+0000] {processor.py:161} INFO - Started process (PID=206) to work on /opt/airflow/dags/hello_airflow.py
[2026-08-12T17:04:02.585+0000] {processor.py:830} INFO - Processing file /opt/airflow/dags/hello_airflow.py for tasks to queue
[2026-08-12T17:04:02.591+0000] {logging_mixin.py:188} INFO - [2026-08-12T17:04:02.590+0000] {dagbag.py:545} INFO - Filling up the DagBag from /opt/airflow/dags/hello_airflow.py
[2026-08-12T17:04:02.635+0000] {processor.py:840} INFO - DAG(s) 'hello_airflow' retrieved from /opt/airflow/dags/hello_airflow.py
[2026-08-12T17:04:02.701+0000] {logging_mixin.py:188} INFO - [2026-08-12T17:04:02.701+0000] {dag.py:3089} INFO - Sync 1 DAGs
[2026-08-12T17:04:02.734+0000] {logging_mixin.py:188} INFO - [2026-08-12T17:04:02.733+0000] {dag.py:3947} INFO - Setting next_dagrun for hello_airflow to None, run_after=None
[2026-08-12T17:04:02.777+0000] {processor.py:183} INFO - Processing /opt/airflow/dags/hello_airflow.py took 0.211 seconds
[2026-08-12T17:04:33.112+0000] {processor.py:161} INFO - Started process (PID=230) to work on /opt/airflow/dags/hello_airflow.py
[2026-08-12T17:04:33.115+0000] {processor.py:830} INFO - Processing file /opt/airflow/dags/hello_airflow.py for tasks to queue
[2026-08-12T17:04:33.119+0000] {logging_mixin.py:188} INFO - [2026-08-12T17:04:33.118+0000] {dagbag.py:545} INFO - Filling up the DagBag from /opt/airflow/dags/hello_airflow.py
[2026-08-12T17:04:33.147+0000] {processor.py:840} INFO - DAG(s) 'hello_airflow' retrieved from /opt/airflow/dags/hello_airflow.py
[2026-08-12T17:04:33.240+0000] {logging_mixin.py:188} INFO - [2026-08-12T17:04:33.239+0000] {dag.py:3089} INFO - Sync 1 DAGs
[2026-08-12T17:04:33.279+0000] {logging_mixin.py:188} INFO - [2026-08-12T17:04:33.278+0000] {dag.py:3947} INFO - Setting next_dagrun for hello_airflow to None, run_after=None
[2026-08-12T17:04:33.327+0000] {processor.py:183} INFO - Processing /opt/airflow/dags/hello_airflow.py took 0.226 seconds
[2026-08-12T17:05:03.491+0000] {processor.py:161} INFO - Started process (PID=300) to work on /opt/airflow/dags/hello_airflow.py
[2026-08-12T17:05:03.497+0000] {processor.py:830} INFO - Processing file /opt/airflow/dags/hello_airflow.py for tasks to queue
[2026-08-12T17:05:03.508+0000] {logging_mixin.py:188} INFO - [2026-08-12T17:05:03.506+0000] {dagbag.py:545} INFO - Filling up the DagBag from /opt/airflow/dags/hello_airflow.py
[2026-08-12T17:05:03.594+0000] {processor.py:840} INFO - DAG(s) 'hello_airflow' retrieved from /opt/airflow/dags/hello_airflow.py
[2026-08-12T17:05:03.734+0000] {logging_mixin.py:188} INFO - [2026-08-12T17:05:03.732+0000] {dag.py:3089} INFO - Sync 1 DAGs
[2026-08-12T17:05:03.813+0000] {logging_mixin.py:188} INFO - [2026-08-12T17:05:03.812+0000] {dag.py:3947} INFO - Setting next_dagrun for hello_airflow to None, run_after=None
[2026-08-12T17:05:03.896+0000] {processor.py:183} INFO - Processing /opt/airflow/dags/hello_airflow.py took 0.434 seconds
[2026-08-12T17:05:34.244+0000] {processor.py:161} INFO - Started process (PID=402) to work on /opt/airflow/dags/hello_airflow.py
[2026-08-12T17:05:34.245+0000] {processor.py:830} INFO - Processing file /opt/airflow/dags/hello_airflow.py for tasks to queue
[2026-08-12T17:05:34.247+0000] {logging_mixin.py:188} INFO - [2026-08-12T17:05:34.247+0000] {dagbag.py:545} INFO - Filling up the DagBag from /opt/airflow/dags/hello_airflow.py
[2026-08-12T17:05:34.264+0000] {processor.py:840} INFO - DAG(s) 'hello_airflow' retrieved from /opt/airflow/dags/hello_airflow.py
[2026-08-12T17:05:34.292+0000] {logging_mixin.py:188} INFO - [2026-08-12T17:05:34.291+0000] {dag.py:3089} INFO - Sync 1 DAGs
[2026-08-12T17:05:34.305+0000] {logging_mixin.py:188} INFO - [2026-08-12T17:05:34.305+0000] {dag.py:3947} INFO - Setting next_dagrun for hello_airflow to None, run_after=None
[2026-08-12T17:05:34.324+0000] {processor.py:183} INFO - Processing /opt/airflow/dags/hello_airflow.py took 0.086 seconds
[2026-08-12T17:06:04.598+0000] {processor.py:161} INFO - Started process (PID=436) to work on /opt/airflow/dags/hello_airflow.py
[2026-08-12T17:06:04.599+0000] {processor.py:830} INFO - Processing file /opt/airflow/dags/hello_airflow.py for tasks to queue
[2026-08-12T17:06:04.601+0000] {logging_mixin.py:188} INFO - [2026-08-12T17:06:04.601+0000] {dagbag.py:545} INFO - Filling up the DagBag from /opt/airflow/dags/hello_airflow.py
[2026-08-12T17:06:04.617+0000] {processor.py:840} INFO - DAG(s) 'hello_airflow' retrieved from /opt/airflow/dags/hello_airflow.py
[2026-08-12T17:06:04.648+0000] {logging_mixin.py:188} INFO - [2026-08-12T17:06:04.647+0000] {dag.py:3089} INFO - Sync 1 DAGs
[2026-08-12T17:06:04.662+0000] {logging_mixin.py:188} INFO - [2026-08-12T17:06:04.662+0000] {dag.py:3947} INFO - Setting next_dagrun for hello_airflow to None, run_after=None
[2026-08-12T17:06:04.685+0000] {processor.py:183} INFO - Processing /opt/airflow/dags/hello_airflow.py took 0.093 seconds
[2026-08-12T17:06:34.896+0000] {processor.py:161} INFO - Started process (PID=460) to work on /opt/airflow/dags/hello_airflow.py
[2026-08-12T17:06:34.897+0000] {processor.py:830} INFO - Processing file /opt/airflow/dags/hello_airflow.py for tasks to queue
[2026-08-12T17:06:34.900+0000] {logging_mixin.py:188} INFO - [2026-08-12T17:06:34.899+0000] {dagbag.py:545} INFO - Filling up the DagBag from /opt/airflow/dags/hello_airflow.py
[2026-08-12T17:06:34.920+0000] {processor.py:840} INFO - DAG(s) 'hello_airflow' retrieved from /opt/airflow/dags/hello_airflow.py
[2026-08-12T17:06:34.954+0000] {logging_mixin.py:188} INFO - [2026-08-12T17:06:34.953+0000] {dag.py:3089} INFO - Sync 1 DAGs
[2026-08-12T17:06:34.971+0000] {logging_mixin.py:188} INFO - [2026-08-12T17:06:34.971+0000] {dag.py:3947} INFO - Setting next_dagrun for hello_airflow to None, run_after=None
[2026-08-12T17:06:34.996+0000] {processor.py:183} INFO - Processing /opt/airflow/dags/hello_airflow.py took 0.106 seconds
[2026-08-12T17:07:05.261+0000] {processor.py:161} INFO - Started process (PID=484) to work on /opt/airflow/dags/hello_airflow.py
[2026-08-12T17:07:05.263+0000] {processor.py:830} INFO - Processing file /opt/airflow/dags/hello_airflow.py for tasks to queue
[2026-08-12T17:07:05.266+0000] {logging_mixin.py:188} INFO - [2026-08-12T17:07:05.266+0000] {dagbag.py:545} INFO - Filling up the DagBag from /opt/airflow/dags/hello_airflow.py
[2026-08-12T17:07:05.293+0000] {processor.py:840} INFO - DAG(s) 'hello_airflow' retrieved from /opt/airflow/dags/hello_airflow.py
[2026-08-12T17:07:05.340+0000] {logging_mixin.py:188} INFO - [2026-08-12T17:07:05.340+0000] {dag.py:3089} INFO - Sync 1 DAGs
[2026-08-12T17:07:05.366+0000] {logging_mixin.py:188} INFO - [2026-08-12T17:07:05.365+0000] {dag.py:3947} INFO - Setting next_dagrun for hello_airflow to None, run_after=None
[2026-08-12T17:07:05.398+0000] {processor.py:183} INFO - Processing /opt/airflow/dags/hello_airflow.py took 0.144 seconds
[2026-08-12T17:07:35.566+0000] {processor.py:161} INFO - Started process (PID=638) to work on /opt/airflow/dags/hello_airflow.py
[2026-08-12T17:07:35.567+0000] {processor.py:830} INFO - Processing file /opt/airflow/dags/hello_airflow.py for tasks to queue
[2026-08-12T17:07:35.570+0000] {logging_mixin.py:188} INFO - [2026-08-12T17:07:35.569+0000] {dagbag.py:545} INFO - Filling up the DagBag from /opt/airflow/dags/hello_airflow.py
[2026-08-12T17:07:35.585+0000] {processor.py:840} INFO - DAG(s) 'hello_airflow' retrieved from /opt/airflow/dags/hello_airflow.py
[2026-08-12T17:07:35.613+0000] {logging_mixin.py:188} INFO - [2026-08-12T17:07:35.613+0000] {dag.py:3089} INFO - Sync 1 DAGs
[2026-08-12T17:07:35.626+0000] {logging_mixin.py:188} INFO - [2026-08-12T17:07:35.626+0000] {dag.py:3947} INFO - Setting next_dagrun for hello_airflow to None, run_after=None
[2026-08-12T17:07:35.645+0000] {processor.py:183} INFO - Processing /opt/airflow/dags/hello_airflow.py took 0.085 seconds
[2026-08-12T17:08:05.881+0000] {processor.py:161} INFO - Started process (PID=662) to work on /opt/airflow/dags/hello_airflow.py
[2026-08-12T17:08:05.882+0000] {processor.py:830} INFO - Processing file /opt/airflow/dags/hello_airflow.py for tasks to queue
[2026-08-12T17:08:05.885+0000] {logging_mixin.py:188} INFO - [2026-08-12T17:08:05.885+0000] {dagbag.py:545} INFO - Filling up the DagBag from /opt/airflow/dags/hello_airflow.py
[2026-08-12T17:08:05.899+0000] {processor.py:840} INFO - DAG(s) 'hello_airflow' retrieved from /opt/airflow/dags/hello_airflow.py
[2026-08-12T17:08:05.932+0000] {logging_mixin.py:188} INFO - [2026-08-12T17:08:05.932+0000] {dag.py:3089} INFO - Sync 1 DAGs
[2026-08-12T17:08:05.946+0000] {logging_mixin.py:188} INFO - [2026-08-12T17:08:05.946+0000] {dag.py:3947} INFO - Setting next_dagrun for hello_airflow to None, run_after=None
[2026-08-12T17:08:05.968+0000] {processor.py:183} INFO - Processing /opt/airflow/dags/hello_airflow.py took 0.092 seconds
[2026-08-12T17:08:36.339+0000] {processor.py:161} INFO - Started process (PID=693) to work on /opt/airflow/dags/hello_airflow.py
[2026-08-12T17:08:36.343+0000] {processor.py:830} INFO - Processing file /opt/airflow/dags/hello_airflow.py for tasks to queue
[2026-08-12T17:08:36.352+0000] {logging_mixin.py:188} INFO - [2026-08-12T17:08:36.351+0000] {dagbag.py:545} INFO - Filling up the DagBag from /opt/airflow/dags/hello_airflow.py
[2026-08-12T17:08:36.413+0000] {processor.py:840} INFO - DAG(s) 'hello_airflow' retrieved from /opt/airflow/dags/hello_airflow.py
[2026-08-12T17:08:36.522+0000] {logging_mixin.py:188} INFO - [2026-08-12T17:08:36.521+0000] {dag.py:3089} INFO - Sync 1 DAGs
[2026-08-12T17:08:36.586+0000] {logging_mixin.py:188} INFO - [2026-08-12T17:08:36.585+0000] {dag.py:3947} INFO - Setting next_dagrun for hello_airflow to None, run_after=None
[2026-08-12T17:08:36.711+0000] {processor.py:183} INFO - Processing /opt/airflow/dags/hello_airflow.py took 0.399 seconds
[2026-08-12T17:09:07.059+0000] {processor.py:161} INFO - Started process (PID=718) to work on /opt/airflow/dags/hello_airflow.py
[2026-08-12T17:09:07.061+0000] {processor.py:830} INFO - Processing file /opt/airflow/dags/hello_airflow.py for tasks to queue
[2026-08-12T17:09:07.065+0000] {logging_mixin.py:188} INFO - [2026-08-12T17:09:07.065+0000] {dagbag.py:545} INFO - Filling up the DagBag from /opt/airflow/dags/hello_airflow.py
[2026-08-12T17:09:07.092+0000] {processor.py:840} INFO - DAG(s) 'hello_airflow' retrieved from /opt/airflow/dags/hello_airflow.py
[2026-08-12T17:09:07.136+0000] {logging_mixin.py:188} INFO - [2026-08-12T17:09:07.136+0000] {dag.py:3089} INFO - Sync 1 DAGs
[2026-08-12T17:09:07.158+0000] {logging_mixin.py:188} INFO - [2026-08-12T17:09:07.157+0000] {dag.py:3947} INFO - Setting next_dagrun for hello_airflow to None, run_after=None
[2026-08-12T17:09:07.190+0000] {processor.py:183} INFO - Processing /opt/airflow/dags/hello_airflow.py took 0.140 seconds
[2026-08-12T17:09:37.344+0000] {processor.py:161} INFO - Started process (PID=741) to work on /opt/airflow/dags/hello_airflow.py
[2026-08-12T17:09:37.350+0000] {processor.py:830} INFO - Processing file /opt/airflow/dags/hello_airflow.py for tasks to queue
[2026-08-12T17:09:37.363+0000] {logging_mixin.py:188} INFO - [2026-08-12T17:09:37.362+0000] {dagbag.py:545} INFO - Filling up the DagBag from /opt/airflow/dags/hello_airflow.py
[2026-08-12T17:09:37.434+0000] {processor.py:840} INFO - DAG(s) 'hello_airflow' retrieved from /opt/airflow/dags/hello_airflow.py
[2026-08-12T17:09:37.517+0000] {logging_mixin.py:188} INFO - [2026-08-12T17:09:37.516+0000] {dag.py:3089} INFO - Sync 1 DAGs
[2026-08-12T17:09:37.562+0000] {logging_mixin.py:188} INFO - [2026-08-12T17:09:37.561+0000] {dag.py:3947} INFO - Setting next_dagrun for hello_airflow to None, run_after=None
[2026-08-12T17:09:37.617+0000] {processor.py:183} INFO - Processing /opt/airflow/dags/hello_airflow.py took 0.293 seconds
[2026-08-12T17:10:08.007+0000] {processor.py:161} INFO - Started process (PID=765) to work on /opt/airflow/dags/hello_airflow.py
[2026-08-12T17:10:08.009+0000] {processor.py:830} INFO - Processing file /opt/airflow/dags/hello_airflow.py for tasks to queue
[2026-08-12T17:10:08.013+0000] {logging_mixin.py:188} INFO - [2026-08-12T17:10:08.012+0000] {dagbag.py:545} INFO - Filling up the DagBag from /opt/airflow/dags/hello_airflow.py
[2026-08-12T17:10:08.043+0000] {processor.py:840} INFO - DAG(s) 'hello_airflow' retrieved from /opt/airflow/dags/hello_airflow.py
[2026-08-12T17:10:08.115+0000] {logging_mixin.py:188} INFO - [2026-08-12T17:10:08.114+0000] {dag.py:3089} INFO - Sync 1 DAGs
[2026-08-12T17:10:08.147+0000] {logging_mixin.py:188} INFO - [2026-08-12T17:10:08.146+0000] {dag.py:3947} INFO - Setting next_dagrun for hello_airflow to None, run_after=None
[2026-08-12T17:10:08.190+0000] {processor.py:183} INFO - Processing /opt/airflow/dags/hello_airflow.py took 0.195 seconds
[2026-08-12T17:10:38.491+0000] {processor.py:161} INFO - Started process (PID=789) to work on /opt/airflow/dags/hello_airflow.py
[2026-08-12T17:10:38.492+0000] {processor.py:830} INFO - Processing file /opt/airflow/dags/hello_airflow.py for tasks to queue
[2026-08-12T17:10:38.495+0000] {logging_mixin.py:188} INFO - [2026-08-12T17:10:38.494+0000] {dagbag.py:545} INFO - Filling up the DagBag from /opt/airflow/dags/hello_airflow.py
[2026-08-12T17:10:38.513+0000] {processor.py:840} INFO - DAG(s) 'hello_airflow' retrieved from /opt/airflow/dags/hello_airflow.py
[2026-08-12T17:10:38.546+0000] {logging_mixin.py:188} INFO - [2026-08-12T17:10:38.545+0000] {dag.py:3089} INFO - Sync 1 DAGs
[2026-08-12T17:10:38.562+0000] {logging_mixin.py:188} INFO - [2026-08-12T17:10:38.562+0000] {dag.py:3947} INFO - Setting next_dagrun for hello_airflow to None, run_after=None
[2026-08-12T17:10:38.588+0000] {processor.py:183} INFO - Processing /opt/airflow/dags/hello_airflow.py took 0.105 seconds
[2026-08-12T17:12:26.571+0000] {processor.py:161} INFO - Started process (PID=181) to work on /opt/airflow/dags/hello_airflow.py
[2026-08-12T17:12:26.576+0000] {processor.py:830} INFO - Processing file /opt/airflow/dags/hello_airflow.py for tasks to queue
[2026-08-12T17:12:26.587+0000] {logging_mixin.py:188} INFO - [2026-08-12T17:12:26.585+0000] {dagbag.py:545} INFO - Filling up the DagBag from /opt/airflow/dags/hello_airflow.py
[2026-08-12T17:12:26.687+0000] {processor.py:840} INFO - DAG(s) 'hello_airflow' retrieved from /opt/airflow/dags/hello_airflow.py
[2026-08-12T17:12:28.319+0000] {logging_mixin.py:188} INFO - [2026-08-12T17:12:28.318+0000] {dag.py:3089} INFO - Sync 1 DAGs
[2026-08-12T17:12:28.386+0000] {logging_mixin.py:188} INFO - [2026-08-12T17:12:28.386+0000] {dag.py:3947} INFO - Setting next_dagrun for hello_airflow to None, run_after=None
[2026-08-12T17:12:28.513+0000] {processor.py:183} INFO - Processing /opt/airflow/dags/hello_airflow.py took 1.971 seconds
[2026-08-12T17:12:59.077+0000] {processor.py:161} INFO - Started process (PID=205) to work on /opt/airflow/dags/hello_airflow.py
[2026-08-12T17:12:59.080+0000] {processor.py:830} INFO - Processing file /opt/airflow/dags/hello_airflow.py for tasks to queue
[2026-08-12T17:12:59.086+0000] {logging_mixin.py:188} INFO - [2026-08-12T17:12:59.085+0000] {dagbag.py:545} INFO - Filling up the DagBag from /opt/airflow/dags/hello_airflow.py
[2026-08-12T17:12:59.126+0000] {processor.py:840} INFO - DAG(s) 'hello_airflow' retrieved from /opt/airflow/dags/hello_airflow.py
[2026-08-12T17:12:59.200+0000] {logging_mixin.py:188} INFO - [2026-08-12T17:12:59.199+0000] {dag.py:3089} INFO - Sync 1 DAGs
[2026-08-12T17:12:59.239+0000] {logging_mixin.py:188} INFO - [2026-08-12T17:12:59.239+0000] {dag.py:3947} INFO - Setting next_dagrun for hello_airflow to None, run_after=None
[2026-08-12T17:12:59.292+0000] {processor.py:183} INFO - Processing /opt/airflow/dags/hello_airflow.py took 0.232 seconds
[2026-08-12T17:13:29.488+0000] {processor.py:161} INFO - Started process (PID=229) to work on /opt/airflow/dags/hello_airflow.py
[2026-08-12T17:13:29.490+0000] {processor.py:830} INFO - Processing file /opt/airflow/dags/hello_airflow.py for tasks to queue
[2026-08-12T17:13:29.492+0000] {logging_mixin.py:188} INFO - [2026-08-12T17:13:29.492+0000] {dagbag.py:545} INFO - Filling up the DagBag from /opt/airflow/dags/hello_airflow.py
[2026-08-12T17:13:29.511+0000] {processor.py:840} INFO - DAG(s) 'hello_airflow' retrieved from /opt/airflow/dags/hello_airflow.py
[2026-08-12T17:13:29.556+0000] {logging_mixin.py:188} INFO - [2026-08-12T17:13:29.555+0000] {dag.py:3089} INFO - Sync 1 DAGs
[2026-08-12T17:13:29.575+0000] {logging_mixin.py:188} INFO - [2026-08-12T17:13:29.575+0000] {dag.py:3947} INFO - Setting next_dagrun for hello_airflow to None, run_after=None
[2026-08-12T17:13:29.602+0000] {processor.py:183} INFO - Processing /opt/airflow/dags/hello_airflow.py took 0.120 seconds
[2026-08-12T17:13:59.904+0000] {processor.py:161} INFO - Started process (PID=253) to work on /opt/airflow/dags/hello_airflow.py
[2026-08-12T17:13:59.906+0000] {processor.py:830} INFO - Processing file /opt/airflow/dags/hello_airflow.py for tasks to queue
[2026-08-12T17:13:59.910+0000] {logging_mixin.py:188} INFO - [2026-08-12T17:13:59.909+0000] {dagbag.py:545} INFO - Filling up the DagBag from /opt/airflow/dags/hello_airflow.py
[2026-08-12T17:13:59.951+0000] {processor.py:840} INFO - DAG(s) 'hello_airflow' retrieved from /opt/airflow/dags/hello_airflow.py
[2026-08-12T17:14:00.009+0000] {logging_mixin.py:188} INFO - [2026-08-12T17:14:00.008+0000] {dag.py:3089} INFO - Sync 1 DAGs
[2026-08-12T17:14:00.047+0000] {logging_mixin.py:188} INFO - [2026-08-12T17:14:00.046+0000] {dag.py:3947} INFO - Setting next_dagrun for hello_airflow to None, run_after=None
[2026-08-12T17:14:00.142+0000] {processor.py:183} INFO - Processing /opt/airflow/dags/hello_airflow.py took 0.252 seconds
[2026-08-12T17:14:30.460+0000] {processor.py:161} INFO - Started process (PID=277) to work on /opt/airflow/dags/hello_airflow.py
[2026-08-12T17:14:30.463+0000] {processor.py:830} INFO - Processing file /opt/airflow/dags/hello_airflow.py for tasks to queue
[2026-08-12T17:14:30.468+0000] {logging_mixin.py:188} INFO - [2026-08-12T17:14:30.467+0000] {dagbag.py:545} INFO - Filling up the DagBag from /opt/airflow/dags/hello_airflow.py
[2026-08-12T17:14:30.510+0000] {processor.py:840} INFO - DAG(s) 'hello_airflow' retrieved from /opt/airflow/dags/hello_airflow.py
[2026-08-12T17:14:30.580+0000] {logging_mixin.py:188} INFO - [2026-08-12T17:14:30.580+0000] {dag.py:3089} INFO - Sync 1 DAGs
[2026-08-12T17:14:30.620+0000] {logging_mixin.py:188} INFO - [2026-08-12T17:14:30.620+0000] {dag.py:3947} INFO - Setting next_dagrun for hello_airflow to None, run_after=None
[2026-08-12T17:14:30.675+0000] {processor.py:183} INFO - Processing /opt/airflow/dags/hello_airflow.py took 0.228 seconds
[2026-08-12T17:15:00.975+0000] {processor.py:161} INFO - Started process (PID=308) to work on /opt/airflow/dags/hello_airflow.py
[2026-08-12T17:15:00.977+0000] {processor.py:830} INFO - Processing file /opt/airflow/dags/hello_airflow.py for tasks to queue
[2026-08-12T17:15:00.981+0000] {logging_mixin.py:188} INFO - [2026-08-12T17:15:00.980+0000] {dagbag.py:545} INFO - Filling up the DagBag from /opt/airflow/dags/hello_airflow.py
[2026-08-12T17:15:01.005+0000] {processor.py:840} INFO - DAG(s) 'hello_airflow' retrieved from /opt/airflow/dags/hello_airflow.py
[2026-08-12T17:15:01.052+0000] {logging_mixin.py:188} INFO - [2026-08-12T17:15:01.051+0000] {dag.py:3089} INFO - Sync 1 DAGs
[2026-08-12T17:15:01.077+0000] {logging_mixin.py:188} INFO - [2026-08-12T17:15:01.077+0000] {dag.py:3947} INFO - Setting next_dagrun for hello_airflow to None, run_after=None
[2026-08-12T17:15:01.121+0000] {processor.py:183} INFO - Processing /opt/airflow/dags/hello_airflow.py took 0.156 seconds
[2026-08-12T17:15:31.556+0000] {processor.py:161} INFO - Started process (PID=390) to work on /opt/airflow/dags/hello_airflow.py
[2026-08-12T17:15:31.561+0000] {processor.py:830} INFO - Processing file /opt/airflow/dags/hello_airflow.py for tasks to queue
[2026-08-12T17:15:31.567+0000] {logging_mixin.py:188} INFO - [2026-08-12T17:15:31.566+0000] {dagbag.py:545} INFO - Filling up the DagBag from /opt/airflow/dags/hello_airflow.py
[2026-08-12T17:15:31.624+0000] {processor.py:840} INFO - DAG(s) 'hello_airflow' retrieved from /opt/airflow/dags/hello_airflow.py
[2026-08-12T17:15:31.732+0000] {logging_mixin.py:188} INFO - [2026-08-12T17:15:31.731+0000] {dag.py:3089} INFO - Sync 1 DAGs
[2026-08-12T17:15:31.780+0000] {logging_mixin.py:188} INFO - [2026-08-12T17:15:31.779+0000] {dag.py:3947} INFO - Setting next_dagrun for hello_airflow to None, run_after=None
[2026-08-12T17:15:31.846+0000] {processor.py:183} INFO - Processing /opt/airflow/dags/hello_airflow.py took 0.305 seconds
[2026-08-12T17:16:02.224+0000] {processor.py:161} INFO - Started process (PID=528) to work on /opt/airflow/dags/hello_airflow.py
[2026-08-12T17:16:02.229+0000] {processor.py:830} INFO - Processing file /opt/airflow/dags/hello_airflow.py for tasks to queue
[2026-08-12T17:16:02.242+0000] {logging_mixin.py:188} INFO - [2026-08-12T17:16:02.240+0000] {dagbag.py:545} INFO - Filling up the DagBag from /opt/airflow/dags/hello_airflow.py
[2026-08-12T17:16:02.343+0000] {processor.py:840} INFO - DAG(s) 'hello_airflow' retrieved from /opt/airflow/dags/hello_airflow.py
[2026-08-12T17:16:02.528+0000] {logging_mixin.py:188} INFO - [2026-08-12T17:16:02.527+0000] {dag.py:3089} INFO - Sync 1 DAGs
[2026-08-12T17:16:02.610+0000] {logging_mixin.py:188} INFO - [2026-08-12T17:16:02.609+0000] {dag.py:3947} INFO - Setting next_dagrun for hello_airflow to None, run_after=None
[2026-08-12T17:16:02.699+0000] {processor.py:183} INFO - Processing /opt/airflow/dags/hello_airflow.py took 0.511 seconds
[2026-08-12T17:16:33.096+0000] {processor.py:161} INFO - Started process (PID=654) to work on /opt/airflow/dags/hello_airflow.py
[2026-08-12T17:16:33.098+0000] {processor.py:830} INFO - Processing file /opt/airflow/dags/hello_airflow.py for tasks to queue
[2026-08-12T17:16:33.102+0000] {logging_mixin.py:188} INFO - [2026-08-12T17:16:33.101+0000] {dagbag.py:545} INFO - Filling up the DagBag from /opt/airflow/dags/hello_airflow.py
[2026-08-12T17:16:33.128+0000] {processor.py:840} INFO - DAG(s) 'hello_airflow' retrieved from /opt/airflow/dags/hello_airflow.py
[2026-08-12T17:16:33.181+0000] {logging_mixin.py:188} INFO - [2026-08-12T17:16:33.181+0000] {dag.py:3089} INFO - Sync 1 DAGs
[2026-08-12T17:16:33.209+0000] {logging_mixin.py:188} INFO - [2026-08-12T17:16:33.209+0000] {dag.py:3947} INFO - Setting next_dagrun for hello_airflow to None, run_after=None
[2026-08-12T17:16:33.249+0000] {processor.py:183} INFO - Processing /opt/airflow/dags/hello_airflow.py took 0.161 seconds
[2026-08-12T17:17:03.351+0000] {processor.py:161} INFO - Started process (PID=678) to work on /opt/airflow/dags/hello_airflow.py
[2026-08-12T17:17:03.353+0000] {processor.py:830} INFO - Processing file /opt/airflow/dags/hello_airflow.py for tasks to queue
[2026-08-12T17:17:03.356+0000] {logging_mixin.py:188} INFO - [2026-08-12T17:17:03.356+0000] {dagbag.py:545} INFO - Filling up the DagBag from /opt/airflow/dags/hello_airflow.py
[2026-08-12T17:17:03.408+0000] {processor.py:840} INFO - DAG(s) 'hello_airflow' retrieved from /opt/airflow/dags/hello_airflow.py
[2026-08-12T17:17:03.485+0000] {logging_mixin.py:188} INFO - [2026-08-12T17:17:03.485+0000] {dag.py:3089} INFO - Sync 1 DAGs
[2026-08-12T17:17:03.516+0000] {logging_mixin.py:188} INFO - [2026-08-12T17:17:03.515+0000] {dag.py:3947} INFO - Setting next_dagrun for hello_airflow to None, run_after=None
[2026-08-12T17:17:03.551+0000] {processor.py:183} INFO - Processing /opt/airflow/dags/hello_airflow.py took 0.210 seconds
[2026-08-12T17:17:34.012+0000] {processor.py:161} INFO - Started process (PID=752) to work on /opt/airflow/dags/hello_airflow.py
[2026-08-12T17:17:34.017+0000] {processor.py:830} INFO - Processing file /opt/airflow/dags/hello_airflow.py for tasks to queue
[2026-08-12T17:17:34.030+0000] {logging_mixin.py:188} INFO - [2026-08-12T17:17:34.029+0000] {dagbag.py:545} INFO - Filling up the DagBag from /opt/airflow/dags/hello_airflow.py
[2026-08-12T17:17:34.099+0000] {processor.py:840} INFO - DAG(s) 'hello_airflow' retrieved from /opt/airflow/dags/hello_airflow.py
[2026-08-12T17:17:34.227+0000] {logging_mixin.py:188} INFO - [2026-08-12T17:17:34.226+0000] {dag.py:3089} INFO - Sync 1 DAGs
[2026-08-12T17:17:34.288+0000] {logging_mixin.py:188} INFO - [2026-08-12T17:17:34.288+0000] {dag.py:3947} INFO - Setting next_dagrun for hello_airflow to None, run_after=None
[2026-08-12T17:17:34.387+0000] {processor.py:183} INFO - Processing /opt/airflow/dags/hello_airflow.py took 0.405 seconds
[2026-08-12T17:18:05.264+0000] {processor.py:161} INFO - Started process (PID=874) to work on /opt/airflow/dags/hello_airflow.py
[2026-08-12T17:18:05.270+0000] {processor.py:830} INFO - Processing file /opt/airflow/dags/hello_airflow.py for tasks to queue
[2026-08-12T17:18:05.288+0000] {logging_mixin.py:188} INFO - [2026-08-12T17:18:05.286+0000] {dagbag.py:545} INFO - Filling up the DagBag from /opt/airflow/dags/hello_airflow.py
[2026-08-12T17:18:05.412+0000] {processor.py:840} INFO - DAG(s) 'hello_airflow' retrieved from /opt/airflow/dags/hello_airflow.py
[2026-08-12T17:18:05.609+0000] {logging_mixin.py:188} INFO - [2026-08-12T17:18:05.607+0000] {dag.py:3089} INFO - Sync 1 DAGs
[2026-08-12T17:18:05.731+0000] {logging_mixin.py:188} INFO - [2026-08-12T17:18:05.730+0000] {dag.py:3947} INFO - Setting next_dagrun for hello_airflow to None, run_after=None
[2026-08-12T17:18:05.838+0000] {processor.py:183} INFO - Processing /opt/airflow/dags/hello_airflow.py took 0.617 seconds
[2026-08-12T17:18:36.288+0000] {processor.py:161} INFO - Started process (PID=1037) to work on /opt/airflow/dags/hello_airflow.py
[2026-08-12T17:18:36.290+0000] {processor.py:830} INFO - Processing file /opt/airflow/dags/hello_airflow.py for tasks to queue
[2026-08-12T17:18:36.293+0000] {logging_mixin.py:188} INFO - [2026-08-12T17:18:36.293+0000] {dagbag.py:545} INFO - Filling up the DagBag from /opt/airflow/dags/hello_airflow.py
[2026-08-12T17:18:36.310+0000] {processor.py:840} INFO - DAG(s) 'hello_airflow' retrieved from /opt/airflow/dags/hello_airflow.py
[2026-08-12T17:18:36.342+0000] {logging_mixin.py:188} INFO - [2026-08-12T17:18:36.342+0000] {dag.py:3089} INFO - Sync 1 DAGs
[2026-08-12T17:18:36.357+0000] {logging_mixin.py:188} INFO - [2026-08-12T17:18:36.357+0000] {dag.py:3947} INFO - Setting next_dagrun for hello_airflow to None, run_after=None
[2026-08-12T17:18:36.381+0000] {processor.py:183} INFO - Processing /opt/airflow/dags/hello_airflow.py took 0.100 seconds
[2026-08-12T17:19:06.653+0000] {processor.py:161} INFO - Started process (PID=1062) to work on /opt/airflow/dags/hello_airflow.py
[2026-08-12T17:19:06.655+0000] {processor.py:830} INFO - Processing file /opt/airflow/dags/hello_airflow.py for tasks to queue
[2026-08-12T17:19:06.657+0000] {logging_mixin.py:188} INFO - [2026-08-12T17:19:06.657+0000] {dagbag.py:545} INFO - Filling up the DagBag from /opt/airflow/dags/hello_airflow.py
[2026-08-12T17:19:06.678+0000] {processor.py:840} INFO - DAG(s) 'hello_airflow' retrieved from /opt/airflow/dags/hello_airflow.py
[2026-08-12T17:19:06.710+0000] {logging_mixin.py:188} INFO - [2026-08-12T17:19:06.709+0000] {dag.py:3089} INFO - Sync 1 DAGs
[2026-08-12T17:19:06.727+0000] {logging_mixin.py:188} INFO - [2026-08-12T17:19:06.727+0000] {dag.py:3947} INFO - Setting next_dagrun for hello_airflow to None, run_after=None
[2026-08-12T17:19:06.752+0000] {processor.py:183} INFO - Processing /opt/airflow/dags/hello_airflow.py took 0.108 seconds
[2026-08-12T17:19:37.176+0000] {processor.py:161} INFO - Started process (PID=1086) to work on /opt/airflow/dags/hello_airflow.py
[2026-08-12T17:19:37.179+0000] {processor.py:830} INFO - Processing file /opt/airflow/dags/hello_airflow.py for tasks to queue
[2026-08-12T17:19:37.185+0000] {logging_mixin.py:188} INFO - [2026-08-12T17:19:37.184+0000] {dagbag.py:545} INFO - Filling up the DagBag from /opt/airflow/dags/hello_airflow.py
[2026-08-12T17:19:37.231+0000] {processor.py:840} INFO - DAG(s) 'hello_airflow' retrieved from /opt/airflow/dags/hello_airflow.py
[2026-08-12T17:19:37.321+0000] {logging_mixin.py:188} INFO - [2026-08-12T17:19:37.319+0000] {dag.py:3089} INFO - Sync 1 DAGs
[2026-08-12T17:19:37.363+0000] {logging_mixin.py:188} INFO - [2026-08-12T17:19:37.363+0000] {dag.py:3947} INFO - Setting next_dagrun for hello_airflow to None, run_after=None
[2026-08-12T17:19:37.412+0000] {processor.py:183} INFO - Processing /opt/airflow/dags/hello_airflow.py took 0.253 seconds
[2026-08-12T17:20:07.679+0000] {processor.py:161} INFO - Started process (PID=1110) to work on /opt/airflow/dags/hello_airflow.py
[2026-08-12T17:20:07.681+0000] {processor.py:830} INFO - Processing file /opt/airflow/dags/hello_airflow.py for tasks to queue
[2026-08-12T17:20:07.683+0000] {logging_mixin.py:188} INFO - [2026-08-12T17:20:07.683+0000] {dagbag.py:545} INFO - Filling up the DagBag from /opt/airflow/dags/hello_airflow.py
[2026-08-12T17:20:07.701+0000] {processor.py:840} INFO - DAG(s) 'hello_airflow' retrieved from /opt/airflow/dags/hello_airflow.py
[2026-08-12T17:20:07.730+0000] {logging_mixin.py:188} INFO - [2026-08-12T17:20:07.730+0000] {dag.py:3089} INFO - Sync 1 DAGs
[2026-08-12T17:20:07.744+0000] {logging_mixin.py:188} INFO - [2026-08-12T17:20:07.744+0000] {dag.py:3947} INFO - Setting next_dagrun for hello_airflow to None, run_after=None
[2026-08-12T17:20:07.765+0000] {processor.py:183} INFO - Processing /opt/airflow/dags/hello_airflow.py took 0.094 seconds
[2026-08-12T17:20:37.917+0000] {processor.py:161} INFO - Started process (PID=1134) to work on /opt/airflow/dags/hello_airflow.py
[2026-08-12T17:20:37.919+0000] {processor.py:830} INFO - Processing file /opt/airflow/dags/hello_airflow.py for tasks to queue
[2026-08-12T17:20:37.921+0000] {logging_mixin.py:188} INFO - [2026-08-12T17:20:37.921+0000] {dagbag.py:545} INFO - Filling up the DagBag from /opt/airflow/dags/hello_airflow.py
[2026-08-12T17:20:37.938+0000] {processor.py:840} INFO - DAG(s) 'hello_airflow' retrieved from /opt/airflow/dags/hello_airflow.py
[2026-08-12T17:20:37.965+0000] {logging_mixin.py:188} INFO - [2026-08-12T17:20:37.965+0000] {dag.py:3089} INFO - Sync 1 DAGs
[2026-08-12T17:20:37.980+0000] {logging_mixin.py:188} INFO - [2026-08-12T17:20:37.980+0000] {dag.py:3947} INFO - Setting next_dagrun for hello_airflow to None, run_after=None
[2026-08-12T17:20:38.000+0000] {processor.py:183} INFO - Processing /opt/airflow/dags/hello_airflow.py took 0.089 seconds
[2026-08-12T17:21:08.267+0000] {processor.py:161} INFO - Started process (PID=1158) to work on /opt/airflow/dags/hello_airflow.py
[2026-08-12T17:21:08.268+0000] {processor.py:830} INFO - Processing file /opt/airflow/dags/hello_airflow.py for tasks to queue
[2026-08-12T17:21:08.270+0000] {logging_mixin.py:188} INFO - [2026-08-12T17:21:08.270+0000] {dagbag.py:545} INFO - Filling up the DagBag from /opt/airflow/dags/hello_airflow.py
[2026-08-12T17:21:08.286+0000] {processor.py:840} INFO - DAG(s) 'hello_airflow' retrieved from /opt/airflow/dags/hello_airflow.py
[2026-08-12T17:21:08.311+0000] {logging_mixin.py:188} INFO - [2026-08-12T17:21:08.311+0000] {dag.py:3089} INFO - Sync 1 DAGs
[2026-08-12T17:21:08.322+0000] {logging_mixin.py:188} INFO - [2026-08-12T17:21:08.322+0000] {dag.py:3947} INFO - Setting next_dagrun for hello_airflow to None, run_after=None
[2026-08-12T17:21:08.340+0000] {processor.py:183} INFO - Processing /opt/airflow/dags/hello_airflow.py took 0.078 seconds
[2026-08-12T17:21:38.616+0000] {processor.py:161} INFO - Started process (PID=1189) to work on /opt/airflow/dags/hello_airflow.py
[2026-08-12T17:21:38.617+0000] {processor.py:830} INFO - Processing file /opt/airflow/dags/hello_airflow.py for tasks to queue
[2026-08-12T17:21:38.620+0000] {logging_mixin.py:188} INFO - [2026-08-12T17:21:38.620+0000] {dagbag.py:545} INFO - Filling up the DagBag from /opt/airflow/dags/hello_airflow.py
[2026-08-12T17:21:38.637+0000] {processor.py:840} INFO - DAG(s) 'hello_airflow' retrieved from /opt/airflow/dags/hello_airflow.py
[2026-08-12T17:21:38.667+0000] {logging_mixin.py:188} INFO - [2026-08-12T17:21:38.666+0000] {dag.py:3089} INFO - Sync 1 DAGs
[2026-08-12T17:21:38.682+0000] {logging_mixin.py:188} INFO - [2026-08-12T17:21:38.682+0000] {dag.py:3947} INFO - Setting next_dagrun for hello_airflow to None, run_after=None
[2026-08-12T17:21:38.706+0000] {processor.py:183} INFO - Processing /opt/airflow/dags/hello_airflow.py took 0.096 seconds
[2026-08-12T17:22:08.907+0000] {processor.py:161} INFO - Started process (PID=1213) to work on /opt/airflow/dags/hello_airflow.py
[2026-08-12T17:22:08.909+0000] {processor.py:830} INFO - Processing file /opt/airflow/dags/hello_airflow.py for tasks to queue
[2026-08-12T17:22:08.913+0000] {logging_mixin.py:188} INFO - [2026-08-12T17:22:08.913+0000] {dagbag.py:545} INFO - Filling up the DagBag from /opt/airflow/dags/hello_airflow.py
[2026-08-12T17:22:08.944+0000] {processor.py:840} INFO - DAG(s) 'hello_airflow' retrieved from /opt/airflow/dags/hello_airflow.py
[2026-08-12T17:22:08.990+0000] {logging_mixin.py:188} INFO - [2026-08-12T17:22:08.990+0000] {dag.py:3089} INFO - Sync 1 DAGs
[2026-08-12T17:22:09.015+0000] {logging_mixin.py:188} INFO - [2026-08-12T17:22:09.015+0000] {dag.py:3947} INFO - Setting next_dagrun for hello_airflow to None, run_after=None
[2026-08-12T17:22:09.049+0000] {processor.py:183} INFO - Processing /opt/airflow/dags/hello_airflow.py took 0.153 seconds
[2026-08-12T17:22:39.250+0000] {processor.py:161} INFO - Started process (PID=1237) to work on /opt/airflow/dags/hello_airflow.py
[2026-08-12T17:22:39.251+0000] {processor.py:830} INFO - Processing file /opt/airflow/dags/hello_airflow.py for tasks to queue
[2026-08-12T17:22:39.254+0000] {logging_mixin.py:188} INFO - [2026-08-12T17:22:39.253+0000] {dagbag.py:545} INFO - Filling up the DagBag from /opt/airflow/dags/hello_airflow.py
[2026-08-12T17:22:39.270+0000] {processor.py:840} INFO - DAG(s) 'hello_airflow' retrieved from /opt/airflow/dags/hello_airflow.py
[2026-08-12T17:22:39.296+0000] {logging_mixin.py:188} INFO - [2026-08-12T17:22:39.296+0000] {dag.py:3089} INFO - Sync 1 DAGs
[2026-08-12T17:22:39.310+0000] {logging_mixin.py:188} INFO - [2026-08-12T17:22:39.309+0000] {dag.py:3947} INFO - Setting next_dagrun for hello_airflow to None, run_after=None
[2026-08-12T17:22:39.328+0000] {processor.py:183} INFO - Processing /opt/airflow/dags/hello_airflow.py took 0.085 seconds
[2026-08-12T17:23:09.587+0000] {processor.py:161} INFO - Started process (PID=1262) to work on /opt/airflow/dags/hello_airflow.py
[2026-08-12T17:23:09.588+0000] {processor.py:830} INFO - Processing file /opt/airflow/dags/hello_airflow.py for tasks to queue
[2026-08-12T17:23:09.590+0000] {logging_mixin.py:188} INFO - [2026-08-12T17:23:09.590+0000] {dagbag.py:545} INFO - Filling up the DagBag from /opt/airflow/dags/hello_airflow.py
[2026-08-12T17:23:09.606+0000] {processor.py:840} INFO - DAG(s) 'hello_airflow' retrieved from /opt/airflow/dags/hello_airflow.py
[2026-08-12T17:23:09.633+0000] {logging_mixin.py:188} INFO - [2026-08-12T17:23:09.633+0000] {dag.py:3089} INFO - Sync 1 DAGs
[2026-08-12T17:23:09.646+0000] {logging_mixin.py:188} INFO - [2026-08-12T17:23:09.646+0000] {dag.py:3947} INFO - Setting next_dagrun for hello_airflow to None, run_after=None
[2026-08-12T17:23:09.666+0000] {processor.py:183} INFO - Processing /opt/airflow/dags/hello_airflow.py took 0.084 seconds
[2026-08-12T17:23:40.081+0000] {processor.py:161} INFO - Started process (PID=1286) to work on /opt/airflow/dags/hello_airflow.py
[2026-08-12T17:23:40.082+0000] {processor.py:830} INFO - Processing file /opt/airflow/dags/hello_airflow.py for tasks to queue
[2026-08-12T17:23:40.086+0000] {logging_mixin.py:188} INFO - [2026-08-12T17:23:40.085+0000] {dagbag.py:545} INFO - Filling up the DagBag from /opt/airflow/dags/hello_airflow.py
[2026-08-12T17:23:40.114+0000] {processor.py:840} INFO - DAG(s) 'hello_airflow' retrieved from /opt/airflow/dags/hello_airflow.py
[2026-08-12T17:23:40.156+0000] {logging_mixin.py:188} INFO - [2026-08-12T17:23:40.156+0000] {dag.py:3089} INFO - Sync 1 DAGs
[2026-08-12T17:23:40.176+0000] {logging_mixin.py:188} INFO - [2026-08-12T17:23:40.176+0000] {dag.py:3947} INFO - Setting next_dagrun for hello_airflow to None, run_after=None
[2026-08-12T17:23:40.211+0000] {processor.py:183} INFO - Processing /opt/airflow/dags/hello_airflow.py took 0.138 seconds
[2026-08-12T17:24:10.441+0000] {processor.py:161} INFO - Started process (PID=1362) to work on /opt/airflow/dags/hello_airflow.py
[2026-08-12T17:24:10.445+0000] {processor.py:830} INFO - Processing file /opt/airflow/dags/hello_airflow.py for tasks to queue
[2026-08-12T17:24:10.453+0000] {logging_mixin.py:188} INFO - [2026-08-12T17:24:10.451+0000] {dagbag.py:545} INFO - Filling up the DagBag from /opt/airflow/dags/hello_airflow.py
[2026-08-12T17:24:10.518+0000] {processor.py:840} INFO - DAG(s) 'hello_airflow' retrieved from /opt/airflow/dags/hello_airflow.py
[2026-08-12T17:24:10.706+0000] {logging_mixin.py:188} INFO - [2026-08-12T17:24:10.705+0000] {dag.py:3089} INFO - Sync 1 DAGs
[2026-08-12T17:24:10.803+0000] {logging_mixin.py:188} INFO - [2026-08-12T17:24:10.802+0000] {dag.py:3947} INFO - Setting next_dagrun for hello_airflow to None, run_after=None
[2026-08-12T17:24:10.916+0000] {processor.py:183} INFO - Processing /opt/airflow/dags/hello_airflow.py took 0.501 seconds
[2026-08-12T17:24:42.038+0000] {processor.py:161} INFO - Started process (PID=1513) to work on /opt/airflow/dags/hello_airflow.py
[2026-08-12T17:24:42.045+0000] {processor.py:830} INFO - Processing file /opt/airflow/dags/hello_airflow.py for tasks to queue
[2026-08-12T17:24:42.070+0000] {logging_mixin.py:188} INFO - [2026-08-12T17:24:42.063+0000] {dagbag.py:545} INFO - Filling up the DagBag from /opt/airflow/dags/hello_airflow.py
[2026-08-12T17:24:42.251+0000] {processor.py:840} INFO - DAG(s) 'hello_airflow' retrieved from /opt/airflow/dags/hello_airflow.py
[2026-08-12T17:24:42.513+0000] {logging_mixin.py:188} INFO - [2026-08-12T17:24:42.512+0000] {dag.py:3089} INFO - Sync 1 DAGs
[2026-08-12T17:24:42.626+0000] {logging_mixin.py:188} INFO - [2026-08-12T17:24:42.625+0000] {dag.py:3947} INFO - Setting next_dagrun for hello_airflow to None, run_after=None
[2026-08-12T17:24:42.755+0000] {processor.py:183} INFO - Processing /opt/airflow/dags/hello_airflow.py took 0.810 seconds
[2026-08-12T17:25:13.117+0000] {processor.py:161} INFO - Started process (PID=1609) to work on /opt/airflow/dags/hello_airflow.py
[2026-08-12T17:25:13.119+0000] {processor.py:830} INFO - Processing file /opt/airflow/dags/hello_airflow.py for tasks to queue
[2026-08-12T17:25:13.121+0000] {logging_mixin.py:188} INFO - [2026-08-12T17:25:13.121+0000] {dagbag.py:545} INFO - Filling up the DagBag from /opt/airflow/dags/hello_airflow.py
[2026-08-12T17:25:13.135+0000] {processor.py:840} INFO - DAG(s) 'hello_airflow' retrieved from /opt/airflow/dags/hello_airflow.py
[2026-08-12T17:25:13.165+0000] {logging_mixin.py:188} INFO - [2026-08-12T17:25:13.164+0000] {dag.py:3089} INFO - Sync 1 DAGs
[2026-08-12T17:25:13.178+0000] {logging_mixin.py:188} INFO - [2026-08-12T17:25:13.178+0000] {dag.py:3947} INFO - Setting next_dagrun for hello_airflow to None, run_after=None
[2026-08-12T17:25:13.199+0000] {processor.py:183} INFO - Processing /opt/airflow/dags/hello_airflow.py took 0.090 seconds
[2026-08-12T17:25:43.474+0000] {processor.py:161} INFO - Started process (PID=1633) to work on /opt/airflow/dags/hello_airflow.py
[2026-08-12T17:25:43.476+0000] {processor.py:830} INFO - Processing file /opt/airflow/dags/hello_airflow.py for tasks to queue
[2026-08-12T17:25:43.478+0000] {logging_mixin.py:188} INFO - [2026-08-12T17:25:43.478+0000] {dagbag.py:545} INFO - Filling up the DagBag from /opt/airflow/dags/hello_airflow.py
[2026-08-12T17:25:43.495+0000] {processor.py:840} INFO - DAG(s) 'hello_airflow' retrieved from /opt/airflow/dags/hello_airflow.py
[2026-08-12T17:25:43.521+0000] {logging_mixin.py:188} INFO - [2026-08-12T17:25:43.521+0000] {dag.py:3089} INFO - Sync 1 DAGs
[2026-08-12T17:25:43.534+0000] {logging_mixin.py:188} INFO - [2026-08-12T17:25:43.534+0000] {dag.py:3947} INFO - Setting next_dagrun for hello_airflow to None, run_after=None
[2026-08-12T17:25:43.554+0000] {processor.py:183} INFO - Processing /opt/airflow/dags/hello_airflow.py took 0.088 seconds
[2026-08-12T17:26:13.835+0000] {processor.py:161} INFO - Started process (PID=1664) to work on /opt/airflow/dags/hello_airflow.py
[2026-08-12T17:26:13.836+0000] {processor.py:830} INFO - Processing file /opt/airflow/dags/hello_airflow.py for tasks to queue
[2026-08-12T17:26:13.839+0000] {logging_mixin.py:188} INFO - [2026-08-12T17:26:13.838+0000] {dagbag.py:545} INFO - Filling up the DagBag from /opt/airflow/dags/hello_airflow.py
[2026-08-12T17:26:13.857+0000] {processor.py:840} INFO - DAG(s) 'hello_airflow' retrieved from /opt/airflow/dags/hello_airflow.py
[2026-08-12T17:26:13.890+0000] {logging_mixin.py:188} INFO - [2026-08-12T17:26:13.890+0000] {dag.py:3089} INFO - Sync 1 DAGs
[2026-08-12T17:26:13.905+0000] {logging_mixin.py:188} INFO - [2026-08-12T17:26:13.905+0000] {dag.py:3947} INFO - Setting next_dagrun for hello_airflow to None, run_after=None
[2026-08-12T17:26:13.928+0000] {processor.py:183} INFO - Processing /opt/airflow/dags/hello_airflow.py took 0.099 seconds
[2026-08-12T17:26:44.090+0000] {processor.py:161} INFO - Started process (PID=1688) to work on /opt/airflow/dags/hello_airflow.py
[2026-08-12T17:26:44.091+0000] {processor.py:830} INFO - Processing file /opt/airflow/dags/hello_airflow.py for tasks to queue
[2026-08-12T17:26:44.094+0000] {logging_mixin.py:188} INFO - [2026-08-12T17:26:44.094+0000] {dagbag.py:545} INFO - Filling up the DagBag from /opt/airflow/dags/hello_airflow.py
[2026-08-12T17:26:44.114+0000] {processor.py:840} INFO - DAG(s) 'hello_airflow' retrieved from /opt/airflow/dags/hello_airflow.py
[2026-08-12T17:26:44.151+0000] {logging_mixin.py:188} INFO - [2026-08-12T17:26:44.151+0000] {dag.py:3089} INFO - Sync 1 DAGs
[2026-08-12T17:26:44.167+0000] {logging_mixin.py:188} INFO - [2026-08-12T17:26:44.167+0000] {dag.py:3947} INFO - Setting next_dagrun for hello_airflow to None, run_after=None
[2026-08-12T17:26:44.193+0000] {processor.py:183} INFO - Processing /opt/airflow/dags/hello_airflow.py took 0.112 seconds
[2026-08-12T17:27:14.467+0000] {processor.py:161} INFO - Started process (PID=1712) to work on /opt/airflow/dags/hello_airflow.py
[2026-08-12T17:27:14.469+0000] {processor.py:830} INFO - Processing file /opt/airflow/dags/hello_airflow.py for tasks to queue
[2026-08-12T17:27:14.471+0000] {logging_mixin.py:188} INFO - [2026-08-12T17:27:14.471+0000] {dagbag.py:545} INFO - Filling up the DagBag from /opt/airflow/dags/hello_airflow.py
[2026-08-12T17:27:14.483+0000] {processor.py:840} INFO - DAG(s) 'hello_airflow' retrieved from /opt/airflow/dags/hello_airflow.py
[2026-08-12T17:27:14.507+0000] {logging_mixin.py:188} INFO - [2026-08-12T17:27:14.507+0000] {dag.py:3089} INFO - Sync 1 DAGs
[2026-08-12T17:27:14.519+0000] {logging_mixin.py:188} INFO - [2026-08-12T17:27:14.518+0000] {dag.py:3947} INFO - Setting next_dagrun for hello_airflow to None, run_after=None
[2026-08-12T17:27:14.538+0000] {processor.py:183} INFO - Processing /opt/airflow/dags/hello_airflow.py took 0.077 seconds
[2026-08-12T17:27:44.754+0000] {processor.py:161} INFO - Started process (PID=1743) to work on /opt/airflow/dags/hello_airflow.py
[2026-08-12T17:27:44.756+0000] {processor.py:830} INFO - Processing file /opt/airflow/dags/hello_airflow.py for tasks to queue
[2026-08-12T17:27:44.759+0000] {logging_mixin.py:188} INFO - [2026-08-12T17:27:44.759+0000] {dagbag.py:545} INFO - Filling up the DagBag from /opt/airflow/dags/hello_airflow.py
[2026-08-12T17:27:44.779+0000] {processor.py:840} INFO - DAG(s) 'hello_airflow' retrieved from /opt/airflow/dags/hello_airflow.py
[2026-08-12T17:27:44.819+0000] {logging_mixin.py:188} INFO - [2026-08-12T17:27:44.819+0000] {dag.py:3089} INFO - Sync 1 DAGs
[2026-08-12T17:27:44.837+0000] {logging_mixin.py:188} INFO - [2026-08-12T17:27:44.837+0000] {dag.py:3947} INFO - Setting next_dagrun for hello_airflow to None, run_after=None
[2026-08-12T17:27:44.861+0000] {processor.py:183} INFO - Processing /opt/airflow/dags/hello_airflow.py took 0.115 seconds
[2026-08-12T17:28:15.002+0000] {processor.py:161} INFO - Started process (PID=1767) to work on /opt/airflow/dags/hello_airflow.py
[2026-08-12T17:28:15.003+0000] {processor.py:830} INFO - Processing file /opt/airflow/dags/hello_airflow.py for tasks to queue
[2026-08-12T17:28:15.005+0000] {logging_mixin.py:188} INFO - [2026-08-12T17:28:15.005+0000] {dagbag.py:545} INFO - Filling up the DagBag from /opt/airflow/dags/hello_airflow.py
[2026-08-12T17:28:15.019+0000] {processor.py:840} INFO - DAG(s) 'hello_airflow' retrieved from /opt/airflow/dags/hello_airflow.py
[2026-08-12T17:28:15.045+0000] {logging_mixin.py:188} INFO - [2026-08-12T17:28:15.045+0000] {dag.py:3089} INFO - Sync 1 DAGs
[2026-08-12T17:28:15.058+0000] {logging_mixin.py:188} INFO - [2026-08-12T17:28:15.058+0000] {dag.py:3947} INFO - Setting next_dagrun for hello_airflow to None, run_after=None
[2026-08-12T17:28:15.078+0000] {processor.py:183} INFO - Processing /opt/airflow/dags/hello_airflow.py took 0.081 seconds
[2026-08-12T17:28:45.328+0000] {processor.py:161} INFO - Started process (PID=1791) to work on /opt/airflow/dags/hello_airflow.py
[2026-08-12T17:28:45.329+0000] {processor.py:830} INFO - Processing file /opt/airflow/dags/hello_airflow.py for tasks to queue
[2026-08-12T17:28:45.331+0000] {logging_mixin.py:188} INFO - [2026-08-12T17:28:45.331+0000] {dagbag.py:545} INFO - Filling up the DagBag from /opt/airflow/dags/hello_airflow.py
[2026-08-12T17:28:45.345+0000] {processor.py:840} INFO - DAG(s) 'hello_airflow' retrieved from /opt/airflow/dags/hello_airflow.py
[2026-08-12T17:28:45.371+0000] {logging_mixin.py:188} INFO - [2026-08-12T17:28:45.370+0000] {dag.py:3089} INFO - Sync 1 DAGs
[2026-08-12T17:28:45.383+0000] {logging_mixin.py:188} INFO - [2026-08-12T17:28:45.383+0000] {dag.py:3947} INFO - Setting next_dagrun for hello_airflow to None, run_after=None
[2026-08-12T17:28:45.403+0000] {processor.py:183} INFO - Processing /opt/airflow/dags/hello_airflow.py took 0.082 seconds
[2026-08-12T17:29:15.593+0000] {processor.py:161} INFO - Started process (PID=1822) to work on /opt/airflow/dags/hello_airflow.py
[2026-08-12T17:29:15.595+0000] {processor.py:830} INFO - Processing file /opt/airflow/dags/hello_airflow.py for tasks to queue
[2026-08-12T17:29:15.599+0000] {logging_mixin.py:188} INFO - [2026-08-12T17:29:15.599+0000] {dagbag.py:545} INFO - Filling up the DagBag from /opt/airflow/dags/hello_airflow.py
[2026-08-12T17:29:15.628+0000] {processor.py:840} INFO - DAG(s) 'hello_airflow' retrieved from /opt/airflow/dags/hello_airflow.py
[2026-08-12T17:29:15.696+0000] {logging_mixin.py:188} INFO - [2026-08-12T17:29:15.696+0000] {dag.py:3089} INFO - Sync 1 DAGs
[2026-08-12T17:29:15.723+0000] {logging_mixin.py:188} INFO - [2026-08-12T17:29:15.722+0000] {dag.py:3947} INFO - Setting next_dagrun for hello_airflow to None, run_after=None
[2026-08-12T17:29:15.770+0000] {processor.py:183} INFO - Processing /opt/airflow/dags/hello_airflow.py took 0.188 seconds
[2026-08-12T17:29:46.182+0000] {processor.py:161} INFO - Started process (PID=1846) to work on /opt/airflow/dags/hello_airflow.py
[2026-08-12T17:29:46.196+0000] {processor.py:830} INFO - Processing file /opt/airflow/dags/hello_airflow.py for tasks to queue
[2026-08-12T17:29:46.214+0000] {logging_mixin.py:188} INFO - [2026-08-12T17:29:46.209+0000] {dagbag.py:545} INFO - Filling up the DagBag from /opt/airflow/dags/hello_airflow.py
[2026-08-12T17:29:46.315+0000] {processor.py:840} INFO - DAG(s) 'hello_airflow' retrieved from /opt/airflow/dags/hello_airflow.py
[2026-08-12T17:29:46.527+0000] {logging_mixin.py:188} INFO - [2026-08-12T17:29:46.526+0000] {dag.py:3089} INFO - Sync 1 DAGs
[2026-08-12T17:29:46.608+0000] {logging_mixin.py:188} INFO - [2026-08-12T17:29:46.607+0000] {dag.py:3947} INFO - Setting next_dagrun for hello_airflow to None, run_after=None
[2026-08-12T17:29:46.748+0000] {processor.py:183} INFO - Processing /opt/airflow/dags/hello_airflow.py took 0.622 seconds
[2026-08-12T17:30:17.203+0000] {processor.py:161} INFO - Started process (PID=1870) to work on /opt/airflow/dags/hello_airflow.py
[2026-08-12T17:30:17.206+0000] {processor.py:830} INFO - Processing file /opt/airflow/dags/hello_airflow.py for tasks to queue
[2026-08-12T17:30:17.212+0000] {logging_mixin.py:188} INFO - [2026-08-12T17:30:17.211+0000] {dagbag.py:545} INFO - Filling up the DagBag from /opt/airflow/dags/hello_airflow.py
[2026-08-12T17:30:17.261+0000] {processor.py:840} INFO - DAG(s) 'hello_airflow' retrieved from /opt/airflow/dags/hello_airflow.py
[2026-08-12T17:30:17.352+0000] {logging_mixin.py:188} INFO - [2026-08-12T17:30:17.351+0000] {dag.py:3089} INFO - Sync 1 DAGs
[2026-08-12T17:30:17.394+0000] {logging_mixin.py:188} INFO - [2026-08-12T17:30:17.393+0000] {dag.py:3947} INFO - Setting next_dagrun for hello_airflow to None, run_after=None
[2026-08-12T17:30:17.454+0000] {processor.py:183} INFO - Processing /opt/airflow/dags/hello_airflow.py took 0.266 seconds
[2026-08-12T17:30:47.828+0000] {processor.py:161} INFO - Started process (PID=1895) to work on /opt/airflow/dags/hello_airflow.py
[2026-08-12T17:30:47.831+0000] {processor.py:830} INFO - Processing file /opt/airflow/dags/hello_airflow.py for tasks to queue
[2026-08-12T17:30:47.839+0000] {logging_mixin.py:188} INFO - [2026-08-12T17:30:47.838+0000] {dagbag.py:545} INFO - Filling up the DagBag from /opt/airflow/dags/hello_airflow.py
[2026-08-12T17:30:47.888+0000] {processor.py:840} INFO - DAG(s) 'hello_airflow' retrieved from /opt/airflow/dags/hello_airflow.py
[2026-08-12T17:30:47.968+0000] {logging_mixin.py:188} INFO - [2026-08-12T17:30:47.967+0000] {dag.py:3089} INFO - Sync 1 DAGs
[2026-08-12T17:30:48.010+0000] {logging_mixin.py:188} INFO - [2026-08-12T17:30:48.009+0000] {dag.py:3947} INFO - Setting next_dagrun for hello_airflow to None, run_after=None
[2026-08-12T17:30:48.067+0000] {processor.py:183} INFO - Processing /opt/airflow/dags/hello_airflow.py took 0.257 seconds
[2026-08-12T17:31:18.392+0000] {processor.py:161} INFO - Started process (PID=1912) to work on /opt/airflow/dags/hello_airflow.py
[2026-08-12T17:31:18.393+0000] {processor.py:830} INFO - Processing file /opt/airflow/dags/hello_airflow.py for tasks to queue
[2026-08-12T17:31:18.397+0000] {logging_mixin.py:188} INFO - [2026-08-12T17:31:18.397+0000] {dagbag.py:545} INFO - Filling up the DagBag from /opt/airflow/dags/hello_airflow.py
[2026-08-12T17:31:18.422+0000] {processor.py:840} INFO - DAG(s) 'hello_airflow' retrieved from /opt/airflow/dags/hello_airflow.py
[2026-08-12T17:31:18.468+0000] {logging_mixin.py:188} INFO - [2026-08-12T17:31:18.468+0000] {dag.py:3089} INFO - Sync 1 DAGs
[2026-08-12T17:31:18.489+0000] {logging_mixin.py:188} INFO - [2026-08-12T17:31:18.489+0000] {dag.py:3947} INFO - Setting next_dagrun for hello_airflow to None, run_after=None
[2026-08-12T17:31:18.521+0000] {processor.py:183} INFO - Processing /opt/airflow/dags/hello_airflow.py took 0.139 seconds
[2026-08-12T17:31:48.814+0000] {processor.py:161} INFO - Started process (PID=1942) to work on /opt/airflow/dags/hello_airflow.py
[2026-08-12T17:31:48.816+0000] {processor.py:830} INFO - Processing file /opt/airflow/dags/hello_airflow.py for tasks to queue
[2026-08-12T17:31:48.820+0000] {logging_mixin.py:188} INFO - [2026-08-12T17:31:48.820+0000] {dagbag.py:545} INFO - Filling up the DagBag from /opt/airflow/dags/hello_airflow.py
[2026-08-12T17:31:48.847+0000] {processor.py:840} INFO - DAG(s) 'hello_airflow' retrieved from /opt/airflow/dags/hello_airflow.py
[2026-08-12T17:31:48.899+0000] {logging_mixin.py:188} INFO - [2026-08-12T17:31:48.898+0000] {dag.py:3089} INFO - Sync 1 DAGs
[2026-08-12T17:31:48.929+0000] {logging_mixin.py:188} INFO - [2026-08-12T17:31:48.929+0000] {dag.py:3947} INFO - Setting next_dagrun for hello_airflow to None, run_after=None
[2026-08-12T17:31:48.965+0000] {processor.py:183} INFO - Processing /opt/airflow/dags/hello_airflow.py took 0.160 seconds
[2026-08-12T17:32:19.114+0000] {processor.py:161} INFO - Started process (PID=1968) to work on /opt/airflow/dags/hello_airflow.py
[2026-08-12T17:32:19.116+0000] {processor.py:830} INFO - Processing file /opt/airflow/dags/hello_airflow.py for tasks to queue
[2026-08-12T17:32:19.122+0000] {logging_mixin.py:188} INFO - [2026-08-12T17:32:19.121+0000] {dagbag.py:545} INFO - Filling up the DagBag from /opt/airflow/dags/hello_airflow.py
[2026-08-12T17:32:19.155+0000] {processor.py:840} INFO - DAG(s) 'hello_airflow' retrieved from /opt/airflow/dags/hello_airflow.py
[2026-08-12T17:32:19.226+0000] {logging_mixin.py:188} INFO - [2026-08-12T17:32:19.226+0000] {dag.py:3089} INFO - Sync 1 DAGs
[2026-08-12T17:32:19.252+0000] {logging_mixin.py:188} INFO - [2026-08-12T17:32:19.252+0000] {dag.py:3947} INFO - Setting next_dagrun for hello_airflow to None, run_after=None
[2026-08-12T17:32:19.289+0000] {processor.py:183} INFO - Processing /opt/airflow/dags/hello_airflow.py took 0.192 seconds
[2026-08-12T17:32:49.646+0000] {processor.py:161} INFO - Started process (PID=1992) to work on /opt/airflow/dags/hello_airflow.py
[2026-08-12T17:32:49.648+0000] {processor.py:830} INFO - Processing file /opt/airflow/dags/hello_airflow.py for tasks to queue
[2026-08-12T17:32:49.654+0000] {logging_mixin.py:188} INFO - [2026-08-12T17:32:49.653+0000] {dagbag.py:545} INFO - Filling up the DagBag from /opt/airflow/dags/hello_airflow.py
[2026-08-12T17:32:49.684+0000] {processor.py:840} INFO - DAG(s) 'hello_airflow' retrieved from /opt/airflow/dags/hello_airflow.py
[2026-08-12T17:32:49.740+0000] {logging_mixin.py:188} INFO - [2026-08-12T17:32:49.739+0000] {dag.py:3089} INFO - Sync 1 DAGs
[2026-08-12T17:32:49.769+0000] {logging_mixin.py:188} INFO - [2026-08-12T17:32:49.768+0000] {dag.py:3947} INFO - Setting next_dagrun for hello_airflow to None, run_after=None
[2026-08-12T17:32:49.808+0000] {processor.py:183} INFO - Processing /opt/airflow/dags/hello_airflow.py took 0.175 seconds
[2026-08-12T17:33:20.122+0000] {processor.py:161} INFO - Started process (PID=2016) to work on /opt/airflow/dags/hello_airflow.py
[2026-08-12T17:33:20.124+0000] {processor.py:830} INFO - Processing file /opt/airflow/dags/hello_airflow.py for tasks to queue
[2026-08-12T17:33:20.128+0000] {logging_mixin.py:188} INFO - [2026-08-12T17:33:20.128+0000] {dagbag.py:545} INFO - Filling up the DagBag from /opt/airflow/dags/hello_airflow.py
[2026-08-12T17:33:20.161+0000] {processor.py:840} INFO - DAG(s) 'hello_airflow' retrieved from /opt/airflow/dags/hello_airflow.py
[2026-08-12T17:33:20.218+0000] {logging_mixin.py:188} INFO - [2026-08-12T17:33:20.218+0000] {dag.py:3089} INFO - Sync 1 DAGs
[2026-08-12T17:33:20.248+0000] {logging_mixin.py:188} INFO - [2026-08-12T17:33:20.247+0000] {dag.py:3947} INFO - Setting next_dagrun for hello_airflow to None, run_after=None
[2026-08-12T17:33:20.296+0000] {processor.py:183} INFO - Processing /opt/airflow/dags/hello_airflow.py took 0.186 seconds
[2026-08-12T17:33:50.629+0000] {processor.py:161} INFO - Started process (PID=2033) to work on /opt/airflow/dags/hello_airflow.py
[2026-08-12T17:33:50.631+0000] {processor.py:830} INFO - Processing file /opt/airflow/dags/hello_airflow.py for tasks to queue
[2026-08-12T17:33:50.636+0000] {logging_mixin.py:188} INFO - [2026-08-12T17:33:50.635+0000] {dagbag.py:545} INFO - Filling up the DagBag from /opt/airflow/dags/hello_airflow.py
[2026-08-12T17:33:50.663+0000] {processor.py:840} INFO - DAG(s) 'hello_airflow' retrieved from /opt/airflow/dags/hello_airflow.py
[2026-08-12T17:33:50.708+0000] {logging_mixin.py:188} INFO - [2026-08-12T17:33:50.708+0000] {dag.py:3089} INFO - Sync 1 DAGs
[2026-08-12T17:33:50.731+0000] {logging_mixin.py:188} INFO - [2026-08-12T17:33:50.730+0000] {dag.py:3947} INFO - Setting next_dagrun for hello_airflow to None, run_after=None
[2026-08-12T17:33:50.765+0000] {processor.py:183} INFO - Processing /opt/airflow/dags/hello_airflow.py took 0.145 seconds
[2026-08-12T17:34:20.879+0000] {processor.py:161} INFO - Started process (PID=2057) to work on /opt/airflow/dags/hello_airflow.py
[2026-08-12T17:34:20.881+0000] {processor.py:830} INFO - Processing file /opt/airflow/dags/hello_airflow.py for tasks to queue
[2026-08-12T17:34:20.885+0000] {logging_mixin.py:188} INFO - [2026-08-12T17:34:20.884+0000] {dagbag.py:545} INFO - Filling up the DagBag from /opt/airflow/dags/hello_airflow.py
[2026-08-12T17:34:20.916+0000] {processor.py:840} INFO - DAG(s) 'hello_airflow' retrieved from /opt/airflow/dags/hello_airflow.py
[2026-08-12T17:34:20.977+0000] {logging_mixin.py:188} INFO - [2026-08-12T17:34:20.977+0000] {dag.py:3089} INFO - Sync 1 DAGs
[2026-08-12T17:34:21.004+0000] {logging_mixin.py:188} INFO - [2026-08-12T17:34:21.003+0000] {dag.py:3947} INFO - Setting next_dagrun for hello_airflow to None, run_after=None
[2026-08-12T17:34:21.045+0000] {processor.py:183} INFO - Processing /opt/airflow/dags/hello_airflow.py took 0.175 seconds
[2026-08-12T17:34:51.399+0000] {processor.py:161} INFO - Started process (PID=2082) to work on /opt/airflow/dags/hello_airflow.py
[2026-08-12T17:34:51.400+0000] {processor.py:830} INFO - Processing file /opt/airflow/dags/hello_airflow.py for tasks to queue
[2026-08-12T17:34:51.403+0000] {logging_mixin.py:188} INFO - [2026-08-12T17:34:51.403+0000] {dagbag.py:545} INFO - Filling up the DagBag from /opt/airflow/dags/hello_airflow.py
[2026-08-12T17:34:51.432+0000] {processor.py:840} INFO - DAG(s) 'hello_airflow' retrieved from /opt/airflow/dags/hello_airflow.py
[2026-08-12T17:34:51.477+0000] {logging_mixin.py:188} INFO - [2026-08-12T17:34:51.477+0000] {dag.py:3089} INFO - Sync 1 DAGs
[2026-08-12T17:34:51.498+0000] {logging_mixin.py:188} INFO - [2026-08-12T17:34:51.498+0000] {dag.py:3947} INFO - Setting next_dagrun for hello_airflow to None, run_after=None
[2026-08-12T17:34:51.530+0000] {processor.py:183} INFO - Processing /opt/airflow/dags/hello_airflow.py took 0.141 seconds
[2026-08-12T17:35:21.847+0000] {processor.py:161} INFO - Started process (PID=2106) to work on /opt/airflow/dags/hello_airflow.py
[2026-08-12T17:35:21.849+0000] {processor.py:830} INFO - Processing file /opt/airflow/dags/hello_airflow.py for tasks to queue
[2026-08-12T17:35:21.853+0000] {logging_mixin.py:188} INFO - [2026-08-12T17:35:21.852+0000] {dagbag.py:545} INFO - Filling up the DagBag from /opt/airflow/dags/hello_airflow.py
[2026-08-12T17:35:21.882+0000] {processor.py:840} INFO - DAG(s) 'hello_airflow' retrieved from /opt/airflow/dags/hello_airflow.py
[2026-08-12T17:35:21.945+0000] {logging_mixin.py:188} INFO - [2026-08-12T17:35:21.944+0000] {dag.py:3089} INFO - Sync 1 DAGs
[2026-08-12T17:35:22.011+0000] {logging_mixin.py:188} INFO - [2026-08-12T17:35:22.010+0000] {dag.py:3947} INFO - Setting next_dagrun for hello_airflow to None, run_after=None
[2026-08-12T17:35:22.094+0000] {processor.py:183} INFO - Processing /opt/airflow/dags/hello_airflow.py took 0.257 seconds
[2026-08-12T17:35:52.412+0000] {processor.py:161} INFO - Started process (PID=2130) to work on /opt/airflow/dags/hello_airflow.py
[2026-08-12T17:35:52.415+0000] {processor.py:830} INFO - Processing file /opt/airflow/dags/hello_airflow.py for tasks to queue
[2026-08-12T17:35:52.420+0000] {logging_mixin.py:188} INFO - [2026-08-12T17:35:52.419+0000] {dagbag.py:545} INFO - Filling up the DagBag from /opt/airflow/dags/hello_airflow.py
[2026-08-12T17:35:52.459+0000] {processor.py:840} INFO - DAG(s) 'hello_airflow' retrieved from /opt/airflow/dags/hello_airflow.py
[2026-08-12T17:35:52.525+0000] {logging_mixin.py:188} INFO - [2026-08-12T17:35:52.524+0000] {dag.py:3089} INFO - Sync 1 DAGs
[2026-08-12T17:35:52.560+0000] {logging_mixin.py:188} INFO - [2026-08-12T17:35:52.560+0000] {dag.py:3947} INFO - Setting next_dagrun for hello_airflow to None, run_after=None
[2026-08-12T17:35:52.610+0000] {processor.py:183} INFO - Processing /opt/airflow/dags/hello_airflow.py took 0.215 seconds
[2026-08-12T17:36:22.892+0000] {processor.py:161} INFO - Started process (PID=2154) to work on /opt/airflow/dags/hello_airflow.py
[2026-08-12T17:36:22.895+0000] {processor.py:830} INFO - Processing file /opt/airflow/dags/hello_airflow.py for tasks to queue
[2026-08-12T17:36:22.899+0000] {logging_mixin.py:188} INFO - [2026-08-12T17:36:22.898+0000] {dagbag.py:545} INFO - Filling up the DagBag from /opt/airflow/dags/hello_airflow.py
[2026-08-12T17:36:22.931+0000] {processor.py:840} INFO - DAG(s) 'hello_airflow' retrieved from /opt/airflow/dags/hello_airflow.py
[2026-08-12T17:36:22.982+0000] {logging_mixin.py:188} INFO - [2026-08-12T17:36:22.981+0000] {dag.py:3089} INFO - Sync 1 DAGs
[2026-08-12T17:36:23.005+0000] {logging_mixin.py:188} INFO - [2026-08-12T17:36:23.004+0000] {dag.py:3947} INFO - Setting next_dagrun for hello_airflow to None, run_after=None
[2026-08-12T17:36:23.041+0000] {processor.py:183} INFO - Processing /opt/airflow/dags/hello_airflow.py took 0.161 seconds
[2026-08-12T17:36:53.354+0000] {processor.py:161} INFO - Started process (PID=2179) to work on /opt/airflow/dags/hello_airflow.py
[2026-08-12T17:36:53.357+0000] {processor.py:830} INFO - Processing file /opt/airflow/dags/hello_airflow.py for tasks to queue
[2026-08-12T17:36:53.362+0000] {logging_mixin.py:188} INFO - [2026-08-12T17:36:53.361+0000] {dagbag.py:545} INFO - Filling up the DagBag from /opt/airflow/dags/hello_airflow.py
[2026-08-12T17:36:53.389+0000] {processor.py:840} INFO - DAG(s) 'hello_airflow' retrieved from /opt/airflow/dags/hello_airflow.py
[2026-08-12T17:36:53.437+0000] {logging_mixin.py:188} INFO - [2026-08-12T17:36:53.437+0000] {dag.py:3089} INFO - Sync 1 DAGs
[2026-08-12T17:36:53.462+0000] {logging_mixin.py:188} INFO - [2026-08-12T17:36:53.462+0000] {dag.py:3947} INFO - Setting next_dagrun for hello_airflow to None, run_after=None
[2026-08-12T17:36:53.503+0000] {processor.py:183} INFO - Processing /opt/airflow/dags/hello_airflow.py took 0.159 seconds
[2026-08-12T17:37:23.776+0000] {processor.py:161} INFO - Started process (PID=2204) to work on /opt/airflow/dags/hello_airflow.py
[2026-08-12T17:37:23.778+0000] {processor.py:830} INFO - Processing file /opt/airflow/dags/hello_airflow.py for tasks to queue
[2026-08-12T17:37:23.782+0000] {logging_mixin.py:188} INFO - [2026-08-12T17:37:23.781+0000] {dagbag.py:545} INFO - Filling up the DagBag from /opt/airflow/dags/hello_airflow.py
[2026-08-12T17:37:23.818+0000] {processor.py:840} INFO - DAG(s) 'hello_airflow' retrieved from /opt/airflow/dags/hello_airflow.py
[2026-08-12T17:37:23.875+0000] {logging_mixin.py:188} INFO - [2026-08-12T17:37:23.875+0000] {dag.py:3089} INFO - Sync 1 DAGs
[2026-08-12T17:37:23.900+0000] {logging_mixin.py:188} INFO - [2026-08-12T17:37:23.900+0000] {dag.py:3947} INFO - Setting next_dagrun for hello_airflow to None, run_after=None
[2026-08-12T17:37:23.939+0000] {processor.py:183} INFO - Processing /opt/airflow/dags/hello_airflow.py took 0.174 seconds
[2026-08-12T17:37:54.123+0000] {processor.py:161} INFO - Started process (PID=2228) to work on /opt/airflow/dags/hello_airflow.py
[2026-08-12T17:37:54.126+0000] {processor.py:830} INFO - Processing file /opt/airflow/dags/hello_airflow.py for tasks to queue
[2026-08-12T17:37:54.132+0000] {logging_mixin.py:188} INFO - [2026-08-12T17:37:54.131+0000] {dagbag.py:545} INFO - Filling up the DagBag from /opt/airflow/dags/hello_airflow.py
[2026-08-12T17:37:54.168+0000] {processor.py:840} INFO - DAG(s) 'hello_airflow' retrieved from /opt/airflow/dags/hello_airflow.py
[2026-08-12T17:37:54.228+0000] {logging_mixin.py:188} INFO - [2026-08-12T17:37:54.228+0000] {dag.py:3089} INFO - Sync 1 DAGs
[2026-08-12T17:37:54.252+0000] {logging_mixin.py:188} INFO - [2026-08-12T17:37:54.252+0000] {dag.py:3947} INFO - Setting next_dagrun for hello_airflow to None, run_after=None
[2026-08-12T17:37:54.290+0000] {processor.py:183} INFO - Processing /opt/airflow/dags/hello_airflow.py took 0.185 seconds
[2026-08-12T17:38:24.599+0000] {processor.py:161} INFO - Started process (PID=2253) to work on /opt/airflow/dags/hello_airflow.py
[2026-08-12T17:38:24.601+0000] {processor.py:830} INFO - Processing file /opt/airflow/dags/hello_airflow.py for tasks to queue
[2026-08-12T17:38:24.605+0000] {logging_mixin.py:188} INFO - [2026-08-12T17:38:24.605+0000] {dagbag.py:545} INFO - Filling up the DagBag from /opt/airflow/dags/hello_airflow.py
[2026-08-12T17:38:24.632+0000] {processor.py:840} INFO - DAG(s) 'hello_airflow' retrieved from /opt/airflow/dags/hello_airflow.py
[2026-08-12T17:38:24.683+0000] {logging_mixin.py:188} INFO - [2026-08-12T17:38:24.683+0000] {dag.py:3089} INFO - Sync 1 DAGs
[2026-08-12T17:38:24.709+0000] {logging_mixin.py:188} INFO - [2026-08-12T17:38:24.709+0000] {dag.py:3947} INFO - Setting next_dagrun for hello_airflow to None, run_after=None
[2026-08-12T17:38:24.747+0000] {processor.py:183} INFO - Processing /opt/airflow/dags/hello_airflow.py took 0.163 seconds
[2026-08-12T17:38:55.023+0000] {processor.py:161} INFO - Started process (PID=2277) to work on /opt/airflow/dags/hello_airflow.py
[2026-08-12T17:38:55.025+0000] {processor.py:830} INFO - Processing file /opt/airflow/dags/hello_airflow.py for tasks to queue
[2026-08-12T17:38:55.028+0000] {logging_mixin.py:188} INFO - [2026-08-12T17:38:55.027+0000] {dagbag.py:545} INFO - Filling up the DagBag from /opt/airflow/dags/hello_airflow.py
[2026-08-12T17:38:55.044+0000] {processor.py:840} INFO - DAG(s) 'hello_airflow' retrieved from /opt/airflow/dags/hello_airflow.py
[2026-08-12T17:38:55.074+0000] {logging_mixin.py:188} INFO - [2026-08-12T17:38:55.074+0000] {dag.py:3089} INFO - Sync 1 DAGs
[2026-08-12T17:38:55.089+0000] {logging_mixin.py:188} INFO - [2026-08-12T17:38:55.089+0000] {dag.py:3947} INFO - Setting next_dagrun for hello_airflow to None, run_after=None
[2026-08-12T17:38:55.111+0000] {processor.py:183} INFO - Processing /opt/airflow/dags/hello_airflow.py took 0.094 seconds
