[2026-08-20T11:40:55.132+0000] {processor.py:161} INFO - Started process (PID=166) to work on /opt/airflow/dags/clickstream_pipeline_dag.py
[2026-08-20T11:40:55.134+0000] {processor.py:830} INFO - Processing file /opt/airflow/dags/clickstream_pipeline_dag.py for tasks to queue
[2026-08-20T11:40:55.138+0000] {logging_mixin.py:188} INFO - [2026-08-20T11:40:55.137+0000] {dagbag.py:545} INFO - Filling up the DagBag from /opt/airflow/dags/clickstream_pipeline_dag.py
[2026-08-20T11:40:55.166+0000] {processor.py:840} INFO - DAG(s) 'clickstream_pipeline' retrieved from /opt/airflow/dags/clickstream_pipeline_dag.py
[2026-08-20T11:40:55.323+0000] {logging_mixin.py:188} INFO - [2026-08-20T11:40:55.323+0000] {dag.py:3089} INFO - Sync 1 DAGs
[2026-08-20T11:40:55.337+0000] {logging_mixin.py:188} INFO - [2026-08-20T11:40:55.337+0000] {dag.py:3947} INFO - Setting next_dagrun for clickstream_pipeline to None, run_after=None
[2026-08-20T11:40:55.367+0000] {processor.py:183} INFO - Processing /opt/airflow/dags/clickstream_pipeline_dag.py took 0.242 seconds
[2026-08-20T11:41:25.663+0000] {processor.py:161} INFO - Started process (PID=202) to work on /opt/airflow/dags/clickstream_pipeline_dag.py
[2026-08-20T11:41:25.664+0000] {processor.py:830} INFO - Processing file /opt/airflow/dags/clickstream_pipeline_dag.py for tasks to queue
[2026-08-20T11:41:25.665+0000] {logging_mixin.py:188} INFO - [2026-08-20T11:41:25.665+0000] {dagbag.py:545} INFO - Filling up the DagBag from /opt/airflow/dags/clickstream_pipeline_dag.py
[2026-08-20T11:41:25.681+0000] {processor.py:840} INFO - DAG(s) 'clickstream_pipeline' retrieved from /opt/airflow/dags/clickstream_pipeline_dag.py
[2026-08-20T11:41:25.709+0000] {logging_mixin.py:188} INFO - [2026-08-20T11:41:25.709+0000] {dag.py:3089} INFO - Sync 1 DAGs
[2026-08-20T11:41:25.723+0000] {logging_mixin.py:188} INFO - [2026-08-20T11:41:25.723+0000] {dag.py:3947} INFO - Setting next_dagrun for clickstream_pipeline to None, run_after=None
[2026-08-20T11:41:25.741+0000] {processor.py:183} INFO - Processing /opt/airflow/dags/clickstream_pipeline_dag.py took 0.082 seconds
[2026-08-20T11:42:11.752+0000] {processor.py:161} INFO - Started process (PID=165) to work on /opt/airflow/dags/clickstream_pipeline_dag.py
[2026-08-20T11:42:11.754+0000] {processor.py:830} INFO - Processing file /opt/airflow/dags/clickstream_pipeline_dag.py for tasks to queue
[2026-08-20T11:42:11.756+0000] {logging_mixin.py:188} INFO - [2026-08-20T11:42:11.756+0000] {dagbag.py:545} INFO - Filling up the DagBag from /opt/airflow/dags/clickstream_pipeline_dag.py
[2026-08-20T11:42:11.784+0000] {processor.py:840} INFO - DAG(s) 'clickstream_pipeline' retrieved from /opt/airflow/dags/clickstream_pipeline_dag.py
[2026-08-20T11:42:11.815+0000] {logging_mixin.py:188} INFO - [2026-08-20T11:42:11.815+0000] {dag.py:3089} INFO - Sync 1 DAGs
[2026-08-20T11:42:11.829+0000] {logging_mixin.py:188} INFO - [2026-08-20T11:42:11.828+0000] {dag.py:3947} INFO - Setting next_dagrun for clickstream_pipeline to None, run_after=None
[2026-08-20T11:42:11.847+0000] {processor.py:183} INFO - Processing /opt/airflow/dags/clickstream_pipeline_dag.py took 0.103 seconds
[2026-08-20T11:42:42.050+0000] {processor.py:161} INFO - Started process (PID=196) to work on /opt/airflow/dags/clickstream_pipeline_dag.py
[2026-08-20T11:42:42.052+0000] {processor.py:830} INFO - Processing file /opt/airflow/dags/clickstream_pipeline_dag.py for tasks to queue
[2026-08-20T11:42:42.055+0000] {logging_mixin.py:188} INFO - [2026-08-20T11:42:42.054+0000] {dagbag.py:545} INFO - Filling up the DagBag from /opt/airflow/dags/clickstream_pipeline_dag.py
[2026-08-20T11:42:42.073+0000] {processor.py:840} INFO - DAG(s) 'clickstream_pipeline' retrieved from /opt/airflow/dags/clickstream_pipeline_dag.py
[2026-08-20T11:42:42.272+0000] {logging_mixin.py:188} INFO - [2026-08-20T11:42:42.272+0000] {dag.py:3089} INFO - Sync 1 DAGs
[2026-08-20T11:42:42.284+0000] {logging_mixin.py:188} INFO - [2026-08-20T11:42:42.283+0000] {dag.py:3947} INFO - Setting next_dagrun for clickstream_pipeline to None, run_after=None
[2026-08-20T11:42:42.303+0000] {processor.py:183} INFO - Processing /opt/airflow/dags/clickstream_pipeline_dag.py took 0.261 seconds
[2026-08-20T11:43:12.512+0000] {processor.py:161} INFO - Started process (PID=228) to work on /opt/airflow/dags/clickstream_pipeline_dag.py
[2026-08-20T11:43:12.513+0000] {processor.py:830} INFO - Processing file /opt/airflow/dags/clickstream_pipeline_dag.py for tasks to queue
[2026-08-20T11:43:12.516+0000] {logging_mixin.py:188} INFO - [2026-08-20T11:43:12.515+0000] {dagbag.py:545} INFO - Filling up the DagBag from /opt/airflow/dags/clickstream_pipeline_dag.py
[2026-08-20T11:43:12.531+0000] {processor.py:840} INFO - DAG(s) 'clickstream_pipeline' retrieved from /opt/airflow/dags/clickstream_pipeline_dag.py
[2026-08-20T11:43:12.555+0000] {logging_mixin.py:188} INFO - [2026-08-20T11:43:12.555+0000] {dag.py:3089} INFO - Sync 1 DAGs
[2026-08-20T11:43:12.569+0000] {logging_mixin.py:188} INFO - [2026-08-20T11:43:12.569+0000] {dag.py:3947} INFO - Setting next_dagrun for clickstream_pipeline to None, run_after=None
[2026-08-20T11:43:12.586+0000] {processor.py:183} INFO - Processing /opt/airflow/dags/clickstream_pipeline_dag.py took 0.079 seconds
[2026-08-20T11:43:42.739+0000] {processor.py:161} INFO - Started process (PID=253) to work on /opt/airflow/dags/clickstream_pipeline_dag.py
[2026-08-20T11:43:42.741+0000] {processor.py:830} INFO - Processing file /opt/airflow/dags/clickstream_pipeline_dag.py for tasks to queue
[2026-08-20T11:43:42.744+0000] {logging_mixin.py:188} INFO - [2026-08-20T11:43:42.744+0000] {dagbag.py:545} INFO - Filling up the DagBag from /opt/airflow/dags/clickstream_pipeline_dag.py
[2026-08-20T11:43:42.762+0000] {processor.py:840} INFO - DAG(s) 'clickstream_pipeline' retrieved from /opt/airflow/dags/clickstream_pipeline_dag.py
[2026-08-20T11:43:42.788+0000] {logging_mixin.py:188} INFO - [2026-08-20T11:43:42.788+0000] {dag.py:3089} INFO - Sync 1 DAGs
[2026-08-20T11:43:42.800+0000] {logging_mixin.py:188} INFO - [2026-08-20T11:43:42.800+0000] {dag.py:3947} INFO - Setting next_dagrun for clickstream_pipeline to None, run_after=None
[2026-08-20T11:43:42.820+0000] {processor.py:183} INFO - Processing /opt/airflow/dags/clickstream_pipeline_dag.py took 0.089 seconds
[2026-08-20T11:44:13.082+0000] {processor.py:161} INFO - Started process (PID=613) to work on /opt/airflow/dags/clickstream_pipeline_dag.py
[2026-08-20T11:44:13.083+0000] {processor.py:830} INFO - Processing file /opt/airflow/dags/clickstream_pipeline_dag.py for tasks to queue
[2026-08-20T11:44:13.087+0000] {logging_mixin.py:188} INFO - [2026-08-20T11:44:13.086+0000] {dagbag.py:545} INFO - Filling up the DagBag from /opt/airflow/dags/clickstream_pipeline_dag.py
[2026-08-20T11:44:13.114+0000] {processor.py:840} INFO - DAG(s) 'clickstream_pipeline' retrieved from /opt/airflow/dags/clickstream_pipeline_dag.py
[2026-08-20T11:44:13.152+0000] {logging_mixin.py:188} INFO - [2026-08-20T11:44:13.152+0000] {dag.py:3089} INFO - Sync 1 DAGs
[2026-08-20T11:44:13.173+0000] {logging_mixin.py:188} INFO - [2026-08-20T11:44:13.173+0000] {dag.py:3947} INFO - Setting next_dagrun for clickstream_pipeline to None, run_after=None
[2026-08-20T11:44:13.226+0000] {processor.py:183} INFO - Processing /opt/airflow/dags/clickstream_pipeline_dag.py took 0.154 seconds
[2026-08-20T11:44:43.584+0000] {processor.py:161} INFO - Started process (PID=811) to work on /opt/airflow/dags/clickstream_pipeline_dag.py
[2026-08-20T11:44:43.588+0000] {processor.py:830} INFO - Processing file /opt/airflow/dags/clickstream_pipeline_dag.py for tasks to queue
[2026-08-20T11:44:43.599+0000] {logging_mixin.py:188} INFO - [2026-08-20T11:44:43.599+0000] {dagbag.py:545} INFO - Filling up the DagBag from /opt/airflow/dags/clickstream_pipeline_dag.py
[2026-08-20T11:44:43.653+0000] {processor.py:840} INFO - DAG(s) 'clickstream_pipeline' retrieved from /opt/airflow/dags/clickstream_pipeline_dag.py
[2026-08-20T11:44:43.737+0000] {logging_mixin.py:188} INFO - [2026-08-20T11:44:43.737+0000] {dag.py:3089} INFO - Sync 1 DAGs
[2026-08-20T11:44:43.776+0000] {logging_mixin.py:188} INFO - [2026-08-20T11:44:43.776+0000] {dag.py:3947} INFO - Setting next_dagrun for clickstream_pipeline to None, run_after=None
[2026-08-20T11:44:43.817+0000] {processor.py:183} INFO - Processing /opt/airflow/dags/clickstream_pipeline_dag.py took 0.248 seconds
[2026-08-20T11:45:14.115+0000] {processor.py:161} INFO - Started process (PID=920) to work on /opt/airflow/dags/clickstream_pipeline_dag.py
[2026-08-20T11:45:14.119+0000] {processor.py:830} INFO - Processing file /opt/airflow/dags/clickstream_pipeline_dag.py for tasks to queue
[2026-08-20T11:45:14.124+0000] {logging_mixin.py:188} INFO - [2026-08-20T11:45:14.123+0000] {dagbag.py:545} INFO - Filling up the DagBag from /opt/airflow/dags/clickstream_pipeline_dag.py
[2026-08-20T11:45:14.162+0000] {processor.py:840} INFO - DAG(s) 'clickstream_pipeline' retrieved from /opt/airflow/dags/clickstream_pipeline_dag.py
[2026-08-20T11:45:14.222+0000] {logging_mixin.py:188} INFO - [2026-08-20T11:45:14.222+0000] {dag.py:3089} INFO - Sync 1 DAGs
[2026-08-20T11:45:14.248+0000] {logging_mixin.py:188} INFO - [2026-08-20T11:45:14.247+0000] {dag.py:3947} INFO - Setting next_dagrun for clickstream_pipeline to None, run_after=None
[2026-08-20T11:45:14.288+0000] {processor.py:183} INFO - Processing /opt/airflow/dags/clickstream_pipeline_dag.py took 0.187 seconds
[2026-08-20T11:45:44.556+0000] {processor.py:161} INFO - Started process (PID=1022) to work on /opt/airflow/dags/clickstream_pipeline_dag.py
[2026-08-20T11:45:44.557+0000] {processor.py:830} INFO - Processing file /opt/airflow/dags/clickstream_pipeline_dag.py for tasks to queue
[2026-08-20T11:45:44.559+0000] {logging_mixin.py:188} INFO - [2026-08-20T11:45:44.559+0000] {dagbag.py:545} INFO - Filling up the DagBag from /opt/airflow/dags/clickstream_pipeline_dag.py
[2026-08-20T11:45:44.575+0000] {processor.py:840} INFO - DAG(s) 'clickstream_pipeline' retrieved from /opt/airflow/dags/clickstream_pipeline_dag.py
[2026-08-20T11:45:44.598+0000] {logging_mixin.py:188} INFO - [2026-08-20T11:45:44.598+0000] {dag.py:3089} INFO - Sync 1 DAGs
[2026-08-20T11:45:44.610+0000] {logging_mixin.py:188} INFO - [2026-08-20T11:45:44.609+0000] {dag.py:3947} INFO - Setting next_dagrun for clickstream_pipeline to None, run_after=None
[2026-08-20T11:45:44.627+0000] {processor.py:183} INFO - Processing /opt/airflow/dags/clickstream_pipeline_dag.py took 0.077 seconds
[2026-08-20T11:46:14.888+0000] {processor.py:161} INFO - Started process (PID=1046) to work on /opt/airflow/dags/clickstream_pipeline_dag.py
[2026-08-20T11:46:14.889+0000] {processor.py:830} INFO - Processing file /opt/airflow/dags/clickstream_pipeline_dag.py for tasks to queue
[2026-08-20T11:46:14.891+0000] {logging_mixin.py:188} INFO - [2026-08-20T11:46:14.890+0000] {dagbag.py:545} INFO - Filling up the DagBag from /opt/airflow/dags/clickstream_pipeline_dag.py
[2026-08-20T11:46:14.906+0000] {processor.py:840} INFO - DAG(s) 'clickstream_pipeline' retrieved from /opt/airflow/dags/clickstream_pipeline_dag.py
[2026-08-20T11:46:14.928+0000] {logging_mixin.py:188} INFO - [2026-08-20T11:46:14.928+0000] {dag.py:3089} INFO - Sync 1 DAGs
[2026-08-20T11:46:14.940+0000] {logging_mixin.py:188} INFO - [2026-08-20T11:46:14.939+0000] {dag.py:3947} INFO - Setting next_dagrun for clickstream_pipeline to None, run_after=None
[2026-08-20T11:46:14.958+0000] {processor.py:183} INFO - Processing /opt/airflow/dags/clickstream_pipeline_dag.py took 0.080 seconds
[2026-08-20T11:46:45.126+0000] {processor.py:161} INFO - Started process (PID=1077) to work on /opt/airflow/dags/clickstream_pipeline_dag.py
[2026-08-20T11:46:45.127+0000] {processor.py:830} INFO - Processing file /opt/airflow/dags/clickstream_pipeline_dag.py for tasks to queue
[2026-08-20T11:46:45.130+0000] {logging_mixin.py:188} INFO - [2026-08-20T11:46:45.129+0000] {dagbag.py:545} INFO - Filling up the DagBag from /opt/airflow/dags/clickstream_pipeline_dag.py
[2026-08-20T11:46:45.146+0000] {processor.py:840} INFO - DAG(s) 'clickstream_pipeline' retrieved from /opt/airflow/dags/clickstream_pipeline_dag.py
[2026-08-20T11:46:45.171+0000] {logging_mixin.py:188} INFO - [2026-08-20T11:46:45.171+0000] {dag.py:3089} INFO - Sync 1 DAGs
[2026-08-20T11:46:45.182+0000] {logging_mixin.py:188} INFO - [2026-08-20T11:46:45.182+0000] {dag.py:3947} INFO - Setting next_dagrun for clickstream_pipeline to None, run_after=None
[2026-08-20T11:46:45.199+0000] {processor.py:183} INFO - Processing /opt/airflow/dags/clickstream_pipeline_dag.py took 0.078 seconds
[2026-08-20T11:47:15.409+0000] {processor.py:161} INFO - Started process (PID=1108) to work on /opt/airflow/dags/clickstream_pipeline_dag.py
[2026-08-20T11:47:15.411+0000] {processor.py:830} INFO - Processing file /opt/airflow/dags/clickstream_pipeline_dag.py for tasks to queue
[2026-08-20T11:47:15.415+0000] {logging_mixin.py:188} INFO - [2026-08-20T11:47:15.415+0000] {dagbag.py:545} INFO - Filling up the DagBag from /opt/airflow/dags/clickstream_pipeline_dag.py
[2026-08-20T11:47:15.432+0000] {processor.py:840} INFO - DAG(s) 'clickstream_pipeline' retrieved from /opt/airflow/dags/clickstream_pipeline_dag.py
[2026-08-20T11:47:15.467+0000] {logging_mixin.py:188} INFO - [2026-08-20T11:47:15.467+0000] {dag.py:3089} INFO - Sync 1 DAGs
[2026-08-20T11:47:15.480+0000] {logging_mixin.py:188} INFO - [2026-08-20T11:47:15.479+0000] {dag.py:3947} INFO - Setting next_dagrun for clickstream_pipeline to None, run_after=None
[2026-08-20T11:47:15.498+0000] {processor.py:183} INFO - Processing /opt/airflow/dags/clickstream_pipeline_dag.py took 0.097 seconds
[2026-08-20T11:47:45.644+0000] {processor.py:161} INFO - Started process (PID=1132) to work on /opt/airflow/dags/clickstream_pipeline_dag.py
[2026-08-20T11:47:45.644+0000] {processor.py:830} INFO - Processing file /opt/airflow/dags/clickstream_pipeline_dag.py for tasks to queue
[2026-08-20T11:47:45.646+0000] {logging_mixin.py:188} INFO - [2026-08-20T11:47:45.646+0000] {dagbag.py:545} INFO - Filling up the DagBag from /opt/airflow/dags/clickstream_pipeline_dag.py
[2026-08-20T11:47:45.659+0000] {processor.py:840} INFO - DAG(s) 'clickstream_pipeline' retrieved from /opt/airflow/dags/clickstream_pipeline_dag.py
[2026-08-20T11:47:45.681+0000] {logging_mixin.py:188} INFO - [2026-08-20T11:47:45.681+0000] {dag.py:3089} INFO - Sync 1 DAGs
[2026-08-20T11:47:45.691+0000] {logging_mixin.py:188} INFO - [2026-08-20T11:47:45.691+0000] {dag.py:3947} INFO - Setting next_dagrun for clickstream_pipeline to None, run_after=None
[2026-08-20T11:47:45.707+0000] {processor.py:183} INFO - Processing /opt/airflow/dags/clickstream_pipeline_dag.py took 0.068 seconds
[2026-08-20T11:48:15.935+0000] {processor.py:161} INFO - Started process (PID=1164) to work on /opt/airflow/dags/clickstream_pipeline_dag.py
[2026-08-20T11:48:15.936+0000] {processor.py:830} INFO - Processing file /opt/airflow/dags/clickstream_pipeline_dag.py for tasks to queue
[2026-08-20T11:48:15.938+0000] {logging_mixin.py:188} INFO - [2026-08-20T11:48:15.938+0000] {dagbag.py:545} INFO - Filling up the DagBag from /opt/airflow/dags/clickstream_pipeline_dag.py
[2026-08-20T11:48:15.953+0000] {processor.py:840} INFO - DAG(s) 'clickstream_pipeline' retrieved from /opt/airflow/dags/clickstream_pipeline_dag.py
[2026-08-20T11:48:15.974+0000] {logging_mixin.py:188} INFO - [2026-08-20T11:48:15.974+0000] {dag.py:3089} INFO - Sync 1 DAGs
[2026-08-20T11:48:15.984+0000] {logging_mixin.py:188} INFO - [2026-08-20T11:48:15.984+0000] {dag.py:3947} INFO - Setting next_dagrun for clickstream_pipeline to None, run_after=None
[2026-08-20T11:48:16.001+0000] {processor.py:183} INFO - Processing /opt/airflow/dags/clickstream_pipeline_dag.py took 0.072 seconds
[2026-08-20T11:48:46.208+0000] {processor.py:161} INFO - Started process (PID=1188) to work on /opt/airflow/dags/clickstream_pipeline_dag.py
[2026-08-20T11:48:46.209+0000] {processor.py:830} INFO - Processing file /opt/airflow/dags/clickstream_pipeline_dag.py for tasks to queue
[2026-08-20T11:48:46.211+0000] {logging_mixin.py:188} INFO - [2026-08-20T11:48:46.210+0000] {dagbag.py:545} INFO - Filling up the DagBag from /opt/airflow/dags/clickstream_pipeline_dag.py
[2026-08-20T11:48:46.224+0000] {processor.py:840} INFO - DAG(s) 'clickstream_pipeline' retrieved from /opt/airflow/dags/clickstream_pipeline_dag.py
[2026-08-20T11:48:46.248+0000] {logging_mixin.py:188} INFO - [2026-08-20T11:48:46.248+0000] {dag.py:3089} INFO - Sync 1 DAGs
[2026-08-20T11:48:46.261+0000] {logging_mixin.py:188} INFO - [2026-08-20T11:48:46.261+0000] {dag.py:3947} INFO - Setting next_dagrun for clickstream_pipeline to None, run_after=None
[2026-08-20T11:48:46.281+0000] {processor.py:183} INFO - Processing /opt/airflow/dags/clickstream_pipeline_dag.py took 0.081 seconds
[2026-08-20T11:49:16.430+0000] {processor.py:161} INFO - Started process (PID=1219) to work on /opt/airflow/dags/clickstream_pipeline_dag.py
[2026-08-20T11:49:16.432+0000] {processor.py:830} INFO - Processing file /opt/airflow/dags/clickstream_pipeline_dag.py for tasks to queue
[2026-08-20T11:49:16.434+0000] {logging_mixin.py:188} INFO - [2026-08-20T11:49:16.433+0000] {dagbag.py:545} INFO - Filling up the DagBag from /opt/airflow/dags/clickstream_pipeline_dag.py
[2026-08-20T11:49:16.449+0000] {processor.py:840} INFO - DAG(s) 'clickstream_pipeline' retrieved from /opt/airflow/dags/clickstream_pipeline_dag.py
[2026-08-20T11:49:16.478+0000] {logging_mixin.py:188} INFO - [2026-08-20T11:49:16.478+0000] {dag.py:3089} INFO - Sync 1 DAGs
[2026-08-20T11:49:16.491+0000] {logging_mixin.py:188} INFO - [2026-08-20T11:49:16.491+0000] {dag.py:3947} INFO - Setting next_dagrun for clickstream_pipeline to None, run_after=None
[2026-08-20T11:49:16.509+0000] {processor.py:183} INFO - Processing /opt/airflow/dags/clickstream_pipeline_dag.py took 0.086 seconds
[2026-08-20T11:49:46.694+0000] {processor.py:161} INFO - Started process (PID=1250) to work on /opt/airflow/dags/clickstream_pipeline_dag.py
[2026-08-20T11:49:46.696+0000] {processor.py:830} INFO - Processing file /opt/airflow/dags/clickstream_pipeline_dag.py for tasks to queue
[2026-08-20T11:49:46.698+0000] {logging_mixin.py:188} INFO - [2026-08-20T11:49:46.698+0000] {dagbag.py:545} INFO - Filling up the DagBag from /opt/airflow/dags/clickstream_pipeline_dag.py
[2026-08-20T11:49:46.713+0000] {processor.py:840} INFO - DAG(s) 'clickstream_pipeline' retrieved from /opt/airflow/dags/clickstream_pipeline_dag.py
[2026-08-20T11:49:46.741+0000] {logging_mixin.py:188} INFO - [2026-08-20T11:49:46.741+0000] {dag.py:3089} INFO - Sync 1 DAGs
[2026-08-20T11:49:46.753+0000] {logging_mixin.py:188} INFO - [2026-08-20T11:49:46.753+0000] {dag.py:3947} INFO - Setting next_dagrun for clickstream_pipeline to None, run_after=None
[2026-08-20T11:49:46.771+0000] {processor.py:183} INFO - Processing /opt/airflow/dags/clickstream_pipeline_dag.py took 0.084 seconds
[2026-08-20T11:50:16.912+0000] {processor.py:161} INFO - Started process (PID=1275) to work on /opt/airflow/dags/clickstream_pipeline_dag.py
[2026-08-20T11:50:16.913+0000] {processor.py:830} INFO - Processing file /opt/airflow/dags/clickstream_pipeline_dag.py for tasks to queue
[2026-08-20T11:50:16.915+0000] {logging_mixin.py:188} INFO - [2026-08-20T11:50:16.915+0000] {dagbag.py:545} INFO - Filling up the DagBag from /opt/airflow/dags/clickstream_pipeline_dag.py
[2026-08-20T11:50:16.927+0000] {processor.py:840} INFO - DAG(s) 'clickstream_pipeline' retrieved from /opt/airflow/dags/clickstream_pipeline_dag.py
[2026-08-20T11:50:16.949+0000] {logging_mixin.py:188} INFO - [2026-08-20T11:50:16.949+0000] {dag.py:3089} INFO - Sync 1 DAGs
[2026-08-20T11:50:16.959+0000] {logging_mixin.py:188} INFO - [2026-08-20T11:50:16.959+0000] {dag.py:3947} INFO - Setting next_dagrun for clickstream_pipeline to None, run_after=None
[2026-08-20T11:50:16.975+0000] {processor.py:183} INFO - Processing /opt/airflow/dags/clickstream_pipeline_dag.py took 0.068 seconds
[2026-08-20T11:50:47.240+0000] {processor.py:161} INFO - Started process (PID=1306) to work on /opt/airflow/dags/clickstream_pipeline_dag.py
[2026-08-20T11:50:47.241+0000] {processor.py:830} INFO - Processing file /opt/airflow/dags/clickstream_pipeline_dag.py for tasks to queue
[2026-08-20T11:50:47.243+0000] {logging_mixin.py:188} INFO - [2026-08-20T11:50:47.243+0000] {dagbag.py:545} INFO - Filling up the DagBag from /opt/airflow/dags/clickstream_pipeline_dag.py
[2026-08-20T11:50:47.257+0000] {processor.py:840} INFO - DAG(s) 'clickstream_pipeline' retrieved from /opt/airflow/dags/clickstream_pipeline_dag.py
[2026-08-20T11:50:47.283+0000] {logging_mixin.py:188} INFO - [2026-08-20T11:50:47.282+0000] {dag.py:3089} INFO - Sync 1 DAGs
[2026-08-20T11:50:47.293+0000] {logging_mixin.py:188} INFO - [2026-08-20T11:50:47.293+0000] {dag.py:3947} INFO - Setting next_dagrun for clickstream_pipeline to None, run_after=None
[2026-08-20T11:50:47.311+0000] {processor.py:183} INFO - Processing /opt/airflow/dags/clickstream_pipeline_dag.py took 0.078 seconds
[2026-08-20T11:51:17.495+0000] {processor.py:161} INFO - Started process (PID=1337) to work on /opt/airflow/dags/clickstream_pipeline_dag.py
[2026-08-20T11:51:17.496+0000] {processor.py:830} INFO - Processing file /opt/airflow/dags/clickstream_pipeline_dag.py for tasks to queue
[2026-08-20T11:51:17.499+0000] {logging_mixin.py:188} INFO - [2026-08-20T11:51:17.498+0000] {dagbag.py:545} INFO - Filling up the DagBag from /opt/airflow/dags/clickstream_pipeline_dag.py
[2026-08-20T11:51:17.517+0000] {processor.py:840} INFO - DAG(s) 'clickstream_pipeline' retrieved from /opt/airflow/dags/clickstream_pipeline_dag.py
[2026-08-20T11:51:17.544+0000] {logging_mixin.py:188} INFO - [2026-08-20T11:51:17.543+0000] {dag.py:3089} INFO - Sync 1 DAGs
[2026-08-20T11:51:17.557+0000] {logging_mixin.py:188} INFO - [2026-08-20T11:51:17.557+0000] {dag.py:3947} INFO - Setting next_dagrun for clickstream_pipeline to None, run_after=None
[2026-08-20T11:51:17.575+0000] {processor.py:183} INFO - Processing /opt/airflow/dags/clickstream_pipeline_dag.py took 0.087 seconds
[2026-08-20T11:51:47.746+0000] {processor.py:161} INFO - Started process (PID=1361) to work on /opt/airflow/dags/clickstream_pipeline_dag.py
[2026-08-20T11:51:47.747+0000] {processor.py:830} INFO - Processing file /opt/airflow/dags/clickstream_pipeline_dag.py for tasks to queue
[2026-08-20T11:51:47.749+0000] {logging_mixin.py:188} INFO - [2026-08-20T11:51:47.749+0000] {dagbag.py:545} INFO - Filling up the DagBag from /opt/airflow/dags/clickstream_pipeline_dag.py
[2026-08-20T11:51:47.764+0000] {processor.py:840} INFO - DAG(s) 'clickstream_pipeline' retrieved from /opt/airflow/dags/clickstream_pipeline_dag.py
[2026-08-20T11:51:47.791+0000] {logging_mixin.py:188} INFO - [2026-08-20T11:51:47.790+0000] {dag.py:3089} INFO - Sync 1 DAGs
[2026-08-20T11:51:47.804+0000] {logging_mixin.py:188} INFO - [2026-08-20T11:51:47.803+0000] {dag.py:3947} INFO - Setting next_dagrun for clickstream_pipeline to None, run_after=None
[2026-08-20T11:51:47.824+0000] {processor.py:183} INFO - Processing /opt/airflow/dags/clickstream_pipeline_dag.py took 0.084 seconds
[2026-08-20T11:52:18.060+0000] {processor.py:161} INFO - Started process (PID=1392) to work on /opt/airflow/dags/clickstream_pipeline_dag.py
[2026-08-20T11:52:18.062+0000] {processor.py:830} INFO - Processing file /opt/airflow/dags/clickstream_pipeline_dag.py for tasks to queue
[2026-08-20T11:52:18.063+0000] {logging_mixin.py:188} INFO - [2026-08-20T11:52:18.063+0000] {dagbag.py:545} INFO - Filling up the DagBag from /opt/airflow/dags/clickstream_pipeline_dag.py
[2026-08-20T11:52:18.076+0000] {processor.py:840} INFO - DAG(s) 'clickstream_pipeline' retrieved from /opt/airflow/dags/clickstream_pipeline_dag.py
[2026-08-20T11:52:18.101+0000] {logging_mixin.py:188} INFO - [2026-08-20T11:52:18.100+0000] {dag.py:3089} INFO - Sync 1 DAGs
[2026-08-20T11:52:18.112+0000] {logging_mixin.py:188} INFO - [2026-08-20T11:52:18.112+0000] {dag.py:3947} INFO - Setting next_dagrun for clickstream_pipeline to None, run_after=None
[2026-08-20T11:52:18.129+0000] {processor.py:183} INFO - Processing /opt/airflow/dags/clickstream_pipeline_dag.py took 0.075 seconds
[2026-08-20T11:52:48.317+0000] {processor.py:161} INFO - Started process (PID=1416) to work on /opt/airflow/dags/clickstream_pipeline_dag.py
[2026-08-20T11:52:48.318+0000] {processor.py:830} INFO - Processing file /opt/airflow/dags/clickstream_pipeline_dag.py for tasks to queue
[2026-08-20T11:52:48.320+0000] {logging_mixin.py:188} INFO - [2026-08-20T11:52:48.320+0000] {dagbag.py:545} INFO - Filling up the DagBag from /opt/airflow/dags/clickstream_pipeline_dag.py
[2026-08-20T11:52:48.333+0000] {processor.py:840} INFO - DAG(s) 'clickstream_pipeline' retrieved from /opt/airflow/dags/clickstream_pipeline_dag.py
[2026-08-20T11:52:48.358+0000] {logging_mixin.py:188} INFO - [2026-08-20T11:52:48.358+0000] {dag.py:3089} INFO - Sync 1 DAGs
[2026-08-20T11:52:48.370+0000] {logging_mixin.py:188} INFO - [2026-08-20T11:52:48.369+0000] {dag.py:3947} INFO - Setting next_dagrun for clickstream_pipeline to None, run_after=None
[2026-08-20T11:52:48.386+0000] {processor.py:183} INFO - Processing /opt/airflow/dags/clickstream_pipeline_dag.py took 0.074 seconds
[2026-08-20T11:53:18.647+0000] {processor.py:161} INFO - Started process (PID=1447) to work on /opt/airflow/dags/clickstream_pipeline_dag.py
[2026-08-20T11:53:18.649+0000] {processor.py:830} INFO - Processing file /opt/airflow/dags/clickstream_pipeline_dag.py for tasks to queue
[2026-08-20T11:53:18.651+0000] {logging_mixin.py:188} INFO - [2026-08-20T11:53:18.650+0000] {dagbag.py:545} INFO - Filling up the DagBag from /opt/airflow/dags/clickstream_pipeline_dag.py
[2026-08-20T11:53:18.664+0000] {processor.py:840} INFO - DAG(s) 'clickstream_pipeline' retrieved from /opt/airflow/dags/clickstream_pipeline_dag.py
[2026-08-20T11:53:18.690+0000] {logging_mixin.py:188} INFO - [2026-08-20T11:53:18.689+0000] {dag.py:3089} INFO - Sync 1 DAGs
[2026-08-20T11:53:18.702+0000] {logging_mixin.py:188} INFO - [2026-08-20T11:53:18.702+0000] {dag.py:3947} INFO - Setting next_dagrun for clickstream_pipeline to None, run_after=None
[2026-08-20T11:53:18.720+0000] {processor.py:183} INFO - Processing /opt/airflow/dags/clickstream_pipeline_dag.py took 0.078 seconds
[2026-08-20T11:53:48.886+0000] {processor.py:161} INFO - Started process (PID=1479) to work on /opt/airflow/dags/clickstream_pipeline_dag.py
[2026-08-20T11:53:48.887+0000] {processor.py:830} INFO - Processing file /opt/airflow/dags/clickstream_pipeline_dag.py for tasks to queue
[2026-08-20T11:53:48.889+0000] {logging_mixin.py:188} INFO - [2026-08-20T11:53:48.889+0000] {dagbag.py:545} INFO - Filling up the DagBag from /opt/airflow/dags/clickstream_pipeline_dag.py
[2026-08-20T11:53:48.905+0000] {processor.py:840} INFO - DAG(s) 'clickstream_pipeline' retrieved from /opt/airflow/dags/clickstream_pipeline_dag.py
[2026-08-20T11:53:48.929+0000] {logging_mixin.py:188} INFO - [2026-08-20T11:53:48.929+0000] {dag.py:3089} INFO - Sync 1 DAGs
[2026-08-20T11:53:48.940+0000] {logging_mixin.py:188} INFO - [2026-08-20T11:53:48.940+0000] {dag.py:3947} INFO - Setting next_dagrun for clickstream_pipeline to None, run_after=None
[2026-08-20T11:53:48.958+0000] {processor.py:183} INFO - Processing /opt/airflow/dags/clickstream_pipeline_dag.py took 0.077 seconds
[2026-08-20T11:54:19.161+0000] {processor.py:161} INFO - Started process (PID=1503) to work on /opt/airflow/dags/clickstream_pipeline_dag.py
[2026-08-20T11:54:19.163+0000] {processor.py:830} INFO - Processing file /opt/airflow/dags/clickstream_pipeline_dag.py for tasks to queue
[2026-08-20T11:54:19.168+0000] {logging_mixin.py:188} INFO - [2026-08-20T11:54:19.167+0000] {dagbag.py:545} INFO - Filling up the DagBag from /opt/airflow/dags/clickstream_pipeline_dag.py
[2026-08-20T11:54:19.193+0000] {processor.py:840} INFO - DAG(s) 'clickstream_pipeline' retrieved from /opt/airflow/dags/clickstream_pipeline_dag.py
[2026-08-20T11:54:19.235+0000] {logging_mixin.py:188} INFO - [2026-08-20T11:54:19.234+0000] {dag.py:3089} INFO - Sync 1 DAGs
[2026-08-20T11:54:19.254+0000] {logging_mixin.py:188} INFO - [2026-08-20T11:54:19.254+0000] {dag.py:3947} INFO - Setting next_dagrun for clickstream_pipeline to None, run_after=None
[2026-08-20T11:54:19.274+0000] {processor.py:183} INFO - Processing /opt/airflow/dags/clickstream_pipeline_dag.py took 0.122 seconds
[2026-08-20T11:54:49.399+0000] {processor.py:161} INFO - Started process (PID=1534) to work on /opt/airflow/dags/clickstream_pipeline_dag.py
[2026-08-20T11:54:49.400+0000] {processor.py:830} INFO - Processing file /opt/airflow/dags/clickstream_pipeline_dag.py for tasks to queue
[2026-08-20T11:54:49.403+0000] {logging_mixin.py:188} INFO - [2026-08-20T11:54:49.402+0000] {dagbag.py:545} INFO - Filling up the DagBag from /opt/airflow/dags/clickstream_pipeline_dag.py
[2026-08-20T11:54:49.419+0000] {processor.py:840} INFO - DAG(s) 'clickstream_pipeline' retrieved from /opt/airflow/dags/clickstream_pipeline_dag.py
[2026-08-20T11:54:49.445+0000] {logging_mixin.py:188} INFO - [2026-08-20T11:54:49.445+0000] {dag.py:3089} INFO - Sync 1 DAGs
[2026-08-20T11:54:49.458+0000] {logging_mixin.py:188} INFO - [2026-08-20T11:54:49.458+0000] {dag.py:3947} INFO - Setting next_dagrun for clickstream_pipeline to None, run_after=None
[2026-08-20T11:54:49.476+0000] {processor.py:183} INFO - Processing /opt/airflow/dags/clickstream_pipeline_dag.py took 0.084 seconds
[2026-08-20T11:55:19.721+0000] {processor.py:161} INFO - Started process (PID=1566) to work on /opt/airflow/dags/clickstream_pipeline_dag.py
[2026-08-20T11:55:19.723+0000] {processor.py:830} INFO - Processing file /opt/airflow/dags/clickstream_pipeline_dag.py for tasks to queue
[2026-08-20T11:55:19.727+0000] {logging_mixin.py:188} INFO - [2026-08-20T11:55:19.727+0000] {dagbag.py:545} INFO - Filling up the DagBag from /opt/airflow/dags/clickstream_pipeline_dag.py
[2026-08-20T11:55:19.742+0000] {processor.py:840} INFO - DAG(s) 'clickstream_pipeline' retrieved from /opt/airflow/dags/clickstream_pipeline_dag.py
[2026-08-20T11:55:19.767+0000] {logging_mixin.py:188} INFO - [2026-08-20T11:55:19.767+0000] {dag.py:3089} INFO - Sync 1 DAGs
[2026-08-20T11:55:19.779+0000] {logging_mixin.py:188} INFO - [2026-08-20T11:55:19.779+0000] {dag.py:3947} INFO - Setting next_dagrun for clickstream_pipeline to None, run_after=None
[2026-08-20T11:55:19.797+0000] {processor.py:183} INFO - Processing /opt/airflow/dags/clickstream_pipeline_dag.py took 0.082 seconds
[2026-08-20T11:55:50.066+0000] {processor.py:161} INFO - Started process (PID=1590) to work on /opt/airflow/dags/clickstream_pipeline_dag.py
[2026-08-20T11:55:50.068+0000] {processor.py:830} INFO - Processing file /opt/airflow/dags/clickstream_pipeline_dag.py for tasks to queue
[2026-08-20T11:55:50.072+0000] {logging_mixin.py:188} INFO - [2026-08-20T11:55:50.071+0000] {dagbag.py:545} INFO - Filling up the DagBag from /opt/airflow/dags/clickstream_pipeline_dag.py
[2026-08-20T11:55:50.087+0000] {processor.py:840} INFO - DAG(s) 'clickstream_pipeline' retrieved from /opt/airflow/dags/clickstream_pipeline_dag.py
[2026-08-20T11:55:50.110+0000] {logging_mixin.py:188} INFO - [2026-08-20T11:55:50.110+0000] {dag.py:3089} INFO - Sync 1 DAGs
[2026-08-20T11:55:50.121+0000] {logging_mixin.py:188} INFO - [2026-08-20T11:55:50.121+0000] {dag.py:3947} INFO - Setting next_dagrun for clickstream_pipeline to None, run_after=None
[2026-08-20T11:55:50.138+0000] {processor.py:183} INFO - Processing /opt/airflow/dags/clickstream_pipeline_dag.py took 0.077 seconds
[2026-08-20T11:56:20.325+0000] {processor.py:161} INFO - Started process (PID=1621) to work on /opt/airflow/dags/clickstream_pipeline_dag.py
[2026-08-20T11:56:20.327+0000] {processor.py:830} INFO - Processing file /opt/airflow/dags/clickstream_pipeline_dag.py for tasks to queue
[2026-08-20T11:56:20.330+0000] {logging_mixin.py:188} INFO - [2026-08-20T11:56:20.329+0000] {dagbag.py:545} INFO - Filling up the DagBag from /opt/airflow/dags/clickstream_pipeline_dag.py
[2026-08-20T11:56:20.347+0000] {processor.py:840} INFO - DAG(s) 'clickstream_pipeline' retrieved from /opt/airflow/dags/clickstream_pipeline_dag.py
[2026-08-20T11:56:20.372+0000] {logging_mixin.py:188} INFO - [2026-08-20T11:56:20.371+0000] {dag.py:3089} INFO - Sync 1 DAGs
[2026-08-20T11:56:20.383+0000] {logging_mixin.py:188} INFO - [2026-08-20T11:56:20.383+0000] {dag.py:3947} INFO - Setting next_dagrun for clickstream_pipeline to None, run_after=None
[2026-08-20T11:56:20.401+0000] {processor.py:183} INFO - Processing /opt/airflow/dags/clickstream_pipeline_dag.py took 0.081 seconds
[2026-08-20T11:56:50.576+0000] {processor.py:161} INFO - Started process (PID=1652) to work on /opt/airflow/dags/clickstream_pipeline_dag.py
[2026-08-20T11:56:50.577+0000] {processor.py:830} INFO - Processing file /opt/airflow/dags/clickstream_pipeline_dag.py for tasks to queue
[2026-08-20T11:56:50.580+0000] {logging_mixin.py:188} INFO - [2026-08-20T11:56:50.579+0000] {dagbag.py:545} INFO - Filling up the DagBag from /opt/airflow/dags/clickstream_pipeline_dag.py
[2026-08-20T11:56:50.595+0000] {processor.py:840} INFO - DAG(s) 'clickstream_pipeline' retrieved from /opt/airflow/dags/clickstream_pipeline_dag.py
[2026-08-20T11:56:50.620+0000] {logging_mixin.py:188} INFO - [2026-08-20T11:56:50.620+0000] {dag.py:3089} INFO - Sync 1 DAGs
[2026-08-20T11:56:50.633+0000] {logging_mixin.py:188} INFO - [2026-08-20T11:56:50.633+0000] {dag.py:3947} INFO - Setting next_dagrun for clickstream_pipeline to None, run_after=None
[2026-08-20T11:56:50.652+0000] {processor.py:183} INFO - Processing /opt/airflow/dags/clickstream_pipeline_dag.py took 0.082 seconds
[2026-08-20T11:57:20.863+0000] {processor.py:161} INFO - Started process (PID=1676) to work on /opt/airflow/dags/clickstream_pipeline_dag.py
[2026-08-20T11:57:20.864+0000] {processor.py:830} INFO - Processing file /opt/airflow/dags/clickstream_pipeline_dag.py for tasks to queue
[2026-08-20T11:57:20.866+0000] {logging_mixin.py:188} INFO - [2026-08-20T11:57:20.866+0000] {dagbag.py:545} INFO - Filling up the DagBag from /opt/airflow/dags/clickstream_pipeline_dag.py
[2026-08-20T11:57:20.881+0000] {processor.py:840} INFO - DAG(s) 'clickstream_pipeline' retrieved from /opt/airflow/dags/clickstream_pipeline_dag.py
[2026-08-20T11:57:20.903+0000] {logging_mixin.py:188} INFO - [2026-08-20T11:57:20.903+0000] {dag.py:3089} INFO - Sync 1 DAGs
[2026-08-20T11:57:20.915+0000] {logging_mixin.py:188} INFO - [2026-08-20T11:57:20.915+0000] {dag.py:3947} INFO - Setting next_dagrun for clickstream_pipeline to None, run_after=None
[2026-08-20T11:57:20.933+0000] {processor.py:183} INFO - Processing /opt/airflow/dags/clickstream_pipeline_dag.py took 0.076 seconds
[2026-08-20T11:57:51.198+0000] {processor.py:161} INFO - Started process (PID=1707) to work on /opt/airflow/dags/clickstream_pipeline_dag.py
[2026-08-20T11:57:51.199+0000] {processor.py:830} INFO - Processing file /opt/airflow/dags/clickstream_pipeline_dag.py for tasks to queue
[2026-08-20T11:57:51.202+0000] {logging_mixin.py:188} INFO - [2026-08-20T11:57:51.201+0000] {dagbag.py:545} INFO - Filling up the DagBag from /opt/airflow/dags/clickstream_pipeline_dag.py
[2026-08-20T11:57:51.216+0000] {processor.py:840} INFO - DAG(s) 'clickstream_pipeline' retrieved from /opt/airflow/dags/clickstream_pipeline_dag.py
[2026-08-20T11:57:51.242+0000] {logging_mixin.py:188} INFO - [2026-08-20T11:57:51.242+0000] {dag.py:3089} INFO - Sync 1 DAGs
[2026-08-20T11:57:51.255+0000] {logging_mixin.py:188} INFO - [2026-08-20T11:57:51.255+0000] {dag.py:3947} INFO - Setting next_dagrun for clickstream_pipeline to None, run_after=None
[2026-08-20T11:57:51.271+0000] {processor.py:183} INFO - Processing /opt/airflow/dags/clickstream_pipeline_dag.py took 0.079 seconds
[2026-08-20T11:58:21.435+0000] {processor.py:161} INFO - Started process (PID=1738) to work on /opt/airflow/dags/clickstream_pipeline_dag.py
[2026-08-20T11:58:21.437+0000] {processor.py:830} INFO - Processing file /opt/airflow/dags/clickstream_pipeline_dag.py for tasks to queue
[2026-08-20T11:58:21.440+0000] {logging_mixin.py:188} INFO - [2026-08-20T11:58:21.440+0000] {dagbag.py:545} INFO - Filling up the DagBag from /opt/airflow/dags/clickstream_pipeline_dag.py
[2026-08-20T11:58:21.457+0000] {processor.py:840} INFO - DAG(s) 'clickstream_pipeline' retrieved from /opt/airflow/dags/clickstream_pipeline_dag.py
[2026-08-20T11:58:21.491+0000] {logging_mixin.py:188} INFO - [2026-08-20T11:58:21.491+0000] {dag.py:3089} INFO - Sync 1 DAGs
[2026-08-20T11:58:21.507+0000] {logging_mixin.py:188} INFO - [2026-08-20T11:58:21.507+0000] {dag.py:3947} INFO - Setting next_dagrun for clickstream_pipeline to None, run_after=None
[2026-08-20T11:58:21.528+0000] {processor.py:183} INFO - Processing /opt/airflow/dags/clickstream_pipeline_dag.py took 0.102 seconds
[2026-08-20T11:58:51.689+0000] {processor.py:161} INFO - Started process (PID=1762) to work on /opt/airflow/dags/clickstream_pipeline_dag.py
[2026-08-20T11:58:51.691+0000] {processor.py:830} INFO - Processing file /opt/airflow/dags/clickstream_pipeline_dag.py for tasks to queue
[2026-08-20T11:58:51.694+0000] {logging_mixin.py:188} INFO - [2026-08-20T11:58:51.693+0000] {dagbag.py:545} INFO - Filling up the DagBag from /opt/airflow/dags/clickstream_pipeline_dag.py
[2026-08-20T11:58:51.712+0000] {processor.py:840} INFO - DAG(s) 'clickstream_pipeline' retrieved from /opt/airflow/dags/clickstream_pipeline_dag.py
[2026-08-20T11:58:51.739+0000] {logging_mixin.py:188} INFO - [2026-08-20T11:58:51.739+0000] {dag.py:3089} INFO - Sync 1 DAGs
[2026-08-20T11:58:51.750+0000] {logging_mixin.py:188} INFO - [2026-08-20T11:58:51.750+0000] {dag.py:3947} INFO - Setting next_dagrun for clickstream_pipeline to None, run_after=None
[2026-08-20T11:58:51.766+0000] {processor.py:183} INFO - Processing /opt/airflow/dags/clickstream_pipeline_dag.py took 0.082 seconds
[2026-08-20T11:59:21.964+0000] {processor.py:161} INFO - Started process (PID=1793) to work on /opt/airflow/dags/clickstream_pipeline_dag.py
[2026-08-20T11:59:21.965+0000] {processor.py:830} INFO - Processing file /opt/airflow/dags/clickstream_pipeline_dag.py for tasks to queue
[2026-08-20T11:59:21.968+0000] {logging_mixin.py:188} INFO - [2026-08-20T11:59:21.967+0000] {dagbag.py:545} INFO - Filling up the DagBag from /opt/airflow/dags/clickstream_pipeline_dag.py
[2026-08-20T11:59:21.983+0000] {processor.py:840} INFO - DAG(s) 'clickstream_pipeline' retrieved from /opt/airflow/dags/clickstream_pipeline_dag.py
[2026-08-20T11:59:22.008+0000] {logging_mixin.py:188} INFO - [2026-08-20T11:59:22.007+0000] {dag.py:3089} INFO - Sync 1 DAGs
[2026-08-20T11:59:22.019+0000] {logging_mixin.py:188} INFO - [2026-08-20T11:59:22.019+0000] {dag.py:3947} INFO - Setting next_dagrun for clickstream_pipeline to None, run_after=None
[2026-08-20T11:59:22.036+0000] {processor.py:183} INFO - Processing /opt/airflow/dags/clickstream_pipeline_dag.py took 0.079 seconds
[2026-08-20T11:59:52.192+0000] {processor.py:161} INFO - Started process (PID=1818) to work on /opt/airflow/dags/clickstream_pipeline_dag.py
[2026-08-20T11:59:52.193+0000] {processor.py:830} INFO - Processing file /opt/airflow/dags/clickstream_pipeline_dag.py for tasks to queue
[2026-08-20T11:59:52.196+0000] {logging_mixin.py:188} INFO - [2026-08-20T11:59:52.195+0000] {dagbag.py:545} INFO - Filling up the DagBag from /opt/airflow/dags/clickstream_pipeline_dag.py
[2026-08-20T11:59:52.211+0000] {processor.py:840} INFO - DAG(s) 'clickstream_pipeline' retrieved from /opt/airflow/dags/clickstream_pipeline_dag.py
[2026-08-20T11:59:52.236+0000] {logging_mixin.py:188} INFO - [2026-08-20T11:59:52.235+0000] {dag.py:3089} INFO - Sync 1 DAGs
[2026-08-20T11:59:52.247+0000] {logging_mixin.py:188} INFO - [2026-08-20T11:59:52.246+0000] {dag.py:3947} INFO - Setting next_dagrun for clickstream_pipeline to None, run_after=None
[2026-08-20T11:59:52.263+0000] {processor.py:183} INFO - Processing /opt/airflow/dags/clickstream_pipeline_dag.py took 0.078 seconds
[2026-08-20T12:00:22.466+0000] {processor.py:161} INFO - Started process (PID=1849) to work on /opt/airflow/dags/clickstream_pipeline_dag.py
[2026-08-20T12:00:22.467+0000] {processor.py:830} INFO - Processing file /opt/airflow/dags/clickstream_pipeline_dag.py for tasks to queue
[2026-08-20T12:00:22.470+0000] {logging_mixin.py:188} INFO - [2026-08-20T12:00:22.470+0000] {dagbag.py:545} INFO - Filling up the DagBag from /opt/airflow/dags/clickstream_pipeline_dag.py
[2026-08-20T12:00:22.483+0000] {processor.py:840} INFO - DAG(s) 'clickstream_pipeline' retrieved from /opt/airflow/dags/clickstream_pipeline_dag.py
[2026-08-20T12:00:22.506+0000] {logging_mixin.py:188} INFO - [2026-08-20T12:00:22.506+0000] {dag.py:3089} INFO - Sync 1 DAGs
[2026-08-20T12:00:22.517+0000] {logging_mixin.py:188} INFO - [2026-08-20T12:00:22.517+0000] {dag.py:3947} INFO - Setting next_dagrun for clickstream_pipeline to None, run_after=None
[2026-08-20T12:00:22.534+0000] {processor.py:183} INFO - Processing /opt/airflow/dags/clickstream_pipeline_dag.py took 0.073 seconds
[2026-08-20T12:00:52.705+0000] {processor.py:161} INFO - Started process (PID=1880) to work on /opt/airflow/dags/clickstream_pipeline_dag.py
[2026-08-20T12:00:52.706+0000] {processor.py:830} INFO - Processing file /opt/airflow/dags/clickstream_pipeline_dag.py for tasks to queue
[2026-08-20T12:00:52.708+0000] {logging_mixin.py:188} INFO - [2026-08-20T12:00:52.708+0000] {dagbag.py:545} INFO - Filling up the DagBag from /opt/airflow/dags/clickstream_pipeline_dag.py
[2026-08-20T12:00:52.721+0000] {processor.py:840} INFO - DAG(s) 'clickstream_pipeline' retrieved from /opt/airflow/dags/clickstream_pipeline_dag.py
[2026-08-20T12:00:52.744+0000] {logging_mixin.py:188} INFO - [2026-08-20T12:00:52.744+0000] {dag.py:3089} INFO - Sync 1 DAGs
[2026-08-20T12:00:52.756+0000] {logging_mixin.py:188} INFO - [2026-08-20T12:00:52.756+0000] {dag.py:3947} INFO - Setting next_dagrun for clickstream_pipeline to None, run_after=None
[2026-08-20T12:00:52.773+0000] {processor.py:183} INFO - Processing /opt/airflow/dags/clickstream_pipeline_dag.py took 0.073 seconds
[2026-08-20T12:01:23.035+0000] {processor.py:161} INFO - Started process (PID=1904) to work on /opt/airflow/dags/clickstream_pipeline_dag.py
[2026-08-20T12:01:23.036+0000] {processor.py:830} INFO - Processing file /opt/airflow/dags/clickstream_pipeline_dag.py for tasks to queue
[2026-08-20T12:01:23.038+0000] {logging_mixin.py:188} INFO - [2026-08-20T12:01:23.038+0000] {dagbag.py:545} INFO - Filling up the DagBag from /opt/airflow/dags/clickstream_pipeline_dag.py
[2026-08-20T12:01:23.052+0000] {processor.py:840} INFO - DAG(s) 'clickstream_pipeline' retrieved from /opt/airflow/dags/clickstream_pipeline_dag.py
[2026-08-20T12:01:23.075+0000] {logging_mixin.py:188} INFO - [2026-08-20T12:01:23.075+0000] {dag.py:3089} INFO - Sync 1 DAGs
[2026-08-20T12:01:23.086+0000] {logging_mixin.py:188} INFO - [2026-08-20T12:01:23.086+0000] {dag.py:3947} INFO - Setting next_dagrun for clickstream_pipeline to None, run_after=None
[2026-08-20T12:01:23.103+0000] {processor.py:183} INFO - Processing /opt/airflow/dags/clickstream_pipeline_dag.py took 0.075 seconds
[2026-08-20T12:01:53.270+0000] {processor.py:161} INFO - Started process (PID=1936) to work on /opt/airflow/dags/clickstream_pipeline_dag.py
[2026-08-20T12:01:53.271+0000] {processor.py:830} INFO - Processing file /opt/airflow/dags/clickstream_pipeline_dag.py for tasks to queue
[2026-08-20T12:01:53.273+0000] {logging_mixin.py:188} INFO - [2026-08-20T12:01:53.273+0000] {dagbag.py:545} INFO - Filling up the DagBag from /opt/airflow/dags/clickstream_pipeline_dag.py
[2026-08-20T12:01:53.288+0000] {processor.py:840} INFO - DAG(s) 'clickstream_pipeline' retrieved from /opt/airflow/dags/clickstream_pipeline_dag.py
[2026-08-20T12:01:53.314+0000] {logging_mixin.py:188} INFO - [2026-08-20T12:01:53.314+0000] {dag.py:3089} INFO - Sync 1 DAGs
[2026-08-20T12:01:53.326+0000] {logging_mixin.py:188} INFO - [2026-08-20T12:01:53.326+0000] {dag.py:3947} INFO - Setting next_dagrun for clickstream_pipeline to None, run_after=None
[2026-08-20T12:01:53.343+0000] {processor.py:183} INFO - Processing /opt/airflow/dags/clickstream_pipeline_dag.py took 0.079 seconds
[2026-08-20T12:02:23.573+0000] {processor.py:161} INFO - Started process (PID=1967) to work on /opt/airflow/dags/clickstream_pipeline_dag.py
[2026-08-20T12:02:23.574+0000] {processor.py:830} INFO - Processing file /opt/airflow/dags/clickstream_pipeline_dag.py for tasks to queue
[2026-08-20T12:02:23.577+0000] {logging_mixin.py:188} INFO - [2026-08-20T12:02:23.577+0000] {dagbag.py:545} INFO - Filling up the DagBag from /opt/airflow/dags/clickstream_pipeline_dag.py
[2026-08-20T12:02:23.592+0000] {processor.py:840} INFO - DAG(s) 'clickstream_pipeline' retrieved from /opt/airflow/dags/clickstream_pipeline_dag.py
[2026-08-20T12:02:23.616+0000] {logging_mixin.py:188} INFO - [2026-08-20T12:02:23.616+0000] {dag.py:3089} INFO - Sync 1 DAGs
[2026-08-20T12:02:23.629+0000] {logging_mixin.py:188} INFO - [2026-08-20T12:02:23.628+0000] {dag.py:3947} INFO - Setting next_dagrun for clickstream_pipeline to None, run_after=None
[2026-08-20T12:02:23.646+0000] {processor.py:183} INFO - Processing /opt/airflow/dags/clickstream_pipeline_dag.py took 0.080 seconds
[2026-08-20T12:02:53.916+0000] {processor.py:161} INFO - Started process (PID=1991) to work on /opt/airflow/dags/clickstream_pipeline_dag.py
[2026-08-20T12:02:53.917+0000] {processor.py:830} INFO - Processing file /opt/airflow/dags/clickstream_pipeline_dag.py for tasks to queue
[2026-08-20T12:02:53.919+0000] {logging_mixin.py:188} INFO - [2026-08-20T12:02:53.919+0000] {dagbag.py:545} INFO - Filling up the DagBag from /opt/airflow/dags/clickstream_pipeline_dag.py
[2026-08-20T12:02:53.932+0000] {processor.py:840} INFO - DAG(s) 'clickstream_pipeline' retrieved from /opt/airflow/dags/clickstream_pipeline_dag.py
[2026-08-20T12:02:53.955+0000] {logging_mixin.py:188} INFO - [2026-08-20T12:02:53.955+0000] {dag.py:3089} INFO - Sync 1 DAGs
[2026-08-20T12:02:53.967+0000] {logging_mixin.py:188} INFO - [2026-08-20T12:02:53.966+0000] {dag.py:3947} INFO - Setting next_dagrun for clickstream_pipeline to None, run_after=None
[2026-08-20T12:02:53.982+0000] {processor.py:183} INFO - Processing /opt/airflow/dags/clickstream_pipeline_dag.py took 0.071 seconds
[2026-08-20T12:03:24.226+0000] {processor.py:161} INFO - Started process (PID=2022) to work on /opt/airflow/dags/clickstream_pipeline_dag.py
[2026-08-20T12:03:24.227+0000] {processor.py:830} INFO - Processing file /opt/airflow/dags/clickstream_pipeline_dag.py for tasks to queue
[2026-08-20T12:03:24.230+0000] {logging_mixin.py:188} INFO - [2026-08-20T12:03:24.229+0000] {dagbag.py:545} INFO - Filling up the DagBag from /opt/airflow/dags/clickstream_pipeline_dag.py
[2026-08-20T12:03:24.244+0000] {processor.py:840} INFO - DAG(s) 'clickstream_pipeline' retrieved from /opt/airflow/dags/clickstream_pipeline_dag.py
[2026-08-20T12:03:24.269+0000] {logging_mixin.py:188} INFO - [2026-08-20T12:03:24.268+0000] {dag.py:3089} INFO - Sync 1 DAGs
[2026-08-20T12:03:24.280+0000] {logging_mixin.py:188} INFO - [2026-08-20T12:03:24.280+0000] {dag.py:3947} INFO - Setting next_dagrun for clickstream_pipeline to None, run_after=None
[2026-08-20T12:03:24.297+0000] {processor.py:183} INFO - Processing /opt/airflow/dags/clickstream_pipeline_dag.py took 0.077 seconds
[2026-08-20T12:03:54.459+0000] {processor.py:161} INFO - Started process (PID=2053) to work on /opt/airflow/dags/clickstream_pipeline_dag.py
[2026-08-20T12:03:54.460+0000] {processor.py:830} INFO - Processing file /opt/airflow/dags/clickstream_pipeline_dag.py for tasks to queue
[2026-08-20T12:03:54.462+0000] {logging_mixin.py:188} INFO - [2026-08-20T12:03:54.462+0000] {dagbag.py:545} INFO - Filling up the DagBag from /opt/airflow/dags/clickstream_pipeline_dag.py
[2026-08-20T12:03:54.476+0000] {processor.py:840} INFO - DAG(s) 'clickstream_pipeline' retrieved from /opt/airflow/dags/clickstream_pipeline_dag.py
[2026-08-20T12:03:54.505+0000] {logging_mixin.py:188} INFO - [2026-08-20T12:03:54.505+0000] {dag.py:3089} INFO - Sync 1 DAGs
[2026-08-20T12:03:54.517+0000] {logging_mixin.py:188} INFO - [2026-08-20T12:03:54.517+0000] {dag.py:3947} INFO - Setting next_dagrun for clickstream_pipeline to None, run_after=None
[2026-08-20T12:03:54.542+0000] {processor.py:183} INFO - Processing /opt/airflow/dags/clickstream_pipeline_dag.py took 0.089 seconds
[2026-08-20T12:04:24.736+0000] {processor.py:161} INFO - Started process (PID=2077) to work on /opt/airflow/dags/clickstream_pipeline_dag.py
[2026-08-20T12:04:24.737+0000] {processor.py:830} INFO - Processing file /opt/airflow/dags/clickstream_pipeline_dag.py for tasks to queue
[2026-08-20T12:04:24.739+0000] {logging_mixin.py:188} INFO - [2026-08-20T12:04:24.739+0000] {dagbag.py:545} INFO - Filling up the DagBag from /opt/airflow/dags/clickstream_pipeline_dag.py
[2026-08-20T12:04:24.753+0000] {processor.py:840} INFO - DAG(s) 'clickstream_pipeline' retrieved from /opt/airflow/dags/clickstream_pipeline_dag.py
[2026-08-20T12:04:24.775+0000] {logging_mixin.py:188} INFO - [2026-08-20T12:04:24.775+0000] {dag.py:3089} INFO - Sync 1 DAGs
[2026-08-20T12:04:24.785+0000] {logging_mixin.py:188} INFO - [2026-08-20T12:04:24.785+0000] {dag.py:3947} INFO - Setting next_dagrun for clickstream_pipeline to None, run_after=None
[2026-08-20T12:04:24.801+0000] {processor.py:183} INFO - Processing /opt/airflow/dags/clickstream_pipeline_dag.py took 0.069 seconds
[2026-08-20T12:04:55.045+0000] {processor.py:161} INFO - Started process (PID=2109) to work on /opt/airflow/dags/clickstream_pipeline_dag.py
[2026-08-20T12:04:55.046+0000] {processor.py:830} INFO - Processing file /opt/airflow/dags/clickstream_pipeline_dag.py for tasks to queue
[2026-08-20T12:04:55.048+0000] {logging_mixin.py:188} INFO - [2026-08-20T12:04:55.048+0000] {dagbag.py:545} INFO - Filling up the DagBag from /opt/airflow/dags/clickstream_pipeline_dag.py
[2026-08-20T12:04:55.063+0000] {processor.py:840} INFO - DAG(s) 'clickstream_pipeline' retrieved from /opt/airflow/dags/clickstream_pipeline_dag.py
[2026-08-20T12:04:55.089+0000] {logging_mixin.py:188} INFO - [2026-08-20T12:04:55.089+0000] {dag.py:3089} INFO - Sync 1 DAGs
[2026-08-20T12:04:55.101+0000] {logging_mixin.py:188} INFO - [2026-08-20T12:04:55.100+0000] {dag.py:3947} INFO - Setting next_dagrun for clickstream_pipeline to None, run_after=None
[2026-08-20T12:04:55.118+0000] {processor.py:183} INFO - Processing /opt/airflow/dags/clickstream_pipeline_dag.py took 0.081 seconds
[2026-08-20T12:27:14.558+0000] {processor.py:161} INFO - Started process (PID=2133) to work on /opt/airflow/dags/clickstream_pipeline_dag.py
[2026-08-20T12:27:14.560+0000] {processor.py:830} INFO - Processing file /opt/airflow/dags/clickstream_pipeline_dag.py for tasks to queue
[2026-08-20T12:27:14.562+0000] {logging_mixin.py:188} INFO - [2026-08-20T12:27:14.561+0000] {dagbag.py:545} INFO - Filling up the DagBag from /opt/airflow/dags/clickstream_pipeline_dag.py
[2026-08-20T12:27:14.577+0000] {processor.py:840} INFO - DAG(s) 'clickstream_pipeline' retrieved from /opt/airflow/dags/clickstream_pipeline_dag.py
[2026-08-20T12:27:14.604+0000] {logging_mixin.py:188} INFO - [2026-08-20T12:27:14.603+0000] {dag.py:3089} INFO - Sync 1 DAGs
[2026-08-20T12:27:14.617+0000] {logging_mixin.py:188} INFO - [2026-08-20T12:27:14.617+0000] {dag.py:3947} INFO - Setting next_dagrun for clickstream_pipeline to None, run_after=None
[2026-08-20T12:27:14.637+0000] {processor.py:183} INFO - Processing /opt/airflow/dags/clickstream_pipeline_dag.py took 0.085 seconds
[2026-08-20T12:27:44.792+0000] {processor.py:161} INFO - Started process (PID=2165) to work on /opt/airflow/dags/clickstream_pipeline_dag.py
[2026-08-20T12:27:44.793+0000] {processor.py:830} INFO - Processing file /opt/airflow/dags/clickstream_pipeline_dag.py for tasks to queue
[2026-08-20T12:27:44.795+0000] {logging_mixin.py:188} INFO - [2026-08-20T12:27:44.795+0000] {dagbag.py:545} INFO - Filling up the DagBag from /opt/airflow/dags/clickstream_pipeline_dag.py
[2026-08-20T12:27:44.810+0000] {processor.py:840} INFO - DAG(s) 'clickstream_pipeline' retrieved from /opt/airflow/dags/clickstream_pipeline_dag.py
[2026-08-20T12:27:44.832+0000] {logging_mixin.py:188} INFO - [2026-08-20T12:27:44.832+0000] {dag.py:3089} INFO - Sync 1 DAGs
[2026-08-20T12:27:44.843+0000] {logging_mixin.py:188} INFO - [2026-08-20T12:27:44.843+0000] {dag.py:3947} INFO - Setting next_dagrun for clickstream_pipeline to None, run_after=None
[2026-08-20T12:27:44.859+0000] {processor.py:183} INFO - Processing /opt/airflow/dags/clickstream_pipeline_dag.py took 0.072 seconds
[2026-08-20T12:28:15.113+0000] {processor.py:161} INFO - Started process (PID=2189) to work on /opt/airflow/dags/clickstream_pipeline_dag.py
[2026-08-20T12:28:15.114+0000] {processor.py:830} INFO - Processing file /opt/airflow/dags/clickstream_pipeline_dag.py for tasks to queue
[2026-08-20T12:28:15.116+0000] {logging_mixin.py:188} INFO - [2026-08-20T12:28:15.115+0000] {dagbag.py:545} INFO - Filling up the DagBag from /opt/airflow/dags/clickstream_pipeline_dag.py
[2026-08-20T12:28:15.132+0000] {processor.py:840} INFO - DAG(s) 'clickstream_pipeline' retrieved from /opt/airflow/dags/clickstream_pipeline_dag.py
[2026-08-20T12:28:15.158+0000] {logging_mixin.py:188} INFO - [2026-08-20T12:28:15.157+0000] {dag.py:3089} INFO - Sync 1 DAGs
[2026-08-20T12:28:15.169+0000] {logging_mixin.py:188} INFO - [2026-08-20T12:28:15.169+0000] {dag.py:3947} INFO - Setting next_dagrun for clickstream_pipeline to None, run_after=None
[2026-08-20T12:28:15.189+0000] {processor.py:183} INFO - Processing /opt/airflow/dags/clickstream_pipeline_dag.py took 0.082 seconds
[2026-08-20T12:28:45.437+0000] {processor.py:161} INFO - Started process (PID=2220) to work on /opt/airflow/dags/clickstream_pipeline_dag.py
[2026-08-20T12:28:45.439+0000] {processor.py:830} INFO - Processing file /opt/airflow/dags/clickstream_pipeline_dag.py for tasks to queue
[2026-08-20T12:28:45.440+0000] {logging_mixin.py:188} INFO - [2026-08-20T12:28:45.440+0000] {dagbag.py:545} INFO - Filling up the DagBag from /opt/airflow/dags/clickstream_pipeline_dag.py
[2026-08-20T12:28:45.454+0000] {processor.py:840} INFO - DAG(s) 'clickstream_pipeline' retrieved from /opt/airflow/dags/clickstream_pipeline_dag.py
[2026-08-20T12:28:45.477+0000] {logging_mixin.py:188} INFO - [2026-08-20T12:28:45.476+0000] {dag.py:3089} INFO - Sync 1 DAGs
[2026-08-20T12:28:45.488+0000] {logging_mixin.py:188} INFO - [2026-08-20T12:28:45.488+0000] {dag.py:3947} INFO - Setting next_dagrun for clickstream_pipeline to None, run_after=None
[2026-08-20T12:28:45.505+0000] {processor.py:183} INFO - Processing /opt/airflow/dags/clickstream_pipeline_dag.py took 0.074 seconds
[2026-08-20T12:29:15.774+0000] {processor.py:161} INFO - Started process (PID=2251) to work on /opt/airflow/dags/clickstream_pipeline_dag.py
[2026-08-20T12:29:15.775+0000] {processor.py:830} INFO - Processing file /opt/airflow/dags/clickstream_pipeline_dag.py for tasks to queue
[2026-08-20T12:29:15.777+0000] {logging_mixin.py:188} INFO - [2026-08-20T12:29:15.776+0000] {dagbag.py:545} INFO - Filling up the DagBag from /opt/airflow/dags/clickstream_pipeline_dag.py
[2026-08-20T12:29:15.794+0000] {processor.py:840} INFO - DAG(s) 'clickstream_pipeline' retrieved from /opt/airflow/dags/clickstream_pipeline_dag.py
[2026-08-20T12:29:15.819+0000] {logging_mixin.py:188} INFO - [2026-08-20T12:29:15.818+0000] {dag.py:3089} INFO - Sync 1 DAGs
[2026-08-20T12:29:15.831+0000] {logging_mixin.py:188} INFO - [2026-08-20T12:29:15.830+0000] {dag.py:3947} INFO - Setting next_dagrun for clickstream_pipeline to None, run_after=None
[2026-08-20T12:29:15.848+0000] {processor.py:183} INFO - Processing /opt/airflow/dags/clickstream_pipeline_dag.py took 0.080 seconds
[2026-08-20T12:29:46.027+0000] {processor.py:161} INFO - Started process (PID=2275) to work on /opt/airflow/dags/clickstream_pipeline_dag.py
[2026-08-20T12:29:46.029+0000] {processor.py:830} INFO - Processing file /opt/airflow/dags/clickstream_pipeline_dag.py for tasks to queue
[2026-08-20T12:29:46.032+0000] {logging_mixin.py:188} INFO - [2026-08-20T12:29:46.032+0000] {dagbag.py:545} INFO - Filling up the DagBag from /opt/airflow/dags/clickstream_pipeline_dag.py
[2026-08-20T12:29:46.050+0000] {processor.py:840} INFO - DAG(s) 'clickstream_pipeline' retrieved from /opt/airflow/dags/clickstream_pipeline_dag.py
[2026-08-20T12:29:46.082+0000] {logging_mixin.py:188} INFO - [2026-08-20T12:29:46.082+0000] {dag.py:3089} INFO - Sync 1 DAGs
[2026-08-20T12:29:46.094+0000] {logging_mixin.py:188} INFO - [2026-08-20T12:29:46.094+0000] {dag.py:3947} INFO - Setting next_dagrun for clickstream_pipeline to None, run_after=None
[2026-08-20T12:29:46.113+0000] {processor.py:183} INFO - Processing /opt/airflow/dags/clickstream_pipeline_dag.py took 0.095 seconds
[2026-08-20T12:30:16.362+0000] {processor.py:161} INFO - Started process (PID=2307) to work on /opt/airflow/dags/clickstream_pipeline_dag.py
[2026-08-20T12:30:16.364+0000] {processor.py:830} INFO - Processing file /opt/airflow/dags/clickstream_pipeline_dag.py for tasks to queue
[2026-08-20T12:30:16.367+0000] {logging_mixin.py:188} INFO - [2026-08-20T12:30:16.367+0000] {dagbag.py:545} INFO - Filling up the DagBag from /opt/airflow/dags/clickstream_pipeline_dag.py
[2026-08-20T12:30:16.386+0000] {processor.py:840} INFO - DAG(s) 'clickstream_pipeline' retrieved from /opt/airflow/dags/clickstream_pipeline_dag.py
[2026-08-20T12:30:16.420+0000] {logging_mixin.py:188} INFO - [2026-08-20T12:30:16.420+0000] {dag.py:3089} INFO - Sync 1 DAGs
[2026-08-20T12:30:16.435+0000] {logging_mixin.py:188} INFO - [2026-08-20T12:30:16.434+0000] {dag.py:3947} INFO - Setting next_dagrun for clickstream_pipeline to None, run_after=None
[2026-08-20T12:30:16.460+0000] {processor.py:183} INFO - Processing /opt/airflow/dags/clickstream_pipeline_dag.py took 0.108 seconds
[2026-08-20T12:30:46.632+0000] {processor.py:161} INFO - Started process (PID=2331) to work on /opt/airflow/dags/clickstream_pipeline_dag.py
[2026-08-20T12:30:46.634+0000] {processor.py:830} INFO - Processing file /opt/airflow/dags/clickstream_pipeline_dag.py for tasks to queue
[2026-08-20T12:30:46.637+0000] {logging_mixin.py:188} INFO - [2026-08-20T12:30:46.636+0000] {dagbag.py:545} INFO - Filling up the DagBag from /opt/airflow/dags/clickstream_pipeline_dag.py
[2026-08-20T12:30:46.658+0000] {processor.py:840} INFO - DAG(s) 'clickstream_pipeline' retrieved from /opt/airflow/dags/clickstream_pipeline_dag.py
[2026-08-20T12:30:46.689+0000] {logging_mixin.py:188} INFO - [2026-08-20T12:30:46.689+0000] {dag.py:3089} INFO - Sync 1 DAGs
[2026-08-20T12:30:46.705+0000] {logging_mixin.py:188} INFO - [2026-08-20T12:30:46.705+0000] {dag.py:3947} INFO - Setting next_dagrun for clickstream_pipeline to None, run_after=None
[2026-08-20T12:30:46.731+0000] {processor.py:183} INFO - Processing /opt/airflow/dags/clickstream_pipeline_dag.py took 0.106 seconds
[2026-08-20T12:31:16.898+0000] {processor.py:161} INFO - Started process (PID=2362) to work on /opt/airflow/dags/clickstream_pipeline_dag.py
[2026-08-20T12:31:16.900+0000] {processor.py:830} INFO - Processing file /opt/airflow/dags/clickstream_pipeline_dag.py for tasks to queue
[2026-08-20T12:31:16.903+0000] {logging_mixin.py:188} INFO - [2026-08-20T12:31:16.903+0000] {dagbag.py:545} INFO - Filling up the DagBag from /opt/airflow/dags/clickstream_pipeline_dag.py
[2026-08-20T12:31:16.921+0000] {processor.py:840} INFO - DAG(s) 'clickstream_pipeline' retrieved from /opt/airflow/dags/clickstream_pipeline_dag.py
[2026-08-20T12:31:16.953+0000] {logging_mixin.py:188} INFO - [2026-08-20T12:31:16.953+0000] {dag.py:3089} INFO - Sync 1 DAGs
[2026-08-20T12:31:16.967+0000] {logging_mixin.py:188} INFO - [2026-08-20T12:31:16.967+0000] {dag.py:3947} INFO - Setting next_dagrun for clickstream_pipeline to None, run_after=None
[2026-08-20T12:31:16.990+0000] {processor.py:183} INFO - Processing /opt/airflow/dags/clickstream_pipeline_dag.py took 0.100 seconds
[2026-08-20T12:31:47.193+0000] {processor.py:161} INFO - Started process (PID=2393) to work on /opt/airflow/dags/clickstream_pipeline_dag.py
[2026-08-20T12:31:47.195+0000] {processor.py:830} INFO - Processing file /opt/airflow/dags/clickstream_pipeline_dag.py for tasks to queue
[2026-08-20T12:31:47.197+0000] {logging_mixin.py:188} INFO - [2026-08-20T12:31:47.197+0000] {dagbag.py:545} INFO - Filling up the DagBag from /opt/airflow/dags/clickstream_pipeline_dag.py
[2026-08-20T12:31:47.217+0000] {processor.py:840} INFO - DAG(s) 'clickstream_pipeline' retrieved from /opt/airflow/dags/clickstream_pipeline_dag.py
[2026-08-20T12:31:47.246+0000] {logging_mixin.py:188} INFO - [2026-08-20T12:31:47.246+0000] {dag.py:3089} INFO - Sync 1 DAGs
[2026-08-20T12:31:47.259+0000] {logging_mixin.py:188} INFO - [2026-08-20T12:31:47.258+0000] {dag.py:3947} INFO - Setting next_dagrun for clickstream_pipeline to None, run_after=None
[2026-08-20T12:31:47.280+0000] {processor.py:183} INFO - Processing /opt/airflow/dags/clickstream_pipeline_dag.py took 0.098 seconds
[2026-08-20T12:32:17.490+0000] {processor.py:161} INFO - Started process (PID=2417) to work on /opt/airflow/dags/clickstream_pipeline_dag.py
[2026-08-20T12:32:17.492+0000] {processor.py:830} INFO - Processing file /opt/airflow/dags/clickstream_pipeline_dag.py for tasks to queue
[2026-08-20T12:32:17.496+0000] {logging_mixin.py:188} INFO - [2026-08-20T12:32:17.495+0000] {dagbag.py:545} INFO - Filling up the DagBag from /opt/airflow/dags/clickstream_pipeline_dag.py
[2026-08-20T12:32:17.514+0000] {processor.py:840} INFO - DAG(s) 'clickstream_pipeline' retrieved from /opt/airflow/dags/clickstream_pipeline_dag.py
[2026-08-20T12:32:17.541+0000] {logging_mixin.py:188} INFO - [2026-08-20T12:32:17.541+0000] {dag.py:3089} INFO - Sync 1 DAGs
[2026-08-20T12:32:17.555+0000] {logging_mixin.py:188} INFO - [2026-08-20T12:32:17.555+0000] {dag.py:3947} INFO - Setting next_dagrun for clickstream_pipeline to None, run_after=None
[2026-08-20T12:32:17.576+0000] {processor.py:183} INFO - Processing /opt/airflow/dags/clickstream_pipeline_dag.py took 0.098 seconds
[2026-08-20T12:32:47.842+0000] {processor.py:161} INFO - Started process (PID=2448) to work on /opt/airflow/dags/clickstream_pipeline_dag.py
[2026-08-20T12:32:47.844+0000] {processor.py:830} INFO - Processing file /opt/airflow/dags/clickstream_pipeline_dag.py for tasks to queue
[2026-08-20T12:32:47.849+0000] {logging_mixin.py:188} INFO - [2026-08-20T12:32:47.848+0000] {dagbag.py:545} INFO - Filling up the DagBag from /opt/airflow/dags/clickstream_pipeline_dag.py
[2026-08-20T12:32:47.869+0000] {processor.py:840} INFO - DAG(s) 'clickstream_pipeline' retrieved from /opt/airflow/dags/clickstream_pipeline_dag.py
[2026-08-20T12:32:47.904+0000] {logging_mixin.py:188} INFO - [2026-08-20T12:32:47.904+0000] {dag.py:3089} INFO - Sync 1 DAGs
[2026-08-20T12:32:47.918+0000] {logging_mixin.py:188} INFO - [2026-08-20T12:32:47.918+0000] {dag.py:3947} INFO - Setting next_dagrun for clickstream_pipeline to None, run_after=None
[2026-08-20T12:32:47.941+0000] {processor.py:183} INFO - Processing /opt/airflow/dags/clickstream_pipeline_dag.py took 0.107 seconds
[2026-08-20T12:33:18.180+0000] {processor.py:161} INFO - Started process (PID=2472) to work on /opt/airflow/dags/clickstream_pipeline_dag.py
[2026-08-20T12:33:18.184+0000] {processor.py:830} INFO - Processing file /opt/airflow/dags/clickstream_pipeline_dag.py for tasks to queue
[2026-08-20T12:33:18.189+0000] {logging_mixin.py:188} INFO - [2026-08-20T12:33:18.188+0000] {dagbag.py:545} INFO - Filling up the DagBag from /opt/airflow/dags/clickstream_pipeline_dag.py
[2026-08-20T12:33:18.207+0000] {processor.py:840} INFO - DAG(s) 'clickstream_pipeline' retrieved from /opt/airflow/dags/clickstream_pipeline_dag.py
[2026-08-20T12:33:18.238+0000] {logging_mixin.py:188} INFO - [2026-08-20T12:33:18.237+0000] {dag.py:3089} INFO - Sync 1 DAGs
[2026-08-20T12:33:18.251+0000] {logging_mixin.py:188} INFO - [2026-08-20T12:33:18.250+0000] {dag.py:3947} INFO - Setting next_dagrun for clickstream_pipeline to None, run_after=None
[2026-08-20T12:33:18.269+0000] {processor.py:183} INFO - Processing /opt/airflow/dags/clickstream_pipeline_dag.py took 0.096 seconds
[2026-08-20T12:33:48.540+0000] {processor.py:161} INFO - Started process (PID=2503) to work on /opt/airflow/dags/clickstream_pipeline_dag.py
[2026-08-20T12:33:48.542+0000] {processor.py:830} INFO - Processing file /opt/airflow/dags/clickstream_pipeline_dag.py for tasks to queue
[2026-08-20T12:33:48.546+0000] {logging_mixin.py:188} INFO - [2026-08-20T12:33:48.546+0000] {dagbag.py:545} INFO - Filling up the DagBag from /opt/airflow/dags/clickstream_pipeline_dag.py
[2026-08-20T12:33:48.562+0000] {processor.py:840} INFO - DAG(s) 'clickstream_pipeline' retrieved from /opt/airflow/dags/clickstream_pipeline_dag.py
[2026-08-20T12:33:48.591+0000] {logging_mixin.py:188} INFO - [2026-08-20T12:33:48.590+0000] {dag.py:3089} INFO - Sync 1 DAGs
[2026-08-20T12:33:48.603+0000] {logging_mixin.py:188} INFO - [2026-08-20T12:33:48.603+0000] {dag.py:3947} INFO - Setting next_dagrun for clickstream_pipeline to None, run_after=None
[2026-08-20T12:33:48.623+0000] {processor.py:183} INFO - Processing /opt/airflow/dags/clickstream_pipeline_dag.py took 0.091 seconds
[2026-08-20T12:34:18.921+0000] {processor.py:161} INFO - Started process (PID=2534) to work on /opt/airflow/dags/clickstream_pipeline_dag.py
[2026-08-20T12:34:18.922+0000] {processor.py:830} INFO - Processing file /opt/airflow/dags/clickstream_pipeline_dag.py for tasks to queue
[2026-08-20T12:34:18.925+0000] {logging_mixin.py:188} INFO - [2026-08-20T12:34:18.924+0000] {dagbag.py:545} INFO - Filling up the DagBag from /opt/airflow/dags/clickstream_pipeline_dag.py
[2026-08-20T12:34:18.942+0000] {processor.py:840} INFO - DAG(s) 'clickstream_pipeline' retrieved from /opt/airflow/dags/clickstream_pipeline_dag.py
[2026-08-20T12:34:18.969+0000] {logging_mixin.py:188} INFO - [2026-08-20T12:34:18.969+0000] {dag.py:3089} INFO - Sync 1 DAGs
[2026-08-20T12:34:18.986+0000] {logging_mixin.py:188} INFO - [2026-08-20T12:34:18.986+0000] {dag.py:3947} INFO - Setting next_dagrun for clickstream_pipeline to None, run_after=None
[2026-08-20T12:34:19.009+0000] {processor.py:183} INFO - Processing /opt/airflow/dags/clickstream_pipeline_dag.py took 0.099 seconds
[2026-08-20T12:34:49.178+0000] {processor.py:161} INFO - Started process (PID=2558) to work on /opt/airflow/dags/clickstream_pipeline_dag.py
[2026-08-20T12:34:49.180+0000] {processor.py:830} INFO - Processing file /opt/airflow/dags/clickstream_pipeline_dag.py for tasks to queue
[2026-08-20T12:34:49.182+0000] {logging_mixin.py:188} INFO - [2026-08-20T12:34:49.182+0000] {dagbag.py:545} INFO - Filling up the DagBag from /opt/airflow/dags/clickstream_pipeline_dag.py
[2026-08-20T12:34:49.198+0000] {processor.py:840} INFO - DAG(s) 'clickstream_pipeline' retrieved from /opt/airflow/dags/clickstream_pipeline_dag.py
[2026-08-20T12:34:49.231+0000] {logging_mixin.py:188} INFO - [2026-08-20T12:34:49.230+0000] {dag.py:3089} INFO - Sync 1 DAGs
[2026-08-20T12:34:49.245+0000] {logging_mixin.py:188} INFO - [2026-08-20T12:34:49.244+0000] {dag.py:3947} INFO - Setting next_dagrun for clickstream_pipeline to None, run_after=None
[2026-08-20T12:34:49.265+0000] {processor.py:183} INFO - Processing /opt/airflow/dags/clickstream_pipeline_dag.py took 0.094 seconds
[2026-08-20T12:35:19.551+0000] {processor.py:161} INFO - Started process (PID=2589) to work on /opt/airflow/dags/clickstream_pipeline_dag.py
[2026-08-20T12:35:19.553+0000] {processor.py:830} INFO - Processing file /opt/airflow/dags/clickstream_pipeline_dag.py for tasks to queue
[2026-08-20T12:35:19.556+0000] {logging_mixin.py:188} INFO - [2026-08-20T12:35:19.556+0000] {dagbag.py:545} INFO - Filling up the DagBag from /opt/airflow/dags/clickstream_pipeline_dag.py
[2026-08-20T12:35:19.575+0000] {processor.py:840} INFO - DAG(s) 'clickstream_pipeline' retrieved from /opt/airflow/dags/clickstream_pipeline_dag.py
[2026-08-20T12:35:19.604+0000] {logging_mixin.py:188} INFO - [2026-08-20T12:35:19.603+0000] {dag.py:3089} INFO - Sync 1 DAGs
[2026-08-20T12:35:19.619+0000] {logging_mixin.py:188} INFO - [2026-08-20T12:35:19.619+0000] {dag.py:3947} INFO - Setting next_dagrun for clickstream_pipeline to None, run_after=None
[2026-08-20T12:35:19.640+0000] {processor.py:183} INFO - Processing /opt/airflow/dags/clickstream_pipeline_dag.py took 0.101 seconds
[2026-08-20T12:35:49.910+0000] {processor.py:161} INFO - Started process (PID=2613) to work on /opt/airflow/dags/clickstream_pipeline_dag.py
[2026-08-20T12:35:49.912+0000] {processor.py:830} INFO - Processing file /opt/airflow/dags/clickstream_pipeline_dag.py for tasks to queue
[2026-08-20T12:35:49.914+0000] {logging_mixin.py:188} INFO - [2026-08-20T12:35:49.914+0000] {dagbag.py:545} INFO - Filling up the DagBag from /opt/airflow/dags/clickstream_pipeline_dag.py
[2026-08-20T12:35:49.932+0000] {processor.py:840} INFO - DAG(s) 'clickstream_pipeline' retrieved from /opt/airflow/dags/clickstream_pipeline_dag.py
[2026-08-20T12:35:49.961+0000] {logging_mixin.py:188} INFO - [2026-08-20T12:35:49.961+0000] {dag.py:3089} INFO - Sync 1 DAGs
[2026-08-20T12:35:49.973+0000] {logging_mixin.py:188} INFO - [2026-08-20T12:35:49.973+0000] {dag.py:3947} INFO - Setting next_dagrun for clickstream_pipeline to None, run_after=None
[2026-08-20T12:35:49.995+0000] {processor.py:183} INFO - Processing /opt/airflow/dags/clickstream_pipeline_dag.py took 0.092 seconds
[2026-08-20T12:36:20.276+0000] {processor.py:161} INFO - Started process (PID=2644) to work on /opt/airflow/dags/clickstream_pipeline_dag.py
[2026-08-20T12:36:20.278+0000] {processor.py:830} INFO - Processing file /opt/airflow/dags/clickstream_pipeline_dag.py for tasks to queue
[2026-08-20T12:36:20.281+0000] {logging_mixin.py:188} INFO - [2026-08-20T12:36:20.281+0000] {dagbag.py:545} INFO - Filling up the DagBag from /opt/airflow/dags/clickstream_pipeline_dag.py
[2026-08-20T12:36:20.307+0000] {processor.py:840} INFO - DAG(s) 'clickstream_pipeline' retrieved from /opt/airflow/dags/clickstream_pipeline_dag.py
[2026-08-20T12:36:20.349+0000] {logging_mixin.py:188} INFO - [2026-08-20T12:36:20.349+0000] {dag.py:3089} INFO - Sync 1 DAGs
[2026-08-20T12:36:20.366+0000] {logging_mixin.py:188} INFO - [2026-08-20T12:36:20.366+0000] {dag.py:3947} INFO - Setting next_dagrun for clickstream_pipeline to None, run_after=None
[2026-08-20T12:36:20.385+0000] {processor.py:183} INFO - Processing /opt/airflow/dags/clickstream_pipeline_dag.py took 0.118 seconds
[2026-08-20T12:36:50.531+0000] {processor.py:161} INFO - Started process (PID=2675) to work on /opt/airflow/dags/clickstream_pipeline_dag.py
[2026-08-20T12:36:50.533+0000] {processor.py:830} INFO - Processing file /opt/airflow/dags/clickstream_pipeline_dag.py for tasks to queue
[2026-08-20T12:36:50.535+0000] {logging_mixin.py:188} INFO - [2026-08-20T12:36:50.534+0000] {dagbag.py:545} INFO - Filling up the DagBag from /opt/airflow/dags/clickstream_pipeline_dag.py
[2026-08-20T12:36:50.552+0000] {processor.py:840} INFO - DAG(s) 'clickstream_pipeline' retrieved from /opt/airflow/dags/clickstream_pipeline_dag.py
[2026-08-20T12:36:50.582+0000] {logging_mixin.py:188} INFO - [2026-08-20T12:36:50.582+0000] {dag.py:3089} INFO - Sync 1 DAGs
[2026-08-20T12:36:50.597+0000] {logging_mixin.py:188} INFO - [2026-08-20T12:36:50.597+0000] {dag.py:3947} INFO - Setting next_dagrun for clickstream_pipeline to None, run_after=None
[2026-08-20T12:36:50.623+0000] {processor.py:183} INFO - Processing /opt/airflow/dags/clickstream_pipeline_dag.py took 0.097 seconds
[2026-08-20T12:37:20.839+0000] {processor.py:161} INFO - Started process (PID=2699) to work on /opt/airflow/dags/clickstream_pipeline_dag.py
[2026-08-20T12:37:20.847+0000] {processor.py:830} INFO - Processing file /opt/airflow/dags/clickstream_pipeline_dag.py for tasks to queue
[2026-08-20T12:37:20.851+0000] {logging_mixin.py:188} INFO - [2026-08-20T12:37:20.851+0000] {dagbag.py:545} INFO - Filling up the DagBag from /opt/airflow/dags/clickstream_pipeline_dag.py
[2026-08-20T12:37:20.869+0000] {processor.py:840} INFO - DAG(s) 'clickstream_pipeline' retrieved from /opt/airflow/dags/clickstream_pipeline_dag.py
[2026-08-20T12:37:20.902+0000] {logging_mixin.py:188} INFO - [2026-08-20T12:37:20.902+0000] {dag.py:3089} INFO - Sync 1 DAGs
[2026-08-20T12:37:20.917+0000] {logging_mixin.py:188} INFO - [2026-08-20T12:37:20.916+0000] {dag.py:3947} INFO - Setting next_dagrun for clickstream_pipeline to None, run_after=None
[2026-08-20T12:37:20.939+0000] {processor.py:183} INFO - Processing /opt/airflow/dags/clickstream_pipeline_dag.py took 0.108 seconds
[2026-08-20T12:37:51.089+0000] {processor.py:161} INFO - Started process (PID=2730) to work on /opt/airflow/dags/clickstream_pipeline_dag.py
[2026-08-20T12:37:51.090+0000] {processor.py:830} INFO - Processing file /opt/airflow/dags/clickstream_pipeline_dag.py for tasks to queue
[2026-08-20T12:37:51.094+0000] {logging_mixin.py:188} INFO - [2026-08-20T12:37:51.094+0000] {dagbag.py:545} INFO - Filling up the DagBag from /opt/airflow/dags/clickstream_pipeline_dag.py
[2026-08-20T12:37:51.114+0000] {processor.py:840} INFO - DAG(s) 'clickstream_pipeline' retrieved from /opt/airflow/dags/clickstream_pipeline_dag.py
[2026-08-20T12:37:51.145+0000] {logging_mixin.py:188} INFO - [2026-08-20T12:37:51.145+0000] {dag.py:3089} INFO - Sync 1 DAGs
[2026-08-20T12:37:51.160+0000] {logging_mixin.py:188} INFO - [2026-08-20T12:37:51.160+0000] {dag.py:3947} INFO - Setting next_dagrun for clickstream_pipeline to None, run_after=None
[2026-08-20T12:37:51.181+0000] {processor.py:183} INFO - Processing /opt/airflow/dags/clickstream_pipeline_dag.py took 0.101 seconds
[2026-08-20T12:38:21.402+0000] {processor.py:161} INFO - Started process (PID=2754) to work on /opt/airflow/dags/clickstream_pipeline_dag.py
[2026-08-20T12:38:21.404+0000] {processor.py:830} INFO - Processing file /opt/airflow/dags/clickstream_pipeline_dag.py for tasks to queue
[2026-08-20T12:38:21.407+0000] {logging_mixin.py:188} INFO - [2026-08-20T12:38:21.407+0000] {dagbag.py:545} INFO - Filling up the DagBag from /opt/airflow/dags/clickstream_pipeline_dag.py
[2026-08-20T12:38:21.428+0000] {processor.py:840} INFO - DAG(s) 'clickstream_pipeline' retrieved from /opt/airflow/dags/clickstream_pipeline_dag.py
[2026-08-20T12:38:21.461+0000] {logging_mixin.py:188} INFO - [2026-08-20T12:38:21.460+0000] {dag.py:3089} INFO - Sync 1 DAGs
[2026-08-20T12:38:21.476+0000] {logging_mixin.py:188} INFO - [2026-08-20T12:38:21.476+0000] {dag.py:3947} INFO - Setting next_dagrun for clickstream_pipeline to None, run_after=None
[2026-08-20T12:38:21.499+0000] {processor.py:183} INFO - Processing /opt/airflow/dags/clickstream_pipeline_dag.py took 0.114 seconds
[2026-08-20T12:38:51.665+0000] {processor.py:161} INFO - Started process (PID=2786) to work on /opt/airflow/dags/clickstream_pipeline_dag.py
[2026-08-20T12:38:51.667+0000] {processor.py:830} INFO - Processing file /opt/airflow/dags/clickstream_pipeline_dag.py for tasks to queue
[2026-08-20T12:38:51.669+0000] {logging_mixin.py:188} INFO - [2026-08-20T12:38:51.669+0000] {dagbag.py:545} INFO - Filling up the DagBag from /opt/airflow/dags/clickstream_pipeline_dag.py
[2026-08-20T12:38:51.687+0000] {processor.py:840} INFO - DAG(s) 'clickstream_pipeline' retrieved from /opt/airflow/dags/clickstream_pipeline_dag.py
[2026-08-20T12:38:51.716+0000] {logging_mixin.py:188} INFO - [2026-08-20T12:38:51.716+0000] {dag.py:3089} INFO - Sync 1 DAGs
[2026-08-20T12:38:51.730+0000] {logging_mixin.py:188} INFO - [2026-08-20T12:38:51.729+0000] {dag.py:3947} INFO - Setting next_dagrun for clickstream_pipeline to None, run_after=None
[2026-08-20T12:38:51.750+0000] {processor.py:183} INFO - Processing /opt/airflow/dags/clickstream_pipeline_dag.py took 0.092 seconds
[2026-08-20T12:39:21.954+0000] {processor.py:161} INFO - Started process (PID=2818) to work on /opt/airflow/dags/clickstream_pipeline_dag.py
[2026-08-20T12:39:21.955+0000] {processor.py:830} INFO - Processing file /opt/airflow/dags/clickstream_pipeline_dag.py for tasks to queue
[2026-08-20T12:39:21.958+0000] {logging_mixin.py:188} INFO - [2026-08-20T12:39:21.958+0000] {dagbag.py:545} INFO - Filling up the DagBag from /opt/airflow/dags/clickstream_pipeline_dag.py
[2026-08-20T12:39:21.977+0000] {processor.py:840} INFO - DAG(s) 'clickstream_pipeline' retrieved from /opt/airflow/dags/clickstream_pipeline_dag.py
[2026-08-20T12:39:22.006+0000] {logging_mixin.py:188} INFO - [2026-08-20T12:39:22.006+0000] {dag.py:3089} INFO - Sync 1 DAGs
[2026-08-20T12:39:22.021+0000] {logging_mixin.py:188} INFO - [2026-08-20T12:39:22.021+0000] {dag.py:3947} INFO - Setting next_dagrun for clickstream_pipeline to None, run_after=None
[2026-08-20T12:39:22.041+0000] {processor.py:183} INFO - Processing /opt/airflow/dags/clickstream_pipeline_dag.py took 0.094 seconds
[2026-08-20T12:39:52.315+0000] {processor.py:161} INFO - Started process (PID=2842) to work on /opt/airflow/dags/clickstream_pipeline_dag.py
[2026-08-20T12:39:52.317+0000] {processor.py:830} INFO - Processing file /opt/airflow/dags/clickstream_pipeline_dag.py for tasks to queue
[2026-08-20T12:39:52.320+0000] {logging_mixin.py:188} INFO - [2026-08-20T12:39:52.320+0000] {dagbag.py:545} INFO - Filling up the DagBag from /opt/airflow/dags/clickstream_pipeline_dag.py
[2026-08-20T12:39:52.340+0000] {processor.py:840} INFO - DAG(s) 'clickstream_pipeline' retrieved from /opt/airflow/dags/clickstream_pipeline_dag.py
[2026-08-20T12:39:52.368+0000] {logging_mixin.py:188} INFO - [2026-08-20T12:39:52.368+0000] {dag.py:3089} INFO - Sync 1 DAGs
[2026-08-20T12:39:52.380+0000] {logging_mixin.py:188} INFO - [2026-08-20T12:39:52.380+0000] {dag.py:3947} INFO - Setting next_dagrun for clickstream_pipeline to None, run_after=None
[2026-08-20T12:39:52.402+0000] {processor.py:183} INFO - Processing /opt/airflow/dags/clickstream_pipeline_dag.py took 0.096 seconds
[2026-08-20T12:40:22.671+0000] {processor.py:161} INFO - Started process (PID=2874) to work on /opt/airflow/dags/clickstream_pipeline_dag.py
[2026-08-20T12:40:22.672+0000] {processor.py:830} INFO - Processing file /opt/airflow/dags/clickstream_pipeline_dag.py for tasks to queue
[2026-08-20T12:40:22.676+0000] {logging_mixin.py:188} INFO - [2026-08-20T12:40:22.675+0000] {dagbag.py:545} INFO - Filling up the DagBag from /opt/airflow/dags/clickstream_pipeline_dag.py
[2026-08-20T12:40:22.694+0000] {processor.py:840} INFO - DAG(s) 'clickstream_pipeline' retrieved from /opt/airflow/dags/clickstream_pipeline_dag.py
[2026-08-20T12:40:22.726+0000] {logging_mixin.py:188} INFO - [2026-08-20T12:40:22.726+0000] {dag.py:3089} INFO - Sync 1 DAGs
[2026-08-20T12:40:22.740+0000] {logging_mixin.py:188} INFO - [2026-08-20T12:40:22.740+0000] {dag.py:3947} INFO - Setting next_dagrun for clickstream_pipeline to None, run_after=None
[2026-08-20T12:40:22.760+0000] {processor.py:183} INFO - Processing /opt/airflow/dags/clickstream_pipeline_dag.py took 0.098 seconds
[2026-08-20T12:40:52.928+0000] {processor.py:161} INFO - Started process (PID=2898) to work on /opt/airflow/dags/clickstream_pipeline_dag.py
[2026-08-20T12:40:52.929+0000] {processor.py:830} INFO - Processing file /opt/airflow/dags/clickstream_pipeline_dag.py for tasks to queue
[2026-08-20T12:40:52.933+0000] {logging_mixin.py:188} INFO - [2026-08-20T12:40:52.933+0000] {dagbag.py:545} INFO - Filling up the DagBag from /opt/airflow/dags/clickstream_pipeline_dag.py
[2026-08-20T12:40:52.954+0000] {processor.py:840} INFO - DAG(s) 'clickstream_pipeline' retrieved from /opt/airflow/dags/clickstream_pipeline_dag.py
[2026-08-20T12:40:52.984+0000] {logging_mixin.py:188} INFO - [2026-08-20T12:40:52.984+0000] {dag.py:3089} INFO - Sync 1 DAGs
[2026-08-20T12:40:52.999+0000] {logging_mixin.py:188} INFO - [2026-08-20T12:40:52.998+0000] {dag.py:3947} INFO - Setting next_dagrun for clickstream_pipeline to None, run_after=None
[2026-08-20T12:40:53.023+0000] {processor.py:183} INFO - Processing /opt/airflow/dags/clickstream_pipeline_dag.py took 0.101 seconds
[2026-08-20T12:41:23.260+0000] {processor.py:161} INFO - Started process (PID=2929) to work on /opt/airflow/dags/clickstream_pipeline_dag.py
[2026-08-20T12:41:23.262+0000] {processor.py:830} INFO - Processing file /opt/airflow/dags/clickstream_pipeline_dag.py for tasks to queue
[2026-08-20T12:41:23.265+0000] {logging_mixin.py:188} INFO - [2026-08-20T12:41:23.264+0000] {dagbag.py:545} INFO - Filling up the DagBag from /opt/airflow/dags/clickstream_pipeline_dag.py
[2026-08-20T12:41:23.284+0000] {processor.py:840} INFO - DAG(s) 'clickstream_pipeline' retrieved from /opt/airflow/dags/clickstream_pipeline_dag.py
[2026-08-20T12:41:23.313+0000] {logging_mixin.py:188} INFO - [2026-08-20T12:41:23.313+0000] {dag.py:3089} INFO - Sync 1 DAGs
[2026-08-20T12:41:23.328+0000] {logging_mixin.py:188} INFO - [2026-08-20T12:41:23.327+0000] {dag.py:3947} INFO - Setting next_dagrun for clickstream_pipeline to None, run_after=None
[2026-08-20T12:41:23.348+0000] {processor.py:183} INFO - Processing /opt/airflow/dags/clickstream_pipeline_dag.py took 0.095 seconds
[2026-08-20T12:41:53.515+0000] {processor.py:161} INFO - Started process (PID=2953) to work on /opt/airflow/dags/clickstream_pipeline_dag.py
[2026-08-20T12:41:53.517+0000] {processor.py:830} INFO - Processing file /opt/airflow/dags/clickstream_pipeline_dag.py for tasks to queue
[2026-08-20T12:41:53.520+0000] {logging_mixin.py:188} INFO - [2026-08-20T12:41:53.520+0000] {dagbag.py:545} INFO - Filling up the DagBag from /opt/airflow/dags/clickstream_pipeline_dag.py
[2026-08-20T12:41:53.544+0000] {processor.py:840} INFO - DAG(s) 'clickstream_pipeline' retrieved from /opt/airflow/dags/clickstream_pipeline_dag.py
[2026-08-20T12:41:53.575+0000] {logging_mixin.py:188} INFO - [2026-08-20T12:41:53.575+0000] {dag.py:3089} INFO - Sync 1 DAGs
[2026-08-20T12:41:53.588+0000] {logging_mixin.py:188} INFO - [2026-08-20T12:41:53.588+0000] {dag.py:3947} INFO - Setting next_dagrun for clickstream_pipeline to None, run_after=None
[2026-08-20T12:41:53.609+0000] {processor.py:183} INFO - Processing /opt/airflow/dags/clickstream_pipeline_dag.py took 0.103 seconds
[2026-08-20T12:42:23.774+0000] {processor.py:161} INFO - Started process (PID=2984) to work on /opt/airflow/dags/clickstream_pipeline_dag.py
[2026-08-20T12:42:23.777+0000] {processor.py:830} INFO - Processing file /opt/airflow/dags/clickstream_pipeline_dag.py for tasks to queue
[2026-08-20T12:42:23.779+0000] {logging_mixin.py:188} INFO - [2026-08-20T12:42:23.779+0000] {dagbag.py:545} INFO - Filling up the DagBag from /opt/airflow/dags/clickstream_pipeline_dag.py
[2026-08-20T12:42:23.798+0000] {processor.py:840} INFO - DAG(s) 'clickstream_pipeline' retrieved from /opt/airflow/dags/clickstream_pipeline_dag.py
[2026-08-20T12:42:23.826+0000] {logging_mixin.py:188} INFO - [2026-08-20T12:42:23.826+0000] {dag.py:3089} INFO - Sync 1 DAGs
[2026-08-20T12:42:23.840+0000] {logging_mixin.py:188} INFO - [2026-08-20T12:42:23.840+0000] {dag.py:3947} INFO - Setting next_dagrun for clickstream_pipeline to None, run_after=None
[2026-08-20T12:42:23.860+0000] {processor.py:183} INFO - Processing /opt/airflow/dags/clickstream_pipeline_dag.py took 0.093 seconds
[2026-08-20T12:42:54.109+0000] {processor.py:161} INFO - Started process (PID=3015) to work on /opt/airflow/dags/clickstream_pipeline_dag.py
[2026-08-20T12:42:54.111+0000] {processor.py:830} INFO - Processing file /opt/airflow/dags/clickstream_pipeline_dag.py for tasks to queue
[2026-08-20T12:42:54.114+0000] {logging_mixin.py:188} INFO - [2026-08-20T12:42:54.114+0000] {dagbag.py:545} INFO - Filling up the DagBag from /opt/airflow/dags/clickstream_pipeline_dag.py
[2026-08-20T12:42:54.133+0000] {processor.py:840} INFO - DAG(s) 'clickstream_pipeline' retrieved from /opt/airflow/dags/clickstream_pipeline_dag.py
[2026-08-20T12:42:54.173+0000] {logging_mixin.py:188} INFO - [2026-08-20T12:42:54.173+0000] {dag.py:3089} INFO - Sync 1 DAGs
[2026-08-20T12:42:54.188+0000] {logging_mixin.py:188} INFO - [2026-08-20T12:42:54.188+0000] {dag.py:3947} INFO - Setting next_dagrun for clickstream_pipeline to None, run_after=None
[2026-08-20T12:42:54.208+0000] {processor.py:183} INFO - Processing /opt/airflow/dags/clickstream_pipeline_dag.py took 0.107 seconds
[2026-08-20T12:43:24.368+0000] {processor.py:161} INFO - Started process (PID=3039) to work on /opt/airflow/dags/clickstream_pipeline_dag.py
[2026-08-20T12:43:24.369+0000] {processor.py:830} INFO - Processing file /opt/airflow/dags/clickstream_pipeline_dag.py for tasks to queue
[2026-08-20T12:43:24.373+0000] {logging_mixin.py:188} INFO - [2026-08-20T12:43:24.373+0000] {dagbag.py:545} INFO - Filling up the DagBag from /opt/airflow/dags/clickstream_pipeline_dag.py
[2026-08-20T12:43:24.393+0000] {processor.py:840} INFO - DAG(s) 'clickstream_pipeline' retrieved from /opt/airflow/dags/clickstream_pipeline_dag.py
[2026-08-20T12:43:24.426+0000] {logging_mixin.py:188} INFO - [2026-08-20T12:43:24.426+0000] {dag.py:3089} INFO - Sync 1 DAGs
[2026-08-20T12:43:24.442+0000] {logging_mixin.py:188} INFO - [2026-08-20T12:43:24.441+0000] {dag.py:3947} INFO - Setting next_dagrun for clickstream_pipeline to None, run_after=None
[2026-08-20T12:43:24.463+0000] {processor.py:183} INFO - Processing /opt/airflow/dags/clickstream_pipeline_dag.py took 0.103 seconds
[2026-08-20T12:43:54.711+0000] {processor.py:161} INFO - Started process (PID=3071) to work on /opt/airflow/dags/clickstream_pipeline_dag.py
[2026-08-20T12:43:54.713+0000] {processor.py:830} INFO - Processing file /opt/airflow/dags/clickstream_pipeline_dag.py for tasks to queue
[2026-08-20T12:43:54.718+0000] {logging_mixin.py:188} INFO - [2026-08-20T12:43:54.717+0000] {dagbag.py:545} INFO - Filling up the DagBag from /opt/airflow/dags/clickstream_pipeline_dag.py
[2026-08-20T12:43:54.737+0000] {processor.py:840} INFO - DAG(s) 'clickstream_pipeline' retrieved from /opt/airflow/dags/clickstream_pipeline_dag.py
[2026-08-20T12:43:54.768+0000] {logging_mixin.py:188} INFO - [2026-08-20T12:43:54.768+0000] {dag.py:3089} INFO - Sync 1 DAGs
[2026-08-20T12:43:54.780+0000] {logging_mixin.py:188} INFO - [2026-08-20T12:43:54.780+0000] {dag.py:3947} INFO - Setting next_dagrun for clickstream_pipeline to None, run_after=None
[2026-08-20T12:43:54.800+0000] {processor.py:183} INFO - Processing /opt/airflow/dags/clickstream_pipeline_dag.py took 0.097 seconds
[2026-08-20T12:44:25.077+0000] {processor.py:161} INFO - Started process (PID=3095) to work on /opt/airflow/dags/clickstream_pipeline_dag.py
[2026-08-20T12:44:25.082+0000] {processor.py:830} INFO - Processing file /opt/airflow/dags/clickstream_pipeline_dag.py for tasks to queue
[2026-08-20T12:44:25.085+0000] {logging_mixin.py:188} INFO - [2026-08-20T12:44:25.084+0000] {dagbag.py:545} INFO - Filling up the DagBag from /opt/airflow/dags/clickstream_pipeline_dag.py
[2026-08-20T12:44:25.100+0000] {processor.py:840} INFO - DAG(s) 'clickstream_pipeline' retrieved from /opt/airflow/dags/clickstream_pipeline_dag.py
[2026-08-20T12:44:25.126+0000] {logging_mixin.py:188} INFO - [2026-08-20T12:44:25.126+0000] {dag.py:3089} INFO - Sync 1 DAGs
[2026-08-20T12:44:25.138+0000] {logging_mixin.py:188} INFO - [2026-08-20T12:44:25.138+0000] {dag.py:3947} INFO - Setting next_dagrun for clickstream_pipeline to None, run_after=None
[2026-08-20T12:44:25.157+0000] {processor.py:183} INFO - Processing /opt/airflow/dags/clickstream_pipeline_dag.py took 0.093 seconds
[2026-08-20T12:44:55.332+0000] {processor.py:161} INFO - Started process (PID=3127) to work on /opt/airflow/dags/clickstream_pipeline_dag.py
[2026-08-20T12:44:55.334+0000] {processor.py:830} INFO - Processing file /opt/airflow/dags/clickstream_pipeline_dag.py for tasks to queue
[2026-08-20T12:44:55.337+0000] {logging_mixin.py:188} INFO - [2026-08-20T12:44:55.336+0000] {dagbag.py:545} INFO - Filling up the DagBag from /opt/airflow/dags/clickstream_pipeline_dag.py
[2026-08-20T12:44:55.356+0000] {processor.py:840} INFO - DAG(s) 'clickstream_pipeline' retrieved from /opt/airflow/dags/clickstream_pipeline_dag.py
[2026-08-20T12:44:55.385+0000] {logging_mixin.py:188} INFO - [2026-08-20T12:44:55.385+0000] {dag.py:3089} INFO - Sync 1 DAGs
[2026-08-20T12:44:55.398+0000] {logging_mixin.py:188} INFO - [2026-08-20T12:44:55.398+0000] {dag.py:3947} INFO - Setting next_dagrun for clickstream_pipeline to None, run_after=None
[2026-08-20T12:44:55.418+0000] {processor.py:183} INFO - Processing /opt/airflow/dags/clickstream_pipeline_dag.py took 0.092 seconds
[2026-08-20T12:45:25.592+0000] {processor.py:161} INFO - Started process (PID=3158) to work on /opt/airflow/dags/clickstream_pipeline_dag.py
[2026-08-20T12:45:25.593+0000] {processor.py:830} INFO - Processing file /opt/airflow/dags/clickstream_pipeline_dag.py for tasks to queue
[2026-08-20T12:45:25.597+0000] {logging_mixin.py:188} INFO - [2026-08-20T12:45:25.596+0000] {dagbag.py:545} INFO - Filling up the DagBag from /opt/airflow/dags/clickstream_pipeline_dag.py
[2026-08-20T12:45:25.613+0000] {processor.py:840} INFO - DAG(s) 'clickstream_pipeline' retrieved from /opt/airflow/dags/clickstream_pipeline_dag.py
[2026-08-20T12:45:25.639+0000] {logging_mixin.py:188} INFO - [2026-08-20T12:45:25.639+0000] {dag.py:3089} INFO - Sync 1 DAGs
[2026-08-20T12:45:25.651+0000] {logging_mixin.py:188} INFO - [2026-08-20T12:45:25.651+0000] {dag.py:3947} INFO - Setting next_dagrun for clickstream_pipeline to None, run_after=None
[2026-08-20T12:45:25.671+0000] {processor.py:183} INFO - Processing /opt/airflow/dags/clickstream_pipeline_dag.py took 0.087 seconds
[2026-08-20T12:45:55.936+0000] {processor.py:161} INFO - Started process (PID=3183) to work on /opt/airflow/dags/clickstream_pipeline_dag.py
[2026-08-20T12:45:55.937+0000] {processor.py:830} INFO - Processing file /opt/airflow/dags/clickstream_pipeline_dag.py for tasks to queue
[2026-08-20T12:45:55.939+0000] {logging_mixin.py:188} INFO - [2026-08-20T12:45:55.939+0000] {dagbag.py:545} INFO - Filling up the DagBag from /opt/airflow/dags/clickstream_pipeline_dag.py
[2026-08-20T12:45:55.959+0000] {processor.py:840} INFO - DAG(s) 'clickstream_pipeline' retrieved from /opt/airflow/dags/clickstream_pipeline_dag.py
[2026-08-20T12:45:55.991+0000] {logging_mixin.py:188} INFO - [2026-08-20T12:45:55.991+0000] {dag.py:3089} INFO - Sync 1 DAGs
[2026-08-20T12:45:56.004+0000] {logging_mixin.py:188} INFO - [2026-08-20T12:45:56.004+0000] {dag.py:3947} INFO - Setting next_dagrun for clickstream_pipeline to None, run_after=None
[2026-08-20T12:45:56.025+0000] {processor.py:183} INFO - Processing /opt/airflow/dags/clickstream_pipeline_dag.py took 0.098 seconds
[2026-08-20T12:46:26.193+0000] {processor.py:161} INFO - Started process (PID=3214) to work on /opt/airflow/dags/clickstream_pipeline_dag.py
[2026-08-20T12:46:26.195+0000] {processor.py:830} INFO - Processing file /opt/airflow/dags/clickstream_pipeline_dag.py for tasks to queue
[2026-08-20T12:46:26.198+0000] {logging_mixin.py:188} INFO - [2026-08-20T12:46:26.198+0000] {dagbag.py:545} INFO - Filling up the DagBag from /opt/airflow/dags/clickstream_pipeline_dag.py
[2026-08-20T12:46:26.214+0000] {processor.py:840} INFO - DAG(s) 'clickstream_pipeline' retrieved from /opt/airflow/dags/clickstream_pipeline_dag.py
[2026-08-20T12:46:26.242+0000] {logging_mixin.py:188} INFO - [2026-08-20T12:46:26.242+0000] {dag.py:3089} INFO - Sync 1 DAGs
[2026-08-20T12:46:26.257+0000] {logging_mixin.py:188} INFO - [2026-08-20T12:46:26.257+0000] {dag.py:3947} INFO - Setting next_dagrun for clickstream_pipeline to None, run_after=None
[2026-08-20T12:46:26.278+0000] {processor.py:183} INFO - Processing /opt/airflow/dags/clickstream_pipeline_dag.py took 0.095 seconds
[2026-08-20T12:46:56.544+0000] {processor.py:161} INFO - Started process (PID=3238) to work on /opt/airflow/dags/clickstream_pipeline_dag.py
[2026-08-20T12:46:56.546+0000] {processor.py:830} INFO - Processing file /opt/airflow/dags/clickstream_pipeline_dag.py for tasks to queue
[2026-08-20T12:46:56.550+0000] {logging_mixin.py:188} INFO - [2026-08-20T12:46:56.550+0000] {dagbag.py:545} INFO - Filling up the DagBag from /opt/airflow/dags/clickstream_pipeline_dag.py
[2026-08-20T12:46:56.568+0000] {processor.py:840} INFO - DAG(s) 'clickstream_pipeline' retrieved from /opt/airflow/dags/clickstream_pipeline_dag.py
[2026-08-20T12:46:56.595+0000] {logging_mixin.py:188} INFO - [2026-08-20T12:46:56.595+0000] {dag.py:3089} INFO - Sync 1 DAGs
[2026-08-20T12:46:56.607+0000] {logging_mixin.py:188} INFO - [2026-08-20T12:46:56.607+0000] {dag.py:3947} INFO - Setting next_dagrun for clickstream_pipeline to None, run_after=None
[2026-08-20T12:46:56.625+0000] {processor.py:183} INFO - Processing /opt/airflow/dags/clickstream_pipeline_dag.py took 0.090 seconds
[2026-08-20T12:47:26.923+0000] {processor.py:161} INFO - Started process (PID=3269) to work on /opt/airflow/dags/clickstream_pipeline_dag.py
[2026-08-20T12:47:26.925+0000] {processor.py:830} INFO - Processing file /opt/airflow/dags/clickstream_pipeline_dag.py for tasks to queue
[2026-08-20T12:47:26.927+0000] {logging_mixin.py:188} INFO - [2026-08-20T12:47:26.927+0000] {dagbag.py:545} INFO - Filling up the DagBag from /opt/airflow/dags/clickstream_pipeline_dag.py
[2026-08-20T12:47:26.953+0000] {processor.py:840} INFO - DAG(s) 'clickstream_pipeline' retrieved from /opt/airflow/dags/clickstream_pipeline_dag.py
[2026-08-20T12:47:26.990+0000] {logging_mixin.py:188} INFO - [2026-08-20T12:47:26.990+0000] {dag.py:3089} INFO - Sync 1 DAGs
[2026-08-20T12:47:27.005+0000] {logging_mixin.py:188} INFO - [2026-08-20T12:47:27.005+0000] {dag.py:3947} INFO - Setting next_dagrun for clickstream_pipeline to None, run_after=None
[2026-08-20T12:47:27.034+0000] {processor.py:183} INFO - Processing /opt/airflow/dags/clickstream_pipeline_dag.py took 0.122 seconds
[2026-08-20T12:47:57.152+0000] {processor.py:161} INFO - Started process (PID=3293) to work on /opt/airflow/dags/clickstream_pipeline_dag.py
[2026-08-20T12:47:57.153+0000] {processor.py:830} INFO - Processing file /opt/airflow/dags/clickstream_pipeline_dag.py for tasks to queue
[2026-08-20T12:47:57.155+0000] {logging_mixin.py:188} INFO - [2026-08-20T12:47:57.155+0000] {dagbag.py:545} INFO - Filling up the DagBag from /opt/airflow/dags/clickstream_pipeline_dag.py
[2026-08-20T12:47:57.172+0000] {processor.py:840} INFO - DAG(s) 'clickstream_pipeline' retrieved from /opt/airflow/dags/clickstream_pipeline_dag.py
[2026-08-20T12:47:57.207+0000] {logging_mixin.py:188} INFO - [2026-08-20T12:47:57.207+0000] {dag.py:3089} INFO - Sync 1 DAGs
[2026-08-20T12:47:57.220+0000] {logging_mixin.py:188} INFO - [2026-08-20T12:47:57.220+0000] {dag.py:3947} INFO - Setting next_dagrun for clickstream_pipeline to None, run_after=None
[2026-08-20T12:47:57.244+0000] {processor.py:183} INFO - Processing /opt/airflow/dags/clickstream_pipeline_dag.py took 0.099 seconds
[2026-08-20T12:48:27.478+0000] {processor.py:161} INFO - Started process (PID=3324) to work on /opt/airflow/dags/clickstream_pipeline_dag.py
[2026-08-20T12:48:27.481+0000] {processor.py:830} INFO - Processing file /opt/airflow/dags/clickstream_pipeline_dag.py for tasks to queue
[2026-08-20T12:48:27.484+0000] {logging_mixin.py:188} INFO - [2026-08-20T12:48:27.484+0000] {dagbag.py:545} INFO - Filling up the DagBag from /opt/airflow/dags/clickstream_pipeline_dag.py
[2026-08-20T12:48:27.501+0000] {processor.py:840} INFO - DAG(s) 'clickstream_pipeline' retrieved from /opt/airflow/dags/clickstream_pipeline_dag.py
[2026-08-20T12:48:27.525+0000] {logging_mixin.py:188} INFO - [2026-08-20T12:48:27.525+0000] {dag.py:3089} INFO - Sync 1 DAGs
[2026-08-20T12:48:27.537+0000] {logging_mixin.py:188} INFO - [2026-08-20T12:48:27.537+0000] {dag.py:3947} INFO - Setting next_dagrun for clickstream_pipeline to None, run_after=None
[2026-08-20T12:48:27.556+0000] {processor.py:183} INFO - Processing /opt/airflow/dags/clickstream_pipeline_dag.py took 0.089 seconds
[2026-08-20T12:48:57.818+0000] {processor.py:161} INFO - Started process (PID=3355) to work on /opt/airflow/dags/clickstream_pipeline_dag.py
[2026-08-20T12:48:57.819+0000] {processor.py:830} INFO - Processing file /opt/airflow/dags/clickstream_pipeline_dag.py for tasks to queue
[2026-08-20T12:48:57.822+0000] {logging_mixin.py:188} INFO - [2026-08-20T12:48:57.822+0000] {dagbag.py:545} INFO - Filling up the DagBag from /opt/airflow/dags/clickstream_pipeline_dag.py
[2026-08-20T12:48:57.838+0000] {processor.py:840} INFO - DAG(s) 'clickstream_pipeline' retrieved from /opt/airflow/dags/clickstream_pipeline_dag.py
[2026-08-20T12:48:57.868+0000] {logging_mixin.py:188} INFO - [2026-08-20T12:48:57.868+0000] {dag.py:3089} INFO - Sync 1 DAGs
[2026-08-20T12:48:57.884+0000] {logging_mixin.py:188} INFO - [2026-08-20T12:48:57.883+0000] {dag.py:3947} INFO - Setting next_dagrun for clickstream_pipeline to None, run_after=None
[2026-08-20T12:48:57.905+0000] {processor.py:183} INFO - Processing /opt/airflow/dags/clickstream_pipeline_dag.py took 0.097 seconds
[2026-08-20T12:49:28.177+0000] {processor.py:161} INFO - Started process (PID=3379) to work on /opt/airflow/dags/clickstream_pipeline_dag.py
[2026-08-20T12:49:28.179+0000] {processor.py:830} INFO - Processing file /opt/airflow/dags/clickstream_pipeline_dag.py for tasks to queue
[2026-08-20T12:49:28.184+0000] {logging_mixin.py:188} INFO - [2026-08-20T12:49:28.183+0000] {dagbag.py:545} INFO - Filling up the DagBag from /opt/airflow/dags/clickstream_pipeline_dag.py
[2026-08-20T12:49:28.202+0000] {processor.py:840} INFO - DAG(s) 'clickstream_pipeline' retrieved from /opt/airflow/dags/clickstream_pipeline_dag.py
[2026-08-20T12:49:28.232+0000] {logging_mixin.py:188} INFO - [2026-08-20T12:49:28.232+0000] {dag.py:3089} INFO - Sync 1 DAGs
[2026-08-20T12:49:28.245+0000] {logging_mixin.py:188} INFO - [2026-08-20T12:49:28.245+0000] {dag.py:3947} INFO - Setting next_dagrun for clickstream_pipeline to None, run_after=None
[2026-08-20T12:49:28.266+0000] {processor.py:183} INFO - Processing /opt/airflow/dags/clickstream_pipeline_dag.py took 0.102 seconds
[2026-08-20T12:49:58.510+0000] {processor.py:161} INFO - Started process (PID=3411) to work on /opt/airflow/dags/clickstream_pipeline_dag.py
[2026-08-20T12:49:58.512+0000] {processor.py:830} INFO - Processing file /opt/airflow/dags/clickstream_pipeline_dag.py for tasks to queue
[2026-08-20T12:49:58.516+0000] {logging_mixin.py:188} INFO - [2026-08-20T12:49:58.515+0000] {dagbag.py:545} INFO - Filling up the DagBag from /opt/airflow/dags/clickstream_pipeline_dag.py
[2026-08-20T12:49:58.540+0000] {processor.py:840} INFO - DAG(s) 'clickstream_pipeline' retrieved from /opt/airflow/dags/clickstream_pipeline_dag.py
[2026-08-20T12:49:58.566+0000] {logging_mixin.py:188} INFO - [2026-08-20T12:49:58.565+0000] {dag.py:3089} INFO - Sync 1 DAGs
[2026-08-20T12:49:58.577+0000] {logging_mixin.py:188} INFO - [2026-08-20T12:49:58.577+0000] {dag.py:3947} INFO - Setting next_dagrun for clickstream_pipeline to None, run_after=None
[2026-08-20T12:49:58.595+0000] {processor.py:183} INFO - Processing /opt/airflow/dags/clickstream_pipeline_dag.py took 0.096 seconds
[2026-08-20T12:50:28.873+0000] {processor.py:161} INFO - Started process (PID=3435) to work on /opt/airflow/dags/clickstream_pipeline_dag.py
[2026-08-20T12:50:28.875+0000] {processor.py:830} INFO - Processing file /opt/airflow/dags/clickstream_pipeline_dag.py for tasks to queue
[2026-08-20T12:50:28.878+0000] {logging_mixin.py:188} INFO - [2026-08-20T12:50:28.877+0000] {dagbag.py:545} INFO - Filling up the DagBag from /opt/airflow/dags/clickstream_pipeline_dag.py
[2026-08-20T12:50:28.897+0000] {processor.py:840} INFO - DAG(s) 'clickstream_pipeline' retrieved from /opt/airflow/dags/clickstream_pipeline_dag.py
[2026-08-20T12:50:28.926+0000] {logging_mixin.py:188} INFO - [2026-08-20T12:50:28.926+0000] {dag.py:3089} INFO - Sync 1 DAGs
[2026-08-20T12:50:28.940+0000] {logging_mixin.py:188} INFO - [2026-08-20T12:50:28.940+0000] {dag.py:3947} INFO - Setting next_dagrun for clickstream_pipeline to None, run_after=None
[2026-08-20T12:50:28.961+0000] {processor.py:183} INFO - Processing /opt/airflow/dags/clickstream_pipeline_dag.py took 0.097 seconds
[2026-08-20T12:50:59.129+0000] {processor.py:161} INFO - Started process (PID=3466) to work on /opt/airflow/dags/clickstream_pipeline_dag.py
[2026-08-20T12:50:59.130+0000] {processor.py:830} INFO - Processing file /opt/airflow/dags/clickstream_pipeline_dag.py for tasks to queue
[2026-08-20T12:50:59.134+0000] {logging_mixin.py:188} INFO - [2026-08-20T12:50:59.133+0000] {dagbag.py:545} INFO - Filling up the DagBag from /opt/airflow/dags/clickstream_pipeline_dag.py
[2026-08-20T12:50:59.156+0000] {processor.py:840} INFO - DAG(s) 'clickstream_pipeline' retrieved from /opt/airflow/dags/clickstream_pipeline_dag.py
[2026-08-20T12:50:59.191+0000] {logging_mixin.py:188} INFO - [2026-08-20T12:50:59.191+0000] {dag.py:3089} INFO - Sync 1 DAGs
[2026-08-20T12:50:59.203+0000] {logging_mixin.py:188} INFO - [2026-08-20T12:50:59.203+0000] {dag.py:3947} INFO - Setting next_dagrun for clickstream_pipeline to None, run_after=None
[2026-08-20T12:50:59.224+0000] {processor.py:183} INFO - Processing /opt/airflow/dags/clickstream_pipeline_dag.py took 0.103 seconds
[2026-08-20T12:51:29.474+0000] {processor.py:161} INFO - Started process (PID=3497) to work on /opt/airflow/dags/clickstream_pipeline_dag.py
[2026-08-20T12:51:29.476+0000] {processor.py:830} INFO - Processing file /opt/airflow/dags/clickstream_pipeline_dag.py for tasks to queue
[2026-08-20T12:51:29.479+0000] {logging_mixin.py:188} INFO - [2026-08-20T12:51:29.479+0000] {dagbag.py:545} INFO - Filling up the DagBag from /opt/airflow/dags/clickstream_pipeline_dag.py
[2026-08-20T12:51:29.500+0000] {processor.py:840} INFO - DAG(s) 'clickstream_pipeline' retrieved from /opt/airflow/dags/clickstream_pipeline_dag.py
[2026-08-20T12:51:29.531+0000] {logging_mixin.py:188} INFO - [2026-08-20T12:51:29.530+0000] {dag.py:3089} INFO - Sync 1 DAGs
[2026-08-20T12:51:29.547+0000] {logging_mixin.py:188} INFO - [2026-08-20T12:51:29.547+0000] {dag.py:3947} INFO - Setting next_dagrun for clickstream_pipeline to None, run_after=None
[2026-08-20T12:51:29.572+0000] {processor.py:183} INFO - Processing /opt/airflow/dags/clickstream_pipeline_dag.py took 0.108 seconds
[2026-08-20T12:51:59.846+0000] {processor.py:161} INFO - Started process (PID=3522) to work on /opt/airflow/dags/clickstream_pipeline_dag.py
[2026-08-20T12:51:59.848+0000] {processor.py:830} INFO - Processing file /opt/airflow/dags/clickstream_pipeline_dag.py for tasks to queue
[2026-08-20T12:51:59.850+0000] {logging_mixin.py:188} INFO - [2026-08-20T12:51:59.849+0000] {dagbag.py:545} INFO - Filling up the DagBag from /opt/airflow/dags/clickstream_pipeline_dag.py
[2026-08-20T12:51:59.867+0000] {processor.py:840} INFO - DAG(s) 'clickstream_pipeline' retrieved from /opt/airflow/dags/clickstream_pipeline_dag.py
[2026-08-20T12:51:59.890+0000] {logging_mixin.py:188} INFO - [2026-08-20T12:51:59.890+0000] {dag.py:3089} INFO - Sync 1 DAGs
[2026-08-20T12:51:59.901+0000] {logging_mixin.py:188} INFO - [2026-08-20T12:51:59.901+0000] {dag.py:3947} INFO - Setting next_dagrun for clickstream_pipeline to None, run_after=None
[2026-08-20T12:51:59.920+0000] {processor.py:183} INFO - Processing /opt/airflow/dags/clickstream_pipeline_dag.py took 0.080 seconds
[2026-08-20T12:52:30.240+0000] {processor.py:161} INFO - Started process (PID=3553) to work on /opt/airflow/dags/clickstream_pipeline_dag.py
[2026-08-20T12:52:30.241+0000] {processor.py:830} INFO - Processing file /opt/airflow/dags/clickstream_pipeline_dag.py for tasks to queue
[2026-08-20T12:52:30.244+0000] {logging_mixin.py:188} INFO - [2026-08-20T12:52:30.244+0000] {dagbag.py:545} INFO - Filling up the DagBag from /opt/airflow/dags/clickstream_pipeline_dag.py
[2026-08-20T12:52:30.261+0000] {processor.py:840} INFO - DAG(s) 'clickstream_pipeline' retrieved from /opt/airflow/dags/clickstream_pipeline_dag.py
[2026-08-20T12:52:30.297+0000] {logging_mixin.py:188} INFO - [2026-08-20T12:52:30.297+0000] {dag.py:3089} INFO - Sync 1 DAGs
[2026-08-20T12:52:30.346+0000] {logging_mixin.py:188} INFO - [2026-08-20T12:52:30.346+0000] {dag.py:3947} INFO - Setting next_dagrun for clickstream_pipeline to None, run_after=None
[2026-08-20T12:52:30.362+0000] {processor.py:183} INFO - Processing /opt/airflow/dags/clickstream_pipeline_dag.py took 0.129 seconds
[2026-08-20T12:53:00.504+0000] {processor.py:161} INFO - Started process (PID=3577) to work on /opt/airflow/dags/clickstream_pipeline_dag.py
[2026-08-20T12:53:00.506+0000] {processor.py:830} INFO - Processing file /opt/airflow/dags/clickstream_pipeline_dag.py for tasks to queue
[2026-08-20T12:53:00.511+0000] {logging_mixin.py:188} INFO - [2026-08-20T12:53:00.510+0000] {dagbag.py:545} INFO - Filling up the DagBag from /opt/airflow/dags/clickstream_pipeline_dag.py
[2026-08-20T12:53:00.536+0000] {processor.py:840} INFO - DAG(s) 'clickstream_pipeline' retrieved from /opt/airflow/dags/clickstream_pipeline_dag.py
[2026-08-20T12:53:00.578+0000] {logging_mixin.py:188} INFO - [2026-08-20T12:53:00.578+0000] {dag.py:3089} INFO - Sync 1 DAGs
[2026-08-20T12:53:00.594+0000] {logging_mixin.py:188} INFO - [2026-08-20T12:53:00.594+0000] {dag.py:3947} INFO - Setting next_dagrun for clickstream_pipeline to None, run_after=None
[2026-08-20T12:53:00.617+0000] {processor.py:183} INFO - Processing /opt/airflow/dags/clickstream_pipeline_dag.py took 0.122 seconds
[2026-08-20T13:07:38.240+0000] {processor.py:161} INFO - Started process (PID=173) to work on /opt/airflow/dags/clickstream_pipeline_dag.py
[2026-08-20T13:07:38.244+0000] {processor.py:830} INFO - Processing file /opt/airflow/dags/clickstream_pipeline_dag.py for tasks to queue
[2026-08-20T13:07:38.249+0000] {logging_mixin.py:188} INFO - [2026-08-20T13:07:38.249+0000] {dagbag.py:545} INFO - Filling up the DagBag from /opt/airflow/dags/clickstream_pipeline_dag.py
[2026-08-20T13:07:38.294+0000] {processor.py:840} INFO - DAG(s) 'clickstream_pipeline' retrieved from /opt/airflow/dags/clickstream_pipeline_dag.py
[2026-08-20T13:07:38.682+0000] {logging_mixin.py:188} INFO - [2026-08-20T13:07:38.682+0000] {dag.py:3089} INFO - Sync 1 DAGs
[2026-08-20T13:07:38.710+0000] {logging_mixin.py:188} INFO - [2026-08-20T13:07:38.710+0000] {dag.py:3947} INFO - Setting next_dagrun for clickstream_pipeline to None, run_after=None
[2026-08-20T13:07:38.775+0000] {processor.py:183} INFO - Processing /opt/airflow/dags/clickstream_pipeline_dag.py took 0.547 seconds
[2026-08-20T13:08:08.982+0000] {processor.py:161} INFO - Started process (PID=197) to work on /opt/airflow/dags/clickstream_pipeline_dag.py
[2026-08-20T13:08:08.988+0000] {processor.py:830} INFO - Processing file /opt/airflow/dags/clickstream_pipeline_dag.py for tasks to queue
[2026-08-20T13:08:08.995+0000] {logging_mixin.py:188} INFO - [2026-08-20T13:08:08.995+0000] {dagbag.py:545} INFO - Filling up the DagBag from /opt/airflow/dags/clickstream_pipeline_dag.py
[2026-08-20T13:08:09.082+0000] {processor.py:840} INFO - DAG(s) 'clickstream_pipeline' retrieved from /opt/airflow/dags/clickstream_pipeline_dag.py
[2026-08-20T13:08:09.168+0000] {logging_mixin.py:188} INFO - [2026-08-20T13:08:09.168+0000] {dag.py:3089} INFO - Sync 1 DAGs
[2026-08-20T13:08:09.221+0000] {logging_mixin.py:188} INFO - [2026-08-20T13:08:09.221+0000] {dag.py:3947} INFO - Setting next_dagrun for clickstream_pipeline to None, run_after=None
[2026-08-20T13:08:09.275+0000] {processor.py:183} INFO - Processing /opt/airflow/dags/clickstream_pipeline_dag.py took 0.311 seconds
[2026-08-20T13:09:10.248+0000] {processor.py:161} INFO - Started process (PID=172) to work on /opt/airflow/dags/clickstream_pipeline_dag.py
[2026-08-20T13:09:10.251+0000] {processor.py:830} INFO - Processing file /opt/airflow/dags/clickstream_pipeline_dag.py for tasks to queue
[2026-08-20T13:09:10.258+0000] {logging_mixin.py:188} INFO - [2026-08-20T13:09:10.257+0000] {dagbag.py:545} INFO - Filling up the DagBag from /opt/airflow/dags/clickstream_pipeline_dag.py
[2026-08-20T13:09:10.327+0000] {processor.py:840} INFO - DAG(s) 'clickstream_pipeline' retrieved from /opt/airflow/dags/clickstream_pipeline_dag.py
[2026-08-20T13:09:10.416+0000] {logging_mixin.py:188} INFO - [2026-08-20T13:09:10.416+0000] {dag.py:3089} INFO - Sync 1 DAGs
[2026-08-20T13:09:10.453+0000] {logging_mixin.py:188} INFO - [2026-08-20T13:09:10.453+0000] {dag.py:3947} INFO - Setting next_dagrun for clickstream_pipeline to None, run_after=None
[2026-08-20T13:09:10.503+0000] {processor.py:183} INFO - Processing /opt/airflow/dags/clickstream_pipeline_dag.py took 0.273 seconds
[2026-08-20T13:09:40.609+0000] {processor.py:161} INFO - Started process (PID=196) to work on /opt/airflow/dags/clickstream_pipeline_dag.py
[2026-08-20T13:09:40.611+0000] {processor.py:830} INFO - Processing file /opt/airflow/dags/clickstream_pipeline_dag.py for tasks to queue
[2026-08-20T13:09:40.613+0000] {logging_mixin.py:188} INFO - [2026-08-20T13:09:40.613+0000] {dagbag.py:545} INFO - Filling up the DagBag from /opt/airflow/dags/clickstream_pipeline_dag.py
[2026-08-20T13:09:40.631+0000] {processor.py:840} INFO - DAG(s) 'clickstream_pipeline' retrieved from /opt/airflow/dags/clickstream_pipeline_dag.py
[2026-08-20T13:09:40.843+0000] {logging_mixin.py:188} INFO - [2026-08-20T13:09:40.843+0000] {dag.py:3089} INFO - Sync 1 DAGs
[2026-08-20T13:09:40.855+0000] {logging_mixin.py:188} INFO - [2026-08-20T13:09:40.855+0000] {dag.py:3947} INFO - Setting next_dagrun for clickstream_pipeline to None, run_after=None
[2026-08-20T13:09:40.884+0000] {processor.py:183} INFO - Processing /opt/airflow/dags/clickstream_pipeline_dag.py took 0.281 seconds
[2026-08-20T13:10:10.941+0000] {processor.py:161} INFO - Started process (PID=227) to work on /opt/airflow/dags/clickstream_pipeline_dag.py
[2026-08-20T13:10:10.943+0000] {processor.py:830} INFO - Processing file /opt/airflow/dags/clickstream_pipeline_dag.py for tasks to queue
[2026-08-20T13:10:10.946+0000] {logging_mixin.py:188} INFO - [2026-08-20T13:10:10.946+0000] {dagbag.py:545} INFO - Filling up the DagBag from /opt/airflow/dags/clickstream_pipeline_dag.py
[2026-08-20T13:10:10.991+0000] {processor.py:840} INFO - DAG(s) 'clickstream_pipeline' retrieved from /opt/airflow/dags/clickstream_pipeline_dag.py
[2026-08-20T13:10:11.024+0000] {logging_mixin.py:188} INFO - [2026-08-20T13:10:11.023+0000] {dag.py:3089} INFO - Sync 1 DAGs
[2026-08-20T13:10:11.041+0000] {logging_mixin.py:188} INFO - [2026-08-20T13:10:11.041+0000] {dag.py:3947} INFO - Setting next_dagrun for clickstream_pipeline to None, run_after=None
[2026-08-20T13:10:11.070+0000] {processor.py:183} INFO - Processing /opt/airflow/dags/clickstream_pipeline_dag.py took 0.134 seconds
[2026-08-20T13:10:41.269+0000] {processor.py:161} INFO - Started process (PID=258) to work on /opt/airflow/dags/clickstream_pipeline_dag.py
[2026-08-20T13:10:41.271+0000] {processor.py:830} INFO - Processing file /opt/airflow/dags/clickstream_pipeline_dag.py for tasks to queue
[2026-08-20T13:10:41.274+0000] {logging_mixin.py:188} INFO - [2026-08-20T13:10:41.273+0000] {dagbag.py:545} INFO - Filling up the DagBag from /opt/airflow/dags/clickstream_pipeline_dag.py
[2026-08-20T13:10:41.295+0000] {processor.py:840} INFO - DAG(s) 'clickstream_pipeline' retrieved from /opt/airflow/dags/clickstream_pipeline_dag.py
[2026-08-20T13:10:41.324+0000] {logging_mixin.py:188} INFO - [2026-08-20T13:10:41.324+0000] {dag.py:3089} INFO - Sync 1 DAGs
[2026-08-20T13:10:41.336+0000] {logging_mixin.py:188} INFO - [2026-08-20T13:10:41.336+0000] {dag.py:3947} INFO - Setting next_dagrun for clickstream_pipeline to None, run_after=None
[2026-08-20T13:10:41.358+0000] {processor.py:183} INFO - Processing /opt/airflow/dags/clickstream_pipeline_dag.py took 0.095 seconds
[2026-08-20T13:11:11.600+0000] {processor.py:161} INFO - Started process (PID=283) to work on /opt/airflow/dags/clickstream_pipeline_dag.py
[2026-08-20T13:11:11.602+0000] {processor.py:830} INFO - Processing file /opt/airflow/dags/clickstream_pipeline_dag.py for tasks to queue
[2026-08-20T13:11:11.605+0000] {logging_mixin.py:188} INFO - [2026-08-20T13:11:11.605+0000] {dagbag.py:545} INFO - Filling up the DagBag from /opt/airflow/dags/clickstream_pipeline_dag.py
[2026-08-20T13:11:11.623+0000] {processor.py:840} INFO - DAG(s) 'clickstream_pipeline' retrieved from /opt/airflow/dags/clickstream_pipeline_dag.py
[2026-08-20T13:11:11.651+0000] {logging_mixin.py:188} INFO - [2026-08-20T13:11:11.651+0000] {dag.py:3089} INFO - Sync 1 DAGs
[2026-08-20T13:11:11.664+0000] {logging_mixin.py:188} INFO - [2026-08-20T13:11:11.663+0000] {dag.py:3947} INFO - Setting next_dagrun for clickstream_pipeline to None, run_after=None
[2026-08-20T13:11:11.685+0000] {processor.py:183} INFO - Processing /opt/airflow/dags/clickstream_pipeline_dag.py took 0.095 seconds
[2026-08-20T13:11:41.938+0000] {processor.py:161} INFO - Started process (PID=314) to work on /opt/airflow/dags/clickstream_pipeline_dag.py
[2026-08-20T13:11:41.940+0000] {processor.py:830} INFO - Processing file /opt/airflow/dags/clickstream_pipeline_dag.py for tasks to queue
[2026-08-20T13:11:41.943+0000] {logging_mixin.py:188} INFO - [2026-08-20T13:11:41.942+0000] {dagbag.py:545} INFO - Filling up the DagBag from /opt/airflow/dags/clickstream_pipeline_dag.py
[2026-08-20T13:11:41.968+0000] {processor.py:840} INFO - DAG(s) 'clickstream_pipeline' retrieved from /opt/airflow/dags/clickstream_pipeline_dag.py
[2026-08-20T13:11:42.002+0000] {logging_mixin.py:188} INFO - [2026-08-20T13:11:42.002+0000] {dag.py:3089} INFO - Sync 1 DAGs
[2026-08-20T13:11:42.018+0000] {logging_mixin.py:188} INFO - [2026-08-20T13:11:42.018+0000] {dag.py:3947} INFO - Setting next_dagrun for clickstream_pipeline to None, run_after=None
[2026-08-20T13:11:42.045+0000] {processor.py:183} INFO - Processing /opt/airflow/dags/clickstream_pipeline_dag.py took 0.114 seconds
[2026-08-20T13:12:12.204+0000] {processor.py:161} INFO - Started process (PID=467) to work on /opt/airflow/dags/clickstream_pipeline_dag.py
[2026-08-20T13:12:12.206+0000] {processor.py:830} INFO - Processing file /opt/airflow/dags/clickstream_pipeline_dag.py for tasks to queue
[2026-08-20T13:12:12.210+0000] {logging_mixin.py:188} INFO - [2026-08-20T13:12:12.209+0000] {dagbag.py:545} INFO - Filling up the DagBag from /opt/airflow/dags/clickstream_pipeline_dag.py
[2026-08-20T13:12:12.240+0000] {processor.py:840} INFO - DAG(s) 'clickstream_pipeline' retrieved from /opt/airflow/dags/clickstream_pipeline_dag.py
[2026-08-20T13:12:12.286+0000] {logging_mixin.py:188} INFO - [2026-08-20T13:12:12.286+0000] {dag.py:3089} INFO - Sync 1 DAGs
[2026-08-20T13:12:12.310+0000] {logging_mixin.py:188} INFO - [2026-08-20T13:12:12.309+0000] {dag.py:3947} INFO - Setting next_dagrun for clickstream_pipeline to None, run_after=None
[2026-08-20T13:12:12.341+0000] {processor.py:183} INFO - Processing /opt/airflow/dags/clickstream_pipeline_dag.py took 0.149 seconds
[2026-08-20T13:12:42.665+0000] {processor.py:161} INFO - Started process (PID=799) to work on /opt/airflow/dags/clickstream_pipeline_dag.py
[2026-08-20T13:12:42.668+0000] {processor.py:830} INFO - Processing file /opt/airflow/dags/clickstream_pipeline_dag.py for tasks to queue
[2026-08-20T13:12:42.674+0000] {logging_mixin.py:188} INFO - [2026-08-20T13:12:42.673+0000] {dagbag.py:545} INFO - Filling up the DagBag from /opt/airflow/dags/clickstream_pipeline_dag.py
[2026-08-20T13:12:42.732+0000] {processor.py:840} INFO - DAG(s) 'clickstream_pipeline' retrieved from /opt/airflow/dags/clickstream_pipeline_dag.py
[2026-08-20T13:12:42.836+0000] {logging_mixin.py:188} INFO - [2026-08-20T13:12:42.834+0000] {dag.py:3089} INFO - Sync 1 DAGs
[2026-08-20T13:12:42.881+0000] {logging_mixin.py:188} INFO - [2026-08-20T13:12:42.881+0000] {dag.py:3947} INFO - Setting next_dagrun for clickstream_pipeline to None, run_after=None
[2026-08-20T13:12:42.943+0000] {processor.py:183} INFO - Processing /opt/airflow/dags/clickstream_pipeline_dag.py took 0.295 seconds
[2026-08-20T13:13:13.279+0000] {processor.py:161} INFO - Started process (PID=887) to work on /opt/airflow/dags/clickstream_pipeline_dag.py
[2026-08-20T13:13:13.282+0000] {processor.py:830} INFO - Processing file /opt/airflow/dags/clickstream_pipeline_dag.py for tasks to queue
[2026-08-20T13:13:13.286+0000] {logging_mixin.py:188} INFO - [2026-08-20T13:13:13.285+0000] {dagbag.py:545} INFO - Filling up the DagBag from /opt/airflow/dags/clickstream_pipeline_dag.py
[2026-08-20T13:13:13.311+0000] {processor.py:840} INFO - DAG(s) 'clickstream_pipeline' retrieved from /opt/airflow/dags/clickstream_pipeline_dag.py
[2026-08-20T13:13:13.349+0000] {logging_mixin.py:188} INFO - [2026-08-20T13:13:13.349+0000] {dag.py:3089} INFO - Sync 1 DAGs
[2026-08-20T13:13:13.371+0000] {logging_mixin.py:188} INFO - [2026-08-20T13:13:13.371+0000] {dag.py:3947} INFO - Setting next_dagrun for clickstream_pipeline to None, run_after=None
[2026-08-20T13:13:13.398+0000] {processor.py:183} INFO - Processing /opt/airflow/dags/clickstream_pipeline_dag.py took 0.128 seconds
[2026-08-20T13:13:43.566+0000] {processor.py:161} INFO - Started process (PID=1231) to work on /opt/airflow/dags/clickstream_pipeline_dag.py
[2026-08-20T13:13:43.568+0000] {processor.py:830} INFO - Processing file /opt/airflow/dags/clickstream_pipeline_dag.py for tasks to queue
[2026-08-20T13:13:43.575+0000] {logging_mixin.py:188} INFO - [2026-08-20T13:13:43.574+0000] {dagbag.py:545} INFO - Filling up the DagBag from /opt/airflow/dags/clickstream_pipeline_dag.py
[2026-08-20T13:13:43.614+0000] {processor.py:840} INFO - DAG(s) 'clickstream_pipeline' retrieved from /opt/airflow/dags/clickstream_pipeline_dag.py
[2026-08-20T13:13:43.685+0000] {logging_mixin.py:188} INFO - [2026-08-20T13:13:43.681+0000] {dag.py:3089} INFO - Sync 1 DAGs
[2026-08-20T13:13:43.720+0000] {logging_mixin.py:188} INFO - [2026-08-20T13:13:43.720+0000] {dag.py:3947} INFO - Setting next_dagrun for clickstream_pipeline to None, run_after=None
[2026-08-20T13:13:43.765+0000] {processor.py:183} INFO - Processing /opt/airflow/dags/clickstream_pipeline_dag.py took 0.212 seconds
[2026-08-20T13:14:14.050+0000] {processor.py:161} INFO - Started process (PID=1372) to work on /opt/airflow/dags/clickstream_pipeline_dag.py
[2026-08-20T13:14:14.052+0000] {processor.py:830} INFO - Processing file /opt/airflow/dags/clickstream_pipeline_dag.py for tasks to queue
[2026-08-20T13:14:14.056+0000] {logging_mixin.py:188} INFO - [2026-08-20T13:14:14.056+0000] {dagbag.py:545} INFO - Filling up the DagBag from /opt/airflow/dags/clickstream_pipeline_dag.py
[2026-08-20T13:14:14.075+0000] {processor.py:840} INFO - DAG(s) 'clickstream_pipeline' retrieved from /opt/airflow/dags/clickstream_pipeline_dag.py
[2026-08-20T13:14:14.108+0000] {logging_mixin.py:188} INFO - [2026-08-20T13:14:14.108+0000] {dag.py:3089} INFO - Sync 1 DAGs
[2026-08-20T13:14:14.122+0000] {logging_mixin.py:188} INFO - [2026-08-20T13:14:14.121+0000] {dag.py:3947} INFO - Setting next_dagrun for clickstream_pipeline to None, run_after=None
[2026-08-20T13:14:14.144+0000] {processor.py:183} INFO - Processing /opt/airflow/dags/clickstream_pipeline_dag.py took 0.103 seconds
[2026-08-20T13:14:44.435+0000] {processor.py:161} INFO - Started process (PID=1404) to work on /opt/airflow/dags/clickstream_pipeline_dag.py
[2026-08-20T13:14:44.437+0000] {processor.py:830} INFO - Processing file /opt/airflow/dags/clickstream_pipeline_dag.py for tasks to queue
[2026-08-20T13:14:44.440+0000] {logging_mixin.py:188} INFO - [2026-08-20T13:14:44.440+0000] {dagbag.py:545} INFO - Filling up the DagBag from /opt/airflow/dags/clickstream_pipeline_dag.py
[2026-08-20T13:14:44.462+0000] {processor.py:840} INFO - DAG(s) 'clickstream_pipeline' retrieved from /opt/airflow/dags/clickstream_pipeline_dag.py
[2026-08-20T13:14:44.494+0000] {logging_mixin.py:188} INFO - [2026-08-20T13:14:44.493+0000] {dag.py:3089} INFO - Sync 1 DAGs
[2026-08-20T13:14:44.508+0000] {logging_mixin.py:188} INFO - [2026-08-20T13:14:44.508+0000] {dag.py:3947} INFO - Setting next_dagrun for clickstream_pipeline to None, run_after=None
[2026-08-20T13:14:44.530+0000] {processor.py:183} INFO - Processing /opt/airflow/dags/clickstream_pipeline_dag.py took 0.104 seconds
[2026-08-20T13:15:14.653+0000] {processor.py:161} INFO - Started process (PID=1428) to work on /opt/airflow/dags/clickstream_pipeline_dag.py
[2026-08-20T13:15:14.657+0000] {processor.py:830} INFO - Processing file /opt/airflow/dags/clickstream_pipeline_dag.py for tasks to queue
[2026-08-20T13:15:14.661+0000] {logging_mixin.py:188} INFO - [2026-08-20T13:15:14.660+0000] {dagbag.py:545} INFO - Filling up the DagBag from /opt/airflow/dags/clickstream_pipeline_dag.py
[2026-08-20T13:15:14.682+0000] {processor.py:840} INFO - DAG(s) 'clickstream_pipeline' retrieved from /opt/airflow/dags/clickstream_pipeline_dag.py
[2026-08-20T13:15:14.720+0000] {logging_mixin.py:188} INFO - [2026-08-20T13:15:14.719+0000] {dag.py:3089} INFO - Sync 1 DAGs
[2026-08-20T13:15:14.733+0000] {logging_mixin.py:188} INFO - [2026-08-20T13:15:14.733+0000] {dag.py:3947} INFO - Setting next_dagrun for clickstream_pipeline to None, run_after=None
[2026-08-20T13:15:14.751+0000] {processor.py:183} INFO - Processing /opt/airflow/dags/clickstream_pipeline_dag.py took 0.104 seconds
[2026-08-20T13:15:44.965+0000] {processor.py:161} INFO - Started process (PID=1459) to work on /opt/airflow/dags/clickstream_pipeline_dag.py
[2026-08-20T13:15:44.966+0000] {processor.py:830} INFO - Processing file /opt/airflow/dags/clickstream_pipeline_dag.py for tasks to queue
[2026-08-20T13:15:44.970+0000] {logging_mixin.py:188} INFO - [2026-08-20T13:15:44.970+0000] {dagbag.py:545} INFO - Filling up the DagBag from /opt/airflow/dags/clickstream_pipeline_dag.py
[2026-08-20T13:15:44.995+0000] {processor.py:840} INFO - DAG(s) 'clickstream_pipeline' retrieved from /opt/airflow/dags/clickstream_pipeline_dag.py
[2026-08-20T13:15:45.027+0000] {logging_mixin.py:188} INFO - [2026-08-20T13:15:45.027+0000] {dag.py:3089} INFO - Sync 1 DAGs
[2026-08-20T13:15:45.044+0000] {logging_mixin.py:188} INFO - [2026-08-20T13:15:45.044+0000] {dag.py:3947} INFO - Setting next_dagrun for clickstream_pipeline to None, run_after=None
[2026-08-20T13:15:45.068+0000] {processor.py:183} INFO - Processing /opt/airflow/dags/clickstream_pipeline_dag.py took 0.111 seconds
[2026-08-20T13:16:15.194+0000] {processor.py:161} INFO - Started process (PID=1490) to work on /opt/airflow/dags/clickstream_pipeline_dag.py
[2026-08-20T13:16:15.195+0000] {processor.py:830} INFO - Processing file /opt/airflow/dags/clickstream_pipeline_dag.py for tasks to queue
[2026-08-20T13:16:15.198+0000] {logging_mixin.py:188} INFO - [2026-08-20T13:16:15.198+0000] {dagbag.py:545} INFO - Filling up the DagBag from /opt/airflow/dags/clickstream_pipeline_dag.py
[2026-08-20T13:16:15.216+0000] {processor.py:840} INFO - DAG(s) 'clickstream_pipeline' retrieved from /opt/airflow/dags/clickstream_pipeline_dag.py
[2026-08-20T13:16:15.249+0000] {logging_mixin.py:188} INFO - [2026-08-20T13:16:15.249+0000] {dag.py:3089} INFO - Sync 1 DAGs
[2026-08-20T13:16:15.267+0000] {logging_mixin.py:188} INFO - [2026-08-20T13:16:15.266+0000] {dag.py:3947} INFO - Setting next_dagrun for clickstream_pipeline to None, run_after=None
[2026-08-20T13:16:15.292+0000] {processor.py:183} INFO - Processing /opt/airflow/dags/clickstream_pipeline_dag.py took 0.106 seconds
[2026-08-20T13:16:45.548+0000] {processor.py:161} INFO - Started process (PID=1514) to work on /opt/airflow/dags/clickstream_pipeline_dag.py
[2026-08-20T13:16:45.549+0000] {processor.py:830} INFO - Processing file /opt/airflow/dags/clickstream_pipeline_dag.py for tasks to queue
[2026-08-20T13:16:45.551+0000] {logging_mixin.py:188} INFO - [2026-08-20T13:16:45.551+0000] {dagbag.py:545} INFO - Filling up the DagBag from /opt/airflow/dags/clickstream_pipeline_dag.py
[2026-08-20T13:16:45.570+0000] {processor.py:840} INFO - DAG(s) 'clickstream_pipeline' retrieved from /opt/airflow/dags/clickstream_pipeline_dag.py
[2026-08-20T13:16:45.599+0000] {logging_mixin.py:188} INFO - [2026-08-20T13:16:45.599+0000] {dag.py:3089} INFO - Sync 1 DAGs
[2026-08-20T13:16:45.615+0000] {logging_mixin.py:188} INFO - [2026-08-20T13:16:45.615+0000] {dag.py:3947} INFO - Setting next_dagrun for clickstream_pipeline to None, run_after=None
[2026-08-20T13:16:45.641+0000] {processor.py:183} INFO - Processing /opt/airflow/dags/clickstream_pipeline_dag.py took 0.100 seconds
[2026-08-20T13:17:15.794+0000] {processor.py:161} INFO - Started process (PID=1545) to work on /opt/airflow/dags/clickstream_pipeline_dag.py
[2026-08-20T13:17:15.796+0000] {processor.py:830} INFO - Processing file /opt/airflow/dags/clickstream_pipeline_dag.py for tasks to queue
[2026-08-20T13:17:15.799+0000] {logging_mixin.py:188} INFO - [2026-08-20T13:17:15.799+0000] {dagbag.py:545} INFO - Filling up the DagBag from /opt/airflow/dags/clickstream_pipeline_dag.py
[2026-08-20T13:17:15.821+0000] {processor.py:840} INFO - DAG(s) 'clickstream_pipeline' retrieved from /opt/airflow/dags/clickstream_pipeline_dag.py
[2026-08-20T13:17:15.852+0000] {logging_mixin.py:188} INFO - [2026-08-20T13:17:15.852+0000] {dag.py:3089} INFO - Sync 1 DAGs
[2026-08-20T13:17:15.865+0000] {logging_mixin.py:188} INFO - [2026-08-20T13:17:15.865+0000] {dag.py:3947} INFO - Setting next_dagrun for clickstream_pipeline to None, run_after=None
[2026-08-20T13:17:15.886+0000] {processor.py:183} INFO - Processing /opt/airflow/dags/clickstream_pipeline_dag.py took 0.100 seconds
[2026-08-20T13:17:46.075+0000] {processor.py:161} INFO - Started process (PID=1570) to work on /opt/airflow/dags/clickstream_pipeline_dag.py
[2026-08-20T13:17:46.076+0000] {processor.py:830} INFO - Processing file /opt/airflow/dags/clickstream_pipeline_dag.py for tasks to queue
[2026-08-20T13:17:46.079+0000] {logging_mixin.py:188} INFO - [2026-08-20T13:17:46.078+0000] {dagbag.py:545} INFO - Filling up the DagBag from /opt/airflow/dags/clickstream_pipeline_dag.py
[2026-08-20T13:17:46.098+0000] {processor.py:840} INFO - DAG(s) 'clickstream_pipeline' retrieved from /opt/airflow/dags/clickstream_pipeline_dag.py
[2026-08-20T13:17:46.125+0000] {logging_mixin.py:188} INFO - [2026-08-20T13:17:46.125+0000] {dag.py:3089} INFO - Sync 1 DAGs
[2026-08-20T13:17:46.139+0000] {logging_mixin.py:188} INFO - [2026-08-20T13:17:46.139+0000] {dag.py:3947} INFO - Setting next_dagrun for clickstream_pipeline to None, run_after=None
[2026-08-20T13:17:46.160+0000] {processor.py:183} INFO - Processing /opt/airflow/dags/clickstream_pipeline_dag.py took 0.093 seconds
[2026-08-20T13:18:16.291+0000] {processor.py:161} INFO - Started process (PID=1601) to work on /opt/airflow/dags/clickstream_pipeline_dag.py
[2026-08-20T13:18:16.293+0000] {processor.py:830} INFO - Processing file /opt/airflow/dags/clickstream_pipeline_dag.py for tasks to queue
[2026-08-20T13:18:16.295+0000] {logging_mixin.py:188} INFO - [2026-08-20T13:18:16.295+0000] {dagbag.py:545} INFO - Filling up the DagBag from /opt/airflow/dags/clickstream_pipeline_dag.py
[2026-08-20T13:18:16.312+0000] {processor.py:840} INFO - DAG(s) 'clickstream_pipeline' retrieved from /opt/airflow/dags/clickstream_pipeline_dag.py
[2026-08-20T13:18:16.338+0000] {logging_mixin.py:188} INFO - [2026-08-20T13:18:16.337+0000] {dag.py:3089} INFO - Sync 1 DAGs
[2026-08-20T13:18:16.349+0000] {logging_mixin.py:188} INFO - [2026-08-20T13:18:16.349+0000] {dag.py:3947} INFO - Setting next_dagrun for clickstream_pipeline to None, run_after=None
[2026-08-20T13:18:16.370+0000] {processor.py:183} INFO - Processing /opt/airflow/dags/clickstream_pipeline_dag.py took 0.085 seconds
[2026-08-20T13:18:46.613+0000] {processor.py:161} INFO - Started process (PID=1625) to work on /opt/airflow/dags/clickstream_pipeline_dag.py
[2026-08-20T13:18:46.615+0000] {processor.py:830} INFO - Processing file /opt/airflow/dags/clickstream_pipeline_dag.py for tasks to queue
[2026-08-20T13:18:46.618+0000] {logging_mixin.py:188} INFO - [2026-08-20T13:18:46.617+0000] {dagbag.py:545} INFO - Filling up the DagBag from /opt/airflow/dags/clickstream_pipeline_dag.py
[2026-08-20T13:18:46.639+0000] {processor.py:840} INFO - DAG(s) 'clickstream_pipeline' retrieved from /opt/airflow/dags/clickstream_pipeline_dag.py
[2026-08-20T13:18:46.672+0000] {logging_mixin.py:188} INFO - [2026-08-20T13:18:46.671+0000] {dag.py:3089} INFO - Sync 1 DAGs
[2026-08-20T13:18:46.689+0000] {logging_mixin.py:188} INFO - [2026-08-20T13:18:46.688+0000] {dag.py:3947} INFO - Setting next_dagrun for clickstream_pipeline to None, run_after=None
[2026-08-20T13:18:46.711+0000] {processor.py:183} INFO - Processing /opt/airflow/dags/clickstream_pipeline_dag.py took 0.109 seconds
[2026-08-20T13:19:16.871+0000] {processor.py:161} INFO - Started process (PID=1656) to work on /opt/airflow/dags/clickstream_pipeline_dag.py
[2026-08-20T13:19:16.872+0000] {processor.py:830} INFO - Processing file /opt/airflow/dags/clickstream_pipeline_dag.py for tasks to queue
[2026-08-20T13:19:16.874+0000] {logging_mixin.py:188} INFO - [2026-08-20T13:19:16.874+0000] {dagbag.py:545} INFO - Filling up the DagBag from /opt/airflow/dags/clickstream_pipeline_dag.py
[2026-08-20T13:19:16.893+0000] {processor.py:840} INFO - DAG(s) 'clickstream_pipeline' retrieved from /opt/airflow/dags/clickstream_pipeline_dag.py
[2026-08-20T13:19:16.921+0000] {logging_mixin.py:188} INFO - [2026-08-20T13:19:16.921+0000] {dag.py:3089} INFO - Sync 1 DAGs
[2026-08-20T13:19:16.934+0000] {logging_mixin.py:188} INFO - [2026-08-20T13:19:16.934+0000] {dag.py:3947} INFO - Setting next_dagrun for clickstream_pipeline to None, run_after=None
[2026-08-20T13:19:16.954+0000] {processor.py:183} INFO - Processing /opt/airflow/dags/clickstream_pipeline_dag.py took 0.092 seconds
[2026-08-20T13:19:47.111+0000] {processor.py:161} INFO - Started process (PID=1687) to work on /opt/airflow/dags/clickstream_pipeline_dag.py
[2026-08-20T13:19:47.112+0000] {processor.py:830} INFO - Processing file /opt/airflow/dags/clickstream_pipeline_dag.py for tasks to queue
[2026-08-20T13:19:47.115+0000] {logging_mixin.py:188} INFO - [2026-08-20T13:19:47.114+0000] {dagbag.py:545} INFO - Filling up the DagBag from /opt/airflow/dags/clickstream_pipeline_dag.py
[2026-08-20T13:19:47.141+0000] {processor.py:840} INFO - DAG(s) 'clickstream_pipeline' retrieved from /opt/airflow/dags/clickstream_pipeline_dag.py
[2026-08-20T13:19:47.178+0000] {logging_mixin.py:188} INFO - [2026-08-20T13:19:47.178+0000] {dag.py:3089} INFO - Sync 1 DAGs
[2026-08-20T13:19:47.193+0000] {logging_mixin.py:188} INFO - [2026-08-20T13:19:47.192+0000] {dag.py:3947} INFO - Setting next_dagrun for clickstream_pipeline to None, run_after=None
[2026-08-20T13:19:47.216+0000] {processor.py:183} INFO - Processing /opt/airflow/dags/clickstream_pipeline_dag.py took 0.112 seconds
[2026-08-20T13:20:17.396+0000] {processor.py:161} INFO - Started process (PID=1711) to work on /opt/airflow/dags/clickstream_pipeline_dag.py
[2026-08-20T13:20:17.398+0000] {processor.py:830} INFO - Processing file /opt/airflow/dags/clickstream_pipeline_dag.py for tasks to queue
[2026-08-20T13:20:17.400+0000] {logging_mixin.py:188} INFO - [2026-08-20T13:20:17.400+0000] {dagbag.py:545} INFO - Filling up the DagBag from /opt/airflow/dags/clickstream_pipeline_dag.py
[2026-08-20T13:20:17.417+0000] {processor.py:840} INFO - DAG(s) 'clickstream_pipeline' retrieved from /opt/airflow/dags/clickstream_pipeline_dag.py
[2026-08-20T13:20:17.451+0000] {logging_mixin.py:188} INFO - [2026-08-20T13:20:17.450+0000] {dag.py:3089} INFO - Sync 1 DAGs
[2026-08-20T13:20:17.464+0000] {logging_mixin.py:188} INFO - [2026-08-20T13:20:17.464+0000] {dag.py:3947} INFO - Setting next_dagrun for clickstream_pipeline to None, run_after=None
[2026-08-20T13:20:17.485+0000] {processor.py:183} INFO - Processing /opt/airflow/dags/clickstream_pipeline_dag.py took 0.095 seconds
[2026-08-20T13:20:47.656+0000] {processor.py:161} INFO - Started process (PID=1742) to work on /opt/airflow/dags/clickstream_pipeline_dag.py
[2026-08-20T13:20:47.659+0000] {processor.py:830} INFO - Processing file /opt/airflow/dags/clickstream_pipeline_dag.py for tasks to queue
[2026-08-20T13:20:47.661+0000] {logging_mixin.py:188} INFO - [2026-08-20T13:20:47.661+0000] {dagbag.py:545} INFO - Filling up the DagBag from /opt/airflow/dags/clickstream_pipeline_dag.py
[2026-08-20T13:20:47.682+0000] {processor.py:840} INFO - DAG(s) 'clickstream_pipeline' retrieved from /opt/airflow/dags/clickstream_pipeline_dag.py
[2026-08-20T13:20:47.712+0000] {logging_mixin.py:188} INFO - [2026-08-20T13:20:47.711+0000] {dag.py:3089} INFO - Sync 1 DAGs
[2026-08-20T13:20:47.724+0000] {logging_mixin.py:188} INFO - [2026-08-20T13:20:47.724+0000] {dag.py:3947} INFO - Setting next_dagrun for clickstream_pipeline to None, run_after=None
[2026-08-20T13:20:47.744+0000] {processor.py:183} INFO - Processing /opt/airflow/dags/clickstream_pipeline_dag.py took 0.093 seconds
[2026-08-20T13:21:17.929+0000] {processor.py:161} INFO - Started process (PID=1766) to work on /opt/airflow/dags/clickstream_pipeline_dag.py
[2026-08-20T13:21:17.932+0000] {processor.py:830} INFO - Processing file /opt/airflow/dags/clickstream_pipeline_dag.py for tasks to queue
[2026-08-20T13:21:17.935+0000] {logging_mixin.py:188} INFO - [2026-08-20T13:21:17.934+0000] {dagbag.py:545} INFO - Filling up the DagBag from /opt/airflow/dags/clickstream_pipeline_dag.py
[2026-08-20T13:21:17.952+0000] {processor.py:840} INFO - DAG(s) 'clickstream_pipeline' retrieved from /opt/airflow/dags/clickstream_pipeline_dag.py
[2026-08-20T13:21:17.984+0000] {logging_mixin.py:188} INFO - [2026-08-20T13:21:17.983+0000] {dag.py:3089} INFO - Sync 1 DAGs
[2026-08-20T13:21:17.997+0000] {logging_mixin.py:188} INFO - [2026-08-20T13:21:17.996+0000] {dag.py:3947} INFO - Setting next_dagrun for clickstream_pipeline to None, run_after=None
[2026-08-20T13:21:18.019+0000] {processor.py:183} INFO - Processing /opt/airflow/dags/clickstream_pipeline_dag.py took 0.099 seconds
[2026-08-20T13:21:48.185+0000] {processor.py:161} INFO - Started process (PID=1797) to work on /opt/airflow/dags/clickstream_pipeline_dag.py
[2026-08-20T13:21:48.187+0000] {processor.py:830} INFO - Processing file /opt/airflow/dags/clickstream_pipeline_dag.py for tasks to queue
[2026-08-20T13:21:48.190+0000] {logging_mixin.py:188} INFO - [2026-08-20T13:21:48.189+0000] {dagbag.py:545} INFO - Filling up the DagBag from /opt/airflow/dags/clickstream_pipeline_dag.py
[2026-08-20T13:21:48.213+0000] {processor.py:840} INFO - DAG(s) 'clickstream_pipeline' retrieved from /opt/airflow/dags/clickstream_pipeline_dag.py
[2026-08-20T13:21:48.241+0000] {logging_mixin.py:188} INFO - [2026-08-20T13:21:48.241+0000] {dag.py:3089} INFO - Sync 1 DAGs
[2026-08-20T13:21:48.253+0000] {logging_mixin.py:188} INFO - [2026-08-20T13:21:48.253+0000] {dag.py:3947} INFO - Setting next_dagrun for clickstream_pipeline to None, run_after=None
[2026-08-20T13:21:48.274+0000] {processor.py:183} INFO - Processing /opt/airflow/dags/clickstream_pipeline_dag.py took 0.096 seconds
[2026-08-20T13:22:18.464+0000] {processor.py:161} INFO - Started process (PID=1828) to work on /opt/airflow/dags/clickstream_pipeline_dag.py
[2026-08-20T13:22:18.467+0000] {processor.py:830} INFO - Processing file /opt/airflow/dags/clickstream_pipeline_dag.py for tasks to queue
[2026-08-20T13:22:18.470+0000] {logging_mixin.py:188} INFO - [2026-08-20T13:22:18.470+0000] {dagbag.py:545} INFO - Filling up the DagBag from /opt/airflow/dags/clickstream_pipeline_dag.py
[2026-08-20T13:22:18.494+0000] {processor.py:840} INFO - DAG(s) 'clickstream_pipeline' retrieved from /opt/airflow/dags/clickstream_pipeline_dag.py
[2026-08-20T13:22:18.530+0000] {logging_mixin.py:188} INFO - [2026-08-20T13:22:18.530+0000] {dag.py:3089} INFO - Sync 1 DAGs
[2026-08-20T13:22:18.545+0000] {logging_mixin.py:188} INFO - [2026-08-20T13:22:18.545+0000] {dag.py:3947} INFO - Setting next_dagrun for clickstream_pipeline to None, run_after=None
[2026-08-20T13:22:18.572+0000] {processor.py:183} INFO - Processing /opt/airflow/dags/clickstream_pipeline_dag.py took 0.118 seconds
[2026-08-20T13:22:48.689+0000] {processor.py:161} INFO - Started process (PID=1853) to work on /opt/airflow/dags/clickstream_pipeline_dag.py
[2026-08-20T13:22:48.690+0000] {processor.py:830} INFO - Processing file /opt/airflow/dags/clickstream_pipeline_dag.py for tasks to queue
[2026-08-20T13:22:48.692+0000] {logging_mixin.py:188} INFO - [2026-08-20T13:22:48.692+0000] {dagbag.py:545} INFO - Filling up the DagBag from /opt/airflow/dags/clickstream_pipeline_dag.py
[2026-08-20T13:22:48.711+0000] {processor.py:840} INFO - DAG(s) 'clickstream_pipeline' retrieved from /opt/airflow/dags/clickstream_pipeline_dag.py
[2026-08-20T13:22:48.740+0000] {logging_mixin.py:188} INFO - [2026-08-20T13:22:48.740+0000] {dag.py:3089} INFO - Sync 1 DAGs
[2026-08-20T13:22:48.752+0000] {logging_mixin.py:188} INFO - [2026-08-20T13:22:48.752+0000] {dag.py:3947} INFO - Setting next_dagrun for clickstream_pipeline to None, run_after=None
[2026-08-20T13:22:48.773+0000] {processor.py:183} INFO - Processing /opt/airflow/dags/clickstream_pipeline_dag.py took 0.093 seconds
[2026-08-20T13:23:19.023+0000] {processor.py:161} INFO - Started process (PID=1884) to work on /opt/airflow/dags/clickstream_pipeline_dag.py
[2026-08-20T13:23:19.025+0000] {processor.py:830} INFO - Processing file /opt/airflow/dags/clickstream_pipeline_dag.py for tasks to queue
[2026-08-20T13:23:19.031+0000] {logging_mixin.py:188} INFO - [2026-08-20T13:23:19.029+0000] {dagbag.py:545} INFO - Filling up the DagBag from /opt/airflow/dags/clickstream_pipeline_dag.py
[2026-08-20T13:23:19.074+0000] {processor.py:840} INFO - DAG(s) 'clickstream_pipeline' retrieved from /opt/airflow/dags/clickstream_pipeline_dag.py
[2026-08-20T13:23:19.218+0000] {logging_mixin.py:188} INFO - [2026-08-20T13:23:19.218+0000] {dag.py:3089} INFO - Sync 1 DAGs
[2026-08-20T13:23:19.244+0000] {logging_mixin.py:188} INFO - [2026-08-20T13:23:19.244+0000] {dag.py:3947} INFO - Setting next_dagrun for clickstream_pipeline to 2026-08-19 00:00:00+00:00, run_after=2026-08-20 00:00:00+00:00
[2026-08-20T13:23:19.275+0000] {processor.py:183} INFO - Processing /opt/airflow/dags/clickstream_pipeline_dag.py took 0.265 seconds
[2026-08-20T13:23:49.423+0000] {processor.py:161} INFO - Started process (PID=2320) to work on /opt/airflow/dags/clickstream_pipeline_dag.py
[2026-08-20T13:23:49.425+0000] {processor.py:830} INFO - Processing file /opt/airflow/dags/clickstream_pipeline_dag.py for tasks to queue
[2026-08-20T13:23:49.430+0000] {logging_mixin.py:188} INFO - [2026-08-20T13:23:49.430+0000] {dagbag.py:545} INFO - Filling up the DagBag from /opt/airflow/dags/clickstream_pipeline_dag.py
[2026-08-20T13:23:49.503+0000] {processor.py:840} INFO - DAG(s) 'clickstream_pipeline' retrieved from /opt/airflow/dags/clickstream_pipeline_dag.py
[2026-08-20T13:23:49.592+0000] {logging_mixin.py:188} INFO - [2026-08-20T13:23:49.592+0000] {dag.py:3089} INFO - Sync 1 DAGs
[2026-08-20T13:23:49.651+0000] {logging_mixin.py:188} INFO - [2026-08-20T13:23:49.650+0000] {dag.py:3947} INFO - Setting next_dagrun for clickstream_pipeline to 2026-08-20 00:00:00+00:00, run_after=2026-08-21 00:00:00+00:00
[2026-08-20T13:23:49.707+0000] {processor.py:183} INFO - Processing /opt/airflow/dags/clickstream_pipeline_dag.py took 0.296 seconds
[2026-08-20T13:24:20.030+0000] {processor.py:161} INFO - Started process (PID=2431) to work on /opt/airflow/dags/clickstream_pipeline_dag.py
[2026-08-20T13:24:20.032+0000] {processor.py:830} INFO - Processing file /opt/airflow/dags/clickstream_pipeline_dag.py for tasks to queue
[2026-08-20T13:24:20.037+0000] {logging_mixin.py:188} INFO - [2026-08-20T13:24:20.036+0000] {dagbag.py:545} INFO - Filling up the DagBag from /opt/airflow/dags/clickstream_pipeline_dag.py
[2026-08-20T13:24:20.078+0000] {processor.py:840} INFO - DAG(s) 'clickstream_pipeline' retrieved from /opt/airflow/dags/clickstream_pipeline_dag.py
[2026-08-20T13:24:20.144+0000] {logging_mixin.py:188} INFO - [2026-08-20T13:24:20.143+0000] {dag.py:3089} INFO - Sync 1 DAGs
[2026-08-20T13:24:20.192+0000] {logging_mixin.py:188} INFO - [2026-08-20T13:24:20.192+0000] {dag.py:3947} INFO - Setting next_dagrun for clickstream_pipeline to 2026-08-20 00:00:00+00:00, run_after=2026-08-21 00:00:00+00:00
[2026-08-20T13:24:20.228+0000] {processor.py:183} INFO - Processing /opt/airflow/dags/clickstream_pipeline_dag.py took 0.212 seconds
[2026-08-20T13:24:50.500+0000] {processor.py:161} INFO - Started process (PID=2694) to work on /opt/airflow/dags/clickstream_pipeline_dag.py
[2026-08-20T13:24:50.505+0000] {processor.py:830} INFO - Processing file /opt/airflow/dags/clickstream_pipeline_dag.py for tasks to queue
[2026-08-20T13:24:50.511+0000] {logging_mixin.py:188} INFO - [2026-08-20T13:24:50.510+0000] {dagbag.py:545} INFO - Filling up the DagBag from /opt/airflow/dags/clickstream_pipeline_dag.py
[2026-08-20T13:24:50.557+0000] {processor.py:840} INFO - DAG(s) 'clickstream_pipeline' retrieved from /opt/airflow/dags/clickstream_pipeline_dag.py
[2026-08-20T13:24:50.641+0000] {logging_mixin.py:188} INFO - [2026-08-20T13:24:50.641+0000] {dag.py:3089} INFO - Sync 1 DAGs
[2026-08-20T13:24:50.691+0000] {logging_mixin.py:188} INFO - [2026-08-20T13:24:50.691+0000] {dag.py:3947} INFO - Setting next_dagrun for clickstream_pipeline to 2026-08-20 00:00:00+00:00, run_after=2026-08-21 00:00:00+00:00
[2026-08-20T13:24:50.730+0000] {processor.py:183} INFO - Processing /opt/airflow/dags/clickstream_pipeline_dag.py took 0.246 seconds
[2026-08-20T13:25:20.988+0000] {processor.py:161} INFO - Started process (PID=2904) to work on /opt/airflow/dags/clickstream_pipeline_dag.py
[2026-08-20T13:25:20.990+0000] {processor.py:830} INFO - Processing file /opt/airflow/dags/clickstream_pipeline_dag.py for tasks to queue
[2026-08-20T13:25:20.993+0000] {logging_mixin.py:188} INFO - [2026-08-20T13:25:20.992+0000] {dagbag.py:545} INFO - Filling up the DagBag from /opt/airflow/dags/clickstream_pipeline_dag.py
[2026-08-20T13:25:21.016+0000] {processor.py:840} INFO - DAG(s) 'clickstream_pipeline' retrieved from /opt/airflow/dags/clickstream_pipeline_dag.py
[2026-08-20T13:25:21.053+0000] {logging_mixin.py:188} INFO - [2026-08-20T13:25:21.052+0000] {dag.py:3089} INFO - Sync 1 DAGs
[2026-08-20T13:25:21.077+0000] {logging_mixin.py:188} INFO - [2026-08-20T13:25:21.077+0000] {dag.py:3947} INFO - Setting next_dagrun for clickstream_pipeline to 2026-08-20 00:00:00+00:00, run_after=2026-08-21 00:00:00+00:00
[2026-08-20T13:25:21.099+0000] {processor.py:183} INFO - Processing /opt/airflow/dags/clickstream_pipeline_dag.py took 0.120 seconds
[2026-08-20T13:25:51.333+0000] {processor.py:161} INFO - Started process (PID=2928) to work on /opt/airflow/dags/clickstream_pipeline_dag.py
[2026-08-20T13:25:51.335+0000] {processor.py:830} INFO - Processing file /opt/airflow/dags/clickstream_pipeline_dag.py for tasks to queue
[2026-08-20T13:25:51.338+0000] {logging_mixin.py:188} INFO - [2026-08-20T13:25:51.338+0000] {dagbag.py:545} INFO - Filling up the DagBag from /opt/airflow/dags/clickstream_pipeline_dag.py
[2026-08-20T13:25:51.364+0000] {processor.py:840} INFO - DAG(s) 'clickstream_pipeline' retrieved from /opt/airflow/dags/clickstream_pipeline_dag.py
[2026-08-20T13:25:51.402+0000] {logging_mixin.py:188} INFO - [2026-08-20T13:25:51.402+0000] {dag.py:3089} INFO - Sync 1 DAGs
[2026-08-20T13:25:51.427+0000] {logging_mixin.py:188} INFO - [2026-08-20T13:25:51.427+0000] {dag.py:3947} INFO - Setting next_dagrun for clickstream_pipeline to 2026-08-20 00:00:00+00:00, run_after=2026-08-21 00:00:00+00:00
[2026-08-20T13:25:51.448+0000] {processor.py:183} INFO - Processing /opt/airflow/dags/clickstream_pipeline_dag.py took 0.124 seconds
[2026-08-20T13:26:21.670+0000] {processor.py:161} INFO - Started process (PID=2959) to work on /opt/airflow/dags/clickstream_pipeline_dag.py
[2026-08-20T13:26:21.674+0000] {processor.py:830} INFO - Processing file /opt/airflow/dags/clickstream_pipeline_dag.py for tasks to queue
[2026-08-20T13:26:21.680+0000] {logging_mixin.py:188} INFO - [2026-08-20T13:26:21.679+0000] {dagbag.py:545} INFO - Filling up the DagBag from /opt/airflow/dags/clickstream_pipeline_dag.py
[2026-08-20T13:26:21.715+0000] {processor.py:840} INFO - DAG(s) 'clickstream_pipeline' retrieved from /opt/airflow/dags/clickstream_pipeline_dag.py
[2026-08-20T13:26:21.757+0000] {logging_mixin.py:188} INFO - [2026-08-20T13:26:21.757+0000] {dag.py:3089} INFO - Sync 1 DAGs
[2026-08-20T13:26:21.782+0000] {logging_mixin.py:188} INFO - [2026-08-20T13:26:21.782+0000] {dag.py:3947} INFO - Setting next_dagrun for clickstream_pipeline to 2026-08-20 00:00:00+00:00, run_after=2026-08-21 00:00:00+00:00
[2026-08-20T13:26:21.805+0000] {processor.py:183} INFO - Processing /opt/airflow/dags/clickstream_pipeline_dag.py took 0.146 seconds
[2026-08-20T13:26:52.064+0000] {processor.py:161} INFO - Started process (PID=2990) to work on /opt/airflow/dags/clickstream_pipeline_dag.py
[2026-08-20T13:26:52.067+0000] {processor.py:830} INFO - Processing file /opt/airflow/dags/clickstream_pipeline_dag.py for tasks to queue
[2026-08-20T13:26:52.071+0000] {logging_mixin.py:188} INFO - [2026-08-20T13:26:52.071+0000] {dagbag.py:545} INFO - Filling up the DagBag from /opt/airflow/dags/clickstream_pipeline_dag.py
[2026-08-20T13:26:52.096+0000] {processor.py:840} INFO - DAG(s) 'clickstream_pipeline' retrieved from /opt/airflow/dags/clickstream_pipeline_dag.py
[2026-08-20T13:26:52.141+0000] {logging_mixin.py:188} INFO - [2026-08-20T13:26:52.141+0000] {dag.py:3089} INFO - Sync 1 DAGs
[2026-08-20T13:26:52.164+0000] {logging_mixin.py:188} INFO - [2026-08-20T13:26:52.164+0000] {dag.py:3947} INFO - Setting next_dagrun for clickstream_pipeline to 2026-08-20 00:00:00+00:00, run_after=2026-08-21 00:00:00+00:00
[2026-08-20T13:26:52.187+0000] {processor.py:183} INFO - Processing /opt/airflow/dags/clickstream_pipeline_dag.py took 0.138 seconds
[2026-08-20T13:27:22.428+0000] {processor.py:161} INFO - Started process (PID=3014) to work on /opt/airflow/dags/clickstream_pipeline_dag.py
[2026-08-20T13:27:22.430+0000] {processor.py:830} INFO - Processing file /opt/airflow/dags/clickstream_pipeline_dag.py for tasks to queue
[2026-08-20T13:27:22.433+0000] {logging_mixin.py:188} INFO - [2026-08-20T13:27:22.433+0000] {dagbag.py:545} INFO - Filling up the DagBag from /opt/airflow/dags/clickstream_pipeline_dag.py
[2026-08-20T13:27:22.460+0000] {processor.py:840} INFO - DAG(s) 'clickstream_pipeline' retrieved from /opt/airflow/dags/clickstream_pipeline_dag.py
[2026-08-20T13:27:22.503+0000] {logging_mixin.py:188} INFO - [2026-08-20T13:27:22.503+0000] {dag.py:3089} INFO - Sync 1 DAGs
[2026-08-20T13:27:22.531+0000] {logging_mixin.py:188} INFO - [2026-08-20T13:27:22.531+0000] {dag.py:3947} INFO - Setting next_dagrun for clickstream_pipeline to 2026-08-20 00:00:00+00:00, run_after=2026-08-21 00:00:00+00:00
[2026-08-20T13:27:22.555+0000] {processor.py:183} INFO - Processing /opt/airflow/dags/clickstream_pipeline_dag.py took 0.135 seconds
[2026-08-20T13:27:52.776+0000] {processor.py:161} INFO - Started process (PID=3045) to work on /opt/airflow/dags/clickstream_pipeline_dag.py
[2026-08-20T13:27:52.778+0000] {processor.py:830} INFO - Processing file /opt/airflow/dags/clickstream_pipeline_dag.py for tasks to queue
[2026-08-20T13:27:52.782+0000] {logging_mixin.py:188} INFO - [2026-08-20T13:27:52.781+0000] {dagbag.py:545} INFO - Filling up the DagBag from /opt/airflow/dags/clickstream_pipeline_dag.py
[2026-08-20T13:27:52.806+0000] {processor.py:840} INFO - DAG(s) 'clickstream_pipeline' retrieved from /opt/airflow/dags/clickstream_pipeline_dag.py
[2026-08-20T13:27:52.853+0000] {logging_mixin.py:188} INFO - [2026-08-20T13:27:52.852+0000] {dag.py:3089} INFO - Sync 1 DAGs
[2026-08-20T13:27:52.884+0000] {logging_mixin.py:188} INFO - [2026-08-20T13:27:52.883+0000] {dag.py:3947} INFO - Setting next_dagrun for clickstream_pipeline to 2026-08-20 00:00:00+00:00, run_after=2026-08-21 00:00:00+00:00
[2026-08-20T13:27:52.909+0000] {processor.py:183} INFO - Processing /opt/airflow/dags/clickstream_pipeline_dag.py took 0.144 seconds
[2026-08-20T13:28:23.131+0000] {processor.py:161} INFO - Started process (PID=3070) to work on /opt/airflow/dags/clickstream_pipeline_dag.py
[2026-08-20T13:28:23.132+0000] {processor.py:830} INFO - Processing file /opt/airflow/dags/clickstream_pipeline_dag.py for tasks to queue
[2026-08-20T13:28:23.135+0000] {logging_mixin.py:188} INFO - [2026-08-20T13:28:23.135+0000] {dagbag.py:545} INFO - Filling up the DagBag from /opt/airflow/dags/clickstream_pipeline_dag.py
[2026-08-20T13:28:23.159+0000] {processor.py:840} INFO - DAG(s) 'clickstream_pipeline' retrieved from /opt/airflow/dags/clickstream_pipeline_dag.py
[2026-08-20T13:28:23.199+0000] {logging_mixin.py:188} INFO - [2026-08-20T13:28:23.199+0000] {dag.py:3089} INFO - Sync 1 DAGs
[2026-08-20T13:28:23.226+0000] {logging_mixin.py:188} INFO - [2026-08-20T13:28:23.226+0000] {dag.py:3947} INFO - Setting next_dagrun for clickstream_pipeline to 2026-08-20 00:00:00+00:00, run_after=2026-08-21 00:00:00+00:00
[2026-08-20T13:28:23.247+0000] {processor.py:183} INFO - Processing /opt/airflow/dags/clickstream_pipeline_dag.py took 0.124 seconds
[2026-08-20T13:28:53.479+0000] {processor.py:161} INFO - Started process (PID=3101) to work on /opt/airflow/dags/clickstream_pipeline_dag.py
[2026-08-20T13:28:53.481+0000] {processor.py:830} INFO - Processing file /opt/airflow/dags/clickstream_pipeline_dag.py for tasks to queue
[2026-08-20T13:28:53.484+0000] {logging_mixin.py:188} INFO - [2026-08-20T13:28:53.484+0000] {dagbag.py:545} INFO - Filling up the DagBag from /opt/airflow/dags/clickstream_pipeline_dag.py
[2026-08-20T13:28:53.513+0000] {processor.py:840} INFO - DAG(s) 'clickstream_pipeline' retrieved from /opt/airflow/dags/clickstream_pipeline_dag.py
[2026-08-20T13:28:53.549+0000] {logging_mixin.py:188} INFO - [2026-08-20T13:28:53.549+0000] {dag.py:3089} INFO - Sync 1 DAGs
[2026-08-20T13:28:53.575+0000] {logging_mixin.py:188} INFO - [2026-08-20T13:28:53.575+0000] {dag.py:3947} INFO - Setting next_dagrun for clickstream_pipeline to 2026-08-20 00:00:00+00:00, run_after=2026-08-21 00:00:00+00:00
[2026-08-20T13:28:53.598+0000] {processor.py:183} INFO - Processing /opt/airflow/dags/clickstream_pipeline_dag.py took 0.129 seconds
[2026-08-20T13:29:23.860+0000] {processor.py:161} INFO - Started process (PID=3125) to work on /opt/airflow/dags/clickstream_pipeline_dag.py
[2026-08-20T13:29:23.867+0000] {processor.py:830} INFO - Processing file /opt/airflow/dags/clickstream_pipeline_dag.py for tasks to queue
[2026-08-20T13:29:23.871+0000] {logging_mixin.py:188} INFO - [2026-08-20T13:29:23.870+0000] {dagbag.py:545} INFO - Filling up the DagBag from /opt/airflow/dags/clickstream_pipeline_dag.py
[2026-08-20T13:29:23.901+0000] {processor.py:840} INFO - DAG(s) 'clickstream_pipeline' retrieved from /opt/airflow/dags/clickstream_pipeline_dag.py
[2026-08-20T13:29:23.946+0000] {logging_mixin.py:188} INFO - [2026-08-20T13:29:23.946+0000] {dag.py:3089} INFO - Sync 1 DAGs
[2026-08-20T13:29:23.976+0000] {logging_mixin.py:188} INFO - [2026-08-20T13:29:23.976+0000] {dag.py:3947} INFO - Setting next_dagrun for clickstream_pipeline to 2026-08-20 00:00:00+00:00, run_after=2026-08-21 00:00:00+00:00
[2026-08-20T13:29:24.002+0000] {processor.py:183} INFO - Processing /opt/airflow/dags/clickstream_pipeline_dag.py took 0.150 seconds
[2026-08-20T13:29:54.217+0000] {processor.py:161} INFO - Started process (PID=3156) to work on /opt/airflow/dags/clickstream_pipeline_dag.py
[2026-08-20T13:29:54.219+0000] {processor.py:830} INFO - Processing file /opt/airflow/dags/clickstream_pipeline_dag.py for tasks to queue
[2026-08-20T13:29:54.224+0000] {logging_mixin.py:188} INFO - [2026-08-20T13:29:54.223+0000] {dagbag.py:545} INFO - Filling up the DagBag from /opt/airflow/dags/clickstream_pipeline_dag.py
[2026-08-20T13:29:54.252+0000] {processor.py:840} INFO - DAG(s) 'clickstream_pipeline' retrieved from /opt/airflow/dags/clickstream_pipeline_dag.py
[2026-08-20T13:29:54.294+0000] {logging_mixin.py:188} INFO - [2026-08-20T13:29:54.294+0000] {dag.py:3089} INFO - Sync 1 DAGs
[2026-08-20T13:29:54.324+0000] {logging_mixin.py:188} INFO - [2026-08-20T13:29:54.324+0000] {dag.py:3947} INFO - Setting next_dagrun for clickstream_pipeline to 2026-08-20 00:00:00+00:00, run_after=2026-08-21 00:00:00+00:00
[2026-08-20T13:29:54.348+0000] {processor.py:183} INFO - Processing /opt/airflow/dags/clickstream_pipeline_dag.py took 0.139 seconds
[2026-08-20T13:30:24.565+0000] {processor.py:161} INFO - Started process (PID=3181) to work on /opt/airflow/dags/clickstream_pipeline_dag.py
[2026-08-20T13:30:24.566+0000] {processor.py:830} INFO - Processing file /opt/airflow/dags/clickstream_pipeline_dag.py for tasks to queue
[2026-08-20T13:30:24.570+0000] {logging_mixin.py:188} INFO - [2026-08-20T13:30:24.569+0000] {dagbag.py:545} INFO - Filling up the DagBag from /opt/airflow/dags/clickstream_pipeline_dag.py
[2026-08-20T13:30:24.593+0000] {processor.py:840} INFO - DAG(s) 'clickstream_pipeline' retrieved from /opt/airflow/dags/clickstream_pipeline_dag.py
[2026-08-20T13:30:24.633+0000] {logging_mixin.py:188} INFO - [2026-08-20T13:30:24.633+0000] {dag.py:3089} INFO - Sync 1 DAGs
[2026-08-20T13:30:24.656+0000] {logging_mixin.py:188} INFO - [2026-08-20T13:30:24.656+0000] {dag.py:3947} INFO - Setting next_dagrun for clickstream_pipeline to 2026-08-20 00:00:00+00:00, run_after=2026-08-21 00:00:00+00:00
[2026-08-20T13:30:24.676+0000] {processor.py:183} INFO - Processing /opt/airflow/dags/clickstream_pipeline_dag.py took 0.121 seconds
[2026-08-20T13:30:54.906+0000] {processor.py:161} INFO - Started process (PID=3212) to work on /opt/airflow/dags/clickstream_pipeline_dag.py
[2026-08-20T13:30:54.908+0000] {processor.py:830} INFO - Processing file /opt/airflow/dags/clickstream_pipeline_dag.py for tasks to queue
[2026-08-20T13:30:54.910+0000] {logging_mixin.py:188} INFO - [2026-08-20T13:30:54.910+0000] {dagbag.py:545} INFO - Filling up the DagBag from /opt/airflow/dags/clickstream_pipeline_dag.py
[2026-08-20T13:30:54.935+0000] {processor.py:840} INFO - DAG(s) 'clickstream_pipeline' retrieved from /opt/airflow/dags/clickstream_pipeline_dag.py
[2026-08-20T13:30:54.975+0000] {logging_mixin.py:188} INFO - [2026-08-20T13:30:54.975+0000] {dag.py:3089} INFO - Sync 1 DAGs
[2026-08-20T13:30:54.999+0000] {logging_mixin.py:188} INFO - [2026-08-20T13:30:54.998+0000] {dag.py:3947} INFO - Setting next_dagrun for clickstream_pipeline to 2026-08-20 00:00:00+00:00, run_after=2026-08-21 00:00:00+00:00
[2026-08-20T13:30:55.019+0000] {processor.py:183} INFO - Processing /opt/airflow/dags/clickstream_pipeline_dag.py took 0.120 seconds
[2026-08-20T13:31:25.274+0000] {processor.py:161} INFO - Started process (PID=3244) to work on /opt/airflow/dags/clickstream_pipeline_dag.py
[2026-08-20T13:31:25.276+0000] {processor.py:830} INFO - Processing file /opt/airflow/dags/clickstream_pipeline_dag.py for tasks to queue
[2026-08-20T13:31:25.280+0000] {logging_mixin.py:188} INFO - [2026-08-20T13:31:25.280+0000] {dagbag.py:545} INFO - Filling up the DagBag from /opt/airflow/dags/clickstream_pipeline_dag.py
[2026-08-20T13:31:25.302+0000] {processor.py:840} INFO - DAG(s) 'clickstream_pipeline' retrieved from /opt/airflow/dags/clickstream_pipeline_dag.py
[2026-08-20T13:31:25.350+0000] {logging_mixin.py:188} INFO - [2026-08-20T13:31:25.350+0000] {dag.py:3089} INFO - Sync 1 DAGs
[2026-08-20T13:31:25.383+0000] {logging_mixin.py:188} INFO - [2026-08-20T13:31:25.383+0000] {dag.py:3947} INFO - Setting next_dagrun for clickstream_pipeline to 2026-08-20 00:00:00+00:00, run_after=2026-08-21 00:00:00+00:00
[2026-08-20T13:31:25.417+0000] {processor.py:183} INFO - Processing /opt/airflow/dags/clickstream_pipeline_dag.py took 0.151 seconds
[2026-08-20T13:31:55.670+0000] {processor.py:161} INFO - Started process (PID=3267) to work on /opt/airflow/dags/clickstream_pipeline_dag.py
[2026-08-20T13:31:55.672+0000] {processor.py:830} INFO - Processing file /opt/airflow/dags/clickstream_pipeline_dag.py for tasks to queue
[2026-08-20T13:31:55.675+0000] {logging_mixin.py:188} INFO - [2026-08-20T13:31:55.674+0000] {dagbag.py:545} INFO - Filling up the DagBag from /opt/airflow/dags/clickstream_pipeline_dag.py
[2026-08-20T13:31:55.697+0000] {processor.py:840} INFO - DAG(s) 'clickstream_pipeline' retrieved from /opt/airflow/dags/clickstream_pipeline_dag.py
[2026-08-20T13:31:55.735+0000] {logging_mixin.py:188} INFO - [2026-08-20T13:31:55.735+0000] {dag.py:3089} INFO - Sync 1 DAGs
[2026-08-20T13:31:55.762+0000] {logging_mixin.py:188} INFO - [2026-08-20T13:31:55.762+0000] {dag.py:3947} INFO - Setting next_dagrun for clickstream_pipeline to 2026-08-20 00:00:00+00:00, run_after=2026-08-21 00:00:00+00:00
[2026-08-20T13:31:55.784+0000] {processor.py:183} INFO - Processing /opt/airflow/dags/clickstream_pipeline_dag.py took 0.123 seconds
[2026-08-20T13:32:26.008+0000] {processor.py:161} INFO - Started process (PID=3298) to work on /opt/airflow/dags/clickstream_pipeline_dag.py
[2026-08-20T13:32:26.010+0000] {processor.py:830} INFO - Processing file /opt/airflow/dags/clickstream_pipeline_dag.py for tasks to queue
[2026-08-20T13:32:26.015+0000] {logging_mixin.py:188} INFO - [2026-08-20T13:32:26.014+0000] {dagbag.py:545} INFO - Filling up the DagBag from /opt/airflow/dags/clickstream_pipeline_dag.py
[2026-08-20T13:32:26.042+0000] {processor.py:840} INFO - DAG(s) 'clickstream_pipeline' retrieved from /opt/airflow/dags/clickstream_pipeline_dag.py
[2026-08-20T13:32:26.085+0000] {logging_mixin.py:188} INFO - [2026-08-20T13:32:26.084+0000] {dag.py:3089} INFO - Sync 1 DAGs
[2026-08-20T13:32:26.113+0000] {logging_mixin.py:188} INFO - [2026-08-20T13:32:26.112+0000] {dag.py:3947} INFO - Setting next_dagrun for clickstream_pipeline to 2026-08-20 00:00:00+00:00, run_after=2026-08-21 00:00:00+00:00
[2026-08-20T13:32:26.138+0000] {processor.py:183} INFO - Processing /opt/airflow/dags/clickstream_pipeline_dag.py took 0.142 seconds
[2026-08-20T13:32:56.345+0000] {processor.py:161} INFO - Started process (PID=3322) to work on /opt/airflow/dags/clickstream_pipeline_dag.py
[2026-08-20T13:32:56.347+0000] {processor.py:830} INFO - Processing file /opt/airflow/dags/clickstream_pipeline_dag.py for tasks to queue
[2026-08-20T13:32:56.351+0000] {logging_mixin.py:188} INFO - [2026-08-20T13:32:56.350+0000] {dagbag.py:545} INFO - Filling up the DagBag from /opt/airflow/dags/clickstream_pipeline_dag.py
[2026-08-20T13:32:56.385+0000] {processor.py:840} INFO - DAG(s) 'clickstream_pipeline' retrieved from /opt/airflow/dags/clickstream_pipeline_dag.py
[2026-08-20T13:32:56.429+0000] {logging_mixin.py:188} INFO - [2026-08-20T13:32:56.429+0000] {dag.py:3089} INFO - Sync 1 DAGs
[2026-08-20T13:32:56.457+0000] {logging_mixin.py:188} INFO - [2026-08-20T13:32:56.457+0000] {dag.py:3947} INFO - Setting next_dagrun for clickstream_pipeline to 2026-08-20 00:00:00+00:00, run_after=2026-08-21 00:00:00+00:00
[2026-08-20T13:32:56.479+0000] {processor.py:183} INFO - Processing /opt/airflow/dags/clickstream_pipeline_dag.py took 0.144 seconds
[2026-08-20T13:33:26.729+0000] {processor.py:161} INFO - Started process (PID=3353) to work on /opt/airflow/dags/clickstream_pipeline_dag.py
[2026-08-20T13:33:26.732+0000] {processor.py:830} INFO - Processing file /opt/airflow/dags/clickstream_pipeline_dag.py for tasks to queue
[2026-08-20T13:33:26.735+0000] {logging_mixin.py:188} INFO - [2026-08-20T13:33:26.734+0000] {dagbag.py:545} INFO - Filling up the DagBag from /opt/airflow/dags/clickstream_pipeline_dag.py
[2026-08-20T13:33:26.759+0000] {processor.py:840} INFO - DAG(s) 'clickstream_pipeline' retrieved from /opt/airflow/dags/clickstream_pipeline_dag.py
[2026-08-20T13:33:26.803+0000] {logging_mixin.py:188} INFO - [2026-08-20T13:33:26.802+0000] {dag.py:3089} INFO - Sync 1 DAGs
[2026-08-20T13:33:26.832+0000] {logging_mixin.py:188} INFO - [2026-08-20T13:33:26.831+0000] {dag.py:3947} INFO - Setting next_dagrun for clickstream_pipeline to 2026-08-20 00:00:00+00:00, run_after=2026-08-21 00:00:00+00:00
[2026-08-20T13:33:26.854+0000] {processor.py:183} INFO - Processing /opt/airflow/dags/clickstream_pipeline_dag.py took 0.134 seconds
[2026-08-20T13:33:57.162+0000] {processor.py:161} INFO - Started process (PID=3377) to work on /opt/airflow/dags/clickstream_pipeline_dag.py
[2026-08-20T13:33:57.164+0000] {processor.py:830} INFO - Processing file /opt/airflow/dags/clickstream_pipeline_dag.py for tasks to queue
[2026-08-20T13:33:57.168+0000] {logging_mixin.py:188} INFO - [2026-08-20T13:33:57.167+0000] {dagbag.py:545} INFO - Filling up the DagBag from /opt/airflow/dags/clickstream_pipeline_dag.py
[2026-08-20T13:33:57.194+0000] {processor.py:840} INFO - DAG(s) 'clickstream_pipeline' retrieved from /opt/airflow/dags/clickstream_pipeline_dag.py
[2026-08-20T13:33:57.243+0000] {logging_mixin.py:188} INFO - [2026-08-20T13:33:57.243+0000] {dag.py:3089} INFO - Sync 1 DAGs
[2026-08-20T13:33:57.274+0000] {logging_mixin.py:188} INFO - [2026-08-20T13:33:57.274+0000] {dag.py:3947} INFO - Setting next_dagrun for clickstream_pipeline to 2026-08-20 00:00:00+00:00, run_after=2026-08-21 00:00:00+00:00
[2026-08-20T13:33:57.301+0000] {processor.py:183} INFO - Processing /opt/airflow/dags/clickstream_pipeline_dag.py took 0.148 seconds
[2026-08-20T13:34:27.668+0000] {processor.py:161} INFO - Started process (PID=3636) to work on /opt/airflow/dags/clickstream_pipeline_dag.py
[2026-08-20T13:34:27.677+0000] {processor.py:830} INFO - Processing file /opt/airflow/dags/clickstream_pipeline_dag.py for tasks to queue
[2026-08-20T13:34:27.682+0000] {logging_mixin.py:188} INFO - [2026-08-20T13:34:27.682+0000] {dagbag.py:545} INFO - Filling up the DagBag from /opt/airflow/dags/clickstream_pipeline_dag.py
[2026-08-20T13:34:27.744+0000] {processor.py:840} INFO - DAG(s) 'clickstream_pipeline' retrieved from /opt/airflow/dags/clickstream_pipeline_dag.py
[2026-08-20T13:34:27.818+0000] {logging_mixin.py:188} INFO - [2026-08-20T13:34:27.818+0000] {dag.py:3089} INFO - Sync 1 DAGs
[2026-08-20T13:34:27.860+0000] {logging_mixin.py:188} INFO - [2026-08-20T13:34:27.859+0000] {dag.py:3947} INFO - Setting next_dagrun for clickstream_pipeline to 2026-08-20 00:00:00+00:00, run_after=2026-08-21 00:00:00+00:00
[2026-08-20T13:34:27.893+0000] {processor.py:183} INFO - Processing /opt/airflow/dags/clickstream_pipeline_dag.py took 0.243 seconds
[2026-08-20T13:34:58.228+0000] {processor.py:161} INFO - Started process (PID=3887) to work on /opt/airflow/dags/clickstream_pipeline_dag.py
[2026-08-20T13:34:58.236+0000] {processor.py:830} INFO - Processing file /opt/airflow/dags/clickstream_pipeline_dag.py for tasks to queue
[2026-08-20T13:34:58.243+0000] {logging_mixin.py:188} INFO - [2026-08-20T13:34:58.242+0000] {dagbag.py:545} INFO - Filling up the DagBag from /opt/airflow/dags/clickstream_pipeline_dag.py
[2026-08-20T13:34:58.310+0000] {processor.py:840} INFO - DAG(s) 'clickstream_pipeline' retrieved from /opt/airflow/dags/clickstream_pipeline_dag.py
[2026-08-20T13:34:58.424+0000] {logging_mixin.py:188} INFO - [2026-08-20T13:34:58.424+0000] {dag.py:3089} INFO - Sync 1 DAGs
[2026-08-20T13:34:58.495+0000] {logging_mixin.py:188} INFO - [2026-08-20T13:34:58.495+0000] {dag.py:3947} INFO - Setting next_dagrun for clickstream_pipeline to 2026-08-20 00:00:00+00:00, run_after=2026-08-21 00:00:00+00:00
[2026-08-20T13:34:58.547+0000] {processor.py:183} INFO - Processing /opt/airflow/dags/clickstream_pipeline_dag.py took 0.339 seconds
[2026-08-20T13:35:28.819+0000] {processor.py:161} INFO - Started process (PID=3972) to work on /opt/airflow/dags/clickstream_pipeline_dag.py
[2026-08-20T13:35:28.821+0000] {processor.py:830} INFO - Processing file /opt/airflow/dags/clickstream_pipeline_dag.py for tasks to queue
[2026-08-20T13:35:28.825+0000] {logging_mixin.py:188} INFO - [2026-08-20T13:35:28.825+0000] {dagbag.py:545} INFO - Filling up the DagBag from /opt/airflow/dags/clickstream_pipeline_dag.py
[2026-08-20T13:35:28.864+0000] {processor.py:840} INFO - DAG(s) 'clickstream_pipeline' retrieved from /opt/airflow/dags/clickstream_pipeline_dag.py
[2026-08-20T13:35:28.915+0000] {logging_mixin.py:188} INFO - [2026-08-20T13:35:28.915+0000] {dag.py:3089} INFO - Sync 1 DAGs
[2026-08-20T13:35:28.949+0000] {logging_mixin.py:188} INFO - [2026-08-20T13:35:28.949+0000] {dag.py:3947} INFO - Setting next_dagrun for clickstream_pipeline to 2026-08-20 00:00:00+00:00, run_after=2026-08-21 00:00:00+00:00
[2026-08-20T13:35:28.976+0000] {processor.py:183} INFO - Processing /opt/airflow/dags/clickstream_pipeline_dag.py took 0.171 seconds
[2026-08-20T13:35:59.257+0000] {processor.py:161} INFO - Started process (PID=4003) to work on /opt/airflow/dags/clickstream_pipeline_dag.py
[2026-08-20T13:35:59.260+0000] {processor.py:830} INFO - Processing file /opt/airflow/dags/clickstream_pipeline_dag.py for tasks to queue
[2026-08-20T13:35:59.265+0000] {logging_mixin.py:188} INFO - [2026-08-20T13:35:59.264+0000] {dagbag.py:545} INFO - Filling up the DagBag from /opt/airflow/dags/clickstream_pipeline_dag.py
[2026-08-20T13:35:59.321+0000] {processor.py:840} INFO - DAG(s) 'clickstream_pipeline' retrieved from /opt/airflow/dags/clickstream_pipeline_dag.py
[2026-08-20T13:35:59.415+0000] {logging_mixin.py:188} INFO - [2026-08-20T13:35:59.415+0000] {dag.py:3089} INFO - Sync 1 DAGs
[2026-08-20T13:35:59.481+0000] {logging_mixin.py:188} INFO - [2026-08-20T13:35:59.481+0000] {dag.py:3947} INFO - Setting next_dagrun for clickstream_pipeline to 2026-08-20 00:00:00+00:00, run_after=2026-08-21 00:00:00+00:00
[2026-08-20T13:35:59.541+0000] {processor.py:183} INFO - Processing /opt/airflow/dags/clickstream_pipeline_dag.py took 0.298 seconds
[2026-08-20T13:36:29.794+0000] {processor.py:161} INFO - Started process (PID=4026) to work on /opt/airflow/dags/clickstream_pipeline_dag.py
[2026-08-20T13:36:29.796+0000] {processor.py:830} INFO - Processing file /opt/airflow/dags/clickstream_pipeline_dag.py for tasks to queue
[2026-08-20T13:36:29.801+0000] {logging_mixin.py:188} INFO - [2026-08-20T13:36:29.799+0000] {dagbag.py:545} INFO - Filling up the DagBag from /opt/airflow/dags/clickstream_pipeline_dag.py
[2026-08-20T13:36:29.841+0000] {processor.py:840} INFO - DAG(s) 'clickstream_pipeline' retrieved from /opt/airflow/dags/clickstream_pipeline_dag.py
[2026-08-20T13:36:29.900+0000] {logging_mixin.py:188} INFO - [2026-08-20T13:36:29.899+0000] {dag.py:3089} INFO - Sync 1 DAGs
[2026-08-20T13:36:29.935+0000] {logging_mixin.py:188} INFO - [2026-08-20T13:36:29.935+0000] {dag.py:3947} INFO - Setting next_dagrun for clickstream_pipeline to 2026-08-20 00:00:00+00:00, run_after=2026-08-21 00:00:00+00:00
[2026-08-20T13:36:29.970+0000] {processor.py:183} INFO - Processing /opt/airflow/dags/clickstream_pipeline_dag.py took 0.189 seconds
[2026-08-20T13:37:00.226+0000] {processor.py:161} INFO - Started process (PID=4050) to work on /opt/airflow/dags/clickstream_pipeline_dag.py
[2026-08-20T13:37:00.229+0000] {processor.py:830} INFO - Processing file /opt/airflow/dags/clickstream_pipeline_dag.py for tasks to queue
[2026-08-20T13:37:00.233+0000] {logging_mixin.py:188} INFO - [2026-08-20T13:37:00.233+0000] {dagbag.py:545} INFO - Filling up the DagBag from /opt/airflow/dags/clickstream_pipeline_dag.py
[2026-08-20T13:37:00.265+0000] {processor.py:840} INFO - DAG(s) 'clickstream_pipeline' retrieved from /opt/airflow/dags/clickstream_pipeline_dag.py
[2026-08-20T13:37:00.317+0000] {logging_mixin.py:188} INFO - [2026-08-20T13:37:00.316+0000] {dag.py:3089} INFO - Sync 1 DAGs
[2026-08-20T13:37:00.351+0000] {logging_mixin.py:188} INFO - [2026-08-20T13:37:00.351+0000] {dag.py:3947} INFO - Setting next_dagrun for clickstream_pipeline to 2026-08-20 00:00:00+00:00, run_after=2026-08-21 00:00:00+00:00
[2026-08-20T13:37:00.376+0000] {processor.py:183} INFO - Processing /opt/airflow/dags/clickstream_pipeline_dag.py took 0.159 seconds
[2026-08-20T13:37:30.817+0000] {processor.py:161} INFO - Started process (PID=4228) to work on /opt/airflow/dags/clickstream_pipeline_dag.py
[2026-08-20T13:37:30.820+0000] {processor.py:830} INFO - Processing file /opt/airflow/dags/clickstream_pipeline_dag.py for tasks to queue
[2026-08-20T13:37:30.825+0000] {logging_mixin.py:188} INFO - [2026-08-20T13:37:30.825+0000] {dagbag.py:545} INFO - Filling up the DagBag from /opt/airflow/dags/clickstream_pipeline_dag.py
[2026-08-20T13:37:30.873+0000] {processor.py:840} INFO - DAG(s) 'clickstream_pipeline' retrieved from /opt/airflow/dags/clickstream_pipeline_dag.py
[2026-08-20T13:37:30.954+0000] {logging_mixin.py:188} INFO - [2026-08-20T13:37:30.954+0000] {dag.py:3089} INFO - Sync 1 DAGs
[2026-08-20T13:37:31.006+0000] {logging_mixin.py:188} INFO - [2026-08-20T13:37:31.006+0000] {dag.py:3947} INFO - Setting next_dagrun for clickstream_pipeline to 2026-08-20 00:00:00+00:00, run_after=2026-08-21 00:00:00+00:00
[2026-08-20T13:37:31.057+0000] {processor.py:183} INFO - Processing /opt/airflow/dags/clickstream_pipeline_dag.py took 0.262 seconds
[2026-08-20T13:38:01.341+0000] {processor.py:161} INFO - Started process (PID=4436) to work on /opt/airflow/dags/clickstream_pipeline_dag.py
[2026-08-20T13:38:01.345+0000] {processor.py:830} INFO - Processing file /opt/airflow/dags/clickstream_pipeline_dag.py for tasks to queue
[2026-08-20T13:38:01.350+0000] {logging_mixin.py:188} INFO - [2026-08-20T13:38:01.350+0000] {dagbag.py:545} INFO - Filling up the DagBag from /opt/airflow/dags/clickstream_pipeline_dag.py
[2026-08-20T13:38:01.410+0000] {processor.py:840} INFO - DAG(s) 'clickstream_pipeline' retrieved from /opt/airflow/dags/clickstream_pipeline_dag.py
[2026-08-20T13:38:01.473+0000] {logging_mixin.py:188} INFO - [2026-08-20T13:38:01.473+0000] {dag.py:3089} INFO - Sync 1 DAGs
[2026-08-20T13:38:01.522+0000] {logging_mixin.py:188} INFO - [2026-08-20T13:38:01.522+0000] {dag.py:3947} INFO - Setting next_dagrun for clickstream_pipeline to 2026-08-20 00:00:00+00:00, run_after=2026-08-21 00:00:00+00:00
[2026-08-20T13:38:01.558+0000] {processor.py:183} INFO - Processing /opt/airflow/dags/clickstream_pipeline_dag.py took 0.238 seconds
[2026-08-20T13:38:31.849+0000] {processor.py:161} INFO - Started process (PID=4480) to work on /opt/airflow/dags/clickstream_pipeline_dag.py
[2026-08-20T13:38:31.853+0000] {processor.py:830} INFO - Processing file /opt/airflow/dags/clickstream_pipeline_dag.py for tasks to queue
[2026-08-20T13:38:31.858+0000] {logging_mixin.py:188} INFO - [2026-08-20T13:38:31.858+0000] {dagbag.py:545} INFO - Filling up the DagBag from /opt/airflow/dags/clickstream_pipeline_dag.py
[2026-08-20T13:38:31.904+0000] {processor.py:840} INFO - DAG(s) 'clickstream_pipeline' retrieved from /opt/airflow/dags/clickstream_pipeline_dag.py
[2026-08-20T13:38:31.978+0000] {logging_mixin.py:188} INFO - [2026-08-20T13:38:31.978+0000] {dag.py:3089} INFO - Sync 1 DAGs
[2026-08-20T13:38:32.023+0000] {logging_mixin.py:188} INFO - [2026-08-20T13:38:32.023+0000] {dag.py:3947} INFO - Setting next_dagrun for clickstream_pipeline to 2026-08-20 00:00:00+00:00, run_after=2026-08-21 00:00:00+00:00
[2026-08-20T13:38:32.062+0000] {processor.py:183} INFO - Processing /opt/airflow/dags/clickstream_pipeline_dag.py took 0.228 seconds
[2026-08-20T13:39:02.394+0000] {processor.py:161} INFO - Started process (PID=4522) to work on /opt/airflow/dags/clickstream_pipeline_dag.py
[2026-08-20T13:39:02.404+0000] {processor.py:830} INFO - Processing file /opt/airflow/dags/clickstream_pipeline_dag.py for tasks to queue
[2026-08-20T13:39:02.409+0000] {logging_mixin.py:188} INFO - [2026-08-20T13:39:02.408+0000] {dagbag.py:545} INFO - Filling up the DagBag from /opt/airflow/dags/clickstream_pipeline_dag.py
[2026-08-20T13:39:02.457+0000] {processor.py:840} INFO - DAG(s) 'clickstream_pipeline' retrieved from /opt/airflow/dags/clickstream_pipeline_dag.py
[2026-08-20T13:39:02.529+0000] {logging_mixin.py:188} INFO - [2026-08-20T13:39:02.529+0000] {dag.py:3089} INFO - Sync 1 DAGs
[2026-08-20T13:39:02.575+0000] {logging_mixin.py:188} INFO - [2026-08-20T13:39:02.574+0000] {dag.py:3947} INFO - Setting next_dagrun for clickstream_pipeline to 2026-08-20 00:00:00+00:00, run_after=2026-08-21 00:00:00+00:00
[2026-08-20T13:39:02.624+0000] {processor.py:183} INFO - Processing /opt/airflow/dags/clickstream_pipeline_dag.py took 0.243 seconds
[2026-08-20T13:39:33.004+0000] {processor.py:161} INFO - Started process (PID=4619) to work on /opt/airflow/dags/clickstream_pipeline_dag.py
[2026-08-20T13:39:33.006+0000] {processor.py:830} INFO - Processing file /opt/airflow/dags/clickstream_pipeline_dag.py for tasks to queue
[2026-08-20T13:39:33.010+0000] {logging_mixin.py:188} INFO - [2026-08-20T13:39:33.010+0000] {dagbag.py:545} INFO - Filling up the DagBag from /opt/airflow/dags/clickstream_pipeline_dag.py
[2026-08-20T13:39:33.049+0000] {processor.py:840} INFO - DAG(s) 'clickstream_pipeline' retrieved from /opt/airflow/dags/clickstream_pipeline_dag.py
[2026-08-20T13:39:33.105+0000] {logging_mixin.py:188} INFO - [2026-08-20T13:39:33.104+0000] {dag.py:3089} INFO - Sync 1 DAGs
[2026-08-20T13:39:33.143+0000] {logging_mixin.py:188} INFO - [2026-08-20T13:39:33.143+0000] {dag.py:3947} INFO - Setting next_dagrun for clickstream_pipeline to 2026-08-20 00:00:00+00:00, run_after=2026-08-21 00:00:00+00:00
[2026-08-20T13:39:33.180+0000] {processor.py:183} INFO - Processing /opt/airflow/dags/clickstream_pipeline_dag.py took 0.190 seconds
[2026-08-20T13:40:03.479+0000] {processor.py:161} INFO - Started process (PID=4651) to work on /opt/airflow/dags/clickstream_pipeline_dag.py
[2026-08-20T13:40:03.481+0000] {processor.py:830} INFO - Processing file /opt/airflow/dags/clickstream_pipeline_dag.py for tasks to queue
[2026-08-20T13:40:03.485+0000] {logging_mixin.py:188} INFO - [2026-08-20T13:40:03.485+0000] {dagbag.py:545} INFO - Filling up the DagBag from /opt/airflow/dags/clickstream_pipeline_dag.py
[2026-08-20T13:40:03.514+0000] {processor.py:840} INFO - DAG(s) 'clickstream_pipeline' retrieved from /opt/airflow/dags/clickstream_pipeline_dag.py
[2026-08-20T13:40:03.573+0000] {logging_mixin.py:188} INFO - [2026-08-20T13:40:03.572+0000] {dag.py:3089} INFO - Sync 1 DAGs
[2026-08-20T13:40:03.608+0000] {logging_mixin.py:188} INFO - [2026-08-20T13:40:03.608+0000] {dag.py:3947} INFO - Setting next_dagrun for clickstream_pipeline to 2026-08-20 00:00:00+00:00, run_after=2026-08-21 00:00:00+00:00
[2026-08-20T13:40:03.636+0000] {processor.py:183} INFO - Processing /opt/airflow/dags/clickstream_pipeline_dag.py took 0.169 seconds
[2026-08-20T13:40:33.969+0000] {processor.py:161} INFO - Started process (PID=4675) to work on /opt/airflow/dags/clickstream_pipeline_dag.py
[2026-08-20T13:40:33.970+0000] {processor.py:830} INFO - Processing file /opt/airflow/dags/clickstream_pipeline_dag.py for tasks to queue
[2026-08-20T13:40:33.974+0000] {logging_mixin.py:188} INFO - [2026-08-20T13:40:33.974+0000] {dagbag.py:545} INFO - Filling up the DagBag from /opt/airflow/dags/clickstream_pipeline_dag.py
[2026-08-20T13:40:34.002+0000] {processor.py:840} INFO - DAG(s) 'clickstream_pipeline' retrieved from /opt/airflow/dags/clickstream_pipeline_dag.py
[2026-08-20T13:40:34.048+0000] {logging_mixin.py:188} INFO - [2026-08-20T13:40:34.047+0000] {dag.py:3089} INFO - Sync 1 DAGs
[2026-08-20T13:40:34.078+0000] {logging_mixin.py:188} INFO - [2026-08-20T13:40:34.077+0000] {dag.py:3947} INFO - Setting next_dagrun for clickstream_pipeline to 2026-08-20 00:00:00+00:00, run_after=2026-08-21 00:00:00+00:00
[2026-08-20T13:40:34.109+0000] {processor.py:183} INFO - Processing /opt/airflow/dags/clickstream_pipeline_dag.py took 0.153 seconds
[2026-08-20T13:41:04.425+0000] {processor.py:161} INFO - Started process (PID=4706) to work on /opt/airflow/dags/clickstream_pipeline_dag.py
[2026-08-20T13:41:04.428+0000] {processor.py:830} INFO - Processing file /opt/airflow/dags/clickstream_pipeline_dag.py for tasks to queue
[2026-08-20T13:41:04.433+0000] {logging_mixin.py:188} INFO - [2026-08-20T13:41:04.432+0000] {dagbag.py:545} INFO - Filling up the DagBag from /opt/airflow/dags/clickstream_pipeline_dag.py
[2026-08-20T13:41:04.482+0000] {processor.py:840} INFO - DAG(s) 'clickstream_pipeline' retrieved from /opt/airflow/dags/clickstream_pipeline_dag.py
[2026-08-20T13:41:04.546+0000] {logging_mixin.py:188} INFO - [2026-08-20T13:41:04.546+0000] {dag.py:3089} INFO - Sync 1 DAGs
[2026-08-20T13:41:04.586+0000] {logging_mixin.py:188} INFO - [2026-08-20T13:41:04.585+0000] {dag.py:3947} INFO - Setting next_dagrun for clickstream_pipeline to 2026-08-20 00:00:00+00:00, run_after=2026-08-21 00:00:00+00:00
[2026-08-20T13:41:04.617+0000] {processor.py:183} INFO - Processing /opt/airflow/dags/clickstream_pipeline_dag.py took 0.202 seconds
[2026-08-20T13:41:34.910+0000] {processor.py:161} INFO - Started process (PID=4730) to work on /opt/airflow/dags/clickstream_pipeline_dag.py
[2026-08-20T13:41:34.913+0000] {processor.py:830} INFO - Processing file /opt/airflow/dags/clickstream_pipeline_dag.py for tasks to queue
[2026-08-20T13:41:34.918+0000] {logging_mixin.py:188} INFO - [2026-08-20T13:41:34.918+0000] {dagbag.py:545} INFO - Filling up the DagBag from /opt/airflow/dags/clickstream_pipeline_dag.py
[2026-08-20T13:41:34.958+0000] {processor.py:840} INFO - DAG(s) 'clickstream_pipeline' retrieved from /opt/airflow/dags/clickstream_pipeline_dag.py
[2026-08-20T13:41:35.036+0000] {logging_mixin.py:188} INFO - [2026-08-20T13:41:35.036+0000] {dag.py:3089} INFO - Sync 1 DAGs
[2026-08-20T13:41:35.078+0000] {logging_mixin.py:188} INFO - [2026-08-20T13:41:35.078+0000] {dag.py:3947} INFO - Setting next_dagrun for clickstream_pipeline to 2026-08-20 00:00:00+00:00, run_after=2026-08-21 00:00:00+00:00
[2026-08-20T13:41:35.113+0000] {processor.py:183} INFO - Processing /opt/airflow/dags/clickstream_pipeline_dag.py took 0.217 seconds
[2026-08-20T13:42:05.413+0000] {processor.py:161} INFO - Started process (PID=4761) to work on /opt/airflow/dags/clickstream_pipeline_dag.py
[2026-08-20T13:42:05.416+0000] {processor.py:830} INFO - Processing file /opt/airflow/dags/clickstream_pipeline_dag.py for tasks to queue
[2026-08-20T13:42:05.422+0000] {logging_mixin.py:188} INFO - [2026-08-20T13:42:05.421+0000] {dagbag.py:545} INFO - Filling up the DagBag from /opt/airflow/dags/clickstream_pipeline_dag.py
[2026-08-20T13:42:05.470+0000] {processor.py:840} INFO - DAG(s) 'clickstream_pipeline' retrieved from /opt/airflow/dags/clickstream_pipeline_dag.py
[2026-08-20T13:42:05.547+0000] {logging_mixin.py:188} INFO - [2026-08-20T13:42:05.546+0000] {dag.py:3089} INFO - Sync 1 DAGs
[2026-08-20T13:42:05.583+0000] {logging_mixin.py:188} INFO - [2026-08-20T13:42:05.583+0000] {dag.py:3947} INFO - Setting next_dagrun for clickstream_pipeline to 2026-08-20 00:00:00+00:00, run_after=2026-08-21 00:00:00+00:00
[2026-08-20T13:42:05.621+0000] {processor.py:183} INFO - Processing /opt/airflow/dags/clickstream_pipeline_dag.py took 0.220 seconds
[2026-08-20T13:42:35.942+0000] {processor.py:161} INFO - Started process (PID=4785) to work on /opt/airflow/dags/clickstream_pipeline_dag.py
[2026-08-20T13:42:35.945+0000] {processor.py:830} INFO - Processing file /opt/airflow/dags/clickstream_pipeline_dag.py for tasks to queue
[2026-08-20T13:42:35.951+0000] {logging_mixin.py:188} INFO - [2026-08-20T13:42:35.950+0000] {dagbag.py:545} INFO - Filling up the DagBag from /opt/airflow/dags/clickstream_pipeline_dag.py
[2026-08-20T13:42:35.997+0000] {processor.py:840} INFO - DAG(s) 'clickstream_pipeline' retrieved from /opt/airflow/dags/clickstream_pipeline_dag.py
[2026-08-20T13:42:36.059+0000] {logging_mixin.py:188} INFO - [2026-08-20T13:42:36.059+0000] {dag.py:3089} INFO - Sync 1 DAGs
[2026-08-20T13:42:36.093+0000] {logging_mixin.py:188} INFO - [2026-08-20T13:42:36.092+0000] {dag.py:3947} INFO - Setting next_dagrun for clickstream_pipeline to 2026-08-20 00:00:00+00:00, run_after=2026-08-21 00:00:00+00:00
[2026-08-20T13:42:36.128+0000] {processor.py:183} INFO - Processing /opt/airflow/dags/clickstream_pipeline_dag.py took 0.200 seconds
[2026-08-20T13:43:06.431+0000] {processor.py:161} INFO - Started process (PID=4816) to work on /opt/airflow/dags/clickstream_pipeline_dag.py
[2026-08-20T13:43:06.434+0000] {processor.py:830} INFO - Processing file /opt/airflow/dags/clickstream_pipeline_dag.py for tasks to queue
[2026-08-20T13:43:06.438+0000] {logging_mixin.py:188} INFO - [2026-08-20T13:43:06.438+0000] {dagbag.py:545} INFO - Filling up the DagBag from /opt/airflow/dags/clickstream_pipeline_dag.py
[2026-08-20T13:43:06.479+0000] {processor.py:840} INFO - DAG(s) 'clickstream_pipeline' retrieved from /opt/airflow/dags/clickstream_pipeline_dag.py
[2026-08-20T13:43:06.540+0000] {logging_mixin.py:188} INFO - [2026-08-20T13:43:06.540+0000] {dag.py:3089} INFO - Sync 1 DAGs
[2026-08-20T13:43:06.580+0000] {logging_mixin.py:188} INFO - [2026-08-20T13:43:06.579+0000] {dag.py:3947} INFO - Setting next_dagrun for clickstream_pipeline to 2026-08-20 00:00:00+00:00, run_after=2026-08-21 00:00:00+00:00
[2026-08-20T13:43:06.620+0000] {processor.py:183} INFO - Processing /opt/airflow/dags/clickstream_pipeline_dag.py took 0.204 seconds
[2026-08-20T13:43:36.909+0000] {processor.py:161} INFO - Started process (PID=4841) to work on /opt/airflow/dags/clickstream_pipeline_dag.py
[2026-08-20T13:43:36.911+0000] {processor.py:830} INFO - Processing file /opt/airflow/dags/clickstream_pipeline_dag.py for tasks to queue
[2026-08-20T13:43:36.915+0000] {logging_mixin.py:188} INFO - [2026-08-20T13:43:36.915+0000] {dagbag.py:545} INFO - Filling up the DagBag from /opt/airflow/dags/clickstream_pipeline_dag.py
[2026-08-20T13:43:36.948+0000] {processor.py:840} INFO - DAG(s) 'clickstream_pipeline' retrieved from /opt/airflow/dags/clickstream_pipeline_dag.py
[2026-08-20T13:43:37.003+0000] {logging_mixin.py:188} INFO - [2026-08-20T13:43:37.003+0000] {dag.py:3089} INFO - Sync 1 DAGs
[2026-08-20T13:43:37.037+0000] {logging_mixin.py:188} INFO - [2026-08-20T13:43:37.037+0000] {dag.py:3947} INFO - Setting next_dagrun for clickstream_pipeline to 2026-08-20 00:00:00+00:00, run_after=2026-08-21 00:00:00+00:00
[2026-08-20T13:43:37.065+0000] {processor.py:183} INFO - Processing /opt/airflow/dags/clickstream_pipeline_dag.py took 0.166 seconds
[2026-08-20T13:44:07.375+0000] {processor.py:161} INFO - Started process (PID=4865) to work on /opt/airflow/dags/clickstream_pipeline_dag.py
[2026-08-20T13:44:07.378+0000] {processor.py:830} INFO - Processing file /opt/airflow/dags/clickstream_pipeline_dag.py for tasks to queue
[2026-08-20T13:44:07.383+0000] {logging_mixin.py:188} INFO - [2026-08-20T13:44:07.382+0000] {dagbag.py:545} INFO - Filling up the DagBag from /opt/airflow/dags/clickstream_pipeline_dag.py
[2026-08-20T13:44:07.422+0000] {processor.py:840} INFO - DAG(s) 'clickstream_pipeline' retrieved from /opt/airflow/dags/clickstream_pipeline_dag.py
[2026-08-20T13:44:07.495+0000] {logging_mixin.py:188} INFO - [2026-08-20T13:44:07.495+0000] {dag.py:3089} INFO - Sync 1 DAGs
[2026-08-20T13:44:07.541+0000] {logging_mixin.py:188} INFO - [2026-08-20T13:44:07.540+0000] {dag.py:3947} INFO - Setting next_dagrun for clickstream_pipeline to 2026-08-20 00:00:00+00:00, run_after=2026-08-21 00:00:00+00:00
[2026-08-20T13:44:07.577+0000] {processor.py:183} INFO - Processing /opt/airflow/dags/clickstream_pipeline_dag.py took 0.215 seconds
[2026-08-20T13:44:37.932+0000] {processor.py:161} INFO - Started process (PID=4896) to work on /opt/airflow/dags/clickstream_pipeline_dag.py
[2026-08-20T13:44:37.935+0000] {processor.py:830} INFO - Processing file /opt/airflow/dags/clickstream_pipeline_dag.py for tasks to queue
[2026-08-20T13:44:37.941+0000] {logging_mixin.py:188} INFO - [2026-08-20T13:44:37.940+0000] {dagbag.py:545} INFO - Filling up the DagBag from /opt/airflow/dags/clickstream_pipeline_dag.py
[2026-08-20T13:44:37.979+0000] {processor.py:840} INFO - DAG(s) 'clickstream_pipeline' retrieved from /opt/airflow/dags/clickstream_pipeline_dag.py
[2026-08-20T13:44:38.039+0000] {logging_mixin.py:188} INFO - [2026-08-20T13:44:38.039+0000] {dag.py:3089} INFO - Sync 1 DAGs
[2026-08-20T13:44:38.081+0000] {logging_mixin.py:188} INFO - [2026-08-20T13:44:38.080+0000] {dag.py:3947} INFO - Setting next_dagrun for clickstream_pipeline to 2026-08-20 00:00:00+00:00, run_after=2026-08-21 00:00:00+00:00
[2026-08-20T13:44:38.113+0000] {processor.py:183} INFO - Processing /opt/airflow/dags/clickstream_pipeline_dag.py took 0.192 seconds
[2026-08-20T13:45:08.420+0000] {processor.py:161} INFO - Started process (PID=4920) to work on /opt/airflow/dags/clickstream_pipeline_dag.py
[2026-08-20T13:45:08.422+0000] {processor.py:830} INFO - Processing file /opt/airflow/dags/clickstream_pipeline_dag.py for tasks to queue
[2026-08-20T13:45:08.426+0000] {logging_mixin.py:188} INFO - [2026-08-20T13:45:08.426+0000] {dagbag.py:545} INFO - Filling up the DagBag from /opt/airflow/dags/clickstream_pipeline_dag.py
[2026-08-20T13:45:08.465+0000] {processor.py:840} INFO - DAG(s) 'clickstream_pipeline' retrieved from /opt/airflow/dags/clickstream_pipeline_dag.py
[2026-08-20T13:45:08.535+0000] {logging_mixin.py:188} INFO - [2026-08-20T13:45:08.535+0000] {dag.py:3089} INFO - Sync 1 DAGs
[2026-08-20T13:45:08.573+0000] {logging_mixin.py:188} INFO - [2026-08-20T13:45:08.572+0000] {dag.py:3947} INFO - Setting next_dagrun for clickstream_pipeline to 2026-08-20 00:00:00+00:00, run_after=2026-08-21 00:00:00+00:00
[2026-08-20T13:45:08.604+0000] {processor.py:183} INFO - Processing /opt/airflow/dags/clickstream_pipeline_dag.py took 0.196 seconds
[2026-08-20T13:45:38.900+0000] {processor.py:161} INFO - Started process (PID=4951) to work on /opt/airflow/dags/clickstream_pipeline_dag.py
[2026-08-20T13:45:38.903+0000] {processor.py:830} INFO - Processing file /opt/airflow/dags/clickstream_pipeline_dag.py for tasks to queue
[2026-08-20T13:45:38.910+0000] {logging_mixin.py:188} INFO - [2026-08-20T13:45:38.909+0000] {dagbag.py:545} INFO - Filling up the DagBag from /opt/airflow/dags/clickstream_pipeline_dag.py
[2026-08-20T13:45:38.956+0000] {processor.py:840} INFO - DAG(s) 'clickstream_pipeline' retrieved from /opt/airflow/dags/clickstream_pipeline_dag.py
[2026-08-20T13:45:39.028+0000] {logging_mixin.py:188} INFO - [2026-08-20T13:45:39.027+0000] {dag.py:3089} INFO - Sync 1 DAGs
[2026-08-20T13:45:39.064+0000] {logging_mixin.py:188} INFO - [2026-08-20T13:45:39.063+0000] {dag.py:3947} INFO - Setting next_dagrun for clickstream_pipeline to 2026-08-20 00:00:00+00:00, run_after=2026-08-21 00:00:00+00:00
[2026-08-20T13:45:39.104+0000] {processor.py:183} INFO - Processing /opt/airflow/dags/clickstream_pipeline_dag.py took 0.213 seconds
[2026-08-20T13:46:09.441+0000] {processor.py:161} INFO - Started process (PID=4975) to work on /opt/airflow/dags/clickstream_pipeline_dag.py
[2026-08-20T13:46:09.444+0000] {processor.py:830} INFO - Processing file /opt/airflow/dags/clickstream_pipeline_dag.py for tasks to queue
[2026-08-20T13:46:09.449+0000] {logging_mixin.py:188} INFO - [2026-08-20T13:46:09.448+0000] {dagbag.py:545} INFO - Filling up the DagBag from /opt/airflow/dags/clickstream_pipeline_dag.py
[2026-08-20T13:46:09.485+0000] {processor.py:840} INFO - DAG(s) 'clickstream_pipeline' retrieved from /opt/airflow/dags/clickstream_pipeline_dag.py
[2026-08-20T13:46:09.544+0000] {logging_mixin.py:188} INFO - [2026-08-20T13:46:09.543+0000] {dag.py:3089} INFO - Sync 1 DAGs
[2026-08-20T13:46:09.581+0000] {logging_mixin.py:188} INFO - [2026-08-20T13:46:09.581+0000] {dag.py:3947} INFO - Setting next_dagrun for clickstream_pipeline to 2026-08-20 00:00:00+00:00, run_after=2026-08-21 00:00:00+00:00
[2026-08-20T13:46:09.624+0000] {processor.py:183} INFO - Processing /opt/airflow/dags/clickstream_pipeline_dag.py took 0.197 seconds
[2026-08-20T13:46:39.931+0000] {processor.py:161} INFO - Started process (PID=5006) to work on /opt/airflow/dags/clickstream_pipeline_dag.py
[2026-08-20T13:46:39.933+0000] {processor.py:830} INFO - Processing file /opt/airflow/dags/clickstream_pipeline_dag.py for tasks to queue
[2026-08-20T13:46:39.938+0000] {logging_mixin.py:188} INFO - [2026-08-20T13:46:39.937+0000] {dagbag.py:545} INFO - Filling up the DagBag from /opt/airflow/dags/clickstream_pipeline_dag.py
[2026-08-20T13:46:39.987+0000] {processor.py:840} INFO - DAG(s) 'clickstream_pipeline' retrieved from /opt/airflow/dags/clickstream_pipeline_dag.py
[2026-08-20T13:46:40.055+0000] {logging_mixin.py:188} INFO - [2026-08-20T13:46:40.055+0000] {dag.py:3089} INFO - Sync 1 DAGs
[2026-08-20T13:46:40.095+0000] {logging_mixin.py:188} INFO - [2026-08-20T13:46:40.095+0000] {dag.py:3947} INFO - Setting next_dagrun for clickstream_pipeline to 2026-08-20 00:00:00+00:00, run_after=2026-08-21 00:00:00+00:00
[2026-08-20T13:46:40.129+0000] {processor.py:183} INFO - Processing /opt/airflow/dags/clickstream_pipeline_dag.py took 0.217 seconds
[2026-08-20T13:47:10.443+0000] {processor.py:161} INFO - Started process (PID=5031) to work on /opt/airflow/dags/clickstream_pipeline_dag.py
[2026-08-20T13:47:10.445+0000] {processor.py:830} INFO - Processing file /opt/airflow/dags/clickstream_pipeline_dag.py for tasks to queue
[2026-08-20T13:47:10.450+0000] {logging_mixin.py:188} INFO - [2026-08-20T13:47:10.449+0000] {dagbag.py:545} INFO - Filling up the DagBag from /opt/airflow/dags/clickstream_pipeline_dag.py
[2026-08-20T13:47:10.504+0000] {processor.py:840} INFO - DAG(s) 'clickstream_pipeline' retrieved from /opt/airflow/dags/clickstream_pipeline_dag.py
[2026-08-20T13:47:10.597+0000] {logging_mixin.py:188} INFO - [2026-08-20T13:47:10.596+0000] {dag.py:3089} INFO - Sync 1 DAGs
[2026-08-20T13:47:10.649+0000] {logging_mixin.py:188} INFO - [2026-08-20T13:47:10.649+0000] {dag.py:3947} INFO - Setting next_dagrun for clickstream_pipeline to 2026-08-20 00:00:00+00:00, run_after=2026-08-21 00:00:00+00:00
[2026-08-20T13:47:10.694+0000] {processor.py:183} INFO - Processing /opt/airflow/dags/clickstream_pipeline_dag.py took 0.261 seconds
[2026-08-20T13:47:41.021+0000] {processor.py:161} INFO - Started process (PID=5055) to work on /opt/airflow/dags/clickstream_pipeline_dag.py
[2026-08-20T13:47:41.025+0000] {processor.py:830} INFO - Processing file /opt/airflow/dags/clickstream_pipeline_dag.py for tasks to queue
[2026-08-20T13:47:41.030+0000] {logging_mixin.py:188} INFO - [2026-08-20T13:47:41.029+0000] {dagbag.py:545} INFO - Filling up the DagBag from /opt/airflow/dags/clickstream_pipeline_dag.py
[2026-08-20T13:47:41.068+0000] {processor.py:840} INFO - DAG(s) 'clickstream_pipeline' retrieved from /opt/airflow/dags/clickstream_pipeline_dag.py
[2026-08-20T13:47:41.135+0000] {logging_mixin.py:188} INFO - [2026-08-20T13:47:41.134+0000] {dag.py:3089} INFO - Sync 1 DAGs
[2026-08-20T13:47:41.171+0000] {logging_mixin.py:188} INFO - [2026-08-20T13:47:41.171+0000] {dag.py:3947} INFO - Setting next_dagrun for clickstream_pipeline to 2026-08-20 00:00:00+00:00, run_after=2026-08-21 00:00:00+00:00
[2026-08-20T13:47:41.202+0000] {processor.py:183} INFO - Processing /opt/airflow/dags/clickstream_pipeline_dag.py took 0.189 seconds
[2026-08-20T13:48:11.493+0000] {processor.py:161} INFO - Started process (PID=5086) to work on /opt/airflow/dags/clickstream_pipeline_dag.py
[2026-08-20T13:48:11.496+0000] {processor.py:830} INFO - Processing file /opt/airflow/dags/clickstream_pipeline_dag.py for tasks to queue
[2026-08-20T13:48:11.500+0000] {logging_mixin.py:188} INFO - [2026-08-20T13:48:11.500+0000] {dagbag.py:545} INFO - Filling up the DagBag from /opt/airflow/dags/clickstream_pipeline_dag.py
[2026-08-20T13:48:11.540+0000] {processor.py:840} INFO - DAG(s) 'clickstream_pipeline' retrieved from /opt/airflow/dags/clickstream_pipeline_dag.py
[2026-08-20T13:48:11.593+0000] {logging_mixin.py:188} INFO - [2026-08-20T13:48:11.593+0000] {dag.py:3089} INFO - Sync 1 DAGs
[2026-08-20T13:48:11.631+0000] {logging_mixin.py:188} INFO - [2026-08-20T13:48:11.630+0000] {dag.py:3947} INFO - Setting next_dagrun for clickstream_pipeline to 2026-08-20 00:00:00+00:00, run_after=2026-08-21 00:00:00+00:00
[2026-08-20T13:48:11.666+0000] {processor.py:183} INFO - Processing /opt/airflow/dags/clickstream_pipeline_dag.py took 0.190 seconds
[2026-08-20T13:48:41.981+0000] {processor.py:161} INFO - Started process (PID=5110) to work on /opt/airflow/dags/clickstream_pipeline_dag.py
[2026-08-20T13:48:41.983+0000] {processor.py:830} INFO - Processing file /opt/airflow/dags/clickstream_pipeline_dag.py for tasks to queue
[2026-08-20T13:48:41.987+0000] {logging_mixin.py:188} INFO - [2026-08-20T13:48:41.987+0000] {dagbag.py:545} INFO - Filling up the DagBag from /opt/airflow/dags/clickstream_pipeline_dag.py
[2026-08-20T13:48:42.020+0000] {processor.py:840} INFO - DAG(s) 'clickstream_pipeline' retrieved from /opt/airflow/dags/clickstream_pipeline_dag.py
[2026-08-20T13:48:42.090+0000] {logging_mixin.py:188} INFO - [2026-08-20T13:48:42.090+0000] {dag.py:3089} INFO - Sync 1 DAGs
[2026-08-20T13:48:42.131+0000] {logging_mixin.py:188} INFO - [2026-08-20T13:48:42.131+0000] {dag.py:3947} INFO - Setting next_dagrun for clickstream_pipeline to 2026-08-20 00:00:00+00:00, run_after=2026-08-21 00:00:00+00:00
[2026-08-20T13:48:42.172+0000] {processor.py:183} INFO - Processing /opt/airflow/dags/clickstream_pipeline_dag.py took 0.203 seconds
[2026-08-20T13:49:12.500+0000] {processor.py:161} INFO - Started process (PID=5141) to work on /opt/airflow/dags/clickstream_pipeline_dag.py
[2026-08-20T13:49:12.503+0000] {processor.py:830} INFO - Processing file /opt/airflow/dags/clickstream_pipeline_dag.py for tasks to queue
[2026-08-20T13:49:12.507+0000] {logging_mixin.py:188} INFO - [2026-08-20T13:49:12.506+0000] {dagbag.py:545} INFO - Filling up the DagBag from /opt/airflow/dags/clickstream_pipeline_dag.py
[2026-08-20T13:49:12.542+0000] {processor.py:840} INFO - DAG(s) 'clickstream_pipeline' retrieved from /opt/airflow/dags/clickstream_pipeline_dag.py
[2026-08-20T13:49:12.614+0000] {logging_mixin.py:188} INFO - [2026-08-20T13:49:12.614+0000] {dag.py:3089} INFO - Sync 1 DAGs
[2026-08-20T13:49:12.658+0000] {logging_mixin.py:188} INFO - [2026-08-20T13:49:12.658+0000] {dag.py:3947} INFO - Setting next_dagrun for clickstream_pipeline to 2026-08-20 00:00:00+00:00, run_after=2026-08-21 00:00:00+00:00
[2026-08-20T13:49:12.694+0000] {processor.py:183} INFO - Processing /opt/airflow/dags/clickstream_pipeline_dag.py took 0.206 seconds
[2026-08-20T13:49:43.077+0000] {processor.py:161} INFO - Started process (PID=5165) to work on /opt/airflow/dags/clickstream_pipeline_dag.py
[2026-08-20T13:49:43.079+0000] {processor.py:830} INFO - Processing file /opt/airflow/dags/clickstream_pipeline_dag.py for tasks to queue
[2026-08-20T13:49:43.084+0000] {logging_mixin.py:188} INFO - [2026-08-20T13:49:43.083+0000] {dagbag.py:545} INFO - Filling up the DagBag from /opt/airflow/dags/clickstream_pipeline_dag.py
[2026-08-20T13:49:43.118+0000] {processor.py:840} INFO - DAG(s) 'clickstream_pipeline' retrieved from /opt/airflow/dags/clickstream_pipeline_dag.py
[2026-08-20T13:49:43.176+0000] {logging_mixin.py:188} INFO - [2026-08-20T13:49:43.176+0000] {dag.py:3089} INFO - Sync 1 DAGs
[2026-08-20T13:49:43.212+0000] {logging_mixin.py:188} INFO - [2026-08-20T13:49:43.212+0000] {dag.py:3947} INFO - Setting next_dagrun for clickstream_pipeline to 2026-08-20 00:00:00+00:00, run_after=2026-08-21 00:00:00+00:00
[2026-08-20T13:49:43.241+0000] {processor.py:183} INFO - Processing /opt/airflow/dags/clickstream_pipeline_dag.py took 0.175 seconds
[2026-08-20T13:50:13.574+0000] {processor.py:161} INFO - Started process (PID=5198) to work on /opt/airflow/dags/clickstream_pipeline_dag.py
[2026-08-20T13:50:13.578+0000] {processor.py:830} INFO - Processing file /opt/airflow/dags/clickstream_pipeline_dag.py for tasks to queue
[2026-08-20T13:50:13.583+0000] {logging_mixin.py:188} INFO - [2026-08-20T13:50:13.582+0000] {dagbag.py:545} INFO - Filling up the DagBag from /opt/airflow/dags/clickstream_pipeline_dag.py
[2026-08-20T13:50:13.626+0000] {processor.py:840} INFO - DAG(s) 'clickstream_pipeline' retrieved from /opt/airflow/dags/clickstream_pipeline_dag.py
[2026-08-20T13:50:13.702+0000] {logging_mixin.py:188} INFO - [2026-08-20T13:50:13.702+0000] {dag.py:3089} INFO - Sync 1 DAGs
[2026-08-20T13:50:13.778+0000] {logging_mixin.py:188} INFO - [2026-08-20T13:50:13.778+0000] {dag.py:3947} INFO - Setting next_dagrun for clickstream_pipeline to 2026-08-20 00:00:00+00:00, run_after=2026-08-21 00:00:00+00:00
[2026-08-20T13:50:13.812+0000] {processor.py:183} INFO - Processing /opt/airflow/dags/clickstream_pipeline_dag.py took 0.257 seconds
[2026-08-20T13:50:44.157+0000] {processor.py:161} INFO - Started process (PID=5222) to work on /opt/airflow/dags/clickstream_pipeline_dag.py
[2026-08-20T13:50:44.159+0000] {processor.py:830} INFO - Processing file /opt/airflow/dags/clickstream_pipeline_dag.py for tasks to queue
[2026-08-20T13:50:44.163+0000] {logging_mixin.py:188} INFO - [2026-08-20T13:50:44.163+0000] {dagbag.py:545} INFO - Filling up the DagBag from /opt/airflow/dags/clickstream_pipeline_dag.py
[2026-08-20T13:50:44.195+0000] {processor.py:840} INFO - DAG(s) 'clickstream_pipeline' retrieved from /opt/airflow/dags/clickstream_pipeline_dag.py
[2026-08-20T13:50:44.257+0000] {logging_mixin.py:188} INFO - [2026-08-20T13:50:44.257+0000] {dag.py:3089} INFO - Sync 1 DAGs
[2026-08-20T13:50:44.298+0000] {logging_mixin.py:188} INFO - [2026-08-20T13:50:44.297+0000] {dag.py:3947} INFO - Setting next_dagrun for clickstream_pipeline to 2026-08-20 00:00:00+00:00, run_after=2026-08-21 00:00:00+00:00
[2026-08-20T13:50:44.336+0000] {processor.py:183} INFO - Processing /opt/airflow/dags/clickstream_pipeline_dag.py took 0.192 seconds
[2026-08-20T13:51:14.641+0000] {processor.py:161} INFO - Started process (PID=5246) to work on /opt/airflow/dags/clickstream_pipeline_dag.py
[2026-08-20T13:51:14.644+0000] {processor.py:830} INFO - Processing file /opt/airflow/dags/clickstream_pipeline_dag.py for tasks to queue
[2026-08-20T13:51:14.649+0000] {logging_mixin.py:188} INFO - [2026-08-20T13:51:14.648+0000] {dagbag.py:545} INFO - Filling up the DagBag from /opt/airflow/dags/clickstream_pipeline_dag.py
[2026-08-20T13:51:14.681+0000] {processor.py:840} INFO - DAG(s) 'clickstream_pipeline' retrieved from /opt/airflow/dags/clickstream_pipeline_dag.py
[2026-08-20T13:51:14.741+0000] {logging_mixin.py:188} INFO - [2026-08-20T13:51:14.740+0000] {dag.py:3089} INFO - Sync 1 DAGs
[2026-08-20T13:51:14.779+0000] {logging_mixin.py:188} INFO - [2026-08-20T13:51:14.778+0000] {dag.py:3947} INFO - Setting next_dagrun for clickstream_pipeline to 2026-08-20 00:00:00+00:00, run_after=2026-08-21 00:00:00+00:00
[2026-08-20T13:51:14.820+0000] {processor.py:183} INFO - Processing /opt/airflow/dags/clickstream_pipeline_dag.py took 0.193 seconds
[2026-08-20T13:51:45.160+0000] {processor.py:161} INFO - Started process (PID=5277) to work on /opt/airflow/dags/clickstream_pipeline_dag.py
[2026-08-20T13:51:45.162+0000] {processor.py:830} INFO - Processing file /opt/airflow/dags/clickstream_pipeline_dag.py for tasks to queue
[2026-08-20T13:51:45.166+0000] {logging_mixin.py:188} INFO - [2026-08-20T13:51:45.165+0000] {dagbag.py:545} INFO - Filling up the DagBag from /opt/airflow/dags/clickstream_pipeline_dag.py
[2026-08-20T13:51:45.206+0000] {processor.py:840} INFO - DAG(s) 'clickstream_pipeline' retrieved from /opt/airflow/dags/clickstream_pipeline_dag.py
[2026-08-20T13:51:45.262+0000] {logging_mixin.py:188} INFO - [2026-08-20T13:51:45.261+0000] {dag.py:3089} INFO - Sync 1 DAGs
[2026-08-20T13:51:45.293+0000] {logging_mixin.py:188} INFO - [2026-08-20T13:51:45.293+0000] {dag.py:3947} INFO - Setting next_dagrun for clickstream_pipeline to 2026-08-20 00:00:00+00:00, run_after=2026-08-21 00:00:00+00:00
[2026-08-20T13:51:45.326+0000] {processor.py:183} INFO - Processing /opt/airflow/dags/clickstream_pipeline_dag.py took 0.181 seconds
[2026-08-20T13:52:15.646+0000] {processor.py:161} INFO - Started process (PID=5301) to work on /opt/airflow/dags/clickstream_pipeline_dag.py
[2026-08-20T13:52:15.649+0000] {processor.py:830} INFO - Processing file /opt/airflow/dags/clickstream_pipeline_dag.py for tasks to queue
[2026-08-20T13:52:15.652+0000] {logging_mixin.py:188} INFO - [2026-08-20T13:52:15.652+0000] {dagbag.py:545} INFO - Filling up the DagBag from /opt/airflow/dags/clickstream_pipeline_dag.py
[2026-08-20T13:52:15.682+0000] {processor.py:840} INFO - DAG(s) 'clickstream_pipeline' retrieved from /opt/airflow/dags/clickstream_pipeline_dag.py
[2026-08-20T13:52:15.733+0000] {logging_mixin.py:188} INFO - [2026-08-20T13:52:15.733+0000] {dag.py:3089} INFO - Sync 1 DAGs
[2026-08-20T13:52:15.765+0000] {logging_mixin.py:188} INFO - [2026-08-20T13:52:15.765+0000] {dag.py:3947} INFO - Setting next_dagrun for clickstream_pipeline to 2026-08-20 00:00:00+00:00, run_after=2026-08-21 00:00:00+00:00
[2026-08-20T13:52:15.796+0000] {processor.py:183} INFO - Processing /opt/airflow/dags/clickstream_pipeline_dag.py took 0.161 seconds
[2026-08-20T13:52:46.123+0000] {processor.py:161} INFO - Started process (PID=5332) to work on /opt/airflow/dags/clickstream_pipeline_dag.py
[2026-08-20T13:52:46.126+0000] {processor.py:830} INFO - Processing file /opt/airflow/dags/clickstream_pipeline_dag.py for tasks to queue
[2026-08-20T13:52:46.131+0000] {logging_mixin.py:188} INFO - [2026-08-20T13:52:46.131+0000] {dagbag.py:545} INFO - Filling up the DagBag from /opt/airflow/dags/clickstream_pipeline_dag.py
[2026-08-20T13:52:46.174+0000] {processor.py:840} INFO - DAG(s) 'clickstream_pipeline' retrieved from /opt/airflow/dags/clickstream_pipeline_dag.py
[2026-08-20T13:52:46.237+0000] {logging_mixin.py:188} INFO - [2026-08-20T13:52:46.237+0000] {dag.py:3089} INFO - Sync 1 DAGs
[2026-08-20T13:52:46.277+0000] {logging_mixin.py:188} INFO - [2026-08-20T13:52:46.276+0000] {dag.py:3947} INFO - Setting next_dagrun for clickstream_pipeline to 2026-08-20 00:00:00+00:00, run_after=2026-08-21 00:00:00+00:00
[2026-08-20T13:52:46.313+0000] {processor.py:183} INFO - Processing /opt/airflow/dags/clickstream_pipeline_dag.py took 0.209 seconds
[2026-08-20T13:53:16.661+0000] {processor.py:161} INFO - Started process (PID=5356) to work on /opt/airflow/dags/clickstream_pipeline_dag.py
[2026-08-20T13:53:16.666+0000] {processor.py:830} INFO - Processing file /opt/airflow/dags/clickstream_pipeline_dag.py for tasks to queue
[2026-08-20T13:53:16.671+0000] {logging_mixin.py:188} INFO - [2026-08-20T13:53:16.671+0000] {dagbag.py:545} INFO - Filling up the DagBag from /opt/airflow/dags/clickstream_pipeline_dag.py
[2026-08-20T13:53:16.712+0000] {processor.py:840} INFO - DAG(s) 'clickstream_pipeline' retrieved from /opt/airflow/dags/clickstream_pipeline_dag.py
[2026-08-20T13:53:16.783+0000] {logging_mixin.py:188} INFO - [2026-08-20T13:53:16.783+0000] {dag.py:3089} INFO - Sync 1 DAGs
[2026-08-20T13:53:16.842+0000] {logging_mixin.py:188} INFO - [2026-08-20T13:53:16.842+0000] {dag.py:3947} INFO - Setting next_dagrun for clickstream_pipeline to 2026-08-20 00:00:00+00:00, run_after=2026-08-21 00:00:00+00:00
[2026-08-20T13:53:16.888+0000] {processor.py:183} INFO - Processing /opt/airflow/dags/clickstream_pipeline_dag.py took 0.242 seconds
[2026-08-20T13:53:47.223+0000] {processor.py:161} INFO - Started process (PID=5387) to work on /opt/airflow/dags/clickstream_pipeline_dag.py
[2026-08-20T13:53:47.226+0000] {processor.py:830} INFO - Processing file /opt/airflow/dags/clickstream_pipeline_dag.py for tasks to queue
[2026-08-20T13:53:47.233+0000] {logging_mixin.py:188} INFO - [2026-08-20T13:53:47.232+0000] {dagbag.py:545} INFO - Filling up the DagBag from /opt/airflow/dags/clickstream_pipeline_dag.py
[2026-08-20T13:53:47.296+0000] {processor.py:840} INFO - DAG(s) 'clickstream_pipeline' retrieved from /opt/airflow/dags/clickstream_pipeline_dag.py
[2026-08-20T13:53:47.369+0000] {logging_mixin.py:188} INFO - [2026-08-20T13:53:47.369+0000] {dag.py:3089} INFO - Sync 1 DAGs
[2026-08-20T13:53:47.415+0000] {logging_mixin.py:188} INFO - [2026-08-20T13:53:47.415+0000] {dag.py:3947} INFO - Setting next_dagrun for clickstream_pipeline to 2026-08-20 00:00:00+00:00, run_after=2026-08-21 00:00:00+00:00
[2026-08-20T13:53:47.463+0000] {processor.py:183} INFO - Processing /opt/airflow/dags/clickstream_pipeline_dag.py took 0.259 seconds
[2026-08-20T13:54:17.842+0000] {processor.py:161} INFO - Started process (PID=5411) to work on /opt/airflow/dags/clickstream_pipeline_dag.py
[2026-08-20T13:54:17.845+0000] {processor.py:830} INFO - Processing file /opt/airflow/dags/clickstream_pipeline_dag.py for tasks to queue
[2026-08-20T13:54:17.850+0000] {logging_mixin.py:188} INFO - [2026-08-20T13:54:17.849+0000] {dagbag.py:545} INFO - Filling up the DagBag from /opt/airflow/dags/clickstream_pipeline_dag.py
[2026-08-20T13:54:17.887+0000] {processor.py:840} INFO - DAG(s) 'clickstream_pipeline' retrieved from /opt/airflow/dags/clickstream_pipeline_dag.py
[2026-08-20T13:54:17.954+0000] {logging_mixin.py:188} INFO - [2026-08-20T13:54:17.953+0000] {dag.py:3089} INFO - Sync 1 DAGs
[2026-08-20T13:54:18.001+0000] {logging_mixin.py:188} INFO - [2026-08-20T13:54:18.000+0000] {dag.py:3947} INFO - Setting next_dagrun for clickstream_pipeline to 2026-08-20 00:00:00+00:00, run_after=2026-08-21 00:00:00+00:00
[2026-08-20T13:54:18.042+0000] {processor.py:183} INFO - Processing /opt/airflow/dags/clickstream_pipeline_dag.py took 0.213 seconds
