[2026-08-20T06:39:24.124+0000] {processor.py:161} INFO - Started process (PID=173) to work on /opt/airflow/dags/hello_airflow.py
[2026-08-20T06:39:24.125+0000] {processor.py:830} INFO - Processing file /opt/airflow/dags/hello_airflow.py for tasks to queue
[2026-08-20T06:39:24.128+0000] {logging_mixin.py:188} INFO - [2026-08-20T06:39:24.128+0000] {dagbag.py:545} INFO - Filling up the DagBag from /opt/airflow/dags/hello_airflow.py
[2026-08-20T06:39:24.154+0000] {processor.py:840} INFO - DAG(s) 'hello_airflow' retrieved from /opt/airflow/dags/hello_airflow.py
[2026-08-20T06:39:24.227+0000] {logging_mixin.py:188} INFO - [2026-08-20T06:39:24.226+0000] {dag.py:3089} INFO - Sync 1 DAGs
[2026-08-20T06:39:24.254+0000] {logging_mixin.py:188} INFO - [2026-08-20T06:39:24.253+0000] {dag.py:3947} INFO - Setting next_dagrun for hello_airflow to None, run_after=None
[2026-08-20T06:39:24.297+0000] {processor.py:183} INFO - Processing /opt/airflow/dags/hello_airflow.py took 0.179 seconds
[2026-08-20T06:39:54.551+0000] {processor.py:161} INFO - Started process (PID=198) to work on /opt/airflow/dags/hello_airflow.py
[2026-08-20T06:39:54.553+0000] {processor.py:830} INFO - Processing file /opt/airflow/dags/hello_airflow.py for tasks to queue
[2026-08-20T06:39:54.555+0000] {logging_mixin.py:188} INFO - [2026-08-20T06:39:54.555+0000] {dagbag.py:545} INFO - Filling up the DagBag from /opt/airflow/dags/hello_airflow.py
[2026-08-20T06:39:54.574+0000] {processor.py:840} INFO - DAG(s) 'hello_airflow' retrieved from /opt/airflow/dags/hello_airflow.py
[2026-08-20T06:39:54.589+0000] {logging_mixin.py:188} INFO - [2026-08-20T06:39:54.589+0000] {dag.py:3089} INFO - Sync 1 DAGs
[2026-08-20T06:39:54.606+0000] {logging_mixin.py:188} INFO - [2026-08-20T06:39:54.605+0000] {dag.py:3947} INFO - Setting next_dagrun for hello_airflow to None, run_after=None
[2026-08-20T06:39:54.633+0000] {processor.py:183} INFO - Processing /opt/airflow/dags/hello_airflow.py took 0.088 seconds
[2026-08-20T06:40:25.431+0000] {processor.py:161} INFO - Started process (PID=230) to work on /opt/airflow/dags/hello_airflow.py
[2026-08-20T06:40:25.440+0000] {processor.py:830} INFO - Processing file /opt/airflow/dags/hello_airflow.py for tasks to queue
[2026-08-20T06:40:25.465+0000] {logging_mixin.py:188} INFO - [2026-08-20T06:40:25.464+0000] {dagbag.py:545} INFO - Filling up the DagBag from /opt/airflow/dags/hello_airflow.py
[2026-08-20T06:40:25.623+0000] {processor.py:840} INFO - DAG(s) 'hello_airflow' retrieved from /opt/airflow/dags/hello_airflow.py
[2026-08-20T06:40:26.234+0000] {logging_mixin.py:188} INFO - [2026-08-20T06:40:26.233+0000] {dag.py:3089} INFO - Sync 1 DAGs
[2026-08-20T06:40:26.289+0000] {logging_mixin.py:188} INFO - [2026-08-20T06:40:26.288+0000] {dag.py:3947} INFO - Setting next_dagrun for hello_airflow to None, run_after=None
[2026-08-20T06:40:26.378+0000] {processor.py:183} INFO - Processing /opt/airflow/dags/hello_airflow.py took 0.969 seconds
[2026-08-20T06:40:57.177+0000] {processor.py:161} INFO - Started process (PID=388) to work on /opt/airflow/dags/hello_airflow.py
[2026-08-20T06:40:57.204+0000] {processor.py:830} INFO - Processing file /opt/airflow/dags/hello_airflow.py for tasks to queue
[2026-08-20T06:40:57.239+0000] {logging_mixin.py:188} INFO - [2026-08-20T06:40:57.238+0000] {dagbag.py:545} INFO - Filling up the DagBag from /opt/airflow/dags/hello_airflow.py
[2026-08-20T06:40:58.265+0000] {processor.py:840} INFO - DAG(s) 'hello_airflow' retrieved from /opt/airflow/dags/hello_airflow.py
[2026-08-20T06:40:58.440+0000] {logging_mixin.py:188} INFO - [2026-08-20T06:40:58.440+0000] {dag.py:3089} INFO - Sync 1 DAGs
[2026-08-20T06:40:58.527+0000] {logging_mixin.py:188} INFO - [2026-08-20T06:40:58.527+0000] {dag.py:3947} INFO - Setting next_dagrun for hello_airflow to None, run_after=None
[2026-08-20T06:40:58.610+0000] {processor.py:183} INFO - Processing /opt/airflow/dags/hello_airflow.py took 1.475 seconds
[2026-08-20T06:41:29.440+0000] {processor.py:161} INFO - Started process (PID=538) to work on /opt/airflow/dags/hello_airflow.py
[2026-08-20T06:41:29.441+0000] {processor.py:830} INFO - Processing file /opt/airflow/dags/hello_airflow.py for tasks to queue
[2026-08-20T06:41:29.444+0000] {logging_mixin.py:188} INFO - [2026-08-20T06:41:29.443+0000] {dagbag.py:545} INFO - Filling up the DagBag from /opt/airflow/dags/hello_airflow.py
[2026-08-20T06:41:29.463+0000] {processor.py:840} INFO - DAG(s) 'hello_airflow' retrieved from /opt/airflow/dags/hello_airflow.py
[2026-08-20T06:41:29.498+0000] {logging_mixin.py:188} INFO - [2026-08-20T06:41:29.498+0000] {dag.py:3089} INFO - Sync 1 DAGs
[2026-08-20T06:41:29.512+0000] {logging_mixin.py:188} INFO - [2026-08-20T06:41:29.512+0000] {dag.py:3947} INFO - Setting next_dagrun for hello_airflow to None, run_after=None
[2026-08-20T06:41:29.534+0000] {processor.py:183} INFO - Processing /opt/airflow/dags/hello_airflow.py took 0.099 seconds
[2026-08-20T06:41:59.790+0000] {processor.py:161} INFO - Started process (PID=569) to work on /opt/airflow/dags/hello_airflow.py
[2026-08-20T06:41:59.791+0000] {processor.py:830} INFO - Processing file /opt/airflow/dags/hello_airflow.py for tasks to queue
[2026-08-20T06:41:59.793+0000] {logging_mixin.py:188} INFO - [2026-08-20T06:41:59.793+0000] {dagbag.py:545} INFO - Filling up the DagBag from /opt/airflow/dags/hello_airflow.py
[2026-08-20T06:41:59.811+0000] {processor.py:840} INFO - DAG(s) 'hello_airflow' retrieved from /opt/airflow/dags/hello_airflow.py
[2026-08-20T06:41:59.837+0000] {logging_mixin.py:188} INFO - [2026-08-20T06:41:59.837+0000] {dag.py:3089} INFO - Sync 1 DAGs
[2026-08-20T06:41:59.850+0000] {logging_mixin.py:188} INFO - [2026-08-20T06:41:59.850+0000] {dag.py:3947} INFO - Setting next_dagrun for hello_airflow to None, run_after=None
[2026-08-20T06:41:59.868+0000] {processor.py:183} INFO - Processing /opt/airflow/dags/hello_airflow.py took 0.084 seconds
[2026-08-20T06:42:30.113+0000] {processor.py:161} INFO - Started process (PID=593) to work on /opt/airflow/dags/hello_airflow.py
[2026-08-20T06:42:30.115+0000] {processor.py:830} INFO - Processing file /opt/airflow/dags/hello_airflow.py for tasks to queue
[2026-08-20T06:42:30.118+0000] {logging_mixin.py:188} INFO - [2026-08-20T06:42:30.117+0000] {dagbag.py:545} INFO - Filling up the DagBag from /opt/airflow/dags/hello_airflow.py
[2026-08-20T06:42:30.135+0000] {processor.py:840} INFO - DAG(s) 'hello_airflow' retrieved from /opt/airflow/dags/hello_airflow.py
[2026-08-20T06:42:30.168+0000] {logging_mixin.py:188} INFO - [2026-08-20T06:42:30.168+0000] {dag.py:3089} INFO - Sync 1 DAGs
[2026-08-20T06:42:30.182+0000] {logging_mixin.py:188} INFO - [2026-08-20T06:42:30.181+0000] {dag.py:3947} INFO - Setting next_dagrun for hello_airflow to None, run_after=None
[2026-08-20T06:42:30.201+0000] {processor.py:183} INFO - Processing /opt/airflow/dags/hello_airflow.py took 0.095 seconds
[2026-08-20T06:43:00.439+0000] {processor.py:161} INFO - Started process (PID=624) to work on /opt/airflow/dags/hello_airflow.py
[2026-08-20T06:43:00.440+0000] {processor.py:830} INFO - Processing file /opt/airflow/dags/hello_airflow.py for tasks to queue
[2026-08-20T06:43:00.443+0000] {logging_mixin.py:188} INFO - [2026-08-20T06:43:00.442+0000] {dagbag.py:545} INFO - Filling up the DagBag from /opt/airflow/dags/hello_airflow.py
[2026-08-20T06:43:00.460+0000] {processor.py:840} INFO - DAG(s) 'hello_airflow' retrieved from /opt/airflow/dags/hello_airflow.py
[2026-08-20T06:43:00.492+0000] {logging_mixin.py:188} INFO - [2026-08-20T06:43:00.492+0000] {dag.py:3089} INFO - Sync 1 DAGs
[2026-08-20T06:43:00.505+0000] {logging_mixin.py:188} INFO - [2026-08-20T06:43:00.505+0000] {dag.py:3947} INFO - Setting next_dagrun for hello_airflow to None, run_after=None
[2026-08-20T06:43:00.525+0000] {processor.py:183} INFO - Processing /opt/airflow/dags/hello_airflow.py took 0.092 seconds
[2026-08-20T06:43:30.756+0000] {processor.py:161} INFO - Started process (PID=648) to work on /opt/airflow/dags/hello_airflow.py
[2026-08-20T06:43:30.757+0000] {processor.py:830} INFO - Processing file /opt/airflow/dags/hello_airflow.py for tasks to queue
[2026-08-20T06:43:30.759+0000] {logging_mixin.py:188} INFO - [2026-08-20T06:43:30.759+0000] {dagbag.py:545} INFO - Filling up the DagBag from /opt/airflow/dags/hello_airflow.py
[2026-08-20T06:43:30.773+0000] {processor.py:840} INFO - DAG(s) 'hello_airflow' retrieved from /opt/airflow/dags/hello_airflow.py
[2026-08-20T06:43:30.796+0000] {logging_mixin.py:188} INFO - [2026-08-20T06:43:30.796+0000] {dag.py:3089} INFO - Sync 1 DAGs
[2026-08-20T06:43:30.807+0000] {logging_mixin.py:188} INFO - [2026-08-20T06:43:30.806+0000] {dag.py:3947} INFO - Setting next_dagrun for hello_airflow to None, run_after=None
[2026-08-20T06:43:30.823+0000] {processor.py:183} INFO - Processing /opt/airflow/dags/hello_airflow.py took 0.072 seconds
[2026-08-20T06:44:01.019+0000] {processor.py:161} INFO - Started process (PID=680) to work on /opt/airflow/dags/hello_airflow.py
[2026-08-20T06:44:01.020+0000] {processor.py:830} INFO - Processing file /opt/airflow/dags/hello_airflow.py for tasks to queue
[2026-08-20T06:44:01.023+0000] {logging_mixin.py:188} INFO - [2026-08-20T06:44:01.022+0000] {dagbag.py:545} INFO - Filling up the DagBag from /opt/airflow/dags/hello_airflow.py
[2026-08-20T06:44:01.037+0000] {processor.py:840} INFO - DAG(s) 'hello_airflow' retrieved from /opt/airflow/dags/hello_airflow.py
[2026-08-20T06:44:01.064+0000] {logging_mixin.py:188} INFO - [2026-08-20T06:44:01.064+0000] {dag.py:3089} INFO - Sync 1 DAGs
[2026-08-20T06:44:01.078+0000] {logging_mixin.py:188} INFO - [2026-08-20T06:44:01.078+0000] {dag.py:3947} INFO - Setting next_dagrun for hello_airflow to None, run_after=None
[2026-08-20T06:44:01.102+0000] {processor.py:183} INFO - Processing /opt/airflow/dags/hello_airflow.py took 0.088 seconds
[2026-08-20T06:44:31.400+0000] {processor.py:161} INFO - Started process (PID=769) to work on /opt/airflow/dags/hello_airflow.py
[2026-08-20T06:44:31.403+0000] {processor.py:830} INFO - Processing file /opt/airflow/dags/hello_airflow.py for tasks to queue
[2026-08-20T06:44:31.407+0000] {logging_mixin.py:188} INFO - [2026-08-20T06:44:31.406+0000] {dagbag.py:545} INFO - Filling up the DagBag from /opt/airflow/dags/hello_airflow.py
[2026-08-20T06:44:31.431+0000] {processor.py:840} INFO - DAG(s) 'hello_airflow' retrieved from /opt/airflow/dags/hello_airflow.py
[2026-08-20T06:44:31.465+0000] {logging_mixin.py:188} INFO - [2026-08-20T06:44:31.465+0000] {dag.py:3089} INFO - Sync 1 DAGs
[2026-08-20T06:44:31.481+0000] {logging_mixin.py:188} INFO - [2026-08-20T06:44:31.481+0000] {dag.py:3947} INFO - Setting next_dagrun for hello_airflow to None, run_after=None
[2026-08-20T06:44:31.508+0000] {processor.py:183} INFO - Processing /opt/airflow/dags/hello_airflow.py took 0.117 seconds
[2026-08-20T06:45:02.602+0000] {processor.py:161} INFO - Started process (PID=175) to work on /opt/airflow/dags/hello_airflow.py
[2026-08-20T06:45:02.605+0000] {processor.py:830} INFO - Processing file /opt/airflow/dags/hello_airflow.py for tasks to queue
[2026-08-20T06:45:02.612+0000] {logging_mixin.py:188} INFO - [2026-08-20T06:45:02.611+0000] {dagbag.py:545} INFO - Filling up the DagBag from /opt/airflow/dags/hello_airflow.py
[2026-08-20T06:45:02.648+0000] {processor.py:840} INFO - DAG(s) 'hello_airflow' retrieved from /opt/airflow/dags/hello_airflow.py
[2026-08-20T06:45:02.705+0000] {logging_mixin.py:188} INFO - [2026-08-20T06:45:02.704+0000] {dag.py:3089} INFO - Sync 1 DAGs
[2026-08-20T06:45:02.735+0000] {logging_mixin.py:188} INFO - [2026-08-20T06:45:02.734+0000] {dag.py:3947} INFO - Setting next_dagrun for hello_airflow to None, run_after=None
[2026-08-20T06:45:02.768+0000] {processor.py:183} INFO - Processing /opt/airflow/dags/hello_airflow.py took 0.183 seconds
[2026-08-20T06:45:33.021+0000] {processor.py:161} INFO - Started process (PID=199) to work on /opt/airflow/dags/hello_airflow.py
[2026-08-20T06:45:33.024+0000] {processor.py:830} INFO - Processing file /opt/airflow/dags/hello_airflow.py for tasks to queue
[2026-08-20T06:45:33.033+0000] {logging_mixin.py:188} INFO - [2026-08-20T06:45:33.032+0000] {dagbag.py:545} INFO - Filling up the DagBag from /opt/airflow/dags/hello_airflow.py
[2026-08-20T06:45:33.058+0000] {processor.py:840} INFO - DAG(s) 'hello_airflow' retrieved from /opt/airflow/dags/hello_airflow.py
[2026-08-20T06:45:33.368+0000] {logging_mixin.py:188} INFO - [2026-08-20T06:45:33.368+0000] {dag.py:3089} INFO - Sync 1 DAGs
[2026-08-20T06:45:33.382+0000] {logging_mixin.py:188} INFO - [2026-08-20T06:45:33.382+0000] {dag.py:3947} INFO - Setting next_dagrun for hello_airflow to None, run_after=None
[2026-08-20T06:45:33.470+0000] {processor.py:183} INFO - Processing /opt/airflow/dags/hello_airflow.py took 0.458 seconds
[2026-08-20T06:46:03.706+0000] {processor.py:161} INFO - Started process (PID=230) to work on /opt/airflow/dags/hello_airflow.py
[2026-08-20T06:46:03.708+0000] {processor.py:830} INFO - Processing file /opt/airflow/dags/hello_airflow.py for tasks to queue
[2026-08-20T06:46:03.711+0000] {logging_mixin.py:188} INFO - [2026-08-20T06:46:03.710+0000] {dagbag.py:545} INFO - Filling up the DagBag from /opt/airflow/dags/hello_airflow.py
[2026-08-20T06:46:03.731+0000] {processor.py:840} INFO - DAG(s) 'hello_airflow' retrieved from /opt/airflow/dags/hello_airflow.py
[2026-08-20T06:46:03.755+0000] {logging_mixin.py:188} INFO - [2026-08-20T06:46:03.755+0000] {dag.py:3089} INFO - Sync 1 DAGs
[2026-08-20T06:46:03.770+0000] {logging_mixin.py:188} INFO - [2026-08-20T06:46:03.770+0000] {dag.py:3947} INFO - Setting next_dagrun for hello_airflow to None, run_after=None
[2026-08-20T06:46:03.789+0000] {processor.py:183} INFO - Processing /opt/airflow/dags/hello_airflow.py took 0.089 seconds
[2026-08-20T06:46:33.934+0000] {processor.py:161} INFO - Started process (PID=310) to work on /opt/airflow/dags/hello_airflow.py
[2026-08-20T06:46:33.935+0000] {processor.py:830} INFO - Processing file /opt/airflow/dags/hello_airflow.py for tasks to queue
[2026-08-20T06:46:33.938+0000] {logging_mixin.py:188} INFO - [2026-08-20T06:46:33.938+0000] {dagbag.py:545} INFO - Filling up the DagBag from /opt/airflow/dags/hello_airflow.py
[2026-08-20T06:46:33.962+0000] {processor.py:840} INFO - DAG(s) 'hello_airflow' retrieved from /opt/airflow/dags/hello_airflow.py
[2026-08-20T06:46:34.006+0000] {logging_mixin.py:188} INFO - [2026-08-20T06:46:34.006+0000] {dag.py:3089} INFO - Sync 1 DAGs
[2026-08-20T06:46:34.028+0000] {logging_mixin.py:188} INFO - [2026-08-20T06:46:34.027+0000] {dag.py:3947} INFO - Setting next_dagrun for hello_airflow to None, run_after=None
[2026-08-20T06:46:34.057+0000] {processor.py:183} INFO - Processing /opt/airflow/dags/hello_airflow.py took 0.134 seconds
[2026-08-20T06:47:04.293+0000] {processor.py:161} INFO - Started process (PID=528) to work on /opt/airflow/dags/hello_airflow.py
[2026-08-20T06:47:04.294+0000] {processor.py:830} INFO - Processing file /opt/airflow/dags/hello_airflow.py for tasks to queue
[2026-08-20T06:47:04.296+0000] {logging_mixin.py:188} INFO - [2026-08-20T06:47:04.295+0000] {dagbag.py:545} INFO - Filling up the DagBag from /opt/airflow/dags/hello_airflow.py
[2026-08-20T06:47:04.314+0000] {processor.py:840} INFO - DAG(s) 'hello_airflow' retrieved from /opt/airflow/dags/hello_airflow.py
[2026-08-20T06:47:04.339+0000] {logging_mixin.py:188} INFO - [2026-08-20T06:47:04.338+0000] {dag.py:3089} INFO - Sync 1 DAGs
[2026-08-20T06:47:04.354+0000] {logging_mixin.py:188} INFO - [2026-08-20T06:47:04.353+0000] {dag.py:3947} INFO - Setting next_dagrun for hello_airflow to None, run_after=None
[2026-08-20T06:47:04.373+0000] {processor.py:183} INFO - Processing /opt/airflow/dags/hello_airflow.py took 0.085 seconds
[2026-08-20T06:47:34.524+0000] {processor.py:161} INFO - Started process (PID=552) to work on /opt/airflow/dags/hello_airflow.py
[2026-08-20T06:47:34.525+0000] {processor.py:830} INFO - Processing file /opt/airflow/dags/hello_airflow.py for tasks to queue
[2026-08-20T06:47:34.527+0000] {logging_mixin.py:188} INFO - [2026-08-20T06:47:34.527+0000] {dagbag.py:545} INFO - Filling up the DagBag from /opt/airflow/dags/hello_airflow.py
[2026-08-20T06:47:34.547+0000] {processor.py:840} INFO - DAG(s) 'hello_airflow' retrieved from /opt/airflow/dags/hello_airflow.py
[2026-08-20T06:47:34.572+0000] {logging_mixin.py:188} INFO - [2026-08-20T06:47:34.572+0000] {dag.py:3089} INFO - Sync 1 DAGs
[2026-08-20T06:47:34.585+0000] {logging_mixin.py:188} INFO - [2026-08-20T06:47:34.585+0000] {dag.py:3947} INFO - Setting next_dagrun for hello_airflow to None, run_after=None
[2026-08-20T06:47:34.603+0000] {processor.py:183} INFO - Processing /opt/airflow/dags/hello_airflow.py took 0.086 seconds
[2026-08-20T06:48:04.844+0000] {processor.py:161} INFO - Started process (PID=583) to work on /opt/airflow/dags/hello_airflow.py
[2026-08-20T06:48:04.845+0000] {processor.py:830} INFO - Processing file /opt/airflow/dags/hello_airflow.py for tasks to queue
[2026-08-20T06:48:04.847+0000] {logging_mixin.py:188} INFO - [2026-08-20T06:48:04.846+0000] {dagbag.py:545} INFO - Filling up the DagBag from /opt/airflow/dags/hello_airflow.py
[2026-08-20T06:48:04.866+0000] {processor.py:840} INFO - DAG(s) 'hello_airflow' retrieved from /opt/airflow/dags/hello_airflow.py
[2026-08-20T06:48:04.893+0000] {logging_mixin.py:188} INFO - [2026-08-20T06:48:04.893+0000] {dag.py:3089} INFO - Sync 1 DAGs
[2026-08-20T06:48:04.905+0000] {logging_mixin.py:188} INFO - [2026-08-20T06:48:04.905+0000] {dag.py:3947} INFO - Setting next_dagrun for hello_airflow to None, run_after=None
[2026-08-20T06:48:04.927+0000] {processor.py:183} INFO - Processing /opt/airflow/dags/hello_airflow.py took 0.089 seconds
[2026-08-20T06:48:35.071+0000] {processor.py:161} INFO - Started process (PID=615) to work on /opt/airflow/dags/hello_airflow.py
[2026-08-20T06:48:35.073+0000] {processor.py:830} INFO - Processing file /opt/airflow/dags/hello_airflow.py for tasks to queue
[2026-08-20T06:48:35.075+0000] {logging_mixin.py:188} INFO - [2026-08-20T06:48:35.075+0000] {dagbag.py:545} INFO - Filling up the DagBag from /opt/airflow/dags/hello_airflow.py
[2026-08-20T06:48:35.093+0000] {processor.py:840} INFO - DAG(s) 'hello_airflow' retrieved from /opt/airflow/dags/hello_airflow.py
[2026-08-20T06:48:35.119+0000] {logging_mixin.py:188} INFO - [2026-08-20T06:48:35.118+0000] {dag.py:3089} INFO - Sync 1 DAGs
[2026-08-20T06:48:35.130+0000] {logging_mixin.py:188} INFO - [2026-08-20T06:48:35.130+0000] {dag.py:3947} INFO - Setting next_dagrun for hello_airflow to None, run_after=None
[2026-08-20T06:48:35.154+0000] {processor.py:183} INFO - Processing /opt/airflow/dags/hello_airflow.py took 0.090 seconds
[2026-08-20T06:49:05.406+0000] {processor.py:161} INFO - Started process (PID=639) to work on /opt/airflow/dags/hello_airflow.py
[2026-08-20T06:49:05.407+0000] {processor.py:830} INFO - Processing file /opt/airflow/dags/hello_airflow.py for tasks to queue
[2026-08-20T06:49:05.409+0000] {logging_mixin.py:188} INFO - [2026-08-20T06:49:05.409+0000] {dagbag.py:545} INFO - Filling up the DagBag from /opt/airflow/dags/hello_airflow.py
[2026-08-20T06:49:05.425+0000] {processor.py:840} INFO - DAG(s) 'hello_airflow' retrieved from /opt/airflow/dags/hello_airflow.py
[2026-08-20T06:49:05.458+0000] {logging_mixin.py:188} INFO - [2026-08-20T06:49:05.457+0000] {dag.py:3089} INFO - Sync 1 DAGs
[2026-08-20T06:49:05.472+0000] {logging_mixin.py:188} INFO - [2026-08-20T06:49:05.472+0000] {dag.py:3947} INFO - Setting next_dagrun for hello_airflow to None, run_after=None
[2026-08-20T06:49:05.497+0000] {processor.py:183} INFO - Processing /opt/airflow/dags/hello_airflow.py took 0.099 seconds
[2026-08-20T06:49:35.762+0000] {processor.py:161} INFO - Started process (PID=670) to work on /opt/airflow/dags/hello_airflow.py
[2026-08-20T06:49:35.764+0000] {processor.py:830} INFO - Processing file /opt/airflow/dags/hello_airflow.py for tasks to queue
[2026-08-20T06:49:35.766+0000] {logging_mixin.py:188} INFO - [2026-08-20T06:49:35.766+0000] {dagbag.py:545} INFO - Filling up the DagBag from /opt/airflow/dags/hello_airflow.py
[2026-08-20T06:49:35.793+0000] {processor.py:840} INFO - DAG(s) 'hello_airflow' retrieved from /opt/airflow/dags/hello_airflow.py
[2026-08-20T06:49:35.830+0000] {logging_mixin.py:188} INFO - [2026-08-20T06:49:35.829+0000] {dag.py:3089} INFO - Sync 1 DAGs
[2026-08-20T06:49:35.847+0000] {logging_mixin.py:188} INFO - [2026-08-20T06:49:35.847+0000] {dag.py:3947} INFO - Setting next_dagrun for hello_airflow to None, run_after=None
[2026-08-20T06:49:35.873+0000] {processor.py:183} INFO - Processing /opt/airflow/dags/hello_airflow.py took 0.119 seconds
[2026-08-20T06:50:06.192+0000] {processor.py:161} INFO - Started process (PID=694) to work on /opt/airflow/dags/hello_airflow.py
[2026-08-20T06:50:06.193+0000] {processor.py:830} INFO - Processing file /opt/airflow/dags/hello_airflow.py for tasks to queue
[2026-08-20T06:50:06.195+0000] {logging_mixin.py:188} INFO - [2026-08-20T06:50:06.195+0000] {dagbag.py:545} INFO - Filling up the DagBag from /opt/airflow/dags/hello_airflow.py
[2026-08-20T06:50:06.211+0000] {processor.py:840} INFO - DAG(s) 'hello_airflow' retrieved from /opt/airflow/dags/hello_airflow.py
[2026-08-20T06:50:06.236+0000] {logging_mixin.py:188} INFO - [2026-08-20T06:50:06.235+0000] {dag.py:3089} INFO - Sync 1 DAGs
[2026-08-20T06:50:06.248+0000] {logging_mixin.py:188} INFO - [2026-08-20T06:50:06.248+0000] {dag.py:3947} INFO - Setting next_dagrun for hello_airflow to None, run_after=None
[2026-08-20T06:50:06.267+0000] {processor.py:183} INFO - Processing /opt/airflow/dags/hello_airflow.py took 0.085 seconds
[2026-08-20T06:50:36.452+0000] {processor.py:161} INFO - Started process (PID=725) to work on /opt/airflow/dags/hello_airflow.py
[2026-08-20T06:50:36.453+0000] {processor.py:830} INFO - Processing file /opt/airflow/dags/hello_airflow.py for tasks to queue
[2026-08-20T06:50:36.456+0000] {logging_mixin.py:188} INFO - [2026-08-20T06:50:36.456+0000] {dagbag.py:545} INFO - Filling up the DagBag from /opt/airflow/dags/hello_airflow.py
[2026-08-20T06:50:36.476+0000] {processor.py:840} INFO - DAG(s) 'hello_airflow' retrieved from /opt/airflow/dags/hello_airflow.py
[2026-08-20T06:50:36.502+0000] {logging_mixin.py:188} INFO - [2026-08-20T06:50:36.502+0000] {dag.py:3089} INFO - Sync 1 DAGs
[2026-08-20T06:50:36.514+0000] {logging_mixin.py:188} INFO - [2026-08-20T06:50:36.514+0000] {dag.py:3947} INFO - Setting next_dagrun for hello_airflow to None, run_after=None
[2026-08-20T06:50:36.555+0000] {processor.py:183} INFO - Processing /opt/airflow/dags/hello_airflow.py took 0.110 seconds
[2026-08-20T06:51:06.724+0000] {processor.py:161} INFO - Started process (PID=756) to work on /opt/airflow/dags/hello_airflow.py
[2026-08-20T06:51:06.726+0000] {processor.py:830} INFO - Processing file /opt/airflow/dags/hello_airflow.py for tasks to queue
[2026-08-20T06:51:06.729+0000] {logging_mixin.py:188} INFO - [2026-08-20T06:51:06.729+0000] {dagbag.py:545} INFO - Filling up the DagBag from /opt/airflow/dags/hello_airflow.py
[2026-08-20T06:51:06.753+0000] {processor.py:840} INFO - DAG(s) 'hello_airflow' retrieved from /opt/airflow/dags/hello_airflow.py
[2026-08-20T06:51:06.784+0000] {logging_mixin.py:188} INFO - [2026-08-20T06:51:06.784+0000] {dag.py:3089} INFO - Sync 1 DAGs
[2026-08-20T06:51:06.802+0000] {logging_mixin.py:188} INFO - [2026-08-20T06:51:06.802+0000] {dag.py:3947} INFO - Setting next_dagrun for hello_airflow to None, run_after=None
[2026-08-20T06:51:06.828+0000] {processor.py:183} INFO - Processing /opt/airflow/dags/hello_airflow.py took 0.111 seconds
[2026-08-20T06:51:37.079+0000] {processor.py:161} INFO - Started process (PID=781) to work on /opt/airflow/dags/hello_airflow.py
[2026-08-20T06:51:37.080+0000] {processor.py:830} INFO - Processing file /opt/airflow/dags/hello_airflow.py for tasks to queue
[2026-08-20T06:51:37.083+0000] {logging_mixin.py:188} INFO - [2026-08-20T06:51:37.083+0000] {dagbag.py:545} INFO - Filling up the DagBag from /opt/airflow/dags/hello_airflow.py
[2026-08-20T06:51:37.105+0000] {processor.py:840} INFO - DAG(s) 'hello_airflow' retrieved from /opt/airflow/dags/hello_airflow.py
[2026-08-20T06:51:37.136+0000] {logging_mixin.py:188} INFO - [2026-08-20T06:51:37.136+0000] {dag.py:3089} INFO - Sync 1 DAGs
[2026-08-20T06:51:37.177+0000] {logging_mixin.py:188} INFO - [2026-08-20T06:51:37.177+0000] {dag.py:3947} INFO - Setting next_dagrun for hello_airflow to None, run_after=None
[2026-08-20T06:51:37.204+0000] {processor.py:183} INFO - Processing /opt/airflow/dags/hello_airflow.py took 0.132 seconds
[2026-08-20T06:52:07.525+0000] {processor.py:161} INFO - Started process (PID=812) to work on /opt/airflow/dags/hello_airflow.py
[2026-08-20T06:52:07.526+0000] {processor.py:830} INFO - Processing file /opt/airflow/dags/hello_airflow.py for tasks to queue
[2026-08-20T06:52:07.528+0000] {logging_mixin.py:188} INFO - [2026-08-20T06:52:07.528+0000] {dagbag.py:545} INFO - Filling up the DagBag from /opt/airflow/dags/hello_airflow.py
[2026-08-20T06:52:07.544+0000] {processor.py:840} INFO - DAG(s) 'hello_airflow' retrieved from /opt/airflow/dags/hello_airflow.py
[2026-08-20T06:52:07.573+0000] {logging_mixin.py:188} INFO - [2026-08-20T06:52:07.573+0000] {dag.py:3089} INFO - Sync 1 DAGs
[2026-08-20T06:52:07.587+0000] {logging_mixin.py:188} INFO - [2026-08-20T06:52:07.587+0000] {dag.py:3947} INFO - Setting next_dagrun for hello_airflow to None, run_after=None
[2026-08-20T06:52:07.607+0000] {processor.py:183} INFO - Processing /opt/airflow/dags/hello_airflow.py took 0.089 seconds
[2026-08-20T06:52:37.852+0000] {processor.py:161} INFO - Started process (PID=836) to work on /opt/airflow/dags/hello_airflow.py
[2026-08-20T06:52:37.853+0000] {processor.py:830} INFO - Processing file /opt/airflow/dags/hello_airflow.py for tasks to queue
[2026-08-20T06:52:37.855+0000] {logging_mixin.py:188} INFO - [2026-08-20T06:52:37.855+0000] {dagbag.py:545} INFO - Filling up the DagBag from /opt/airflow/dags/hello_airflow.py
[2026-08-20T06:52:37.871+0000] {processor.py:840} INFO - DAG(s) 'hello_airflow' retrieved from /opt/airflow/dags/hello_airflow.py
[2026-08-20T06:52:37.895+0000] {logging_mixin.py:188} INFO - [2026-08-20T06:52:37.894+0000] {dag.py:3089} INFO - Sync 1 DAGs
[2026-08-20T06:52:37.907+0000] {logging_mixin.py:188} INFO - [2026-08-20T06:52:37.906+0000] {dag.py:3947} INFO - Setting next_dagrun for hello_airflow to None, run_after=None
[2026-08-20T06:52:37.924+0000] {processor.py:183} INFO - Processing /opt/airflow/dags/hello_airflow.py took 0.079 seconds
[2026-08-20T06:53:08.155+0000] {processor.py:161} INFO - Started process (PID=867) to work on /opt/airflow/dags/hello_airflow.py
[2026-08-20T06:53:08.156+0000] {processor.py:830} INFO - Processing file /opt/airflow/dags/hello_airflow.py for tasks to queue
[2026-08-20T06:53:08.158+0000] {logging_mixin.py:188} INFO - [2026-08-20T06:53:08.158+0000] {dagbag.py:545} INFO - Filling up the DagBag from /opt/airflow/dags/hello_airflow.py
[2026-08-20T06:53:08.178+0000] {processor.py:840} INFO - DAG(s) 'hello_airflow' retrieved from /opt/airflow/dags/hello_airflow.py
[2026-08-20T06:53:08.207+0000] {logging_mixin.py:188} INFO - [2026-08-20T06:53:08.207+0000] {dag.py:3089} INFO - Sync 1 DAGs
[2026-08-20T06:53:08.221+0000] {logging_mixin.py:188} INFO - [2026-08-20T06:53:08.221+0000] {dag.py:3947} INFO - Setting next_dagrun for hello_airflow to None, run_after=None
[2026-08-20T06:53:08.242+0000] {processor.py:183} INFO - Processing /opt/airflow/dags/hello_airflow.py took 0.094 seconds
[2026-08-20T06:53:38.503+0000] {processor.py:161} INFO - Started process (PID=891) to work on /opt/airflow/dags/hello_airflow.py
[2026-08-20T06:53:38.504+0000] {processor.py:830} INFO - Processing file /opt/airflow/dags/hello_airflow.py for tasks to queue
[2026-08-20T06:53:38.507+0000] {logging_mixin.py:188} INFO - [2026-08-20T06:53:38.506+0000] {dagbag.py:545} INFO - Filling up the DagBag from /opt/airflow/dags/hello_airflow.py
[2026-08-20T06:53:38.523+0000] {processor.py:840} INFO - DAG(s) 'hello_airflow' retrieved from /opt/airflow/dags/hello_airflow.py
[2026-08-20T06:53:38.549+0000] {logging_mixin.py:188} INFO - [2026-08-20T06:53:38.549+0000] {dag.py:3089} INFO - Sync 1 DAGs
[2026-08-20T06:53:38.562+0000] {logging_mixin.py:188} INFO - [2026-08-20T06:53:38.562+0000] {dag.py:3947} INFO - Setting next_dagrun for hello_airflow to None, run_after=None
[2026-08-20T06:53:38.586+0000] {processor.py:183} INFO - Processing /opt/airflow/dags/hello_airflow.py took 0.089 seconds
[2026-08-20T06:54:08.839+0000] {processor.py:161} INFO - Started process (PID=922) to work on /opt/airflow/dags/hello_airflow.py
[2026-08-20T06:54:08.840+0000] {processor.py:830} INFO - Processing file /opt/airflow/dags/hello_airflow.py for tasks to queue
[2026-08-20T06:54:08.843+0000] {logging_mixin.py:188} INFO - [2026-08-20T06:54:08.842+0000] {dagbag.py:545} INFO - Filling up the DagBag from /opt/airflow/dags/hello_airflow.py
[2026-08-20T06:54:08.865+0000] {processor.py:840} INFO - DAG(s) 'hello_airflow' retrieved from /opt/airflow/dags/hello_airflow.py
[2026-08-20T06:54:08.890+0000] {logging_mixin.py:188} INFO - [2026-08-20T06:54:08.890+0000] {dag.py:3089} INFO - Sync 1 DAGs
[2026-08-20T06:54:08.903+0000] {logging_mixin.py:188} INFO - [2026-08-20T06:54:08.902+0000] {dag.py:3947} INFO - Setting next_dagrun for hello_airflow to None, run_after=None
[2026-08-20T06:54:08.923+0000] {processor.py:183} INFO - Processing /opt/airflow/dags/hello_airflow.py took 0.091 seconds
[2026-08-20T06:54:39.096+0000] {processor.py:161} INFO - Started process (PID=953) to work on /opt/airflow/dags/hello_airflow.py
[2026-08-20T06:54:39.097+0000] {processor.py:830} INFO - Processing file /opt/airflow/dags/hello_airflow.py for tasks to queue
[2026-08-20T06:54:39.101+0000] {logging_mixin.py:188} INFO - [2026-08-20T06:54:39.101+0000] {dagbag.py:545} INFO - Filling up the DagBag from /opt/airflow/dags/hello_airflow.py
[2026-08-20T06:54:39.122+0000] {processor.py:840} INFO - DAG(s) 'hello_airflow' retrieved from /opt/airflow/dags/hello_airflow.py
[2026-08-20T06:54:39.157+0000] {logging_mixin.py:188} INFO - [2026-08-20T06:54:39.157+0000] {dag.py:3089} INFO - Sync 1 DAGs
[2026-08-20T06:54:39.174+0000] {logging_mixin.py:188} INFO - [2026-08-20T06:54:39.174+0000] {dag.py:3947} INFO - Setting next_dagrun for hello_airflow to None, run_after=None
[2026-08-20T06:54:39.197+0000] {processor.py:183} INFO - Processing /opt/airflow/dags/hello_airflow.py took 0.113 seconds
[2026-08-20T06:55:09.435+0000] {processor.py:161} INFO - Started process (PID=977) to work on /opt/airflow/dags/hello_airflow.py
[2026-08-20T06:55:09.437+0000] {processor.py:830} INFO - Processing file /opt/airflow/dags/hello_airflow.py for tasks to queue
[2026-08-20T06:55:09.439+0000] {logging_mixin.py:188} INFO - [2026-08-20T06:55:09.439+0000] {dagbag.py:545} INFO - Filling up the DagBag from /opt/airflow/dags/hello_airflow.py
[2026-08-20T06:55:09.463+0000] {processor.py:840} INFO - DAG(s) 'hello_airflow' retrieved from /opt/airflow/dags/hello_airflow.py
[2026-08-20T06:55:09.499+0000] {logging_mixin.py:188} INFO - [2026-08-20T06:55:09.499+0000] {dag.py:3089} INFO - Sync 1 DAGs
[2026-08-20T06:55:09.517+0000] {logging_mixin.py:188} INFO - [2026-08-20T06:55:09.517+0000] {dag.py:3947} INFO - Setting next_dagrun for hello_airflow to None, run_after=None
[2026-08-20T06:55:09.543+0000] {processor.py:183} INFO - Processing /opt/airflow/dags/hello_airflow.py took 0.114 seconds
[2026-08-20T11:40:55.432+0000] {processor.py:161} INFO - Started process (PID=176) to work on /opt/airflow/dags/hello_airflow.py
[2026-08-20T11:40:55.433+0000] {processor.py:830} INFO - Processing file /opt/airflow/dags/hello_airflow.py for tasks to queue
[2026-08-20T11:40:55.436+0000] {logging_mixin.py:188} INFO - [2026-08-20T11:40:55.436+0000] {dagbag.py:545} INFO - Filling up the DagBag from /opt/airflow/dags/hello_airflow.py
[2026-08-20T11:40:55.454+0000] {processor.py:840} INFO - DAG(s) 'hello_airflow' retrieved from /opt/airflow/dags/hello_airflow.py
[2026-08-20T11:40:55.466+0000] {logging_mixin.py:188} INFO - [2026-08-20T11:40:55.466+0000] {dag.py:3089} INFO - Sync 1 DAGs
[2026-08-20T11:40:55.479+0000] {logging_mixin.py:188} INFO - [2026-08-20T11:40:55.479+0000] {dag.py:3947} INFO - Setting next_dagrun for hello_airflow to None, run_after=None
[2026-08-20T11:40:55.498+0000] {processor.py:183} INFO - Processing /opt/airflow/dags/hello_airflow.py took 0.077 seconds
[2026-08-20T11:41:25.669+0000] {processor.py:161} INFO - Started process (PID=205) to work on /opt/airflow/dags/hello_airflow.py
[2026-08-20T11:41:25.670+0000] {processor.py:830} INFO - Processing file /opt/airflow/dags/hello_airflow.py for tasks to queue
[2026-08-20T11:41:25.671+0000] {logging_mixin.py:188} INFO - [2026-08-20T11:41:25.671+0000] {dagbag.py:545} INFO - Filling up the DagBag from /opt/airflow/dags/hello_airflow.py
[2026-08-20T11:41:25.685+0000] {processor.py:840} INFO - DAG(s) 'hello_airflow' retrieved from /opt/airflow/dags/hello_airflow.py
[2026-08-20T11:41:25.773+0000] {logging_mixin.py:188} INFO - [2026-08-20T11:41:25.773+0000] {dag.py:3089} INFO - Sync 1 DAGs
[2026-08-20T11:41:25.782+0000] {logging_mixin.py:188} INFO - [2026-08-20T11:41:25.782+0000] {dag.py:3947} INFO - Setting next_dagrun for hello_airflow to None, run_after=None
[2026-08-20T11:41:25.800+0000] {processor.py:183} INFO - Processing /opt/airflow/dags/hello_airflow.py took 0.138 seconds
[2026-08-20T11:42:11.776+0000] {processor.py:161} INFO - Started process (PID=168) to work on /opt/airflow/dags/hello_airflow.py
[2026-08-20T11:42:11.778+0000] {processor.py:830} INFO - Processing file /opt/airflow/dags/hello_airflow.py for tasks to queue
[2026-08-20T11:42:11.780+0000] {logging_mixin.py:188} INFO - [2026-08-20T11:42:11.780+0000] {dagbag.py:545} INFO - Filling up the DagBag from /opt/airflow/dags/hello_airflow.py
[2026-08-20T11:42:11.797+0000] {processor.py:840} INFO - DAG(s) 'hello_airflow' retrieved from /opt/airflow/dags/hello_airflow.py
[2026-08-20T11:42:11.823+0000] {logging_mixin.py:188} INFO - [2026-08-20T11:42:11.823+0000] {dag.py:3089} INFO - Sync 1 DAGs
[2026-08-20T11:42:11.835+0000] {logging_mixin.py:188} INFO - [2026-08-20T11:42:11.835+0000] {dag.py:3947} INFO - Setting next_dagrun for hello_airflow to None, run_after=None
[2026-08-20T11:42:11.854+0000] {processor.py:183} INFO - Processing /opt/airflow/dags/hello_airflow.py took 0.084 seconds
[2026-08-20T11:42:42.059+0000] {processor.py:161} INFO - Started process (PID=199) to work on /opt/airflow/dags/hello_airflow.py
[2026-08-20T11:42:42.060+0000] {processor.py:830} INFO - Processing file /opt/airflow/dags/hello_airflow.py for tasks to queue
[2026-08-20T11:42:42.062+0000] {logging_mixin.py:188} INFO - [2026-08-20T11:42:42.062+0000] {dagbag.py:545} INFO - Filling up the DagBag from /opt/airflow/dags/hello_airflow.py
[2026-08-20T11:42:42.076+0000] {processor.py:840} INFO - DAG(s) 'hello_airflow' retrieved from /opt/airflow/dags/hello_airflow.py
[2026-08-20T11:42:42.273+0000] {logging_mixin.py:188} INFO - [2026-08-20T11:42:42.272+0000] {dag.py:3089} INFO - Sync 1 DAGs
[2026-08-20T11:42:42.284+0000] {logging_mixin.py:188} INFO - [2026-08-20T11:42:42.283+0000] {dag.py:3947} INFO - Setting next_dagrun for hello_airflow to None, run_after=None
[2026-08-20T11:42:42.305+0000] {processor.py:183} INFO - Processing /opt/airflow/dags/hello_airflow.py took 0.252 seconds
[2026-08-20T11:43:12.515+0000] {processor.py:161} INFO - Started process (PID=231) to work on /opt/airflow/dags/hello_airflow.py
[2026-08-20T11:43:12.516+0000] {processor.py:830} INFO - Processing file /opt/airflow/dags/hello_airflow.py for tasks to queue
[2026-08-20T11:43:12.518+0000] {logging_mixin.py:188} INFO - [2026-08-20T11:43:12.518+0000] {dagbag.py:545} INFO - Filling up the DagBag from /opt/airflow/dags/hello_airflow.py
[2026-08-20T11:43:12.532+0000] {processor.py:840} INFO - DAG(s) 'hello_airflow' retrieved from /opt/airflow/dags/hello_airflow.py
[2026-08-20T11:43:12.555+0000] {logging_mixin.py:188} INFO - [2026-08-20T11:43:12.555+0000] {dag.py:3089} INFO - Sync 1 DAGs
[2026-08-20T11:43:12.571+0000] {logging_mixin.py:188} INFO - [2026-08-20T11:43:12.571+0000] {dag.py:3947} INFO - Setting next_dagrun for hello_airflow to None, run_after=None
[2026-08-20T11:43:12.589+0000] {processor.py:183} INFO - Processing /opt/airflow/dags/hello_airflow.py took 0.080 seconds
[2026-08-20T11:43:42.747+0000] {processor.py:161} INFO - Started process (PID=256) to work on /opt/airflow/dags/hello_airflow.py
[2026-08-20T11:43:42.748+0000] {processor.py:830} INFO - Processing file /opt/airflow/dags/hello_airflow.py for tasks to queue
[2026-08-20T11:43:42.752+0000] {logging_mixin.py:188} INFO - [2026-08-20T11:43:42.751+0000] {dagbag.py:545} INFO - Filling up the DagBag from /opt/airflow/dags/hello_airflow.py
[2026-08-20T11:43:42.768+0000] {processor.py:840} INFO - DAG(s) 'hello_airflow' retrieved from /opt/airflow/dags/hello_airflow.py
[2026-08-20T11:43:42.796+0000] {logging_mixin.py:188} INFO - [2026-08-20T11:43:42.796+0000] {dag.py:3089} INFO - Sync 1 DAGs
[2026-08-20T11:43:42.812+0000] {logging_mixin.py:188} INFO - [2026-08-20T11:43:42.811+0000] {dag.py:3947} INFO - Setting next_dagrun for hello_airflow to None, run_after=None
[2026-08-20T11:43:42.830+0000] {processor.py:183} INFO - Processing /opt/airflow/dags/hello_airflow.py took 0.089 seconds
[2026-08-20T11:44:13.090+0000] {processor.py:161} INFO - Started process (PID=616) to work on /opt/airflow/dags/hello_airflow.py
[2026-08-20T11:44:13.091+0000] {processor.py:830} INFO - Processing file /opt/airflow/dags/hello_airflow.py for tasks to queue
[2026-08-20T11:44:13.094+0000] {logging_mixin.py:188} INFO - [2026-08-20T11:44:13.094+0000] {dagbag.py:545} INFO - Filling up the DagBag from /opt/airflow/dags/hello_airflow.py
[2026-08-20T11:44:13.119+0000] {processor.py:840} INFO - DAG(s) 'hello_airflow' retrieved from /opt/airflow/dags/hello_airflow.py
[2026-08-20T11:44:13.153+0000] {logging_mixin.py:188} INFO - [2026-08-20T11:44:13.153+0000] {dag.py:3089} INFO - Sync 1 DAGs
[2026-08-20T11:44:13.174+0000] {logging_mixin.py:188} INFO - [2026-08-20T11:44:13.173+0000] {dag.py:3947} INFO - Setting next_dagrun for hello_airflow to None, run_after=None
[2026-08-20T11:44:13.209+0000] {processor.py:183} INFO - Processing /opt/airflow/dags/hello_airflow.py took 0.126 seconds
[2026-08-20T11:44:43.622+0000] {processor.py:161} INFO - Started process (PID=814) to work on /opt/airflow/dags/hello_airflow.py
[2026-08-20T11:44:43.624+0000] {processor.py:830} INFO - Processing file /opt/airflow/dags/hello_airflow.py for tasks to queue
[2026-08-20T11:44:43.629+0000] {logging_mixin.py:188} INFO - [2026-08-20T11:44:43.628+0000] {dagbag.py:545} INFO - Filling up the DagBag from /opt/airflow/dags/hello_airflow.py
[2026-08-20T11:44:43.684+0000] {processor.py:840} INFO - DAG(s) 'hello_airflow' retrieved from /opt/airflow/dags/hello_airflow.py
[2026-08-20T11:44:43.760+0000] {logging_mixin.py:188} INFO - [2026-08-20T11:44:43.760+0000] {dag.py:3089} INFO - Sync 1 DAGs
[2026-08-20T11:44:43.801+0000] {logging_mixin.py:188} INFO - [2026-08-20T11:44:43.801+0000] {dag.py:3947} INFO - Setting next_dagrun for hello_airflow to None, run_after=None
[2026-08-20T11:44:43.853+0000] {processor.py:183} INFO - Processing /opt/airflow/dags/hello_airflow.py took 0.252 seconds
[2026-08-20T11:45:14.122+0000] {processor.py:161} INFO - Started process (PID=923) to work on /opt/airflow/dags/hello_airflow.py
[2026-08-20T11:45:14.123+0000] {processor.py:830} INFO - Processing file /opt/airflow/dags/hello_airflow.py for tasks to queue
[2026-08-20T11:45:14.127+0000] {logging_mixin.py:188} INFO - [2026-08-20T11:45:14.127+0000] {dagbag.py:545} INFO - Filling up the DagBag from /opt/airflow/dags/hello_airflow.py
[2026-08-20T11:45:14.167+0000] {processor.py:840} INFO - DAG(s) 'hello_airflow' retrieved from /opt/airflow/dags/hello_airflow.py
[2026-08-20T11:45:14.240+0000] {logging_mixin.py:188} INFO - [2026-08-20T11:45:14.239+0000] {dag.py:3089} INFO - Sync 1 DAGs
[2026-08-20T11:45:14.274+0000] {logging_mixin.py:188} INFO - [2026-08-20T11:45:14.274+0000] {dag.py:3947} INFO - Setting next_dagrun for hello_airflow to None, run_after=None
[2026-08-20T11:45:14.319+0000] {processor.py:183} INFO - Processing /opt/airflow/dags/hello_airflow.py took 0.207 seconds
[2026-08-20T11:45:44.562+0000] {processor.py:161} INFO - Started process (PID=1025) to work on /opt/airflow/dags/hello_airflow.py
[2026-08-20T11:45:44.563+0000] {processor.py:830} INFO - Processing file /opt/airflow/dags/hello_airflow.py for tasks to queue
[2026-08-20T11:45:44.565+0000] {logging_mixin.py:188} INFO - [2026-08-20T11:45:44.565+0000] {dagbag.py:545} INFO - Filling up the DagBag from /opt/airflow/dags/hello_airflow.py
[2026-08-20T11:45:44.581+0000] {processor.py:840} INFO - DAG(s) 'hello_airflow' retrieved from /opt/airflow/dags/hello_airflow.py
[2026-08-20T11:45:44.604+0000] {logging_mixin.py:188} INFO - [2026-08-20T11:45:44.603+0000] {dag.py:3089} INFO - Sync 1 DAGs
[2026-08-20T11:45:44.615+0000] {logging_mixin.py:188} INFO - [2026-08-20T11:45:44.615+0000] {dag.py:3947} INFO - Setting next_dagrun for hello_airflow to None, run_after=None
[2026-08-20T11:45:44.631+0000] {processor.py:183} INFO - Processing /opt/airflow/dags/hello_airflow.py took 0.074 seconds
[2026-08-20T11:46:14.891+0000] {processor.py:161} INFO - Started process (PID=1049) to work on /opt/airflow/dags/hello_airflow.py
[2026-08-20T11:46:14.892+0000] {processor.py:830} INFO - Processing file /opt/airflow/dags/hello_airflow.py for tasks to queue
[2026-08-20T11:46:14.893+0000] {logging_mixin.py:188} INFO - [2026-08-20T11:46:14.893+0000] {dagbag.py:545} INFO - Filling up the DagBag from /opt/airflow/dags/hello_airflow.py
[2026-08-20T11:46:14.905+0000] {processor.py:840} INFO - DAG(s) 'hello_airflow' retrieved from /opt/airflow/dags/hello_airflow.py
[2026-08-20T11:46:14.927+0000] {logging_mixin.py:188} INFO - [2026-08-20T11:46:14.926+0000] {dag.py:3089} INFO - Sync 1 DAGs
[2026-08-20T11:46:14.938+0000] {logging_mixin.py:188} INFO - [2026-08-20T11:46:14.937+0000] {dag.py:3947} INFO - Setting next_dagrun for hello_airflow to None, run_after=None
[2026-08-20T11:46:14.958+0000] {processor.py:183} INFO - Processing /opt/airflow/dags/hello_airflow.py took 0.071 seconds
[2026-08-20T11:46:45.135+0000] {processor.py:161} INFO - Started process (PID=1080) to work on /opt/airflow/dags/hello_airflow.py
[2026-08-20T11:46:45.136+0000] {processor.py:830} INFO - Processing file /opt/airflow/dags/hello_airflow.py for tasks to queue
[2026-08-20T11:46:45.138+0000] {logging_mixin.py:188} INFO - [2026-08-20T11:46:45.138+0000] {dagbag.py:545} INFO - Filling up the DagBag from /opt/airflow/dags/hello_airflow.py
[2026-08-20T11:46:45.152+0000] {processor.py:840} INFO - DAG(s) 'hello_airflow' retrieved from /opt/airflow/dags/hello_airflow.py
[2026-08-20T11:46:45.175+0000] {logging_mixin.py:188} INFO - [2026-08-20T11:46:45.175+0000] {dag.py:3089} INFO - Sync 1 DAGs
[2026-08-20T11:46:45.186+0000] {logging_mixin.py:188} INFO - [2026-08-20T11:46:45.186+0000] {dag.py:3947} INFO - Setting next_dagrun for hello_airflow to None, run_after=None
[2026-08-20T11:46:45.202+0000] {processor.py:183} INFO - Processing /opt/airflow/dags/hello_airflow.py took 0.073 seconds
[2026-08-20T11:47:15.421+0000] {processor.py:161} INFO - Started process (PID=1111) to work on /opt/airflow/dags/hello_airflow.py
[2026-08-20T11:47:15.422+0000] {processor.py:830} INFO - Processing file /opt/airflow/dags/hello_airflow.py for tasks to queue
[2026-08-20T11:47:15.424+0000] {logging_mixin.py:188} INFO - [2026-08-20T11:47:15.424+0000] {dagbag.py:545} INFO - Filling up the DagBag from /opt/airflow/dags/hello_airflow.py
[2026-08-20T11:47:15.440+0000] {processor.py:840} INFO - DAG(s) 'hello_airflow' retrieved from /opt/airflow/dags/hello_airflow.py
[2026-08-20T11:47:15.463+0000] {logging_mixin.py:188} INFO - [2026-08-20T11:47:15.463+0000] {dag.py:3089} INFO - Sync 1 DAGs
[2026-08-20T11:47:15.476+0000] {logging_mixin.py:188} INFO - [2026-08-20T11:47:15.476+0000] {dag.py:3947} INFO - Setting next_dagrun for hello_airflow to None, run_after=None
[2026-08-20T11:47:15.498+0000] {processor.py:183} INFO - Processing /opt/airflow/dags/hello_airflow.py took 0.088 seconds
[2026-08-20T11:47:45.651+0000] {processor.py:161} INFO - Started process (PID=1135) to work on /opt/airflow/dags/hello_airflow.py
[2026-08-20T11:47:45.652+0000] {processor.py:830} INFO - Processing file /opt/airflow/dags/hello_airflow.py for tasks to queue
[2026-08-20T11:47:45.654+0000] {logging_mixin.py:188} INFO - [2026-08-20T11:47:45.654+0000] {dagbag.py:545} INFO - Filling up the DagBag from /opt/airflow/dags/hello_airflow.py
[2026-08-20T11:47:45.667+0000] {processor.py:840} INFO - DAG(s) 'hello_airflow' retrieved from /opt/airflow/dags/hello_airflow.py
[2026-08-20T11:47:45.690+0000] {logging_mixin.py:188} INFO - [2026-08-20T11:47:45.690+0000] {dag.py:3089} INFO - Sync 1 DAGs
[2026-08-20T11:47:45.702+0000] {logging_mixin.py:188} INFO - [2026-08-20T11:47:45.701+0000] {dag.py:3947} INFO - Setting next_dagrun for hello_airflow to None, run_after=None
[2026-08-20T11:47:45.718+0000] {processor.py:183} INFO - Processing /opt/airflow/dags/hello_airflow.py took 0.073 seconds
[2026-08-20T11:48:15.942+0000] {processor.py:161} INFO - Started process (PID=1167) to work on /opt/airflow/dags/hello_airflow.py
[2026-08-20T11:48:15.943+0000] {processor.py:830} INFO - Processing file /opt/airflow/dags/hello_airflow.py for tasks to queue
[2026-08-20T11:48:15.945+0000] {logging_mixin.py:188} INFO - [2026-08-20T11:48:15.945+0000] {dagbag.py:545} INFO - Filling up the DagBag from /opt/airflow/dags/hello_airflow.py
[2026-08-20T11:48:15.959+0000] {processor.py:840} INFO - DAG(s) 'hello_airflow' retrieved from /opt/airflow/dags/hello_airflow.py
[2026-08-20T11:48:15.979+0000] {logging_mixin.py:188} INFO - [2026-08-20T11:48:15.979+0000] {dag.py:3089} INFO - Sync 1 DAGs
[2026-08-20T11:48:15.989+0000] {logging_mixin.py:188} INFO - [2026-08-20T11:48:15.989+0000] {dag.py:3947} INFO - Setting next_dagrun for hello_airflow to None, run_after=None
[2026-08-20T11:48:16.006+0000] {processor.py:183} INFO - Processing /opt/airflow/dags/hello_airflow.py took 0.069 seconds
[2026-08-20T11:48:46.213+0000] {processor.py:161} INFO - Started process (PID=1191) to work on /opt/airflow/dags/hello_airflow.py
[2026-08-20T11:48:46.214+0000] {processor.py:830} INFO - Processing file /opt/airflow/dags/hello_airflow.py for tasks to queue
[2026-08-20T11:48:46.216+0000] {logging_mixin.py:188} INFO - [2026-08-20T11:48:46.216+0000] {dagbag.py:545} INFO - Filling up the DagBag from /opt/airflow/dags/hello_airflow.py
[2026-08-20T11:48:46.229+0000] {processor.py:840} INFO - DAG(s) 'hello_airflow' retrieved from /opt/airflow/dags/hello_airflow.py
[2026-08-20T11:48:46.252+0000] {logging_mixin.py:188} INFO - [2026-08-20T11:48:46.252+0000] {dag.py:3089} INFO - Sync 1 DAGs
[2026-08-20T11:48:46.263+0000] {logging_mixin.py:188} INFO - [2026-08-20T11:48:46.263+0000] {dag.py:3947} INFO - Setting next_dagrun for hello_airflow to None, run_after=None
[2026-08-20T11:48:46.282+0000] {processor.py:183} INFO - Processing /opt/airflow/dags/hello_airflow.py took 0.074 seconds
[2026-08-20T11:49:16.435+0000] {processor.py:161} INFO - Started process (PID=1222) to work on /opt/airflow/dags/hello_airflow.py
[2026-08-20T11:49:16.436+0000] {processor.py:830} INFO - Processing file /opt/airflow/dags/hello_airflow.py for tasks to queue
[2026-08-20T11:49:16.438+0000] {logging_mixin.py:188} INFO - [2026-08-20T11:49:16.438+0000] {dagbag.py:545} INFO - Filling up the DagBag from /opt/airflow/dags/hello_airflow.py
[2026-08-20T11:49:16.451+0000] {processor.py:840} INFO - DAG(s) 'hello_airflow' retrieved from /opt/airflow/dags/hello_airflow.py
[2026-08-20T11:49:16.479+0000] {logging_mixin.py:188} INFO - [2026-08-20T11:49:16.478+0000] {dag.py:3089} INFO - Sync 1 DAGs
[2026-08-20T11:49:16.490+0000] {logging_mixin.py:188} INFO - [2026-08-20T11:49:16.490+0000] {dag.py:3947} INFO - Setting next_dagrun for hello_airflow to None, run_after=None
[2026-08-20T11:49:16.508+0000] {processor.py:183} INFO - Processing /opt/airflow/dags/hello_airflow.py took 0.078 seconds
[2026-08-20T11:49:46.700+0000] {processor.py:161} INFO - Started process (PID=1253) to work on /opt/airflow/dags/hello_airflow.py
[2026-08-20T11:49:46.701+0000] {processor.py:830} INFO - Processing file /opt/airflow/dags/hello_airflow.py for tasks to queue
[2026-08-20T11:49:46.704+0000] {logging_mixin.py:188} INFO - [2026-08-20T11:49:46.703+0000] {dagbag.py:545} INFO - Filling up the DagBag from /opt/airflow/dags/hello_airflow.py
[2026-08-20T11:49:46.719+0000] {processor.py:840} INFO - DAG(s) 'hello_airflow' retrieved from /opt/airflow/dags/hello_airflow.py
[2026-08-20T11:49:46.744+0000] {logging_mixin.py:188} INFO - [2026-08-20T11:49:46.744+0000] {dag.py:3089} INFO - Sync 1 DAGs
[2026-08-20T11:49:46.756+0000] {logging_mixin.py:188} INFO - [2026-08-20T11:49:46.756+0000] {dag.py:3947} INFO - Setting next_dagrun for hello_airflow to None, run_after=None
[2026-08-20T11:49:46.773+0000] {processor.py:183} INFO - Processing /opt/airflow/dags/hello_airflow.py took 0.080 seconds
[2026-08-20T11:50:16.920+0000] {processor.py:161} INFO - Started process (PID=1278) to work on /opt/airflow/dags/hello_airflow.py
[2026-08-20T11:50:16.921+0000] {processor.py:830} INFO - Processing file /opt/airflow/dags/hello_airflow.py for tasks to queue
[2026-08-20T11:50:16.923+0000] {logging_mixin.py:188} INFO - [2026-08-20T11:50:16.923+0000] {dagbag.py:545} INFO - Filling up the DagBag from /opt/airflow/dags/hello_airflow.py
[2026-08-20T11:50:16.938+0000] {processor.py:840} INFO - DAG(s) 'hello_airflow' retrieved from /opt/airflow/dags/hello_airflow.py
[2026-08-20T11:50:16.961+0000] {logging_mixin.py:188} INFO - [2026-08-20T11:50:16.961+0000] {dag.py:3089} INFO - Sync 1 DAGs
[2026-08-20T11:50:16.971+0000] {logging_mixin.py:188} INFO - [2026-08-20T11:50:16.971+0000] {dag.py:3947} INFO - Setting next_dagrun for hello_airflow to None, run_after=None
[2026-08-20T11:50:16.988+0000] {processor.py:183} INFO - Processing /opt/airflow/dags/hello_airflow.py took 0.074 seconds
[2026-08-20T11:50:47.245+0000] {processor.py:161} INFO - Started process (PID=1309) to work on /opt/airflow/dags/hello_airflow.py
[2026-08-20T11:50:47.245+0000] {processor.py:830} INFO - Processing file /opt/airflow/dags/hello_airflow.py for tasks to queue
[2026-08-20T11:50:47.247+0000] {logging_mixin.py:188} INFO - [2026-08-20T11:50:47.247+0000] {dagbag.py:545} INFO - Filling up the DagBag from /opt/airflow/dags/hello_airflow.py
[2026-08-20T11:50:47.261+0000] {processor.py:840} INFO - DAG(s) 'hello_airflow' retrieved from /opt/airflow/dags/hello_airflow.py
[2026-08-20T11:50:47.283+0000] {logging_mixin.py:188} INFO - [2026-08-20T11:50:47.283+0000] {dag.py:3089} INFO - Sync 1 DAGs
[2026-08-20T11:50:47.293+0000] {logging_mixin.py:188} INFO - [2026-08-20T11:50:47.293+0000] {dag.py:3947} INFO - Setting next_dagrun for hello_airflow to None, run_after=None
[2026-08-20T11:50:47.310+0000] {processor.py:183} INFO - Processing /opt/airflow/dags/hello_airflow.py took 0.071 seconds
[2026-08-20T11:51:17.505+0000] {processor.py:161} INFO - Started process (PID=1340) to work on /opt/airflow/dags/hello_airflow.py
[2026-08-20T11:51:17.506+0000] {processor.py:830} INFO - Processing file /opt/airflow/dags/hello_airflow.py for tasks to queue
[2026-08-20T11:51:17.508+0000] {logging_mixin.py:188} INFO - [2026-08-20T11:51:17.508+0000] {dagbag.py:545} INFO - Filling up the DagBag from /opt/airflow/dags/hello_airflow.py
[2026-08-20T11:51:17.523+0000] {processor.py:840} INFO - DAG(s) 'hello_airflow' retrieved from /opt/airflow/dags/hello_airflow.py
[2026-08-20T11:51:17.547+0000] {logging_mixin.py:188} INFO - [2026-08-20T11:51:17.547+0000] {dag.py:3089} INFO - Sync 1 DAGs
[2026-08-20T11:51:17.560+0000] {logging_mixin.py:188} INFO - [2026-08-20T11:51:17.560+0000] {dag.py:3947} INFO - Setting next_dagrun for hello_airflow to None, run_after=None
[2026-08-20T11:51:17.578+0000] {processor.py:183} INFO - Processing /opt/airflow/dags/hello_airflow.py took 0.079 seconds
[2026-08-20T11:51:47.752+0000] {processor.py:161} INFO - Started process (PID=1364) to work on /opt/airflow/dags/hello_airflow.py
[2026-08-20T11:51:47.753+0000] {processor.py:830} INFO - Processing file /opt/airflow/dags/hello_airflow.py for tasks to queue
[2026-08-20T11:51:47.756+0000] {logging_mixin.py:188} INFO - [2026-08-20T11:51:47.755+0000] {dagbag.py:545} INFO - Filling up the DagBag from /opt/airflow/dags/hello_airflow.py
[2026-08-20T11:51:47.770+0000] {processor.py:840} INFO - DAG(s) 'hello_airflow' retrieved from /opt/airflow/dags/hello_airflow.py
[2026-08-20T11:51:47.793+0000] {logging_mixin.py:188} INFO - [2026-08-20T11:51:47.793+0000] {dag.py:3089} INFO - Sync 1 DAGs
[2026-08-20T11:51:47.805+0000] {logging_mixin.py:188} INFO - [2026-08-20T11:51:47.805+0000] {dag.py:3947} INFO - Setting next_dagrun for hello_airflow to None, run_after=None
[2026-08-20T11:51:47.823+0000] {processor.py:183} INFO - Processing /opt/airflow/dags/hello_airflow.py took 0.076 seconds
[2026-08-20T11:52:18.068+0000] {processor.py:161} INFO - Started process (PID=1395) to work on /opt/airflow/dags/hello_airflow.py
[2026-08-20T11:52:18.069+0000] {processor.py:830} INFO - Processing file /opt/airflow/dags/hello_airflow.py for tasks to queue
[2026-08-20T11:52:18.071+0000] {logging_mixin.py:188} INFO - [2026-08-20T11:52:18.070+0000] {dagbag.py:545} INFO - Filling up the DagBag from /opt/airflow/dags/hello_airflow.py
[2026-08-20T11:52:18.083+0000] {processor.py:840} INFO - DAG(s) 'hello_airflow' retrieved from /opt/airflow/dags/hello_airflow.py
[2026-08-20T11:52:18.104+0000] {logging_mixin.py:188} INFO - [2026-08-20T11:52:18.103+0000] {dag.py:3089} INFO - Sync 1 DAGs
[2026-08-20T11:52:18.114+0000] {logging_mixin.py:188} INFO - [2026-08-20T11:52:18.114+0000] {dag.py:3947} INFO - Setting next_dagrun for hello_airflow to None, run_after=None
[2026-08-20T11:52:18.130+0000] {processor.py:183} INFO - Processing /opt/airflow/dags/hello_airflow.py took 0.067 seconds
[2026-08-20T11:52:48.325+0000] {processor.py:161} INFO - Started process (PID=1419) to work on /opt/airflow/dags/hello_airflow.py
[2026-08-20T11:52:48.326+0000] {processor.py:830} INFO - Processing file /opt/airflow/dags/hello_airflow.py for tasks to queue
[2026-08-20T11:52:48.328+0000] {logging_mixin.py:188} INFO - [2026-08-20T11:52:48.328+0000] {dagbag.py:545} INFO - Filling up the DagBag from /opt/airflow/dags/hello_airflow.py
[2026-08-20T11:52:48.341+0000] {processor.py:840} INFO - DAG(s) 'hello_airflow' retrieved from /opt/airflow/dags/hello_airflow.py
[2026-08-20T11:52:48.368+0000] {logging_mixin.py:188} INFO - [2026-08-20T11:52:48.368+0000] {dag.py:3089} INFO - Sync 1 DAGs
[2026-08-20T11:52:48.379+0000] {logging_mixin.py:188} INFO - [2026-08-20T11:52:48.379+0000] {dag.py:3947} INFO - Setting next_dagrun for hello_airflow to None, run_after=None
[2026-08-20T11:52:48.397+0000] {processor.py:183} INFO - Processing /opt/airflow/dags/hello_airflow.py took 0.077 seconds
[2026-08-20T11:53:18.653+0000] {processor.py:161} INFO - Started process (PID=1450) to work on /opt/airflow/dags/hello_airflow.py
[2026-08-20T11:53:18.654+0000] {processor.py:830} INFO - Processing file /opt/airflow/dags/hello_airflow.py for tasks to queue
[2026-08-20T11:53:18.656+0000] {logging_mixin.py:188} INFO - [2026-08-20T11:53:18.656+0000] {dagbag.py:545} INFO - Filling up the DagBag from /opt/airflow/dags/hello_airflow.py
[2026-08-20T11:53:18.669+0000] {processor.py:840} INFO - DAG(s) 'hello_airflow' retrieved from /opt/airflow/dags/hello_airflow.py
[2026-08-20T11:53:18.692+0000] {logging_mixin.py:188} INFO - [2026-08-20T11:53:18.692+0000] {dag.py:3089} INFO - Sync 1 DAGs
[2026-08-20T11:53:18.705+0000] {logging_mixin.py:188} INFO - [2026-08-20T11:53:18.705+0000] {dag.py:3947} INFO - Setting next_dagrun for hello_airflow to None, run_after=None
[2026-08-20T11:53:18.720+0000] {processor.py:183} INFO - Processing /opt/airflow/dags/hello_airflow.py took 0.072 seconds
[2026-08-20T11:53:48.890+0000] {processor.py:161} INFO - Started process (PID=1482) to work on /opt/airflow/dags/hello_airflow.py
[2026-08-20T11:53:48.891+0000] {processor.py:830} INFO - Processing file /opt/airflow/dags/hello_airflow.py for tasks to queue
[2026-08-20T11:53:48.893+0000] {logging_mixin.py:188} INFO - [2026-08-20T11:53:48.893+0000] {dagbag.py:545} INFO - Filling up the DagBag from /opt/airflow/dags/hello_airflow.py
[2026-08-20T11:53:48.907+0000] {processor.py:840} INFO - DAG(s) 'hello_airflow' retrieved from /opt/airflow/dags/hello_airflow.py
[2026-08-20T11:53:48.929+0000] {logging_mixin.py:188} INFO - [2026-08-20T11:53:48.929+0000] {dag.py:3089} INFO - Sync 1 DAGs
[2026-08-20T11:53:48.940+0000] {logging_mixin.py:188} INFO - [2026-08-20T11:53:48.940+0000] {dag.py:3947} INFO - Setting next_dagrun for hello_airflow to None, run_after=None
[2026-08-20T11:53:48.961+0000] {processor.py:183} INFO - Processing /opt/airflow/dags/hello_airflow.py took 0.076 seconds
[2026-08-20T11:54:19.174+0000] {processor.py:161} INFO - Started process (PID=1506) to work on /opt/airflow/dags/hello_airflow.py
[2026-08-20T11:54:19.175+0000] {processor.py:830} INFO - Processing file /opt/airflow/dags/hello_airflow.py for tasks to queue
[2026-08-20T11:54:19.178+0000] {logging_mixin.py:188} INFO - [2026-08-20T11:54:19.178+0000] {dagbag.py:545} INFO - Filling up the DagBag from /opt/airflow/dags/hello_airflow.py
[2026-08-20T11:54:19.201+0000] {processor.py:840} INFO - DAG(s) 'hello_airflow' retrieved from /opt/airflow/dags/hello_airflow.py
[2026-08-20T11:54:19.236+0000] {logging_mixin.py:188} INFO - [2026-08-20T11:54:19.236+0000] {dag.py:3089} INFO - Sync 1 DAGs
[2026-08-20T11:54:19.255+0000] {logging_mixin.py:188} INFO - [2026-08-20T11:54:19.254+0000] {dag.py:3947} INFO - Setting next_dagrun for hello_airflow to None, run_after=None
[2026-08-20T11:54:19.273+0000] {processor.py:183} INFO - Processing /opt/airflow/dags/hello_airflow.py took 0.108 seconds
[2026-08-20T11:54:49.407+0000] {processor.py:161} INFO - Started process (PID=1537) to work on /opt/airflow/dags/hello_airflow.py
[2026-08-20T11:54:49.408+0000] {processor.py:830} INFO - Processing file /opt/airflow/dags/hello_airflow.py for tasks to queue
[2026-08-20T11:54:49.411+0000] {logging_mixin.py:188} INFO - [2026-08-20T11:54:49.410+0000] {dagbag.py:545} INFO - Filling up the DagBag from /opt/airflow/dags/hello_airflow.py
[2026-08-20T11:54:49.425+0000] {processor.py:840} INFO - DAG(s) 'hello_airflow' retrieved from /opt/airflow/dags/hello_airflow.py
[2026-08-20T11:54:49.450+0000] {logging_mixin.py:188} INFO - [2026-08-20T11:54:49.449+0000] {dag.py:3089} INFO - Sync 1 DAGs
[2026-08-20T11:54:49.463+0000] {logging_mixin.py:188} INFO - [2026-08-20T11:54:49.462+0000] {dag.py:3947} INFO - Setting next_dagrun for hello_airflow to None, run_after=None
[2026-08-20T11:54:49.480+0000] {processor.py:183} INFO - Processing /opt/airflow/dags/hello_airflow.py took 0.079 seconds
[2026-08-20T11:55:19.732+0000] {processor.py:161} INFO - Started process (PID=1569) to work on /opt/airflow/dags/hello_airflow.py
[2026-08-20T11:55:19.733+0000] {processor.py:830} INFO - Processing file /opt/airflow/dags/hello_airflow.py for tasks to queue
[2026-08-20T11:55:19.735+0000] {logging_mixin.py:188} INFO - [2026-08-20T11:55:19.734+0000] {dagbag.py:545} INFO - Filling up the DagBag from /opt/airflow/dags/hello_airflow.py
[2026-08-20T11:55:19.749+0000] {processor.py:840} INFO - DAG(s) 'hello_airflow' retrieved from /opt/airflow/dags/hello_airflow.py
[2026-08-20T11:55:19.773+0000] {logging_mixin.py:188} INFO - [2026-08-20T11:55:19.773+0000] {dag.py:3089} INFO - Sync 1 DAGs
[2026-08-20T11:55:19.784+0000] {logging_mixin.py:188} INFO - [2026-08-20T11:55:19.784+0000] {dag.py:3947} INFO - Setting next_dagrun for hello_airflow to None, run_after=None
[2026-08-20T11:55:19.800+0000] {processor.py:183} INFO - Processing /opt/airflow/dags/hello_airflow.py took 0.074 seconds
[2026-08-20T11:55:50.072+0000] {processor.py:161} INFO - Started process (PID=1593) to work on /opt/airflow/dags/hello_airflow.py
[2026-08-20T11:55:50.073+0000] {processor.py:830} INFO - Processing file /opt/airflow/dags/hello_airflow.py for tasks to queue
[2026-08-20T11:55:50.075+0000] {logging_mixin.py:188} INFO - [2026-08-20T11:55:50.075+0000] {dagbag.py:545} INFO - Filling up the DagBag from /opt/airflow/dags/hello_airflow.py
[2026-08-20T11:55:50.087+0000] {processor.py:840} INFO - DAG(s) 'hello_airflow' retrieved from /opt/airflow/dags/hello_airflow.py
[2026-08-20T11:55:50.110+0000] {logging_mixin.py:188} INFO - [2026-08-20T11:55:50.110+0000] {dag.py:3089} INFO - Sync 1 DAGs
[2026-08-20T11:55:50.120+0000] {logging_mixin.py:188} INFO - [2026-08-20T11:55:50.120+0000] {dag.py:3947} INFO - Setting next_dagrun for hello_airflow to None, run_after=None
[2026-08-20T11:55:50.137+0000] {processor.py:183} INFO - Processing /opt/airflow/dags/hello_airflow.py took 0.069 seconds
[2026-08-20T11:56:20.335+0000] {processor.py:161} INFO - Started process (PID=1624) to work on /opt/airflow/dags/hello_airflow.py
[2026-08-20T11:56:20.336+0000] {processor.py:830} INFO - Processing file /opt/airflow/dags/hello_airflow.py for tasks to queue
[2026-08-20T11:56:20.338+0000] {logging_mixin.py:188} INFO - [2026-08-20T11:56:20.338+0000] {dagbag.py:545} INFO - Filling up the DagBag from /opt/airflow/dags/hello_airflow.py
[2026-08-20T11:56:20.352+0000] {processor.py:840} INFO - DAG(s) 'hello_airflow' retrieved from /opt/airflow/dags/hello_airflow.py
[2026-08-20T11:56:20.376+0000] {logging_mixin.py:188} INFO - [2026-08-20T11:56:20.375+0000] {dag.py:3089} INFO - Sync 1 DAGs
[2026-08-20T11:56:20.387+0000] {logging_mixin.py:188} INFO - [2026-08-20T11:56:20.387+0000] {dag.py:3947} INFO - Setting next_dagrun for hello_airflow to None, run_after=None
[2026-08-20T11:56:20.402+0000] {processor.py:183} INFO - Processing /opt/airflow/dags/hello_airflow.py took 0.073 seconds
[2026-08-20T11:56:50.581+0000] {processor.py:161} INFO - Started process (PID=1655) to work on /opt/airflow/dags/hello_airflow.py
[2026-08-20T11:56:50.582+0000] {processor.py:830} INFO - Processing file /opt/airflow/dags/hello_airflow.py for tasks to queue
[2026-08-20T11:56:50.584+0000] {logging_mixin.py:188} INFO - [2026-08-20T11:56:50.584+0000] {dagbag.py:545} INFO - Filling up the DagBag from /opt/airflow/dags/hello_airflow.py
[2026-08-20T11:56:50.598+0000] {processor.py:840} INFO - DAG(s) 'hello_airflow' retrieved from /opt/airflow/dags/hello_airflow.py
[2026-08-20T11:56:50.620+0000] {logging_mixin.py:188} INFO - [2026-08-20T11:56:50.620+0000] {dag.py:3089} INFO - Sync 1 DAGs
[2026-08-20T11:56:50.632+0000] {logging_mixin.py:188} INFO - [2026-08-20T11:56:50.632+0000] {dag.py:3947} INFO - Setting next_dagrun for hello_airflow to None, run_after=None
[2026-08-20T11:56:50.651+0000] {processor.py:183} INFO - Processing /opt/airflow/dags/hello_airflow.py took 0.074 seconds
[2026-08-20T11:57:20.870+0000] {processor.py:161} INFO - Started process (PID=1679) to work on /opt/airflow/dags/hello_airflow.py
[2026-08-20T11:57:20.870+0000] {processor.py:830} INFO - Processing file /opt/airflow/dags/hello_airflow.py for tasks to queue
[2026-08-20T11:57:20.872+0000] {logging_mixin.py:188} INFO - [2026-08-20T11:57:20.872+0000] {dagbag.py:545} INFO - Filling up the DagBag from /opt/airflow/dags/hello_airflow.py
[2026-08-20T11:57:20.884+0000] {processor.py:840} INFO - DAG(s) 'hello_airflow' retrieved from /opt/airflow/dags/hello_airflow.py
[2026-08-20T11:57:20.911+0000] {logging_mixin.py:188} INFO - [2026-08-20T11:57:20.911+0000] {dag.py:3089} INFO - Sync 1 DAGs
[2026-08-20T11:57:20.923+0000] {logging_mixin.py:188} INFO - [2026-08-20T11:57:20.923+0000] {dag.py:3947} INFO - Setting next_dagrun for hello_airflow to None, run_after=None
[2026-08-20T11:57:20.939+0000] {processor.py:183} INFO - Processing /opt/airflow/dags/hello_airflow.py took 0.075 seconds
[2026-08-20T11:57:51.203+0000] {processor.py:161} INFO - Started process (PID=1710) to work on /opt/airflow/dags/hello_airflow.py
[2026-08-20T11:57:51.203+0000] {processor.py:830} INFO - Processing file /opt/airflow/dags/hello_airflow.py for tasks to queue
[2026-08-20T11:57:51.206+0000] {logging_mixin.py:188} INFO - [2026-08-20T11:57:51.205+0000] {dagbag.py:545} INFO - Filling up the DagBag from /opt/airflow/dags/hello_airflow.py
[2026-08-20T11:57:51.219+0000] {processor.py:840} INFO - DAG(s) 'hello_airflow' retrieved from /opt/airflow/dags/hello_airflow.py
[2026-08-20T11:57:51.242+0000] {logging_mixin.py:188} INFO - [2026-08-20T11:57:51.242+0000] {dag.py:3089} INFO - Sync 1 DAGs
[2026-08-20T11:57:51.256+0000] {logging_mixin.py:188} INFO - [2026-08-20T11:57:51.256+0000] {dag.py:3947} INFO - Setting next_dagrun for hello_airflow to None, run_after=None
[2026-08-20T11:57:51.272+0000] {processor.py:183} INFO - Processing /opt/airflow/dags/hello_airflow.py took 0.074 seconds
[2026-08-20T11:58:21.441+0000] {processor.py:161} INFO - Started process (PID=1741) to work on /opt/airflow/dags/hello_airflow.py
[2026-08-20T11:58:21.442+0000] {processor.py:830} INFO - Processing file /opt/airflow/dags/hello_airflow.py for tasks to queue
[2026-08-20T11:58:21.444+0000] {logging_mixin.py:188} INFO - [2026-08-20T11:58:21.444+0000] {dagbag.py:545} INFO - Filling up the DagBag from /opt/airflow/dags/hello_airflow.py
[2026-08-20T11:58:21.459+0000] {processor.py:840} INFO - DAG(s) 'hello_airflow' retrieved from /opt/airflow/dags/hello_airflow.py
[2026-08-20T11:58:21.491+0000] {logging_mixin.py:188} INFO - [2026-08-20T11:58:21.491+0000] {dag.py:3089} INFO - Sync 1 DAGs
[2026-08-20T11:58:21.508+0000] {logging_mixin.py:188} INFO - [2026-08-20T11:58:21.508+0000] {dag.py:3947} INFO - Setting next_dagrun for hello_airflow to None, run_after=None
[2026-08-20T11:58:21.527+0000] {processor.py:183} INFO - Processing /opt/airflow/dags/hello_airflow.py took 0.093 seconds
[2026-08-20T11:58:51.693+0000] {processor.py:161} INFO - Started process (PID=1765) to work on /opt/airflow/dags/hello_airflow.py
[2026-08-20T11:58:51.694+0000] {processor.py:830} INFO - Processing file /opt/airflow/dags/hello_airflow.py for tasks to queue
[2026-08-20T11:58:51.696+0000] {logging_mixin.py:188} INFO - [2026-08-20T11:58:51.696+0000] {dagbag.py:545} INFO - Filling up the DagBag from /opt/airflow/dags/hello_airflow.py
[2026-08-20T11:58:51.713+0000] {processor.py:840} INFO - DAG(s) 'hello_airflow' retrieved from /opt/airflow/dags/hello_airflow.py
[2026-08-20T11:58:51.739+0000] {logging_mixin.py:188} INFO - [2026-08-20T11:58:51.739+0000] {dag.py:3089} INFO - Sync 1 DAGs
[2026-08-20T11:58:51.750+0000] {logging_mixin.py:188} INFO - [2026-08-20T11:58:51.750+0000] {dag.py:3947} INFO - Setting next_dagrun for hello_airflow to None, run_after=None
[2026-08-20T11:58:51.766+0000] {processor.py:183} INFO - Processing /opt/airflow/dags/hello_airflow.py took 0.077 seconds
[2026-08-20T11:59:21.968+0000] {processor.py:161} INFO - Started process (PID=1796) to work on /opt/airflow/dags/hello_airflow.py
[2026-08-20T11:59:21.969+0000] {processor.py:830} INFO - Processing file /opt/airflow/dags/hello_airflow.py for tasks to queue
[2026-08-20T11:59:21.971+0000] {logging_mixin.py:188} INFO - [2026-08-20T11:59:21.971+0000] {dagbag.py:545} INFO - Filling up the DagBag from /opt/airflow/dags/hello_airflow.py
[2026-08-20T11:59:21.985+0000] {processor.py:840} INFO - DAG(s) 'hello_airflow' retrieved from /opt/airflow/dags/hello_airflow.py
[2026-08-20T11:59:22.008+0000] {logging_mixin.py:188} INFO - [2026-08-20T11:59:22.008+0000] {dag.py:3089} INFO - Sync 1 DAGs
[2026-08-20T11:59:22.019+0000] {logging_mixin.py:188} INFO - [2026-08-20T11:59:22.019+0000] {dag.py:3947} INFO - Setting next_dagrun for hello_airflow to None, run_after=None
[2026-08-20T11:59:22.035+0000] {processor.py:183} INFO - Processing /opt/airflow/dags/hello_airflow.py took 0.072 seconds
[2026-08-20T11:59:52.197+0000] {processor.py:161} INFO - Started process (PID=1821) to work on /opt/airflow/dags/hello_airflow.py
[2026-08-20T11:59:52.197+0000] {processor.py:830} INFO - Processing file /opt/airflow/dags/hello_airflow.py for tasks to queue
[2026-08-20T11:59:52.200+0000] {logging_mixin.py:188} INFO - [2026-08-20T11:59:52.199+0000] {dagbag.py:545} INFO - Filling up the DagBag from /opt/airflow/dags/hello_airflow.py
[2026-08-20T11:59:52.213+0000] {processor.py:840} INFO - DAG(s) 'hello_airflow' retrieved from /opt/airflow/dags/hello_airflow.py
[2026-08-20T11:59:52.236+0000] {logging_mixin.py:188} INFO - [2026-08-20T11:59:52.235+0000] {dag.py:3089} INFO - Sync 1 DAGs
[2026-08-20T11:59:52.247+0000] {logging_mixin.py:188} INFO - [2026-08-20T11:59:52.246+0000] {dag.py:3947} INFO - Setting next_dagrun for hello_airflow to None, run_after=None
[2026-08-20T11:59:52.262+0000] {processor.py:183} INFO - Processing /opt/airflow/dags/hello_airflow.py took 0.070 seconds
[2026-08-20T12:00:22.473+0000] {processor.py:161} INFO - Started process (PID=1852) to work on /opt/airflow/dags/hello_airflow.py
[2026-08-20T12:00:22.474+0000] {processor.py:830} INFO - Processing file /opt/airflow/dags/hello_airflow.py for tasks to queue
[2026-08-20T12:00:22.476+0000] {logging_mixin.py:188} INFO - [2026-08-20T12:00:22.476+0000] {dagbag.py:545} INFO - Filling up the DagBag from /opt/airflow/dags/hello_airflow.py
[2026-08-20T12:00:22.488+0000] {processor.py:840} INFO - DAG(s) 'hello_airflow' retrieved from /opt/airflow/dags/hello_airflow.py
[2026-08-20T12:00:22.507+0000] {logging_mixin.py:188} INFO - [2026-08-20T12:00:22.507+0000] {dag.py:3089} INFO - Sync 1 DAGs
[2026-08-20T12:00:22.517+0000] {logging_mixin.py:188} INFO - [2026-08-20T12:00:22.517+0000] {dag.py:3947} INFO - Setting next_dagrun for hello_airflow to None, run_after=None
[2026-08-20T12:00:22.533+0000] {processor.py:183} INFO - Processing /opt/airflow/dags/hello_airflow.py took 0.064 seconds
[2026-08-20T12:00:52.713+0000] {processor.py:161} INFO - Started process (PID=1883) to work on /opt/airflow/dags/hello_airflow.py
[2026-08-20T12:00:52.713+0000] {processor.py:830} INFO - Processing file /opt/airflow/dags/hello_airflow.py for tasks to queue
[2026-08-20T12:00:52.716+0000] {logging_mixin.py:188} INFO - [2026-08-20T12:00:52.716+0000] {dagbag.py:545} INFO - Filling up the DagBag from /opt/airflow/dags/hello_airflow.py
[2026-08-20T12:00:52.729+0000] {processor.py:840} INFO - DAG(s) 'hello_airflow' retrieved from /opt/airflow/dags/hello_airflow.py
[2026-08-20T12:00:52.751+0000] {logging_mixin.py:188} INFO - [2026-08-20T12:00:52.751+0000] {dag.py:3089} INFO - Sync 1 DAGs
[2026-08-20T12:00:52.762+0000] {logging_mixin.py:188} INFO - [2026-08-20T12:00:52.762+0000] {dag.py:3947} INFO - Setting next_dagrun for hello_airflow to None, run_after=None
[2026-08-20T12:00:52.779+0000] {processor.py:183} INFO - Processing /opt/airflow/dags/hello_airflow.py took 0.072 seconds
[2026-08-20T12:01:23.038+0000] {processor.py:161} INFO - Started process (PID=1907) to work on /opt/airflow/dags/hello_airflow.py
[2026-08-20T12:01:23.039+0000] {processor.py:830} INFO - Processing file /opt/airflow/dags/hello_airflow.py for tasks to queue
[2026-08-20T12:01:23.041+0000] {logging_mixin.py:188} INFO - [2026-08-20T12:01:23.041+0000] {dagbag.py:545} INFO - Filling up the DagBag from /opt/airflow/dags/hello_airflow.py
[2026-08-20T12:01:23.054+0000] {processor.py:840} INFO - DAG(s) 'hello_airflow' retrieved from /opt/airflow/dags/hello_airflow.py
[2026-08-20T12:01:23.075+0000] {logging_mixin.py:188} INFO - [2026-08-20T12:01:23.075+0000] {dag.py:3089} INFO - Sync 1 DAGs
[2026-08-20T12:01:23.086+0000] {logging_mixin.py:188} INFO - [2026-08-20T12:01:23.086+0000] {dag.py:3947} INFO - Setting next_dagrun for hello_airflow to None, run_after=None
[2026-08-20T12:01:23.103+0000] {processor.py:183} INFO - Processing /opt/airflow/dags/hello_airflow.py took 0.070 seconds
[2026-08-20T12:01:53.274+0000] {processor.py:161} INFO - Started process (PID=1939) to work on /opt/airflow/dags/hello_airflow.py
[2026-08-20T12:01:53.275+0000] {processor.py:830} INFO - Processing file /opt/airflow/dags/hello_airflow.py for tasks to queue
[2026-08-20T12:01:53.277+0000] {logging_mixin.py:188} INFO - [2026-08-20T12:01:53.276+0000] {dagbag.py:545} INFO - Filling up the DagBag from /opt/airflow/dags/hello_airflow.py
[2026-08-20T12:01:53.291+0000] {processor.py:840} INFO - DAG(s) 'hello_airflow' retrieved from /opt/airflow/dags/hello_airflow.py
[2026-08-20T12:01:53.314+0000] {logging_mixin.py:188} INFO - [2026-08-20T12:01:53.314+0000] {dag.py:3089} INFO - Sync 1 DAGs
[2026-08-20T12:01:53.326+0000] {logging_mixin.py:188} INFO - [2026-08-20T12:01:53.326+0000] {dag.py:3947} INFO - Setting next_dagrun for hello_airflow to None, run_after=None
[2026-08-20T12:01:53.344+0000] {processor.py:183} INFO - Processing /opt/airflow/dags/hello_airflow.py took 0.075 seconds
[2026-08-20T12:02:23.580+0000] {processor.py:161} INFO - Started process (PID=1970) to work on /opt/airflow/dags/hello_airflow.py
[2026-08-20T12:02:23.581+0000] {processor.py:830} INFO - Processing file /opt/airflow/dags/hello_airflow.py for tasks to queue
[2026-08-20T12:02:23.583+0000] {logging_mixin.py:188} INFO - [2026-08-20T12:02:23.583+0000] {dagbag.py:545} INFO - Filling up the DagBag from /opt/airflow/dags/hello_airflow.py
[2026-08-20T12:02:23.604+0000] {processor.py:840} INFO - DAG(s) 'hello_airflow' retrieved from /opt/airflow/dags/hello_airflow.py
[2026-08-20T12:02:23.629+0000] {logging_mixin.py:188} INFO - [2026-08-20T12:02:23.628+0000] {dag.py:3089} INFO - Sync 1 DAGs
[2026-08-20T12:02:23.640+0000] {logging_mixin.py:188} INFO - [2026-08-20T12:02:23.640+0000] {dag.py:3947} INFO - Setting next_dagrun for hello_airflow to None, run_after=None
[2026-08-20T12:02:23.658+0000] {processor.py:183} INFO - Processing /opt/airflow/dags/hello_airflow.py took 0.083 seconds
[2026-08-20T12:02:53.925+0000] {processor.py:161} INFO - Started process (PID=1994) to work on /opt/airflow/dags/hello_airflow.py
[2026-08-20T12:02:53.925+0000] {processor.py:830} INFO - Processing file /opt/airflow/dags/hello_airflow.py for tasks to queue
[2026-08-20T12:02:53.927+0000] {logging_mixin.py:188} INFO - [2026-08-20T12:02:53.927+0000] {dagbag.py:545} INFO - Filling up the DagBag from /opt/airflow/dags/hello_airflow.py
[2026-08-20T12:02:53.941+0000] {processor.py:840} INFO - DAG(s) 'hello_airflow' retrieved from /opt/airflow/dags/hello_airflow.py
[2026-08-20T12:02:53.964+0000] {logging_mixin.py:188} INFO - [2026-08-20T12:02:53.963+0000] {dag.py:3089} INFO - Sync 1 DAGs
[2026-08-20T12:02:53.975+0000] {logging_mixin.py:188} INFO - [2026-08-20T12:02:53.975+0000] {dag.py:3947} INFO - Setting next_dagrun for hello_airflow to None, run_after=None
[2026-08-20T12:02:53.992+0000] {processor.py:183} INFO - Processing /opt/airflow/dags/hello_airflow.py took 0.072 seconds
[2026-08-20T12:03:24.233+0000] {processor.py:161} INFO - Started process (PID=2025) to work on /opt/airflow/dags/hello_airflow.py
[2026-08-20T12:03:24.234+0000] {processor.py:830} INFO - Processing file /opt/airflow/dags/hello_airflow.py for tasks to queue
[2026-08-20T12:03:24.236+0000] {logging_mixin.py:188} INFO - [2026-08-20T12:03:24.236+0000] {dagbag.py:545} INFO - Filling up the DagBag from /opt/airflow/dags/hello_airflow.py
[2026-08-20T12:03:24.250+0000] {processor.py:840} INFO - DAG(s) 'hello_airflow' retrieved from /opt/airflow/dags/hello_airflow.py
[2026-08-20T12:03:24.272+0000] {logging_mixin.py:188} INFO - [2026-08-20T12:03:24.272+0000] {dag.py:3089} INFO - Sync 1 DAGs
[2026-08-20T12:03:24.283+0000] {logging_mixin.py:188} INFO - [2026-08-20T12:03:24.283+0000] {dag.py:3947} INFO - Setting next_dagrun for hello_airflow to None, run_after=None
[2026-08-20T12:03:24.300+0000] {processor.py:183} INFO - Processing /opt/airflow/dags/hello_airflow.py took 0.072 seconds
[2026-08-20T12:03:54.464+0000] {processor.py:161} INFO - Started process (PID=2056) to work on /opt/airflow/dags/hello_airflow.py
[2026-08-20T12:03:54.465+0000] {processor.py:830} INFO - Processing file /opt/airflow/dags/hello_airflow.py for tasks to queue
[2026-08-20T12:03:54.467+0000] {logging_mixin.py:188} INFO - [2026-08-20T12:03:54.467+0000] {dagbag.py:545} INFO - Filling up the DagBag from /opt/airflow/dags/hello_airflow.py
[2026-08-20T12:03:54.480+0000] {processor.py:840} INFO - DAG(s) 'hello_airflow' retrieved from /opt/airflow/dags/hello_airflow.py
[2026-08-20T12:03:54.507+0000] {logging_mixin.py:188} INFO - [2026-08-20T12:03:54.507+0000] {dag.py:3089} INFO - Sync 1 DAGs
[2026-08-20T12:03:54.518+0000] {logging_mixin.py:188} INFO - [2026-08-20T12:03:54.518+0000] {dag.py:3947} INFO - Setting next_dagrun for hello_airflow to None, run_after=None
[2026-08-20T12:03:54.543+0000] {processor.py:183} INFO - Processing /opt/airflow/dags/hello_airflow.py took 0.083 seconds
[2026-08-20T12:04:24.744+0000] {processor.py:161} INFO - Started process (PID=2080) to work on /opt/airflow/dags/hello_airflow.py
[2026-08-20T12:04:24.745+0000] {processor.py:830} INFO - Processing file /opt/airflow/dags/hello_airflow.py for tasks to queue
[2026-08-20T12:04:24.746+0000] {logging_mixin.py:188} INFO - [2026-08-20T12:04:24.746+0000] {dagbag.py:545} INFO - Filling up the DagBag from /opt/airflow/dags/hello_airflow.py
[2026-08-20T12:04:24.760+0000] {processor.py:840} INFO - DAG(s) 'hello_airflow' retrieved from /opt/airflow/dags/hello_airflow.py
[2026-08-20T12:04:24.781+0000] {logging_mixin.py:188} INFO - [2026-08-20T12:04:24.781+0000] {dag.py:3089} INFO - Sync 1 DAGs
[2026-08-20T12:04:24.793+0000] {logging_mixin.py:188} INFO - [2026-08-20T12:04:24.792+0000] {dag.py:3947} INFO - Setting next_dagrun for hello_airflow to None, run_after=None
[2026-08-20T12:04:24.809+0000] {processor.py:183} INFO - Processing /opt/airflow/dags/hello_airflow.py took 0.070 seconds
[2026-08-20T12:04:55.051+0000] {processor.py:161} INFO - Started process (PID=2112) to work on /opt/airflow/dags/hello_airflow.py
[2026-08-20T12:04:55.051+0000] {processor.py:830} INFO - Processing file /opt/airflow/dags/hello_airflow.py for tasks to queue
[2026-08-20T12:04:55.053+0000] {logging_mixin.py:188} INFO - [2026-08-20T12:04:55.053+0000] {dagbag.py:545} INFO - Filling up the DagBag from /opt/airflow/dags/hello_airflow.py
[2026-08-20T12:04:55.068+0000] {processor.py:840} INFO - DAG(s) 'hello_airflow' retrieved from /opt/airflow/dags/hello_airflow.py
[2026-08-20T12:04:55.090+0000] {logging_mixin.py:188} INFO - [2026-08-20T12:04:55.090+0000] {dag.py:3089} INFO - Sync 1 DAGs
[2026-08-20T12:04:55.101+0000] {logging_mixin.py:188} INFO - [2026-08-20T12:04:55.101+0000] {dag.py:3947} INFO - Setting next_dagrun for hello_airflow to None, run_after=None
[2026-08-20T12:04:55.118+0000] {processor.py:183} INFO - Processing /opt/airflow/dags/hello_airflow.py took 0.073 seconds
[2026-08-20T12:27:14.567+0000] {processor.py:161} INFO - Started process (PID=2136) to work on /opt/airflow/dags/hello_airflow.py
[2026-08-20T12:27:14.568+0000] {processor.py:830} INFO - Processing file /opt/airflow/dags/hello_airflow.py for tasks to queue
[2026-08-20T12:27:14.570+0000] {logging_mixin.py:188} INFO - [2026-08-20T12:27:14.570+0000] {dagbag.py:545} INFO - Filling up the DagBag from /opt/airflow/dags/hello_airflow.py
[2026-08-20T12:27:14.586+0000] {processor.py:840} INFO - DAG(s) 'hello_airflow' retrieved from /opt/airflow/dags/hello_airflow.py
[2026-08-20T12:27:14.609+0000] {logging_mixin.py:188} INFO - [2026-08-20T12:27:14.609+0000] {dag.py:3089} INFO - Sync 1 DAGs
[2026-08-20T12:27:14.622+0000] {logging_mixin.py:188} INFO - [2026-08-20T12:27:14.621+0000] {dag.py:3947} INFO - Setting next_dagrun for hello_airflow to None, run_after=None
[2026-08-20T12:27:14.638+0000] {processor.py:183} INFO - Processing /opt/airflow/dags/hello_airflow.py took 0.076 seconds
[2026-08-20T12:27:44.799+0000] {processor.py:161} INFO - Started process (PID=2168) to work on /opt/airflow/dags/hello_airflow.py
[2026-08-20T12:27:44.800+0000] {processor.py:830} INFO - Processing file /opt/airflow/dags/hello_airflow.py for tasks to queue
[2026-08-20T12:27:44.802+0000] {logging_mixin.py:188} INFO - [2026-08-20T12:27:44.802+0000] {dagbag.py:545} INFO - Filling up the DagBag from /opt/airflow/dags/hello_airflow.py
[2026-08-20T12:27:44.817+0000] {processor.py:840} INFO - DAG(s) 'hello_airflow' retrieved from /opt/airflow/dags/hello_airflow.py
[2026-08-20T12:27:44.839+0000] {logging_mixin.py:188} INFO - [2026-08-20T12:27:44.839+0000] {dag.py:3089} INFO - Sync 1 DAGs
[2026-08-20T12:27:44.850+0000] {logging_mixin.py:188} INFO - [2026-08-20T12:27:44.850+0000] {dag.py:3947} INFO - Setting next_dagrun for hello_airflow to None, run_after=None
[2026-08-20T12:27:44.867+0000] {processor.py:183} INFO - Processing /opt/airflow/dags/hello_airflow.py took 0.073 seconds
[2026-08-20T12:28:15.121+0000] {processor.py:161} INFO - Started process (PID=2192) to work on /opt/airflow/dags/hello_airflow.py
[2026-08-20T12:28:15.122+0000] {processor.py:830} INFO - Processing file /opt/airflow/dags/hello_airflow.py for tasks to queue
[2026-08-20T12:28:15.124+0000] {logging_mixin.py:188} INFO - [2026-08-20T12:28:15.124+0000] {dagbag.py:545} INFO - Filling up the DagBag from /opt/airflow/dags/hello_airflow.py
[2026-08-20T12:28:15.139+0000] {processor.py:840} INFO - DAG(s) 'hello_airflow' retrieved from /opt/airflow/dags/hello_airflow.py
[2026-08-20T12:28:15.164+0000] {logging_mixin.py:188} INFO - [2026-08-20T12:28:15.164+0000] {dag.py:3089} INFO - Sync 1 DAGs
[2026-08-20T12:28:15.177+0000] {logging_mixin.py:188} INFO - [2026-08-20T12:28:15.177+0000] {dag.py:3947} INFO - Setting next_dagrun for hello_airflow to None, run_after=None
[2026-08-20T12:28:15.196+0000] {processor.py:183} INFO - Processing /opt/airflow/dags/hello_airflow.py took 0.082 seconds
[2026-08-20T12:28:45.444+0000] {processor.py:161} INFO - Started process (PID=2223) to work on /opt/airflow/dags/hello_airflow.py
[2026-08-20T12:28:45.445+0000] {processor.py:830} INFO - Processing file /opt/airflow/dags/hello_airflow.py for tasks to queue
[2026-08-20T12:28:45.447+0000] {logging_mixin.py:188} INFO - [2026-08-20T12:28:45.447+0000] {dagbag.py:545} INFO - Filling up the DagBag from /opt/airflow/dags/hello_airflow.py
[2026-08-20T12:28:45.460+0000] {processor.py:840} INFO - DAG(s) 'hello_airflow' retrieved from /opt/airflow/dags/hello_airflow.py
[2026-08-20T12:28:45.484+0000] {logging_mixin.py:188} INFO - [2026-08-20T12:28:45.484+0000] {dag.py:3089} INFO - Sync 1 DAGs
[2026-08-20T12:28:45.496+0000] {logging_mixin.py:188} INFO - [2026-08-20T12:28:45.496+0000] {dag.py:3947} INFO - Setting next_dagrun for hello_airflow to None, run_after=None
[2026-08-20T12:28:45.513+0000] {processor.py:183} INFO - Processing /opt/airflow/dags/hello_airflow.py took 0.074 seconds
[2026-08-20T12:29:15.779+0000] {processor.py:161} INFO - Started process (PID=2254) to work on /opt/airflow/dags/hello_airflow.py
[2026-08-20T12:29:15.780+0000] {processor.py:830} INFO - Processing file /opt/airflow/dags/hello_airflow.py for tasks to queue
[2026-08-20T12:29:15.782+0000] {logging_mixin.py:188} INFO - [2026-08-20T12:29:15.782+0000] {dagbag.py:545} INFO - Filling up the DagBag from /opt/airflow/dags/hello_airflow.py
[2026-08-20T12:29:15.795+0000] {processor.py:840} INFO - DAG(s) 'hello_airflow' retrieved from /opt/airflow/dags/hello_airflow.py
[2026-08-20T12:29:15.819+0000] {logging_mixin.py:188} INFO - [2026-08-20T12:29:15.819+0000] {dag.py:3089} INFO - Sync 1 DAGs
[2026-08-20T12:29:15.830+0000] {logging_mixin.py:188} INFO - [2026-08-20T12:29:15.830+0000] {dag.py:3947} INFO - Setting next_dagrun for hello_airflow to None, run_after=None
[2026-08-20T12:29:15.849+0000] {processor.py:183} INFO - Processing /opt/airflow/dags/hello_airflow.py took 0.074 seconds
[2026-08-20T12:29:46.043+0000] {processor.py:161} INFO - Started process (PID=2278) to work on /opt/airflow/dags/hello_airflow.py
[2026-08-20T12:29:46.044+0000] {processor.py:830} INFO - Processing file /opt/airflow/dags/hello_airflow.py for tasks to queue
[2026-08-20T12:29:46.046+0000] {logging_mixin.py:188} INFO - [2026-08-20T12:29:46.046+0000] {dagbag.py:545} INFO - Filling up the DagBag from /opt/airflow/dags/hello_airflow.py
[2026-08-20T12:29:46.063+0000] {processor.py:840} INFO - DAG(s) 'hello_airflow' retrieved from /opt/airflow/dags/hello_airflow.py
[2026-08-20T12:29:46.090+0000] {logging_mixin.py:188} INFO - [2026-08-20T12:29:46.090+0000] {dag.py:3089} INFO - Sync 1 DAGs
[2026-08-20T12:29:46.103+0000] {logging_mixin.py:188} INFO - [2026-08-20T12:29:46.103+0000] {dag.py:3947} INFO - Setting next_dagrun for hello_airflow to None, run_after=None
[2026-08-20T12:29:46.129+0000] {processor.py:183} INFO - Processing /opt/airflow/dags/hello_airflow.py took 0.096 seconds
[2026-08-20T12:30:16.372+0000] {processor.py:161} INFO - Started process (PID=2310) to work on /opt/airflow/dags/hello_airflow.py
[2026-08-20T12:30:16.374+0000] {processor.py:830} INFO - Processing file /opt/airflow/dags/hello_airflow.py for tasks to queue
[2026-08-20T12:30:16.377+0000] {logging_mixin.py:188} INFO - [2026-08-20T12:30:16.377+0000] {dagbag.py:545} INFO - Filling up the DagBag from /opt/airflow/dags/hello_airflow.py
[2026-08-20T12:30:16.396+0000] {processor.py:840} INFO - DAG(s) 'hello_airflow' retrieved from /opt/airflow/dags/hello_airflow.py
[2026-08-20T12:30:16.427+0000] {logging_mixin.py:188} INFO - [2026-08-20T12:30:16.426+0000] {dag.py:3089} INFO - Sync 1 DAGs
[2026-08-20T12:30:16.441+0000] {logging_mixin.py:188} INFO - [2026-08-20T12:30:16.441+0000] {dag.py:3947} INFO - Setting next_dagrun for hello_airflow to None, run_after=None
[2026-08-20T12:30:16.465+0000] {processor.py:183} INFO - Processing /opt/airflow/dags/hello_airflow.py took 0.100 seconds
[2026-08-20T12:30:46.635+0000] {processor.py:161} INFO - Started process (PID=2334) to work on /opt/airflow/dags/hello_airflow.py
[2026-08-20T12:30:46.637+0000] {processor.py:830} INFO - Processing file /opt/airflow/dags/hello_airflow.py for tasks to queue
[2026-08-20T12:30:46.639+0000] {logging_mixin.py:188} INFO - [2026-08-20T12:30:46.639+0000] {dagbag.py:545} INFO - Filling up the DagBag from /opt/airflow/dags/hello_airflow.py
[2026-08-20T12:30:46.659+0000] {processor.py:840} INFO - DAG(s) 'hello_airflow' retrieved from /opt/airflow/dags/hello_airflow.py
[2026-08-20T12:30:46.689+0000] {logging_mixin.py:188} INFO - [2026-08-20T12:30:46.689+0000] {dag.py:3089} INFO - Sync 1 DAGs
[2026-08-20T12:30:46.705+0000] {logging_mixin.py:188} INFO - [2026-08-20T12:30:46.705+0000] {dag.py:3947} INFO - Setting next_dagrun for hello_airflow to None, run_after=None
[2026-08-20T12:30:46.731+0000] {processor.py:183} INFO - Processing /opt/airflow/dags/hello_airflow.py took 0.105 seconds
[2026-08-20T12:31:16.911+0000] {processor.py:161} INFO - Started process (PID=2365) to work on /opt/airflow/dags/hello_airflow.py
[2026-08-20T12:31:16.912+0000] {processor.py:830} INFO - Processing file /opt/airflow/dags/hello_airflow.py for tasks to queue
[2026-08-20T12:31:16.914+0000] {logging_mixin.py:188} INFO - [2026-08-20T12:31:16.914+0000] {dagbag.py:545} INFO - Filling up the DagBag from /opt/airflow/dags/hello_airflow.py
[2026-08-20T12:31:16.932+0000] {processor.py:840} INFO - DAG(s) 'hello_airflow' retrieved from /opt/airflow/dags/hello_airflow.py
[2026-08-20T12:31:16.960+0000] {logging_mixin.py:188} INFO - [2026-08-20T12:31:16.959+0000] {dag.py:3089} INFO - Sync 1 DAGs
[2026-08-20T12:31:16.975+0000] {logging_mixin.py:188} INFO - [2026-08-20T12:31:16.975+0000] {dag.py:3947} INFO - Setting next_dagrun for hello_airflow to None, run_after=None
[2026-08-20T12:31:16.997+0000] {processor.py:183} INFO - Processing /opt/airflow/dags/hello_airflow.py took 0.092 seconds
[2026-08-20T12:31:47.200+0000] {processor.py:161} INFO - Started process (PID=2396) to work on /opt/airflow/dags/hello_airflow.py
[2026-08-20T12:31:47.201+0000] {processor.py:830} INFO - Processing file /opt/airflow/dags/hello_airflow.py for tasks to queue
[2026-08-20T12:31:47.204+0000] {logging_mixin.py:188} INFO - [2026-08-20T12:31:47.203+0000] {dagbag.py:545} INFO - Filling up the DagBag from /opt/airflow/dags/hello_airflow.py
[2026-08-20T12:31:47.221+0000] {processor.py:840} INFO - DAG(s) 'hello_airflow' retrieved from /opt/airflow/dags/hello_airflow.py
[2026-08-20T12:31:47.246+0000] {logging_mixin.py:188} INFO - [2026-08-20T12:31:47.246+0000] {dag.py:3089} INFO - Sync 1 DAGs
[2026-08-20T12:31:47.259+0000] {logging_mixin.py:188} INFO - [2026-08-20T12:31:47.258+0000] {dag.py:3947} INFO - Setting next_dagrun for hello_airflow to None, run_after=None
[2026-08-20T12:31:47.280+0000] {processor.py:183} INFO - Processing /opt/airflow/dags/hello_airflow.py took 0.086 seconds
[2026-08-20T12:32:17.499+0000] {processor.py:161} INFO - Started process (PID=2420) to work on /opt/airflow/dags/hello_airflow.py
[2026-08-20T12:32:17.500+0000] {processor.py:830} INFO - Processing file /opt/airflow/dags/hello_airflow.py for tasks to queue
[2026-08-20T12:32:17.503+0000] {logging_mixin.py:188} INFO - [2026-08-20T12:32:17.503+0000] {dagbag.py:545} INFO - Filling up the DagBag from /opt/airflow/dags/hello_airflow.py
[2026-08-20T12:32:17.519+0000] {processor.py:840} INFO - DAG(s) 'hello_airflow' retrieved from /opt/airflow/dags/hello_airflow.py
[2026-08-20T12:32:17.546+0000] {logging_mixin.py:188} INFO - [2026-08-20T12:32:17.546+0000] {dag.py:3089} INFO - Sync 1 DAGs
[2026-08-20T12:32:17.560+0000] {logging_mixin.py:188} INFO - [2026-08-20T12:32:17.560+0000] {dag.py:3947} INFO - Setting next_dagrun for hello_airflow to None, run_after=None
[2026-08-20T12:32:17.580+0000] {processor.py:183} INFO - Processing /opt/airflow/dags/hello_airflow.py took 0.086 seconds
[2026-08-20T12:32:47.853+0000] {processor.py:161} INFO - Started process (PID=2451) to work on /opt/airflow/dags/hello_airflow.py
[2026-08-20T12:32:47.855+0000] {processor.py:830} INFO - Processing file /opt/airflow/dags/hello_airflow.py for tasks to queue
[2026-08-20T12:32:47.858+0000] {logging_mixin.py:188} INFO - [2026-08-20T12:32:47.857+0000] {dagbag.py:545} INFO - Filling up the DagBag from /opt/airflow/dags/hello_airflow.py
[2026-08-20T12:32:47.880+0000] {processor.py:840} INFO - DAG(s) 'hello_airflow' retrieved from /opt/airflow/dags/hello_airflow.py
[2026-08-20T12:32:47.912+0000] {logging_mixin.py:188} INFO - [2026-08-20T12:32:47.912+0000] {dag.py:3089} INFO - Sync 1 DAGs
[2026-08-20T12:32:47.927+0000] {logging_mixin.py:188} INFO - [2026-08-20T12:32:47.927+0000] {dag.py:3947} INFO - Setting next_dagrun for hello_airflow to None, run_after=None
[2026-08-20T12:32:47.948+0000] {processor.py:183} INFO - Processing /opt/airflow/dags/hello_airflow.py took 0.101 seconds
[2026-08-20T12:33:18.197+0000] {processor.py:161} INFO - Started process (PID=2475) to work on /opt/airflow/dags/hello_airflow.py
[2026-08-20T12:33:18.198+0000] {processor.py:830} INFO - Processing file /opt/airflow/dags/hello_airflow.py for tasks to queue
[2026-08-20T12:33:18.201+0000] {logging_mixin.py:188} INFO - [2026-08-20T12:33:18.201+0000] {dagbag.py:545} INFO - Filling up the DagBag from /opt/airflow/dags/hello_airflow.py
[2026-08-20T12:33:18.220+0000] {processor.py:840} INFO - DAG(s) 'hello_airflow' retrieved from /opt/airflow/dags/hello_airflow.py
[2026-08-20T12:33:18.246+0000] {logging_mixin.py:188} INFO - [2026-08-20T12:33:18.246+0000] {dag.py:3089} INFO - Sync 1 DAGs
[2026-08-20T12:33:18.259+0000] {logging_mixin.py:188} INFO - [2026-08-20T12:33:18.259+0000] {dag.py:3947} INFO - Setting next_dagrun for hello_airflow to None, run_after=None
[2026-08-20T12:33:18.279+0000] {processor.py:183} INFO - Processing /opt/airflow/dags/hello_airflow.py took 0.088 seconds
[2026-08-20T12:33:48.553+0000] {processor.py:161} INFO - Started process (PID=2506) to work on /opt/airflow/dags/hello_airflow.py
[2026-08-20T12:33:48.554+0000] {processor.py:830} INFO - Processing file /opt/airflow/dags/hello_airflow.py for tasks to queue
[2026-08-20T12:33:48.556+0000] {logging_mixin.py:188} INFO - [2026-08-20T12:33:48.556+0000] {dagbag.py:545} INFO - Filling up the DagBag from /opt/airflow/dags/hello_airflow.py
[2026-08-20T12:33:48.572+0000] {processor.py:840} INFO - DAG(s) 'hello_airflow' retrieved from /opt/airflow/dags/hello_airflow.py
[2026-08-20T12:33:48.598+0000] {logging_mixin.py:188} INFO - [2026-08-20T12:33:48.598+0000] {dag.py:3089} INFO - Sync 1 DAGs
[2026-08-20T12:33:48.611+0000] {logging_mixin.py:188} INFO - [2026-08-20T12:33:48.611+0000] {dag.py:3947} INFO - Setting next_dagrun for hello_airflow to None, run_after=None
[2026-08-20T12:33:48.634+0000] {processor.py:183} INFO - Processing /opt/airflow/dags/hello_airflow.py took 0.087 seconds
[2026-08-20T12:34:18.931+0000] {processor.py:161} INFO - Started process (PID=2537) to work on /opt/airflow/dags/hello_airflow.py
[2026-08-20T12:34:18.932+0000] {processor.py:830} INFO - Processing file /opt/airflow/dags/hello_airflow.py for tasks to queue
[2026-08-20T12:34:18.935+0000] {logging_mixin.py:188} INFO - [2026-08-20T12:34:18.935+0000] {dagbag.py:545} INFO - Filling up the DagBag from /opt/airflow/dags/hello_airflow.py
[2026-08-20T12:34:18.952+0000] {processor.py:840} INFO - DAG(s) 'hello_airflow' retrieved from /opt/airflow/dags/hello_airflow.py
[2026-08-20T12:34:18.975+0000] {logging_mixin.py:188} INFO - [2026-08-20T12:34:18.975+0000] {dag.py:3089} INFO - Sync 1 DAGs
[2026-08-20T12:34:18.987+0000] {logging_mixin.py:188} INFO - [2026-08-20T12:34:18.987+0000] {dag.py:3947} INFO - Setting next_dagrun for hello_airflow to None, run_after=None
[2026-08-20T12:34:19.007+0000] {processor.py:183} INFO - Processing /opt/airflow/dags/hello_airflow.py took 0.084 seconds
[2026-08-20T12:34:49.192+0000] {processor.py:161} INFO - Started process (PID=2561) to work on /opt/airflow/dags/hello_airflow.py
[2026-08-20T12:34:49.193+0000] {processor.py:830} INFO - Processing file /opt/airflow/dags/hello_airflow.py for tasks to queue
[2026-08-20T12:34:49.196+0000] {logging_mixin.py:188} INFO - [2026-08-20T12:34:49.195+0000] {dagbag.py:545} INFO - Filling up the DagBag from /opt/airflow/dags/hello_airflow.py
[2026-08-20T12:34:49.214+0000] {processor.py:840} INFO - DAG(s) 'hello_airflow' retrieved from /opt/airflow/dags/hello_airflow.py
[2026-08-20T12:34:49.242+0000] {logging_mixin.py:188} INFO - [2026-08-20T12:34:49.241+0000] {dag.py:3089} INFO - Sync 1 DAGs
[2026-08-20T12:34:49.255+0000] {logging_mixin.py:188} INFO - [2026-08-20T12:34:49.255+0000] {dag.py:3947} INFO - Setting next_dagrun for hello_airflow to None, run_after=None
[2026-08-20T12:34:49.275+0000] {processor.py:183} INFO - Processing /opt/airflow/dags/hello_airflow.py took 0.091 seconds
[2026-08-20T12:35:19.567+0000] {processor.py:161} INFO - Started process (PID=2592) to work on /opt/airflow/dags/hello_airflow.py
[2026-08-20T12:35:19.569+0000] {processor.py:830} INFO - Processing file /opt/airflow/dags/hello_airflow.py for tasks to queue
[2026-08-20T12:35:19.571+0000] {logging_mixin.py:188} INFO - [2026-08-20T12:35:19.570+0000] {dagbag.py:545} INFO - Filling up the DagBag from /opt/airflow/dags/hello_airflow.py
[2026-08-20T12:35:19.589+0000] {processor.py:840} INFO - DAG(s) 'hello_airflow' retrieved from /opt/airflow/dags/hello_airflow.py
[2026-08-20T12:35:19.616+0000] {logging_mixin.py:188} INFO - [2026-08-20T12:35:19.616+0000] {dag.py:3089} INFO - Sync 1 DAGs
[2026-08-20T12:35:19.629+0000] {logging_mixin.py:188} INFO - [2026-08-20T12:35:19.629+0000] {dag.py:3947} INFO - Setting next_dagrun for hello_airflow to None, run_after=None
[2026-08-20T12:35:19.651+0000] {processor.py:183} INFO - Processing /opt/airflow/dags/hello_airflow.py took 0.092 seconds
[2026-08-20T12:35:49.920+0000] {processor.py:161} INFO - Started process (PID=2616) to work on /opt/airflow/dags/hello_airflow.py
[2026-08-20T12:35:49.921+0000] {processor.py:830} INFO - Processing file /opt/airflow/dags/hello_airflow.py for tasks to queue
[2026-08-20T12:35:49.923+0000] {logging_mixin.py:188} INFO - [2026-08-20T12:35:49.923+0000] {dagbag.py:545} INFO - Filling up the DagBag from /opt/airflow/dags/hello_airflow.py
[2026-08-20T12:35:49.940+0000] {processor.py:840} INFO - DAG(s) 'hello_airflow' retrieved from /opt/airflow/dags/hello_airflow.py
[2026-08-20T12:35:49.967+0000] {logging_mixin.py:188} INFO - [2026-08-20T12:35:49.967+0000] {dag.py:3089} INFO - Sync 1 DAGs
[2026-08-20T12:35:49.980+0000] {logging_mixin.py:188} INFO - [2026-08-20T12:35:49.980+0000] {dag.py:3947} INFO - Setting next_dagrun for hello_airflow to None, run_after=None
[2026-08-20T12:35:50.001+0000] {processor.py:183} INFO - Processing /opt/airflow/dags/hello_airflow.py took 0.088 seconds
[2026-08-20T12:36:20.287+0000] {processor.py:161} INFO - Started process (PID=2647) to work on /opt/airflow/dags/hello_airflow.py
[2026-08-20T12:36:20.289+0000] {processor.py:830} INFO - Processing file /opt/airflow/dags/hello_airflow.py for tasks to queue
[2026-08-20T12:36:20.292+0000] {logging_mixin.py:188} INFO - [2026-08-20T12:36:20.292+0000] {dagbag.py:545} INFO - Filling up the DagBag from /opt/airflow/dags/hello_airflow.py
[2026-08-20T12:36:20.317+0000] {processor.py:840} INFO - DAG(s) 'hello_airflow' retrieved from /opt/airflow/dags/hello_airflow.py
[2026-08-20T12:36:20.354+0000] {logging_mixin.py:188} INFO - [2026-08-20T12:36:20.354+0000] {dag.py:3089} INFO - Sync 1 DAGs
[2026-08-20T12:36:20.368+0000] {logging_mixin.py:188} INFO - [2026-08-20T12:36:20.367+0000] {dag.py:3947} INFO - Setting next_dagrun for hello_airflow to None, run_after=None
[2026-08-20T12:36:20.385+0000] {processor.py:183} INFO - Processing /opt/airflow/dags/hello_airflow.py took 0.106 seconds
[2026-08-20T12:36:50.542+0000] {processor.py:161} INFO - Started process (PID=2678) to work on /opt/airflow/dags/hello_airflow.py
[2026-08-20T12:36:50.543+0000] {processor.py:830} INFO - Processing file /opt/airflow/dags/hello_airflow.py for tasks to queue
[2026-08-20T12:36:50.545+0000] {logging_mixin.py:188} INFO - [2026-08-20T12:36:50.545+0000] {dagbag.py:545} INFO - Filling up the DagBag from /opt/airflow/dags/hello_airflow.py
[2026-08-20T12:36:50.563+0000] {processor.py:840} INFO - DAG(s) 'hello_airflow' retrieved from /opt/airflow/dags/hello_airflow.py
[2026-08-20T12:36:50.591+0000] {logging_mixin.py:188} INFO - [2026-08-20T12:36:50.591+0000] {dag.py:3089} INFO - Sync 1 DAGs
[2026-08-20T12:36:50.604+0000] {logging_mixin.py:188} INFO - [2026-08-20T12:36:50.604+0000] {dag.py:3947} INFO - Setting next_dagrun for hello_airflow to None, run_after=None
[2026-08-20T12:36:50.624+0000] {processor.py:183} INFO - Processing /opt/airflow/dags/hello_airflow.py took 0.090 seconds
[2026-08-20T12:37:20.857+0000] {processor.py:161} INFO - Started process (PID=2702) to work on /opt/airflow/dags/hello_airflow.py
[2026-08-20T12:37:20.858+0000] {processor.py:830} INFO - Processing file /opt/airflow/dags/hello_airflow.py for tasks to queue
[2026-08-20T12:37:20.861+0000] {logging_mixin.py:188} INFO - [2026-08-20T12:37:20.860+0000] {dagbag.py:545} INFO - Filling up the DagBag from /opt/airflow/dags/hello_airflow.py
[2026-08-20T12:37:20.880+0000] {processor.py:840} INFO - DAG(s) 'hello_airflow' retrieved from /opt/airflow/dags/hello_airflow.py
[2026-08-20T12:37:20.909+0000] {logging_mixin.py:188} INFO - [2026-08-20T12:37:20.909+0000] {dag.py:3089} INFO - Sync 1 DAGs
[2026-08-20T12:37:20.924+0000] {logging_mixin.py:188} INFO - [2026-08-20T12:37:20.923+0000] {dag.py:3947} INFO - Setting next_dagrun for hello_airflow to None, run_after=None
[2026-08-20T12:37:20.943+0000] {processor.py:183} INFO - Processing /opt/airflow/dags/hello_airflow.py took 0.092 seconds
[2026-08-20T12:37:51.102+0000] {processor.py:161} INFO - Started process (PID=2733) to work on /opt/airflow/dags/hello_airflow.py
[2026-08-20T12:37:51.103+0000] {processor.py:830} INFO - Processing file /opt/airflow/dags/hello_airflow.py for tasks to queue
[2026-08-20T12:37:51.106+0000] {logging_mixin.py:188} INFO - [2026-08-20T12:37:51.106+0000] {dagbag.py:545} INFO - Filling up the DagBag from /opt/airflow/dags/hello_airflow.py
[2026-08-20T12:37:51.122+0000] {processor.py:840} INFO - DAG(s) 'hello_airflow' retrieved from /opt/airflow/dags/hello_airflow.py
[2026-08-20T12:37:51.151+0000] {logging_mixin.py:188} INFO - [2026-08-20T12:37:51.151+0000] {dag.py:3089} INFO - Sync 1 DAGs
[2026-08-20T12:37:51.165+0000] {logging_mixin.py:188} INFO - [2026-08-20T12:37:51.165+0000] {dag.py:3947} INFO - Setting next_dagrun for hello_airflow to None, run_after=None
[2026-08-20T12:37:51.184+0000] {processor.py:183} INFO - Processing /opt/airflow/dags/hello_airflow.py took 0.090 seconds
[2026-08-20T12:38:21.412+0000] {processor.py:161} INFO - Started process (PID=2757) to work on /opt/airflow/dags/hello_airflow.py
[2026-08-20T12:38:21.413+0000] {processor.py:830} INFO - Processing file /opt/airflow/dags/hello_airflow.py for tasks to queue
[2026-08-20T12:38:21.416+0000] {logging_mixin.py:188} INFO - [2026-08-20T12:38:21.415+0000] {dagbag.py:545} INFO - Filling up the DagBag from /opt/airflow/dags/hello_airflow.py
[2026-08-20T12:38:21.434+0000] {processor.py:840} INFO - DAG(s) 'hello_airflow' retrieved from /opt/airflow/dags/hello_airflow.py
[2026-08-20T12:38:21.462+0000] {logging_mixin.py:188} INFO - [2026-08-20T12:38:21.462+0000] {dag.py:3089} INFO - Sync 1 DAGs
[2026-08-20T12:38:21.476+0000] {logging_mixin.py:188} INFO - [2026-08-20T12:38:21.476+0000] {dag.py:3947} INFO - Setting next_dagrun for hello_airflow to None, run_after=None
[2026-08-20T12:38:21.498+0000] {processor.py:183} INFO - Processing /opt/airflow/dags/hello_airflow.py took 0.094 seconds
[2026-08-20T12:38:51.678+0000] {processor.py:161} INFO - Started process (PID=2789) to work on /opt/airflow/dags/hello_airflow.py
[2026-08-20T12:38:51.679+0000] {processor.py:830} INFO - Processing file /opt/airflow/dags/hello_airflow.py for tasks to queue
[2026-08-20T12:38:51.680+0000] {logging_mixin.py:188} INFO - [2026-08-20T12:38:51.680+0000] {dagbag.py:545} INFO - Filling up the DagBag from /opt/airflow/dags/hello_airflow.py
[2026-08-20T12:38:51.695+0000] {processor.py:840} INFO - DAG(s) 'hello_airflow' retrieved from /opt/airflow/dags/hello_airflow.py
[2026-08-20T12:38:51.722+0000] {logging_mixin.py:188} INFO - [2026-08-20T12:38:51.722+0000] {dag.py:3089} INFO - Sync 1 DAGs
[2026-08-20T12:38:51.733+0000] {logging_mixin.py:188} INFO - [2026-08-20T12:38:51.733+0000] {dag.py:3947} INFO - Setting next_dagrun for hello_airflow to None, run_after=None
[2026-08-20T12:38:51.752+0000] {processor.py:183} INFO - Processing /opt/airflow/dags/hello_airflow.py took 0.080 seconds
[2026-08-20T12:39:21.967+0000] {processor.py:161} INFO - Started process (PID=2821) to work on /opt/airflow/dags/hello_airflow.py
[2026-08-20T12:39:21.969+0000] {processor.py:830} INFO - Processing file /opt/airflow/dags/hello_airflow.py for tasks to queue
[2026-08-20T12:39:21.971+0000] {logging_mixin.py:188} INFO - [2026-08-20T12:39:21.970+0000] {dagbag.py:545} INFO - Filling up the DagBag from /opt/airflow/dags/hello_airflow.py
[2026-08-20T12:39:21.990+0000] {processor.py:840} INFO - DAG(s) 'hello_airflow' retrieved from /opt/airflow/dags/hello_airflow.py
[2026-08-20T12:39:22.017+0000] {logging_mixin.py:188} INFO - [2026-08-20T12:39:22.016+0000] {dag.py:3089} INFO - Sync 1 DAGs
[2026-08-20T12:39:22.031+0000] {logging_mixin.py:188} INFO - [2026-08-20T12:39:22.031+0000] {dag.py:3947} INFO - Setting next_dagrun for hello_airflow to None, run_after=None
[2026-08-20T12:39:22.053+0000] {processor.py:183} INFO - Processing /opt/airflow/dags/hello_airflow.py took 0.092 seconds
[2026-08-20T12:39:52.333+0000] {processor.py:161} INFO - Started process (PID=2845) to work on /opt/airflow/dags/hello_airflow.py
[2026-08-20T12:39:52.335+0000] {processor.py:830} INFO - Processing file /opt/airflow/dags/hello_airflow.py for tasks to queue
[2026-08-20T12:39:52.337+0000] {logging_mixin.py:188} INFO - [2026-08-20T12:39:52.337+0000] {dagbag.py:545} INFO - Filling up the DagBag from /opt/airflow/dags/hello_airflow.py
[2026-08-20T12:39:52.355+0000] {processor.py:840} INFO - DAG(s) 'hello_airflow' retrieved from /opt/airflow/dags/hello_airflow.py
[2026-08-20T12:39:52.379+0000] {logging_mixin.py:188} INFO - [2026-08-20T12:39:52.379+0000] {dag.py:3089} INFO - Sync 1 DAGs
[2026-08-20T12:39:52.393+0000] {logging_mixin.py:188} INFO - [2026-08-20T12:39:52.393+0000] {dag.py:3947} INFO - Setting next_dagrun for hello_airflow to None, run_after=None
[2026-08-20T12:39:52.414+0000] {processor.py:183} INFO - Processing /opt/airflow/dags/hello_airflow.py took 0.086 seconds
[2026-08-20T12:40:22.679+0000] {processor.py:161} INFO - Started process (PID=2877) to work on /opt/airflow/dags/hello_airflow.py
[2026-08-20T12:40:22.681+0000] {processor.py:830} INFO - Processing file /opt/airflow/dags/hello_airflow.py for tasks to queue
[2026-08-20T12:40:22.683+0000] {logging_mixin.py:188} INFO - [2026-08-20T12:40:22.683+0000] {dagbag.py:545} INFO - Filling up the DagBag from /opt/airflow/dags/hello_airflow.py
[2026-08-20T12:40:22.701+0000] {processor.py:840} INFO - DAG(s) 'hello_airflow' retrieved from /opt/airflow/dags/hello_airflow.py
[2026-08-20T12:40:22.727+0000] {logging_mixin.py:188} INFO - [2026-08-20T12:40:22.727+0000] {dag.py:3089} INFO - Sync 1 DAGs
[2026-08-20T12:40:22.738+0000] {logging_mixin.py:188} INFO - [2026-08-20T12:40:22.738+0000] {dag.py:3947} INFO - Setting next_dagrun for hello_airflow to None, run_after=None
[2026-08-20T12:40:22.761+0000] {processor.py:183} INFO - Processing /opt/airflow/dags/hello_airflow.py took 0.087 seconds
[2026-08-20T12:40:52.935+0000] {processor.py:161} INFO - Started process (PID=2901) to work on /opt/airflow/dags/hello_airflow.py
[2026-08-20T12:40:52.936+0000] {processor.py:830} INFO - Processing file /opt/airflow/dags/hello_airflow.py for tasks to queue
[2026-08-20T12:40:52.940+0000] {logging_mixin.py:188} INFO - [2026-08-20T12:40:52.940+0000] {dagbag.py:545} INFO - Filling up the DagBag from /opt/airflow/dags/hello_airflow.py
[2026-08-20T12:40:52.963+0000] {processor.py:840} INFO - DAG(s) 'hello_airflow' retrieved from /opt/airflow/dags/hello_airflow.py
[2026-08-20T12:40:52.994+0000] {logging_mixin.py:188} INFO - [2026-08-20T12:40:52.994+0000] {dag.py:3089} INFO - Sync 1 DAGs
[2026-08-20T12:40:53.010+0000] {logging_mixin.py:188} INFO - [2026-08-20T12:40:53.010+0000] {dag.py:3947} INFO - Setting next_dagrun for hello_airflow to None, run_after=None
[2026-08-20T12:40:53.031+0000] {processor.py:183} INFO - Processing /opt/airflow/dags/hello_airflow.py took 0.102 seconds
[2026-08-20T12:41:23.271+0000] {processor.py:161} INFO - Started process (PID=2932) to work on /opt/airflow/dags/hello_airflow.py
[2026-08-20T12:41:23.272+0000] {processor.py:830} INFO - Processing file /opt/airflow/dags/hello_airflow.py for tasks to queue
[2026-08-20T12:41:23.275+0000] {logging_mixin.py:188} INFO - [2026-08-20T12:41:23.275+0000] {dagbag.py:545} INFO - Filling up the DagBag from /opt/airflow/dags/hello_airflow.py
[2026-08-20T12:41:23.292+0000] {processor.py:840} INFO - DAG(s) 'hello_airflow' retrieved from /opt/airflow/dags/hello_airflow.py
[2026-08-20T12:41:23.318+0000] {logging_mixin.py:188} INFO - [2026-08-20T12:41:23.318+0000] {dag.py:3089} INFO - Sync 1 DAGs
[2026-08-20T12:41:23.331+0000] {logging_mixin.py:188} INFO - [2026-08-20T12:41:23.331+0000] {dag.py:3947} INFO - Setting next_dagrun for hello_airflow to None, run_after=None
[2026-08-20T12:41:23.350+0000] {processor.py:183} INFO - Processing /opt/airflow/dags/hello_airflow.py took 0.085 seconds
[2026-08-20T12:41:53.519+0000] {processor.py:161} INFO - Started process (PID=2956) to work on /opt/airflow/dags/hello_airflow.py
[2026-08-20T12:41:53.520+0000] {processor.py:830} INFO - Processing file /opt/airflow/dags/hello_airflow.py for tasks to queue
[2026-08-20T12:41:53.523+0000] {logging_mixin.py:188} INFO - [2026-08-20T12:41:53.523+0000] {dagbag.py:545} INFO - Filling up the DagBag from /opt/airflow/dags/hello_airflow.py
[2026-08-20T12:41:53.551+0000] {processor.py:840} INFO - DAG(s) 'hello_airflow' retrieved from /opt/airflow/dags/hello_airflow.py
[2026-08-20T12:41:53.580+0000] {logging_mixin.py:188} INFO - [2026-08-20T12:41:53.580+0000] {dag.py:3089} INFO - Sync 1 DAGs
[2026-08-20T12:41:53.593+0000] {logging_mixin.py:188} INFO - [2026-08-20T12:41:53.593+0000] {dag.py:3947} INFO - Setting next_dagrun for hello_airflow to None, run_after=None
[2026-08-20T12:41:53.612+0000] {processor.py:183} INFO - Processing /opt/airflow/dags/hello_airflow.py took 0.099 seconds
[2026-08-20T12:42:23.786+0000] {processor.py:161} INFO - Started process (PID=2987) to work on /opt/airflow/dags/hello_airflow.py
[2026-08-20T12:42:23.788+0000] {processor.py:830} INFO - Processing file /opt/airflow/dags/hello_airflow.py for tasks to queue
[2026-08-20T12:42:23.792+0000] {logging_mixin.py:188} INFO - [2026-08-20T12:42:23.791+0000] {dagbag.py:545} INFO - Filling up the DagBag from /opt/airflow/dags/hello_airflow.py
[2026-08-20T12:42:23.808+0000] {processor.py:840} INFO - DAG(s) 'hello_airflow' retrieved from /opt/airflow/dags/hello_airflow.py
[2026-08-20T12:42:23.835+0000] {logging_mixin.py:188} INFO - [2026-08-20T12:42:23.835+0000] {dag.py:3089} INFO - Sync 1 DAGs
[2026-08-20T12:42:23.849+0000] {logging_mixin.py:188} INFO - [2026-08-20T12:42:23.848+0000] {dag.py:3947} INFO - Setting next_dagrun for hello_airflow to None, run_after=None
[2026-08-20T12:42:23.868+0000] {processor.py:183} INFO - Processing /opt/airflow/dags/hello_airflow.py took 0.088 seconds
[2026-08-20T12:42:54.120+0000] {processor.py:161} INFO - Started process (PID=3018) to work on /opt/airflow/dags/hello_airflow.py
[2026-08-20T12:42:54.121+0000] {processor.py:830} INFO - Processing file /opt/airflow/dags/hello_airflow.py for tasks to queue
[2026-08-20T12:42:54.125+0000] {logging_mixin.py:188} INFO - [2026-08-20T12:42:54.125+0000] {dagbag.py:545} INFO - Filling up the DagBag from /opt/airflow/dags/hello_airflow.py
[2026-08-20T12:42:54.143+0000] {processor.py:840} INFO - DAG(s) 'hello_airflow' retrieved from /opt/airflow/dags/hello_airflow.py
[2026-08-20T12:42:54.172+0000] {logging_mixin.py:188} INFO - [2026-08-20T12:42:54.172+0000] {dag.py:3089} INFO - Sync 1 DAGs
[2026-08-20T12:42:54.186+0000] {logging_mixin.py:188} INFO - [2026-08-20T12:42:54.185+0000] {dag.py:3947} INFO - Setting next_dagrun for hello_airflow to None, run_after=None
[2026-08-20T12:42:54.208+0000] {processor.py:183} INFO - Processing /opt/airflow/dags/hello_airflow.py took 0.096 seconds
[2026-08-20T12:43:24.379+0000] {processor.py:161} INFO - Started process (PID=3042) to work on /opt/airflow/dags/hello_airflow.py
[2026-08-20T12:43:24.380+0000] {processor.py:830} INFO - Processing file /opt/airflow/dags/hello_airflow.py for tasks to queue
[2026-08-20T12:43:24.384+0000] {logging_mixin.py:188} INFO - [2026-08-20T12:43:24.383+0000] {dagbag.py:545} INFO - Filling up the DagBag from /opt/airflow/dags/hello_airflow.py
[2026-08-20T12:43:24.403+0000] {processor.py:840} INFO - DAG(s) 'hello_airflow' retrieved from /opt/airflow/dags/hello_airflow.py
[2026-08-20T12:43:24.433+0000] {logging_mixin.py:188} INFO - [2026-08-20T12:43:24.432+0000] {dag.py:3089} INFO - Sync 1 DAGs
[2026-08-20T12:43:24.448+0000] {logging_mixin.py:188} INFO - [2026-08-20T12:43:24.448+0000] {dag.py:3947} INFO - Setting next_dagrun for hello_airflow to None, run_after=None
[2026-08-20T12:43:24.469+0000] {processor.py:183} INFO - Processing /opt/airflow/dags/hello_airflow.py took 0.098 seconds
[2026-08-20T12:43:54.728+0000] {processor.py:161} INFO - Started process (PID=3074) to work on /opt/airflow/dags/hello_airflow.py
[2026-08-20T12:43:54.729+0000] {processor.py:830} INFO - Processing file /opt/airflow/dags/hello_airflow.py for tasks to queue
[2026-08-20T12:43:54.732+0000] {logging_mixin.py:188} INFO - [2026-08-20T12:43:54.732+0000] {dagbag.py:545} INFO - Filling up the DagBag from /opt/airflow/dags/hello_airflow.py
[2026-08-20T12:43:54.749+0000] {processor.py:840} INFO - DAG(s) 'hello_airflow' retrieved from /opt/airflow/dags/hello_airflow.py
[2026-08-20T12:43:54.777+0000] {logging_mixin.py:188} INFO - [2026-08-20T12:43:54.776+0000] {dag.py:3089} INFO - Sync 1 DAGs
[2026-08-20T12:43:54.790+0000] {logging_mixin.py:188} INFO - [2026-08-20T12:43:54.790+0000] {dag.py:3947} INFO - Setting next_dagrun for hello_airflow to None, run_after=None
[2026-08-20T12:43:54.808+0000] {processor.py:183} INFO - Processing /opt/airflow/dags/hello_airflow.py took 0.086 seconds
[2026-08-20T12:44:25.090+0000] {processor.py:161} INFO - Started process (PID=3098) to work on /opt/airflow/dags/hello_airflow.py
[2026-08-20T12:44:25.091+0000] {processor.py:830} INFO - Processing file /opt/airflow/dags/hello_airflow.py for tasks to queue
[2026-08-20T12:44:25.093+0000] {logging_mixin.py:188} INFO - [2026-08-20T12:44:25.093+0000] {dagbag.py:545} INFO - Filling up the DagBag from /opt/airflow/dags/hello_airflow.py
[2026-08-20T12:44:25.109+0000] {processor.py:840} INFO - DAG(s) 'hello_airflow' retrieved from /opt/airflow/dags/hello_airflow.py
[2026-08-20T12:44:25.132+0000] {logging_mixin.py:188} INFO - [2026-08-20T12:44:25.132+0000] {dag.py:3089} INFO - Sync 1 DAGs
[2026-08-20T12:44:25.143+0000] {logging_mixin.py:188} INFO - [2026-08-20T12:44:25.143+0000] {dag.py:3947} INFO - Setting next_dagrun for hello_airflow to None, run_after=None
[2026-08-20T12:44:25.160+0000] {processor.py:183} INFO - Processing /opt/airflow/dags/hello_airflow.py took 0.076 seconds
[2026-08-20T12:44:55.339+0000] {processor.py:161} INFO - Started process (PID=3130) to work on /opt/airflow/dags/hello_airflow.py
[2026-08-20T12:44:55.341+0000] {processor.py:830} INFO - Processing file /opt/airflow/dags/hello_airflow.py for tasks to queue
[2026-08-20T12:44:55.343+0000] {logging_mixin.py:188} INFO - [2026-08-20T12:44:55.343+0000] {dagbag.py:545} INFO - Filling up the DagBag from /opt/airflow/dags/hello_airflow.py
[2026-08-20T12:44:55.361+0000] {processor.py:840} INFO - DAG(s) 'hello_airflow' retrieved from /opt/airflow/dags/hello_airflow.py
[2026-08-20T12:44:55.389+0000] {logging_mixin.py:188} INFO - [2026-08-20T12:44:55.388+0000] {dag.py:3089} INFO - Sync 1 DAGs
[2026-08-20T12:44:55.400+0000] {logging_mixin.py:188} INFO - [2026-08-20T12:44:55.400+0000] {dag.py:3947} INFO - Setting next_dagrun for hello_airflow to None, run_after=None
[2026-08-20T12:44:55.419+0000] {processor.py:183} INFO - Processing /opt/airflow/dags/hello_airflow.py took 0.085 seconds
[2026-08-20T12:45:25.601+0000] {processor.py:161} INFO - Started process (PID=3161) to work on /opt/airflow/dags/hello_airflow.py
[2026-08-20T12:45:25.602+0000] {processor.py:830} INFO - Processing file /opt/airflow/dags/hello_airflow.py for tasks to queue
[2026-08-20T12:45:25.605+0000] {logging_mixin.py:188} INFO - [2026-08-20T12:45:25.604+0000] {dagbag.py:545} INFO - Filling up the DagBag from /opt/airflow/dags/hello_airflow.py
[2026-08-20T12:45:25.622+0000] {processor.py:840} INFO - DAG(s) 'hello_airflow' retrieved from /opt/airflow/dags/hello_airflow.py
[2026-08-20T12:45:25.647+0000] {logging_mixin.py:188} INFO - [2026-08-20T12:45:25.647+0000] {dag.py:3089} INFO - Sync 1 DAGs
[2026-08-20T12:45:25.660+0000] {logging_mixin.py:188} INFO - [2026-08-20T12:45:25.660+0000] {dag.py:3947} INFO - Setting next_dagrun for hello_airflow to None, run_after=None
[2026-08-20T12:45:25.680+0000] {processor.py:183} INFO - Processing /opt/airflow/dags/hello_airflow.py took 0.085 seconds
[2026-08-20T12:45:55.946+0000] {processor.py:161} INFO - Started process (PID=3186) to work on /opt/airflow/dags/hello_airflow.py
[2026-08-20T12:45:55.947+0000] {processor.py:830} INFO - Processing file /opt/airflow/dags/hello_airflow.py for tasks to queue
[2026-08-20T12:45:55.950+0000] {logging_mixin.py:188} INFO - [2026-08-20T12:45:55.950+0000] {dagbag.py:545} INFO - Filling up the DagBag from /opt/airflow/dags/hello_airflow.py
[2026-08-20T12:45:55.966+0000] {processor.py:840} INFO - DAG(s) 'hello_airflow' retrieved from /opt/airflow/dags/hello_airflow.py
[2026-08-20T12:45:55.995+0000] {logging_mixin.py:188} INFO - [2026-08-20T12:45:55.995+0000] {dag.py:3089} INFO - Sync 1 DAGs
[2026-08-20T12:45:56.007+0000] {logging_mixin.py:188} INFO - [2026-08-20T12:45:56.007+0000] {dag.py:3947} INFO - Setting next_dagrun for hello_airflow to None, run_after=None
[2026-08-20T12:45:56.028+0000] {processor.py:183} INFO - Processing /opt/airflow/dags/hello_airflow.py took 0.091 seconds
[2026-08-20T12:46:26.203+0000] {processor.py:161} INFO - Started process (PID=3217) to work on /opt/airflow/dags/hello_airflow.py
[2026-08-20T12:46:26.204+0000] {processor.py:830} INFO - Processing file /opt/airflow/dags/hello_airflow.py for tasks to queue
[2026-08-20T12:46:26.206+0000] {logging_mixin.py:188} INFO - [2026-08-20T12:46:26.206+0000] {dagbag.py:545} INFO - Filling up the DagBag from /opt/airflow/dags/hello_airflow.py
[2026-08-20T12:46:26.225+0000] {processor.py:840} INFO - DAG(s) 'hello_airflow' retrieved from /opt/airflow/dags/hello_airflow.py
[2026-08-20T12:46:26.250+0000] {logging_mixin.py:188} INFO - [2026-08-20T12:46:26.250+0000] {dag.py:3089} INFO - Sync 1 DAGs
[2026-08-20T12:46:26.266+0000] {logging_mixin.py:188} INFO - [2026-08-20T12:46:26.266+0000] {dag.py:3947} INFO - Setting next_dagrun for hello_airflow to None, run_after=None
[2026-08-20T12:46:26.287+0000] {processor.py:183} INFO - Processing /opt/airflow/dags/hello_airflow.py took 0.092 seconds
[2026-08-20T12:46:56.559+0000] {processor.py:161} INFO - Started process (PID=3241) to work on /opt/airflow/dags/hello_airflow.py
[2026-08-20T12:46:56.560+0000] {processor.py:830} INFO - Processing file /opt/airflow/dags/hello_airflow.py for tasks to queue
[2026-08-20T12:46:56.562+0000] {logging_mixin.py:188} INFO - [2026-08-20T12:46:56.562+0000] {dagbag.py:545} INFO - Filling up the DagBag from /opt/airflow/dags/hello_airflow.py
[2026-08-20T12:46:56.578+0000] {processor.py:840} INFO - DAG(s) 'hello_airflow' retrieved from /opt/airflow/dags/hello_airflow.py
[2026-08-20T12:46:56.602+0000] {logging_mixin.py:188} INFO - [2026-08-20T12:46:56.601+0000] {dag.py:3089} INFO - Sync 1 DAGs
[2026-08-20T12:46:56.614+0000] {logging_mixin.py:188} INFO - [2026-08-20T12:46:56.614+0000] {dag.py:3947} INFO - Setting next_dagrun for hello_airflow to None, run_after=None
[2026-08-20T12:46:56.633+0000] {processor.py:183} INFO - Processing /opt/airflow/dags/hello_airflow.py took 0.081 seconds
[2026-08-20T12:47:26.932+0000] {processor.py:161} INFO - Started process (PID=3272) to work on /opt/airflow/dags/hello_airflow.py
[2026-08-20T12:47:26.934+0000] {processor.py:830} INFO - Processing file /opt/airflow/dags/hello_airflow.py for tasks to queue
[2026-08-20T12:47:26.936+0000] {logging_mixin.py:188} INFO - [2026-08-20T12:47:26.936+0000] {dagbag.py:545} INFO - Filling up the DagBag from /opt/airflow/dags/hello_airflow.py
[2026-08-20T12:47:26.958+0000] {processor.py:840} INFO - DAG(s) 'hello_airflow' retrieved from /opt/airflow/dags/hello_airflow.py
[2026-08-20T12:47:26.991+0000] {logging_mixin.py:188} INFO - [2026-08-20T12:47:26.990+0000] {dag.py:3089} INFO - Sync 1 DAGs
[2026-08-20T12:47:27.005+0000] {logging_mixin.py:188} INFO - [2026-08-20T12:47:27.004+0000] {dag.py:3947} INFO - Setting next_dagrun for hello_airflow to None, run_after=None
[2026-08-20T12:47:27.031+0000] {processor.py:183} INFO - Processing /opt/airflow/dags/hello_airflow.py took 0.105 seconds
[2026-08-20T12:47:57.168+0000] {processor.py:161} INFO - Started process (PID=3296) to work on /opt/airflow/dags/hello_airflow.py
[2026-08-20T12:47:57.169+0000] {processor.py:830} INFO - Processing file /opt/airflow/dags/hello_airflow.py for tasks to queue
[2026-08-20T12:47:57.172+0000] {logging_mixin.py:188} INFO - [2026-08-20T12:47:57.171+0000] {dagbag.py:545} INFO - Filling up the DagBag from /opt/airflow/dags/hello_airflow.py
[2026-08-20T12:47:57.193+0000] {processor.py:840} INFO - DAG(s) 'hello_airflow' retrieved from /opt/airflow/dags/hello_airflow.py
[2026-08-20T12:47:57.228+0000] {logging_mixin.py:188} INFO - [2026-08-20T12:47:57.227+0000] {dag.py:3089} INFO - Sync 1 DAGs
[2026-08-20T12:47:57.243+0000] {logging_mixin.py:188} INFO - [2026-08-20T12:47:57.243+0000] {dag.py:3947} INFO - Setting next_dagrun for hello_airflow to None, run_after=None
[2026-08-20T12:47:57.268+0000] {processor.py:183} INFO - Processing /opt/airflow/dags/hello_airflow.py took 0.109 seconds
[2026-08-20T12:48:27.488+0000] {processor.py:161} INFO - Started process (PID=3327) to work on /opt/airflow/dags/hello_airflow.py
[2026-08-20T12:48:27.489+0000] {processor.py:830} INFO - Processing file /opt/airflow/dags/hello_airflow.py for tasks to queue
[2026-08-20T12:48:27.492+0000] {logging_mixin.py:188} INFO - [2026-08-20T12:48:27.492+0000] {dagbag.py:545} INFO - Filling up the DagBag from /opt/airflow/dags/hello_airflow.py
[2026-08-20T12:48:27.508+0000] {processor.py:840} INFO - DAG(s) 'hello_airflow' retrieved from /opt/airflow/dags/hello_airflow.py
[2026-08-20T12:48:27.532+0000] {logging_mixin.py:188} INFO - [2026-08-20T12:48:27.531+0000] {dag.py:3089} INFO - Sync 1 DAGs
[2026-08-20T12:48:27.545+0000] {logging_mixin.py:188} INFO - [2026-08-20T12:48:27.545+0000] {dag.py:3947} INFO - Setting next_dagrun for hello_airflow to None, run_after=None
[2026-08-20T12:48:27.564+0000] {processor.py:183} INFO - Processing /opt/airflow/dags/hello_airflow.py took 0.083 seconds
[2026-08-20T12:48:57.830+0000] {processor.py:161} INFO - Started process (PID=3358) to work on /opt/airflow/dags/hello_airflow.py
[2026-08-20T12:48:57.832+0000] {processor.py:830} INFO - Processing file /opt/airflow/dags/hello_airflow.py for tasks to queue
[2026-08-20T12:48:57.834+0000] {logging_mixin.py:188} INFO - [2026-08-20T12:48:57.833+0000] {dagbag.py:545} INFO - Filling up the DagBag from /opt/airflow/dags/hello_airflow.py
[2026-08-20T12:48:57.852+0000] {processor.py:840} INFO - DAG(s) 'hello_airflow' retrieved from /opt/airflow/dags/hello_airflow.py
[2026-08-20T12:48:57.882+0000] {logging_mixin.py:188} INFO - [2026-08-20T12:48:57.881+0000] {dag.py:3089} INFO - Sync 1 DAGs
[2026-08-20T12:48:57.895+0000] {logging_mixin.py:188} INFO - [2026-08-20T12:48:57.895+0000] {dag.py:3947} INFO - Setting next_dagrun for hello_airflow to None, run_after=None
[2026-08-20T12:48:57.918+0000] {processor.py:183} INFO - Processing /opt/airflow/dags/hello_airflow.py took 0.095 seconds
[2026-08-20T12:49:28.192+0000] {processor.py:161} INFO - Started process (PID=3382) to work on /opt/airflow/dags/hello_airflow.py
[2026-08-20T12:49:28.194+0000] {processor.py:830} INFO - Processing file /opt/airflow/dags/hello_airflow.py for tasks to queue
[2026-08-20T12:49:28.196+0000] {logging_mixin.py:188} INFO - [2026-08-20T12:49:28.196+0000] {dagbag.py:545} INFO - Filling up the DagBag from /opt/airflow/dags/hello_airflow.py
[2026-08-20T12:49:28.215+0000] {processor.py:840} INFO - DAG(s) 'hello_airflow' retrieved from /opt/airflow/dags/hello_airflow.py
[2026-08-20T12:49:28.242+0000] {logging_mixin.py:188} INFO - [2026-08-20T12:49:28.241+0000] {dag.py:3089} INFO - Sync 1 DAGs
[2026-08-20T12:49:28.255+0000] {logging_mixin.py:188} INFO - [2026-08-20T12:49:28.255+0000] {dag.py:3947} INFO - Setting next_dagrun for hello_airflow to None, run_after=None
[2026-08-20T12:49:28.277+0000] {processor.py:183} INFO - Processing /opt/airflow/dags/hello_airflow.py took 0.092 seconds
[2026-08-20T12:49:58.532+0000] {processor.py:161} INFO - Started process (PID=3414) to work on /opt/airflow/dags/hello_airflow.py
[2026-08-20T12:49:58.534+0000] {processor.py:830} INFO - Processing file /opt/airflow/dags/hello_airflow.py for tasks to queue
[2026-08-20T12:49:58.536+0000] {logging_mixin.py:188} INFO - [2026-08-20T12:49:58.536+0000] {dagbag.py:545} INFO - Filling up the DagBag from /opt/airflow/dags/hello_airflow.py
[2026-08-20T12:49:58.552+0000] {processor.py:840} INFO - DAG(s) 'hello_airflow' retrieved from /opt/airflow/dags/hello_airflow.py
[2026-08-20T12:49:58.575+0000] {logging_mixin.py:188} INFO - [2026-08-20T12:49:58.575+0000] {dag.py:3089} INFO - Sync 1 DAGs
[2026-08-20T12:49:58.588+0000] {logging_mixin.py:188} INFO - [2026-08-20T12:49:58.588+0000] {dag.py:3947} INFO - Setting next_dagrun for hello_airflow to None, run_after=None
[2026-08-20T12:49:58.608+0000] {processor.py:183} INFO - Processing /opt/airflow/dags/hello_airflow.py took 0.085 seconds
[2026-08-20T12:50:28.881+0000] {processor.py:161} INFO - Started process (PID=3438) to work on /opt/airflow/dags/hello_airflow.py
[2026-08-20T12:50:28.882+0000] {processor.py:830} INFO - Processing file /opt/airflow/dags/hello_airflow.py for tasks to queue
[2026-08-20T12:50:28.885+0000] {logging_mixin.py:188} INFO - [2026-08-20T12:50:28.885+0000] {dagbag.py:545} INFO - Filling up the DagBag from /opt/airflow/dags/hello_airflow.py
[2026-08-20T12:50:28.902+0000] {processor.py:840} INFO - DAG(s) 'hello_airflow' retrieved from /opt/airflow/dags/hello_airflow.py
[2026-08-20T12:50:28.930+0000] {logging_mixin.py:188} INFO - [2026-08-20T12:50:28.930+0000] {dag.py:3089} INFO - Sync 1 DAGs
[2026-08-20T12:50:28.944+0000] {logging_mixin.py:188} INFO - [2026-08-20T12:50:28.943+0000] {dag.py:3947} INFO - Setting next_dagrun for hello_airflow to None, run_after=None
[2026-08-20T12:50:28.962+0000] {processor.py:183} INFO - Processing /opt/airflow/dags/hello_airflow.py took 0.088 seconds
[2026-08-20T12:50:59.146+0000] {processor.py:161} INFO - Started process (PID=3469) to work on /opt/airflow/dags/hello_airflow.py
[2026-08-20T12:50:59.147+0000] {processor.py:830} INFO - Processing file /opt/airflow/dags/hello_airflow.py for tasks to queue
[2026-08-20T12:50:59.150+0000] {logging_mixin.py:188} INFO - [2026-08-20T12:50:59.150+0000] {dagbag.py:545} INFO - Filling up the DagBag from /opt/airflow/dags/hello_airflow.py
[2026-08-20T12:50:59.173+0000] {processor.py:840} INFO - DAG(s) 'hello_airflow' retrieved from /opt/airflow/dags/hello_airflow.py
[2026-08-20T12:50:59.202+0000] {logging_mixin.py:188} INFO - [2026-08-20T12:50:59.202+0000] {dag.py:3089} INFO - Sync 1 DAGs
[2026-08-20T12:50:59.215+0000] {logging_mixin.py:188} INFO - [2026-08-20T12:50:59.214+0000] {dag.py:3947} INFO - Setting next_dagrun for hello_airflow to None, run_after=None
[2026-08-20T12:50:59.234+0000] {processor.py:183} INFO - Processing /opt/airflow/dags/hello_airflow.py took 0.098 seconds
[2026-08-20T12:51:29.489+0000] {processor.py:161} INFO - Started process (PID=3500) to work on /opt/airflow/dags/hello_airflow.py
[2026-08-20T12:51:29.491+0000] {processor.py:830} INFO - Processing file /opt/airflow/dags/hello_airflow.py for tasks to queue
[2026-08-20T12:51:29.494+0000] {logging_mixin.py:188} INFO - [2026-08-20T12:51:29.494+0000] {dagbag.py:545} INFO - Filling up the DagBag from /opt/airflow/dags/hello_airflow.py
[2026-08-20T12:51:29.514+0000] {processor.py:840} INFO - DAG(s) 'hello_airflow' retrieved from /opt/airflow/dags/hello_airflow.py
[2026-08-20T12:51:29.543+0000] {logging_mixin.py:188} INFO - [2026-08-20T12:51:29.543+0000] {dag.py:3089} INFO - Sync 1 DAGs
[2026-08-20T12:51:29.561+0000] {logging_mixin.py:188} INFO - [2026-08-20T12:51:29.561+0000] {dag.py:3947} INFO - Setting next_dagrun for hello_airflow to None, run_after=None
[2026-08-20T12:51:29.582+0000] {processor.py:183} INFO - Processing /opt/airflow/dags/hello_airflow.py took 0.102 seconds
[2026-08-20T12:51:59.856+0000] {processor.py:161} INFO - Started process (PID=3525) to work on /opt/airflow/dags/hello_airflow.py
[2026-08-20T12:51:59.857+0000] {processor.py:830} INFO - Processing file /opt/airflow/dags/hello_airflow.py for tasks to queue
[2026-08-20T12:51:59.859+0000] {logging_mixin.py:188} INFO - [2026-08-20T12:51:59.859+0000] {dagbag.py:545} INFO - Filling up the DagBag from /opt/airflow/dags/hello_airflow.py
[2026-08-20T12:51:59.874+0000] {processor.py:840} INFO - DAG(s) 'hello_airflow' retrieved from /opt/airflow/dags/hello_airflow.py
[2026-08-20T12:51:59.897+0000] {logging_mixin.py:188} INFO - [2026-08-20T12:51:59.897+0000] {dag.py:3089} INFO - Sync 1 DAGs
[2026-08-20T12:51:59.908+0000] {logging_mixin.py:188} INFO - [2026-08-20T12:51:59.908+0000] {dag.py:3947} INFO - Setting next_dagrun for hello_airflow to None, run_after=None
[2026-08-20T12:51:59.928+0000] {processor.py:183} INFO - Processing /opt/airflow/dags/hello_airflow.py took 0.079 seconds
[2026-08-20T12:52:30.240+0000] {processor.py:161} INFO - Started process (PID=3556) to work on /opt/airflow/dags/hello_airflow.py
[2026-08-20T12:52:30.241+0000] {processor.py:830} INFO - Processing file /opt/airflow/dags/hello_airflow.py for tasks to queue
[2026-08-20T12:52:30.244+0000] {logging_mixin.py:188} INFO - [2026-08-20T12:52:30.244+0000] {dagbag.py:545} INFO - Filling up the DagBag from /opt/airflow/dags/hello_airflow.py
[2026-08-20T12:52:30.261+0000] {processor.py:840} INFO - DAG(s) 'hello_airflow' retrieved from /opt/airflow/dags/hello_airflow.py
[2026-08-20T12:52:30.295+0000] {logging_mixin.py:188} INFO - [2026-08-20T12:52:30.295+0000] {dag.py:3089} INFO - Sync 1 DAGs
[2026-08-20T12:52:30.340+0000] {logging_mixin.py:188} INFO - [2026-08-20T12:52:30.339+0000] {dag.py:3947} INFO - Setting next_dagrun for hello_airflow to None, run_after=None
[2026-08-20T12:52:30.358+0000] {processor.py:183} INFO - Processing /opt/airflow/dags/hello_airflow.py took 0.124 seconds
[2026-08-20T12:53:00.510+0000] {processor.py:161} INFO - Started process (PID=3580) to work on /opt/airflow/dags/hello_airflow.py
[2026-08-20T12:53:00.512+0000] {processor.py:830} INFO - Processing file /opt/airflow/dags/hello_airflow.py for tasks to queue
[2026-08-20T12:53:00.515+0000] {logging_mixin.py:188} INFO - [2026-08-20T12:53:00.514+0000] {dagbag.py:545} INFO - Filling up the DagBag from /opt/airflow/dags/hello_airflow.py
[2026-08-20T12:53:00.536+0000] {processor.py:840} INFO - DAG(s) 'hello_airflow' retrieved from /opt/airflow/dags/hello_airflow.py
[2026-08-20T12:53:00.578+0000] {logging_mixin.py:188} INFO - [2026-08-20T12:53:00.578+0000] {dag.py:3089} INFO - Sync 1 DAGs
[2026-08-20T12:53:00.594+0000] {logging_mixin.py:188} INFO - [2026-08-20T12:53:00.594+0000] {dag.py:3947} INFO - Setting next_dagrun for hello_airflow to None, run_after=None
[2026-08-20T12:53:00.617+0000] {processor.py:183} INFO - Processing /opt/airflow/dags/hello_airflow.py took 0.114 seconds
[2026-08-20T13:07:38.277+0000] {processor.py:161} INFO - Started process (PID=176) to work on /opt/airflow/dags/hello_airflow.py
[2026-08-20T13:07:38.279+0000] {processor.py:830} INFO - Processing file /opt/airflow/dags/hello_airflow.py for tasks to queue
[2026-08-20T13:07:38.282+0000] {logging_mixin.py:188} INFO - [2026-08-20T13:07:38.282+0000] {dagbag.py:545} INFO - Filling up the DagBag from /opt/airflow/dags/hello_airflow.py
[2026-08-20T13:07:38.301+0000] {processor.py:840} INFO - DAG(s) 'hello_airflow' retrieved from /opt/airflow/dags/hello_airflow.py
[2026-08-20T13:07:38.376+0000] {logging_mixin.py:188} INFO - [2026-08-20T13:07:38.375+0000] {dag.py:3089} INFO - Sync 1 DAGs
[2026-08-20T13:07:38.431+0000] {logging_mixin.py:188} INFO - [2026-08-20T13:07:38.430+0000] {dag.py:3947} INFO - Setting next_dagrun for hello_airflow to None, run_after=None
[2026-08-20T13:07:38.543+0000] {processor.py:183} INFO - Processing /opt/airflow/dags/hello_airflow.py took 0.276 seconds
[2026-08-20T13:08:09.028+0000] {processor.py:161} INFO - Started process (PID=200) to work on /opt/airflow/dags/hello_airflow.py
[2026-08-20T13:08:09.035+0000] {processor.py:830} INFO - Processing file /opt/airflow/dags/hello_airflow.py for tasks to queue
[2026-08-20T13:08:09.052+0000] {logging_mixin.py:188} INFO - [2026-08-20T13:08:09.050+0000] {dagbag.py:545} INFO - Filling up the DagBag from /opt/airflow/dags/hello_airflow.py
[2026-08-20T13:08:09.129+0000] {processor.py:840} INFO - DAG(s) 'hello_airflow' retrieved from /opt/airflow/dags/hello_airflow.py
[2026-08-20T13:08:09.227+0000] {logging_mixin.py:188} INFO - [2026-08-20T13:08:09.226+0000] {dag.py:3089} INFO - Sync 1 DAGs
[2026-08-20T13:08:09.274+0000] {logging_mixin.py:188} INFO - [2026-08-20T13:08:09.274+0000] {dag.py:3947} INFO - Setting next_dagrun for hello_airflow to None, run_after=None
[2026-08-20T13:08:09.335+0000] {processor.py:183} INFO - Processing /opt/airflow/dags/hello_airflow.py took 0.332 seconds
[2026-08-20T13:09:10.294+0000] {processor.py:161} INFO - Started process (PID=175) to work on /opt/airflow/dags/hello_airflow.py
[2026-08-20T13:09:10.301+0000] {processor.py:830} INFO - Processing file /opt/airflow/dags/hello_airflow.py for tasks to queue
[2026-08-20T13:09:10.306+0000] {logging_mixin.py:188} INFO - [2026-08-20T13:09:10.306+0000] {dagbag.py:545} INFO - Filling up the DagBag from /opt/airflow/dags/hello_airflow.py
[2026-08-20T13:09:10.356+0000] {processor.py:840} INFO - DAG(s) 'hello_airflow' retrieved from /opt/airflow/dags/hello_airflow.py
[2026-08-20T13:09:10.429+0000] {logging_mixin.py:188} INFO - [2026-08-20T13:09:10.429+0000] {dag.py:3089} INFO - Sync 1 DAGs
[2026-08-20T13:09:10.459+0000] {logging_mixin.py:188} INFO - [2026-08-20T13:09:10.458+0000] {dag.py:3947} INFO - Setting next_dagrun for hello_airflow to None, run_after=None
[2026-08-20T13:09:10.500+0000] {processor.py:183} INFO - Processing /opt/airflow/dags/hello_airflow.py took 0.219 seconds
[2026-08-20T13:09:40.618+0000] {processor.py:161} INFO - Started process (PID=199) to work on /opt/airflow/dags/hello_airflow.py
[2026-08-20T13:09:40.619+0000] {processor.py:830} INFO - Processing file /opt/airflow/dags/hello_airflow.py for tasks to queue
[2026-08-20T13:09:40.622+0000] {logging_mixin.py:188} INFO - [2026-08-20T13:09:40.621+0000] {dagbag.py:545} INFO - Filling up the DagBag from /opt/airflow/dags/hello_airflow.py
[2026-08-20T13:09:40.640+0000] {processor.py:840} INFO - DAG(s) 'hello_airflow' retrieved from /opt/airflow/dags/hello_airflow.py
[2026-08-20T13:09:40.845+0000] {logging_mixin.py:188} INFO - [2026-08-20T13:09:40.845+0000] {dag.py:3089} INFO - Sync 1 DAGs
[2026-08-20T13:09:40.858+0000] {logging_mixin.py:188} INFO - [2026-08-20T13:09:40.858+0000] {dag.py:3947} INFO - Setting next_dagrun for hello_airflow to None, run_after=None
[2026-08-20T13:09:40.887+0000] {processor.py:183} INFO - Processing /opt/airflow/dags/hello_airflow.py took 0.275 seconds
[2026-08-20T13:10:10.960+0000] {processor.py:161} INFO - Started process (PID=230) to work on /opt/airflow/dags/hello_airflow.py
[2026-08-20T13:10:10.962+0000] {processor.py:830} INFO - Processing file /opt/airflow/dags/hello_airflow.py for tasks to queue
[2026-08-20T13:10:10.967+0000] {logging_mixin.py:188} INFO - [2026-08-20T13:10:10.966+0000] {dagbag.py:545} INFO - Filling up the DagBag from /opt/airflow/dags/hello_airflow.py
[2026-08-20T13:10:10.994+0000] {processor.py:840} INFO - DAG(s) 'hello_airflow' retrieved from /opt/airflow/dags/hello_airflow.py
[2026-08-20T13:10:11.025+0000] {logging_mixin.py:188} INFO - [2026-08-20T13:10:11.025+0000] {dag.py:3089} INFO - Sync 1 DAGs
[2026-08-20T13:10:11.041+0000] {logging_mixin.py:188} INFO - [2026-08-20T13:10:11.040+0000] {dag.py:3947} INFO - Setting next_dagrun for hello_airflow to None, run_after=None
[2026-08-20T13:10:11.066+0000] {processor.py:183} INFO - Processing /opt/airflow/dags/hello_airflow.py took 0.122 seconds
[2026-08-20T13:10:41.279+0000] {processor.py:161} INFO - Started process (PID=261) to work on /opt/airflow/dags/hello_airflow.py
[2026-08-20T13:10:41.280+0000] {processor.py:830} INFO - Processing file /opt/airflow/dags/hello_airflow.py for tasks to queue
[2026-08-20T13:10:41.283+0000] {logging_mixin.py:188} INFO - [2026-08-20T13:10:41.282+0000] {dagbag.py:545} INFO - Filling up the DagBag from /opt/airflow/dags/hello_airflow.py
[2026-08-20T13:10:41.303+0000] {processor.py:840} INFO - DAG(s) 'hello_airflow' retrieved from /opt/airflow/dags/hello_airflow.py
[2026-08-20T13:10:41.332+0000] {logging_mixin.py:188} INFO - [2026-08-20T13:10:41.332+0000] {dag.py:3089} INFO - Sync 1 DAGs
[2026-08-20T13:10:41.347+0000] {logging_mixin.py:188} INFO - [2026-08-20T13:10:41.347+0000] {dag.py:3947} INFO - Setting next_dagrun for hello_airflow to None, run_after=None
[2026-08-20T13:10:41.366+0000] {processor.py:183} INFO - Processing /opt/airflow/dags/hello_airflow.py took 0.097 seconds
[2026-08-20T13:11:11.611+0000] {processor.py:161} INFO - Started process (PID=286) to work on /opt/airflow/dags/hello_airflow.py
[2026-08-20T13:11:11.612+0000] {processor.py:830} INFO - Processing file /opt/airflow/dags/hello_airflow.py for tasks to queue
[2026-08-20T13:11:11.614+0000] {logging_mixin.py:188} INFO - [2026-08-20T13:11:11.614+0000] {dagbag.py:545} INFO - Filling up the DagBag from /opt/airflow/dags/hello_airflow.py
[2026-08-20T13:11:11.631+0000] {processor.py:840} INFO - DAG(s) 'hello_airflow' retrieved from /opt/airflow/dags/hello_airflow.py
[2026-08-20T13:11:11.656+0000] {logging_mixin.py:188} INFO - [2026-08-20T13:11:11.656+0000] {dag.py:3089} INFO - Sync 1 DAGs
[2026-08-20T13:11:11.670+0000] {logging_mixin.py:188} INFO - [2026-08-20T13:11:11.669+0000] {dag.py:3947} INFO - Setting next_dagrun for hello_airflow to None, run_after=None
[2026-08-20T13:11:11.691+0000] {processor.py:183} INFO - Processing /opt/airflow/dags/hello_airflow.py took 0.086 seconds
[2026-08-20T13:11:41.946+0000] {processor.py:161} INFO - Started process (PID=317) to work on /opt/airflow/dags/hello_airflow.py
[2026-08-20T13:11:41.948+0000] {processor.py:830} INFO - Processing file /opt/airflow/dags/hello_airflow.py for tasks to queue
[2026-08-20T13:11:41.950+0000] {logging_mixin.py:188} INFO - [2026-08-20T13:11:41.949+0000] {dagbag.py:545} INFO - Filling up the DagBag from /opt/airflow/dags/hello_airflow.py
[2026-08-20T13:11:41.970+0000] {processor.py:840} INFO - DAG(s) 'hello_airflow' retrieved from /opt/airflow/dags/hello_airflow.py
[2026-08-20T13:11:42.002+0000] {logging_mixin.py:188} INFO - [2026-08-20T13:11:42.002+0000] {dag.py:3089} INFO - Sync 1 DAGs
[2026-08-20T13:11:42.017+0000] {logging_mixin.py:188} INFO - [2026-08-20T13:11:42.017+0000] {dag.py:3947} INFO - Setting next_dagrun for hello_airflow to None, run_after=None
[2026-08-20T13:11:42.043+0000] {processor.py:183} INFO - Processing /opt/airflow/dags/hello_airflow.py took 0.103 seconds
[2026-08-20T13:12:12.215+0000] {processor.py:161} INFO - Started process (PID=470) to work on /opt/airflow/dags/hello_airflow.py
[2026-08-20T13:12:12.216+0000] {processor.py:830} INFO - Processing file /opt/airflow/dags/hello_airflow.py for tasks to queue
[2026-08-20T13:12:12.220+0000] {logging_mixin.py:188} INFO - [2026-08-20T13:12:12.219+0000] {dagbag.py:545} INFO - Filling up the DagBag from /opt/airflow/dags/hello_airflow.py
[2026-08-20T13:12:12.248+0000] {processor.py:840} INFO - DAG(s) 'hello_airflow' retrieved from /opt/airflow/dags/hello_airflow.py
[2026-08-20T13:12:12.295+0000] {logging_mixin.py:188} INFO - [2026-08-20T13:12:12.295+0000] {dag.py:3089} INFO - Sync 1 DAGs
[2026-08-20T13:12:12.319+0000] {logging_mixin.py:188} INFO - [2026-08-20T13:12:12.319+0000] {dag.py:3947} INFO - Setting next_dagrun for hello_airflow to None, run_after=None
[2026-08-20T13:12:12.349+0000] {processor.py:183} INFO - Processing /opt/airflow/dags/hello_airflow.py took 0.143 seconds
[2026-08-20T13:12:42.722+0000] {processor.py:161} INFO - Started process (PID=802) to work on /opt/airflow/dags/hello_airflow.py
[2026-08-20T13:12:42.727+0000] {processor.py:830} INFO - Processing file /opt/airflow/dags/hello_airflow.py for tasks to queue
[2026-08-20T13:12:42.742+0000] {logging_mixin.py:188} INFO - [2026-08-20T13:12:42.740+0000] {dagbag.py:545} INFO - Filling up the DagBag from /opt/airflow/dags/hello_airflow.py
[2026-08-20T13:12:42.818+0000] {processor.py:840} INFO - DAG(s) 'hello_airflow' retrieved from /opt/airflow/dags/hello_airflow.py
[2026-08-20T13:12:42.898+0000] {logging_mixin.py:188} INFO - [2026-08-20T13:12:42.897+0000] {dag.py:3089} INFO - Sync 1 DAGs
[2026-08-20T13:12:42.940+0000] {logging_mixin.py:188} INFO - [2026-08-20T13:12:42.939+0000] {dag.py:3947} INFO - Setting next_dagrun for hello_airflow to None, run_after=None
[2026-08-20T13:12:42.998+0000] {processor.py:183} INFO - Processing /opt/airflow/dags/hello_airflow.py took 0.308 seconds
[2026-08-20T13:13:13.290+0000] {processor.py:161} INFO - Started process (PID=890) to work on /opt/airflow/dags/hello_airflow.py
[2026-08-20T13:13:13.292+0000] {processor.py:830} INFO - Processing file /opt/airflow/dags/hello_airflow.py for tasks to queue
[2026-08-20T13:13:13.295+0000] {logging_mixin.py:188} INFO - [2026-08-20T13:13:13.294+0000] {dagbag.py:545} INFO - Filling up the DagBag from /opt/airflow/dags/hello_airflow.py
[2026-08-20T13:13:13.316+0000] {processor.py:840} INFO - DAG(s) 'hello_airflow' retrieved from /opt/airflow/dags/hello_airflow.py
[2026-08-20T13:13:13.352+0000] {logging_mixin.py:188} INFO - [2026-08-20T13:13:13.351+0000] {dag.py:3089} INFO - Sync 1 DAGs
[2026-08-20T13:13:13.370+0000] {logging_mixin.py:188} INFO - [2026-08-20T13:13:13.370+0000] {dag.py:3947} INFO - Setting next_dagrun for hello_airflow to None, run_after=None
[2026-08-20T13:13:13.397+0000] {processor.py:183} INFO - Processing /opt/airflow/dags/hello_airflow.py took 0.114 seconds
[2026-08-20T13:13:43.572+0000] {processor.py:161} INFO - Started process (PID=1234) to work on /opt/airflow/dags/hello_airflow.py
[2026-08-20T13:13:43.574+0000] {processor.py:830} INFO - Processing file /opt/airflow/dags/hello_airflow.py for tasks to queue
[2026-08-20T13:13:43.579+0000] {logging_mixin.py:188} INFO - [2026-08-20T13:13:43.578+0000] {dagbag.py:545} INFO - Filling up the DagBag from /opt/airflow/dags/hello_airflow.py
[2026-08-20T13:13:43.615+0000] {processor.py:840} INFO - DAG(s) 'hello_airflow' retrieved from /opt/airflow/dags/hello_airflow.py
[2026-08-20T13:13:43.677+0000] {logging_mixin.py:188} INFO - [2026-08-20T13:13:43.676+0000] {dag.py:3089} INFO - Sync 1 DAGs
[2026-08-20T13:13:43.707+0000] {logging_mixin.py:188} INFO - [2026-08-20T13:13:43.707+0000] {dag.py:3947} INFO - Setting next_dagrun for hello_airflow to None, run_after=None
[2026-08-20T13:13:43.750+0000] {processor.py:183} INFO - Processing /opt/airflow/dags/hello_airflow.py took 0.188 seconds
[2026-08-20T13:14:14.065+0000] {processor.py:161} INFO - Started process (PID=1375) to work on /opt/airflow/dags/hello_airflow.py
[2026-08-20T13:14:14.067+0000] {processor.py:830} INFO - Processing file /opt/airflow/dags/hello_airflow.py for tasks to queue
[2026-08-20T13:14:14.069+0000] {logging_mixin.py:188} INFO - [2026-08-20T13:14:14.069+0000] {dagbag.py:545} INFO - Filling up the DagBag from /opt/airflow/dags/hello_airflow.py
[2026-08-20T13:14:14.089+0000] {processor.py:840} INFO - DAG(s) 'hello_airflow' retrieved from /opt/airflow/dags/hello_airflow.py
[2026-08-20T13:14:14.115+0000] {logging_mixin.py:188} INFO - [2026-08-20T13:14:14.115+0000] {dag.py:3089} INFO - Sync 1 DAGs
[2026-08-20T13:14:14.128+0000] {logging_mixin.py:188} INFO - [2026-08-20T13:14:14.128+0000] {dag.py:3947} INFO - Setting next_dagrun for hello_airflow to None, run_after=None
[2026-08-20T13:14:14.149+0000] {processor.py:183} INFO - Processing /opt/airflow/dags/hello_airflow.py took 0.089 seconds
[2026-08-20T13:14:44.435+0000] {processor.py:161} INFO - Started process (PID=1407) to work on /opt/airflow/dags/hello_airflow.py
[2026-08-20T13:14:44.437+0000] {processor.py:830} INFO - Processing file /opt/airflow/dags/hello_airflow.py for tasks to queue
[2026-08-20T13:14:44.440+0000] {logging_mixin.py:188} INFO - [2026-08-20T13:14:44.440+0000] {dagbag.py:545} INFO - Filling up the DagBag from /opt/airflow/dags/hello_airflow.py
[2026-08-20T13:14:44.463+0000] {processor.py:840} INFO - DAG(s) 'hello_airflow' retrieved from /opt/airflow/dags/hello_airflow.py
[2026-08-20T13:14:44.493+0000] {logging_mixin.py:188} INFO - [2026-08-20T13:14:44.493+0000] {dag.py:3089} INFO - Sync 1 DAGs
[2026-08-20T13:14:44.508+0000] {logging_mixin.py:188} INFO - [2026-08-20T13:14:44.507+0000] {dag.py:3947} INFO - Setting next_dagrun for hello_airflow to None, run_after=None
[2026-08-20T13:14:44.528+0000] {processor.py:183} INFO - Processing /opt/airflow/dags/hello_airflow.py took 0.101 seconds
[2026-08-20T13:15:14.662+0000] {processor.py:161} INFO - Started process (PID=1431) to work on /opt/airflow/dags/hello_airflow.py
[2026-08-20T13:15:14.663+0000] {processor.py:830} INFO - Processing file /opt/airflow/dags/hello_airflow.py for tasks to queue
[2026-08-20T13:15:14.667+0000] {logging_mixin.py:188} INFO - [2026-08-20T13:15:14.667+0000] {dagbag.py:545} INFO - Filling up the DagBag from /opt/airflow/dags/hello_airflow.py
[2026-08-20T13:15:14.685+0000] {processor.py:840} INFO - DAG(s) 'hello_airflow' retrieved from /opt/airflow/dags/hello_airflow.py
[2026-08-20T13:15:14.719+0000] {logging_mixin.py:188} INFO - [2026-08-20T13:15:14.718+0000] {dag.py:3089} INFO - Sync 1 DAGs
[2026-08-20T13:15:14.731+0000] {logging_mixin.py:188} INFO - [2026-08-20T13:15:14.731+0000] {dag.py:3947} INFO - Setting next_dagrun for hello_airflow to None, run_after=None
[2026-08-20T13:15:14.750+0000] {processor.py:183} INFO - Processing /opt/airflow/dags/hello_airflow.py took 0.097 seconds
[2026-08-20T13:15:44.970+0000] {processor.py:161} INFO - Started process (PID=1462) to work on /opt/airflow/dags/hello_airflow.py
[2026-08-20T13:15:44.971+0000] {processor.py:830} INFO - Processing file /opt/airflow/dags/hello_airflow.py for tasks to queue
[2026-08-20T13:15:44.976+0000] {logging_mixin.py:188} INFO - [2026-08-20T13:15:44.975+0000] {dagbag.py:545} INFO - Filling up the DagBag from /opt/airflow/dags/hello_airflow.py
[2026-08-20T13:15:44.999+0000] {processor.py:840} INFO - DAG(s) 'hello_airflow' retrieved from /opt/airflow/dags/hello_airflow.py
[2026-08-20T13:15:45.028+0000] {logging_mixin.py:188} INFO - [2026-08-20T13:15:45.028+0000] {dag.py:3089} INFO - Sync 1 DAGs
[2026-08-20T13:15:45.044+0000] {logging_mixin.py:188} INFO - [2026-08-20T13:15:45.044+0000] {dag.py:3947} INFO - Setting next_dagrun for hello_airflow to None, run_after=None
[2026-08-20T13:15:45.069+0000] {processor.py:183} INFO - Processing /opt/airflow/dags/hello_airflow.py took 0.106 seconds
[2026-08-20T13:16:15.206+0000] {processor.py:161} INFO - Started process (PID=1493) to work on /opt/airflow/dags/hello_airflow.py
[2026-08-20T13:16:15.207+0000] {processor.py:830} INFO - Processing file /opt/airflow/dags/hello_airflow.py for tasks to queue
[2026-08-20T13:16:15.211+0000] {logging_mixin.py:188} INFO - [2026-08-20T13:16:15.211+0000] {dagbag.py:545} INFO - Filling up the DagBag from /opt/airflow/dags/hello_airflow.py
[2026-08-20T13:16:15.231+0000] {processor.py:840} INFO - DAG(s) 'hello_airflow' retrieved from /opt/airflow/dags/hello_airflow.py
[2026-08-20T13:16:15.266+0000] {logging_mixin.py:188} INFO - [2026-08-20T13:16:15.265+0000] {dag.py:3089} INFO - Sync 1 DAGs
[2026-08-20T13:16:15.283+0000] {logging_mixin.py:188} INFO - [2026-08-20T13:16:15.283+0000] {dag.py:3947} INFO - Setting next_dagrun for hello_airflow to None, run_after=None
[2026-08-20T13:16:15.310+0000] {processor.py:183} INFO - Processing /opt/airflow/dags/hello_airflow.py took 0.114 seconds
[2026-08-20T13:16:45.556+0000] {processor.py:161} INFO - Started process (PID=1517) to work on /opt/airflow/dags/hello_airflow.py
[2026-08-20T13:16:45.557+0000] {processor.py:830} INFO - Processing file /opt/airflow/dags/hello_airflow.py for tasks to queue
[2026-08-20T13:16:45.562+0000] {logging_mixin.py:188} INFO - [2026-08-20T13:16:45.561+0000] {dagbag.py:545} INFO - Filling up the DagBag from /opt/airflow/dags/hello_airflow.py
[2026-08-20T13:16:45.582+0000] {processor.py:840} INFO - DAG(s) 'hello_airflow' retrieved from /opt/airflow/dags/hello_airflow.py
[2026-08-20T13:16:45.609+0000] {logging_mixin.py:188} INFO - [2026-08-20T13:16:45.609+0000] {dag.py:3089} INFO - Sync 1 DAGs
[2026-08-20T13:16:45.624+0000] {logging_mixin.py:188} INFO - [2026-08-20T13:16:45.623+0000] {dag.py:3947} INFO - Setting next_dagrun for hello_airflow to None, run_after=None
[2026-08-20T13:16:45.641+0000] {processor.py:183} INFO - Processing /opt/airflow/dags/hello_airflow.py took 0.093 seconds
[2026-08-20T13:17:15.798+0000] {processor.py:161} INFO - Started process (PID=1548) to work on /opt/airflow/dags/hello_airflow.py
[2026-08-20T13:17:15.799+0000] {processor.py:830} INFO - Processing file /opt/airflow/dags/hello_airflow.py for tasks to queue
[2026-08-20T13:17:15.802+0000] {logging_mixin.py:188} INFO - [2026-08-20T13:17:15.801+0000] {dagbag.py:545} INFO - Filling up the DagBag from /opt/airflow/dags/hello_airflow.py
[2026-08-20T13:17:15.821+0000] {processor.py:840} INFO - DAG(s) 'hello_airflow' retrieved from /opt/airflow/dags/hello_airflow.py
[2026-08-20T13:17:15.852+0000] {logging_mixin.py:188} INFO - [2026-08-20T13:17:15.852+0000] {dag.py:3089} INFO - Sync 1 DAGs
[2026-08-20T13:17:15.865+0000] {logging_mixin.py:188} INFO - [2026-08-20T13:17:15.865+0000] {dag.py:3947} INFO - Setting next_dagrun for hello_airflow to None, run_after=None
[2026-08-20T13:17:15.887+0000] {processor.py:183} INFO - Processing /opt/airflow/dags/hello_airflow.py took 0.096 seconds
[2026-08-20T13:17:46.081+0000] {processor.py:161} INFO - Started process (PID=1573) to work on /opt/airflow/dags/hello_airflow.py
[2026-08-20T13:17:46.082+0000] {processor.py:830} INFO - Processing file /opt/airflow/dags/hello_airflow.py for tasks to queue
[2026-08-20T13:17:46.085+0000] {logging_mixin.py:188} INFO - [2026-08-20T13:17:46.085+0000] {dagbag.py:545} INFO - Filling up the DagBag from /opt/airflow/dags/hello_airflow.py
[2026-08-20T13:17:46.104+0000] {processor.py:840} INFO - DAG(s) 'hello_airflow' retrieved from /opt/airflow/dags/hello_airflow.py
[2026-08-20T13:17:46.128+0000] {logging_mixin.py:188} INFO - [2026-08-20T13:17:46.128+0000] {dag.py:3089} INFO - Sync 1 DAGs
[2026-08-20T13:17:46.140+0000] {logging_mixin.py:188} INFO - [2026-08-20T13:17:46.140+0000] {dag.py:3947} INFO - Setting next_dagrun for hello_airflow to None, run_after=None
[2026-08-20T13:17:46.161+0000] {processor.py:183} INFO - Processing /opt/airflow/dags/hello_airflow.py took 0.086 seconds
[2026-08-20T13:18:16.302+0000] {processor.py:161} INFO - Started process (PID=1604) to work on /opt/airflow/dags/hello_airflow.py
[2026-08-20T13:18:16.303+0000] {processor.py:830} INFO - Processing file /opt/airflow/dags/hello_airflow.py for tasks to queue
[2026-08-20T13:18:16.306+0000] {logging_mixin.py:188} INFO - [2026-08-20T13:18:16.305+0000] {dagbag.py:545} INFO - Filling up the DagBag from /opt/airflow/dags/hello_airflow.py
[2026-08-20T13:18:16.322+0000] {processor.py:840} INFO - DAG(s) 'hello_airflow' retrieved from /opt/airflow/dags/hello_airflow.py
[2026-08-20T13:18:16.348+0000] {logging_mixin.py:188} INFO - [2026-08-20T13:18:16.348+0000] {dag.py:3089} INFO - Sync 1 DAGs
[2026-08-20T13:18:16.364+0000] {logging_mixin.py:188} INFO - [2026-08-20T13:18:16.363+0000] {dag.py:3947} INFO - Setting next_dagrun for hello_airflow to None, run_after=None
[2026-08-20T13:18:16.385+0000] {processor.py:183} INFO - Processing /opt/airflow/dags/hello_airflow.py took 0.091 seconds
[2026-08-20T13:18:46.613+0000] {processor.py:161} INFO - Started process (PID=1628) to work on /opt/airflow/dags/hello_airflow.py
[2026-08-20T13:18:46.615+0000] {processor.py:830} INFO - Processing file /opt/airflow/dags/hello_airflow.py for tasks to queue
[2026-08-20T13:18:46.618+0000] {logging_mixin.py:188} INFO - [2026-08-20T13:18:46.617+0000] {dagbag.py:545} INFO - Filling up the DagBag from /opt/airflow/dags/hello_airflow.py
[2026-08-20T13:18:46.638+0000] {processor.py:840} INFO - DAG(s) 'hello_airflow' retrieved from /opt/airflow/dags/hello_airflow.py
[2026-08-20T13:18:46.672+0000] {logging_mixin.py:188} INFO - [2026-08-20T13:18:46.671+0000] {dag.py:3089} INFO - Sync 1 DAGs
[2026-08-20T13:18:46.690+0000] {logging_mixin.py:188} INFO - [2026-08-20T13:18:46.690+0000] {dag.py:3947} INFO - Setting next_dagrun for hello_airflow to None, run_after=None
[2026-08-20T13:18:46.711+0000] {processor.py:183} INFO - Processing /opt/airflow/dags/hello_airflow.py took 0.108 seconds
[2026-08-20T13:19:16.878+0000] {processor.py:161} INFO - Started process (PID=1659) to work on /opt/airflow/dags/hello_airflow.py
[2026-08-20T13:19:16.879+0000] {processor.py:830} INFO - Processing file /opt/airflow/dags/hello_airflow.py for tasks to queue
[2026-08-20T13:19:16.882+0000] {logging_mixin.py:188} INFO - [2026-08-20T13:19:16.882+0000] {dagbag.py:545} INFO - Filling up the DagBag from /opt/airflow/dags/hello_airflow.py
[2026-08-20T13:19:16.898+0000] {processor.py:840} INFO - DAG(s) 'hello_airflow' retrieved from /opt/airflow/dags/hello_airflow.py
[2026-08-20T13:19:16.922+0000] {logging_mixin.py:188} INFO - [2026-08-20T13:19:16.922+0000] {dag.py:3089} INFO - Sync 1 DAGs
[2026-08-20T13:19:16.935+0000] {logging_mixin.py:188} INFO - [2026-08-20T13:19:16.935+0000] {dag.py:3947} INFO - Setting next_dagrun for hello_airflow to None, run_after=None
[2026-08-20T13:19:16.955+0000] {processor.py:183} INFO - Processing /opt/airflow/dags/hello_airflow.py took 0.082 seconds
[2026-08-20T13:19:47.123+0000] {processor.py:161} INFO - Started process (PID=1690) to work on /opt/airflow/dags/hello_airflow.py
[2026-08-20T13:19:47.124+0000] {processor.py:830} INFO - Processing file /opt/airflow/dags/hello_airflow.py for tasks to queue
[2026-08-20T13:19:47.127+0000] {logging_mixin.py:188} INFO - [2026-08-20T13:19:47.127+0000] {dagbag.py:545} INFO - Filling up the DagBag from /opt/airflow/dags/hello_airflow.py
[2026-08-20T13:19:47.152+0000] {processor.py:840} INFO - DAG(s) 'hello_airflow' retrieved from /opt/airflow/dags/hello_airflow.py
[2026-08-20T13:19:47.181+0000] {logging_mixin.py:188} INFO - [2026-08-20T13:19:47.181+0000] {dag.py:3089} INFO - Sync 1 DAGs
[2026-08-20T13:19:47.195+0000] {logging_mixin.py:188} INFO - [2026-08-20T13:19:47.195+0000] {dag.py:3947} INFO - Setting next_dagrun for hello_airflow to None, run_after=None
[2026-08-20T13:19:47.215+0000] {processor.py:183} INFO - Processing /opt/airflow/dags/hello_airflow.py took 0.100 seconds
[2026-08-20T13:20:17.402+0000] {processor.py:161} INFO - Started process (PID=1714) to work on /opt/airflow/dags/hello_airflow.py
[2026-08-20T13:20:17.403+0000] {processor.py:830} INFO - Processing file /opt/airflow/dags/hello_airflow.py for tasks to queue
[2026-08-20T13:20:17.406+0000] {logging_mixin.py:188} INFO - [2026-08-20T13:20:17.405+0000] {dagbag.py:545} INFO - Filling up the DagBag from /opt/airflow/dags/hello_airflow.py
[2026-08-20T13:20:17.422+0000] {processor.py:840} INFO - DAG(s) 'hello_airflow' retrieved from /opt/airflow/dags/hello_airflow.py
[2026-08-20T13:20:17.453+0000] {logging_mixin.py:188} INFO - [2026-08-20T13:20:17.453+0000] {dag.py:3089} INFO - Sync 1 DAGs
[2026-08-20T13:20:17.465+0000] {logging_mixin.py:188} INFO - [2026-08-20T13:20:17.464+0000] {dag.py:3947} INFO - Setting next_dagrun for hello_airflow to None, run_after=None
[2026-08-20T13:20:17.484+0000] {processor.py:183} INFO - Processing /opt/airflow/dags/hello_airflow.py took 0.088 seconds
[2026-08-20T13:20:47.663+0000] {processor.py:161} INFO - Started process (PID=1745) to work on /opt/airflow/dags/hello_airflow.py
[2026-08-20T13:20:47.664+0000] {processor.py:830} INFO - Processing file /opt/airflow/dags/hello_airflow.py for tasks to queue
[2026-08-20T13:20:47.667+0000] {logging_mixin.py:188} INFO - [2026-08-20T13:20:47.667+0000] {dagbag.py:545} INFO - Filling up the DagBag from /opt/airflow/dags/hello_airflow.py
[2026-08-20T13:20:47.685+0000] {processor.py:840} INFO - DAG(s) 'hello_airflow' retrieved from /opt/airflow/dags/hello_airflow.py
[2026-08-20T13:20:47.712+0000] {logging_mixin.py:188} INFO - [2026-08-20T13:20:47.711+0000] {dag.py:3089} INFO - Sync 1 DAGs
[2026-08-20T13:20:47.724+0000] {logging_mixin.py:188} INFO - [2026-08-20T13:20:47.724+0000] {dag.py:3947} INFO - Setting next_dagrun for hello_airflow to None, run_after=None
[2026-08-20T13:20:47.745+0000] {processor.py:183} INFO - Processing /opt/airflow/dags/hello_airflow.py took 0.089 seconds
[2026-08-20T13:21:17.939+0000] {processor.py:161} INFO - Started process (PID=1769) to work on /opt/airflow/dags/hello_airflow.py
[2026-08-20T13:21:17.940+0000] {processor.py:830} INFO - Processing file /opt/airflow/dags/hello_airflow.py for tasks to queue
[2026-08-20T13:21:17.943+0000] {logging_mixin.py:188} INFO - [2026-08-20T13:21:17.942+0000] {dagbag.py:545} INFO - Filling up the DagBag from /opt/airflow/dags/hello_airflow.py
[2026-08-20T13:21:17.958+0000] {processor.py:840} INFO - DAG(s) 'hello_airflow' retrieved from /opt/airflow/dags/hello_airflow.py
[2026-08-20T13:21:17.988+0000] {logging_mixin.py:188} INFO - [2026-08-20T13:21:17.988+0000] {dag.py:3089} INFO - Sync 1 DAGs
[2026-08-20T13:21:18.002+0000] {logging_mixin.py:188} INFO - [2026-08-20T13:21:18.002+0000] {dag.py:3947} INFO - Setting next_dagrun for hello_airflow to None, run_after=None
[2026-08-20T13:21:18.023+0000] {processor.py:183} INFO - Processing /opt/airflow/dags/hello_airflow.py took 0.089 seconds
[2026-08-20T13:21:48.192+0000] {processor.py:161} INFO - Started process (PID=1800) to work on /opt/airflow/dags/hello_airflow.py
[2026-08-20T13:21:48.193+0000] {processor.py:830} INFO - Processing file /opt/airflow/dags/hello_airflow.py for tasks to queue
[2026-08-20T13:21:48.195+0000] {logging_mixin.py:188} INFO - [2026-08-20T13:21:48.195+0000] {dagbag.py:545} INFO - Filling up the DagBag from /opt/airflow/dags/hello_airflow.py
[2026-08-20T13:21:48.215+0000] {processor.py:840} INFO - DAG(s) 'hello_airflow' retrieved from /opt/airflow/dags/hello_airflow.py
[2026-08-20T13:21:48.241+0000] {logging_mixin.py:188} INFO - [2026-08-20T13:21:48.241+0000] {dag.py:3089} INFO - Sync 1 DAGs
[2026-08-20T13:21:48.253+0000] {logging_mixin.py:188} INFO - [2026-08-20T13:21:48.253+0000] {dag.py:3947} INFO - Setting next_dagrun for hello_airflow to None, run_after=None
[2026-08-20T13:21:48.276+0000] {processor.py:183} INFO - Processing /opt/airflow/dags/hello_airflow.py took 0.091 seconds
[2026-08-20T13:22:18.470+0000] {processor.py:161} INFO - Started process (PID=1831) to work on /opt/airflow/dags/hello_airflow.py
[2026-08-20T13:22:18.471+0000] {processor.py:830} INFO - Processing file /opt/airflow/dags/hello_airflow.py for tasks to queue
[2026-08-20T13:22:18.474+0000] {logging_mixin.py:188} INFO - [2026-08-20T13:22:18.474+0000] {dagbag.py:545} INFO - Filling up the DagBag from /opt/airflow/dags/hello_airflow.py
[2026-08-20T13:22:18.500+0000] {processor.py:840} INFO - DAG(s) 'hello_airflow' retrieved from /opt/airflow/dags/hello_airflow.py
[2026-08-20T13:22:18.530+0000] {logging_mixin.py:188} INFO - [2026-08-20T13:22:18.529+0000] {dag.py:3089} INFO - Sync 1 DAGs
[2026-08-20T13:22:18.545+0000] {logging_mixin.py:188} INFO - [2026-08-20T13:22:18.545+0000] {dag.py:3947} INFO - Setting next_dagrun for hello_airflow to None, run_after=None
[2026-08-20T13:22:18.573+0000] {processor.py:183} INFO - Processing /opt/airflow/dags/hello_airflow.py took 0.111 seconds
[2026-08-20T13:22:48.697+0000] {processor.py:161} INFO - Started process (PID=1856) to work on /opt/airflow/dags/hello_airflow.py
[2026-08-20T13:22:48.698+0000] {processor.py:830} INFO - Processing file /opt/airflow/dags/hello_airflow.py for tasks to queue
[2026-08-20T13:22:48.701+0000] {logging_mixin.py:188} INFO - [2026-08-20T13:22:48.701+0000] {dagbag.py:545} INFO - Filling up the DagBag from /opt/airflow/dags/hello_airflow.py
[2026-08-20T13:22:48.718+0000] {processor.py:840} INFO - DAG(s) 'hello_airflow' retrieved from /opt/airflow/dags/hello_airflow.py
[2026-08-20T13:22:48.744+0000] {logging_mixin.py:188} INFO - [2026-08-20T13:22:48.744+0000] {dag.py:3089} INFO - Sync 1 DAGs
[2026-08-20T13:22:48.757+0000] {logging_mixin.py:188} INFO - [2026-08-20T13:22:48.757+0000] {dag.py:3947} INFO - Setting next_dagrun for hello_airflow to None, run_after=None
[2026-08-20T13:22:48.779+0000] {processor.py:183} INFO - Processing /opt/airflow/dags/hello_airflow.py took 0.088 seconds
[2026-08-20T13:23:19.033+0000] {processor.py:161} INFO - Started process (PID=1887) to work on /opt/airflow/dags/hello_airflow.py
[2026-08-20T13:23:19.034+0000] {processor.py:830} INFO - Processing file /opt/airflow/dags/hello_airflow.py for tasks to queue
[2026-08-20T13:23:19.037+0000] {logging_mixin.py:188} INFO - [2026-08-20T13:23:19.037+0000] {dagbag.py:545} INFO - Filling up the DagBag from /opt/airflow/dags/hello_airflow.py
[2026-08-20T13:23:19.063+0000] {processor.py:840} INFO - DAG(s) 'hello_airflow' retrieved from /opt/airflow/dags/hello_airflow.py
[2026-08-20T13:23:19.104+0000] {logging_mixin.py:188} INFO - [2026-08-20T13:23:19.103+0000] {dag.py:3089} INFO - Sync 1 DAGs
[2026-08-20T13:23:19.120+0000] {logging_mixin.py:188} INFO - [2026-08-20T13:23:19.119+0000] {dag.py:3947} INFO - Setting next_dagrun for hello_airflow to None, run_after=None
[2026-08-20T13:23:19.148+0000] {processor.py:183} INFO - Processing /opt/airflow/dags/hello_airflow.py took 0.125 seconds
[2026-08-20T13:23:49.433+0000] {processor.py:161} INFO - Started process (PID=2323) to work on /opt/airflow/dags/hello_airflow.py
[2026-08-20T13:23:49.435+0000] {processor.py:830} INFO - Processing file /opt/airflow/dags/hello_airflow.py for tasks to queue
[2026-08-20T13:23:49.440+0000] {logging_mixin.py:188} INFO - [2026-08-20T13:23:49.439+0000] {dagbag.py:545} INFO - Filling up the DagBag from /opt/airflow/dags/hello_airflow.py
[2026-08-20T13:23:49.498+0000] {processor.py:840} INFO - DAG(s) 'hello_airflow' retrieved from /opt/airflow/dags/hello_airflow.py
[2026-08-20T13:23:49.569+0000] {logging_mixin.py:188} INFO - [2026-08-20T13:23:49.569+0000] {dag.py:3089} INFO - Sync 1 DAGs
[2026-08-20T13:23:49.598+0000] {logging_mixin.py:188} INFO - [2026-08-20T13:23:49.598+0000] {dag.py:3947} INFO - Setting next_dagrun for hello_airflow to None, run_after=None
[2026-08-20T13:23:49.643+0000] {processor.py:183} INFO - Processing /opt/airflow/dags/hello_airflow.py took 0.222 seconds
[2026-08-20T13:24:20.038+0000] {processor.py:161} INFO - Started process (PID=2434) to work on /opt/airflow/dags/hello_airflow.py
[2026-08-20T13:24:20.040+0000] {processor.py:830} INFO - Processing file /opt/airflow/dags/hello_airflow.py for tasks to queue
[2026-08-20T13:24:20.046+0000] {logging_mixin.py:188} INFO - [2026-08-20T13:24:20.045+0000] {dagbag.py:545} INFO - Filling up the DagBag from /opt/airflow/dags/hello_airflow.py
[2026-08-20T13:24:20.074+0000] {processor.py:840} INFO - DAG(s) 'hello_airflow' retrieved from /opt/airflow/dags/hello_airflow.py
[2026-08-20T13:24:20.124+0000] {logging_mixin.py:188} INFO - [2026-08-20T13:24:20.123+0000] {dag.py:3089} INFO - Sync 1 DAGs
[2026-08-20T13:24:20.151+0000] {logging_mixin.py:188} INFO - [2026-08-20T13:24:20.151+0000] {dag.py:3947} INFO - Setting next_dagrun for hello_airflow to None, run_after=None
[2026-08-20T13:24:20.194+0000] {processor.py:183} INFO - Processing /opt/airflow/dags/hello_airflow.py took 0.167 seconds
[2026-08-20T13:24:50.511+0000] {processor.py:161} INFO - Started process (PID=2697) to work on /opt/airflow/dags/hello_airflow.py
[2026-08-20T13:24:50.514+0000] {processor.py:830} INFO - Processing file /opt/airflow/dags/hello_airflow.py for tasks to queue
[2026-08-20T13:24:50.521+0000] {logging_mixin.py:188} INFO - [2026-08-20T13:24:50.520+0000] {dagbag.py:545} INFO - Filling up the DagBag from /opt/airflow/dags/hello_airflow.py
[2026-08-20T13:24:50.558+0000] {processor.py:840} INFO - DAG(s) 'hello_airflow' retrieved from /opt/airflow/dags/hello_airflow.py
[2026-08-20T13:24:50.620+0000] {logging_mixin.py:188} INFO - [2026-08-20T13:24:50.620+0000] {dag.py:3089} INFO - Sync 1 DAGs
[2026-08-20T13:24:50.656+0000] {logging_mixin.py:188} INFO - [2026-08-20T13:24:50.656+0000] {dag.py:3947} INFO - Setting next_dagrun for hello_airflow to None, run_after=None
[2026-08-20T13:24:50.698+0000] {processor.py:183} INFO - Processing /opt/airflow/dags/hello_airflow.py took 0.197 seconds
[2026-08-20T13:25:20.996+0000] {processor.py:161} INFO - Started process (PID=2907) to work on /opt/airflow/dags/hello_airflow.py
[2026-08-20T13:25:20.997+0000] {processor.py:830} INFO - Processing file /opt/airflow/dags/hello_airflow.py for tasks to queue
[2026-08-20T13:25:21.000+0000] {logging_mixin.py:188} INFO - [2026-08-20T13:25:21.000+0000] {dagbag.py:545} INFO - Filling up the DagBag from /opt/airflow/dags/hello_airflow.py
[2026-08-20T13:25:21.017+0000] {processor.py:840} INFO - DAG(s) 'hello_airflow' retrieved from /opt/airflow/dags/hello_airflow.py
[2026-08-20T13:25:21.047+0000] {logging_mixin.py:188} INFO - [2026-08-20T13:25:21.046+0000] {dag.py:3089} INFO - Sync 1 DAGs
[2026-08-20T13:25:21.061+0000] {logging_mixin.py:188} INFO - [2026-08-20T13:25:21.060+0000] {dag.py:3947} INFO - Setting next_dagrun for hello_airflow to None, run_after=None
[2026-08-20T13:25:21.082+0000] {processor.py:183} INFO - Processing /opt/airflow/dags/hello_airflow.py took 0.093 seconds
[2026-08-20T13:25:51.347+0000] {processor.py:161} INFO - Started process (PID=2931) to work on /opt/airflow/dags/hello_airflow.py
[2026-08-20T13:25:51.348+0000] {processor.py:830} INFO - Processing file /opt/airflow/dags/hello_airflow.py for tasks to queue
[2026-08-20T13:25:51.351+0000] {logging_mixin.py:188} INFO - [2026-08-20T13:25:51.351+0000] {dagbag.py:545} INFO - Filling up the DagBag from /opt/airflow/dags/hello_airflow.py
[2026-08-20T13:25:51.370+0000] {processor.py:840} INFO - DAG(s) 'hello_airflow' retrieved from /opt/airflow/dags/hello_airflow.py
[2026-08-20T13:25:51.397+0000] {logging_mixin.py:188} INFO - [2026-08-20T13:25:51.397+0000] {dag.py:3089} INFO - Sync 1 DAGs
[2026-08-20T13:25:51.411+0000] {logging_mixin.py:188} INFO - [2026-08-20T13:25:51.410+0000] {dag.py:3947} INFO - Setting next_dagrun for hello_airflow to None, run_after=None
[2026-08-20T13:25:51.431+0000] {processor.py:183} INFO - Processing /opt/airflow/dags/hello_airflow.py took 0.093 seconds
[2026-08-20T13:26:21.694+0000] {processor.py:161} INFO - Started process (PID=2962) to work on /opt/airflow/dags/hello_airflow.py
[2026-08-20T13:26:21.695+0000] {processor.py:830} INFO - Processing file /opt/airflow/dags/hello_airflow.py for tasks to queue
[2026-08-20T13:26:21.700+0000] {logging_mixin.py:188} INFO - [2026-08-20T13:26:21.699+0000] {dagbag.py:545} INFO - Filling up the DagBag from /opt/airflow/dags/hello_airflow.py
[2026-08-20T13:26:21.725+0000] {processor.py:840} INFO - DAG(s) 'hello_airflow' retrieved from /opt/airflow/dags/hello_airflow.py
[2026-08-20T13:26:21.753+0000] {logging_mixin.py:188} INFO - [2026-08-20T13:26:21.753+0000] {dag.py:3089} INFO - Sync 1 DAGs
[2026-08-20T13:26:21.768+0000] {logging_mixin.py:188} INFO - [2026-08-20T13:26:21.767+0000] {dag.py:3947} INFO - Setting next_dagrun for hello_airflow to None, run_after=None
[2026-08-20T13:26:21.791+0000] {processor.py:183} INFO - Processing /opt/airflow/dags/hello_airflow.py took 0.106 seconds
[2026-08-20T13:26:52.072+0000] {processor.py:161} INFO - Started process (PID=2993) to work on /opt/airflow/dags/hello_airflow.py
[2026-08-20T13:26:52.074+0000] {processor.py:830} INFO - Processing file /opt/airflow/dags/hello_airflow.py for tasks to queue
[2026-08-20T13:26:52.078+0000] {logging_mixin.py:188} INFO - [2026-08-20T13:26:52.078+0000] {dagbag.py:545} INFO - Filling up the DagBag from /opt/airflow/dags/hello_airflow.py
[2026-08-20T13:26:52.098+0000] {processor.py:840} INFO - DAG(s) 'hello_airflow' retrieved from /opt/airflow/dags/hello_airflow.py
[2026-08-20T13:26:52.131+0000] {logging_mixin.py:188} INFO - [2026-08-20T13:26:52.131+0000] {dag.py:3089} INFO - Sync 1 DAGs
[2026-08-20T13:26:52.148+0000] {logging_mixin.py:188} INFO - [2026-08-20T13:26:52.147+0000] {dag.py:3947} INFO - Setting next_dagrun for hello_airflow to None, run_after=None
[2026-08-20T13:26:52.173+0000] {processor.py:183} INFO - Processing /opt/airflow/dags/hello_airflow.py took 0.110 seconds
[2026-08-20T13:27:22.434+0000] {processor.py:161} INFO - Started process (PID=3017) to work on /opt/airflow/dags/hello_airflow.py
[2026-08-20T13:27:22.435+0000] {processor.py:830} INFO - Processing file /opt/airflow/dags/hello_airflow.py for tasks to queue
[2026-08-20T13:27:22.438+0000] {logging_mixin.py:188} INFO - [2026-08-20T13:27:22.438+0000] {dagbag.py:545} INFO - Filling up the DagBag from /opt/airflow/dags/hello_airflow.py
[2026-08-20T13:27:22.460+0000] {processor.py:840} INFO - DAG(s) 'hello_airflow' retrieved from /opt/airflow/dags/hello_airflow.py
[2026-08-20T13:27:22.494+0000] {logging_mixin.py:188} INFO - [2026-08-20T13:27:22.493+0000] {dag.py:3089} INFO - Sync 1 DAGs
[2026-08-20T13:27:22.508+0000] {logging_mixin.py:188} INFO - [2026-08-20T13:27:22.507+0000] {dag.py:3947} INFO - Setting next_dagrun for hello_airflow to None, run_after=None
[2026-08-20T13:27:22.529+0000] {processor.py:183} INFO - Processing /opt/airflow/dags/hello_airflow.py took 0.102 seconds
[2026-08-20T13:27:52.780+0000] {processor.py:161} INFO - Started process (PID=3048) to work on /opt/airflow/dags/hello_airflow.py
[2026-08-20T13:27:52.781+0000] {processor.py:830} INFO - Processing file /opt/airflow/dags/hello_airflow.py for tasks to queue
[2026-08-20T13:27:52.784+0000] {logging_mixin.py:188} INFO - [2026-08-20T13:27:52.784+0000] {dagbag.py:545} INFO - Filling up the DagBag from /opt/airflow/dags/hello_airflow.py
[2026-08-20T13:27:52.808+0000] {processor.py:840} INFO - DAG(s) 'hello_airflow' retrieved from /opt/airflow/dags/hello_airflow.py
[2026-08-20T13:27:52.843+0000] {logging_mixin.py:188} INFO - [2026-08-20T13:27:52.842+0000] {dag.py:3089} INFO - Sync 1 DAGs
[2026-08-20T13:27:52.860+0000] {logging_mixin.py:188} INFO - [2026-08-20T13:27:52.860+0000] {dag.py:3947} INFO - Setting next_dagrun for hello_airflow to None, run_after=None
[2026-08-20T13:27:52.883+0000] {processor.py:183} INFO - Processing /opt/airflow/dags/hello_airflow.py took 0.109 seconds
[2026-08-20T13:28:23.140+0000] {processor.py:161} INFO - Started process (PID=3073) to work on /opt/airflow/dags/hello_airflow.py
[2026-08-20T13:28:23.141+0000] {processor.py:830} INFO - Processing file /opt/airflow/dags/hello_airflow.py for tasks to queue
[2026-08-20T13:28:23.144+0000] {logging_mixin.py:188} INFO - [2026-08-20T13:28:23.144+0000] {dagbag.py:545} INFO - Filling up the DagBag from /opt/airflow/dags/hello_airflow.py
[2026-08-20T13:28:23.162+0000] {processor.py:840} INFO - DAG(s) 'hello_airflow' retrieved from /opt/airflow/dags/hello_airflow.py
[2026-08-20T13:28:23.192+0000] {logging_mixin.py:188} INFO - [2026-08-20T13:28:23.192+0000] {dag.py:3089} INFO - Sync 1 DAGs
[2026-08-20T13:28:23.207+0000] {logging_mixin.py:188} INFO - [2026-08-20T13:28:23.207+0000] {dag.py:3947} INFO - Setting next_dagrun for hello_airflow to None, run_after=None
[2026-08-20T13:28:23.230+0000] {processor.py:183} INFO - Processing /opt/airflow/dags/hello_airflow.py took 0.096 seconds
[2026-08-20T13:28:53.485+0000] {processor.py:161} INFO - Started process (PID=3104) to work on /opt/airflow/dags/hello_airflow.py
[2026-08-20T13:28:53.486+0000] {processor.py:830} INFO - Processing file /opt/airflow/dags/hello_airflow.py for tasks to queue
[2026-08-20T13:28:53.489+0000] {logging_mixin.py:188} INFO - [2026-08-20T13:28:53.488+0000] {dagbag.py:545} INFO - Filling up the DagBag from /opt/airflow/dags/hello_airflow.py
[2026-08-20T13:28:53.510+0000] {processor.py:840} INFO - DAG(s) 'hello_airflow' retrieved from /opt/airflow/dags/hello_airflow.py
[2026-08-20T13:28:53.539+0000] {logging_mixin.py:188} INFO - [2026-08-20T13:28:53.539+0000] {dag.py:3089} INFO - Sync 1 DAGs
[2026-08-20T13:28:53.555+0000] {logging_mixin.py:188} INFO - [2026-08-20T13:28:53.555+0000] {dag.py:3947} INFO - Setting next_dagrun for hello_airflow to None, run_after=None
[2026-08-20T13:28:53.576+0000] {processor.py:183} INFO - Processing /opt/airflow/dags/hello_airflow.py took 0.097 seconds
[2026-08-20T13:29:23.876+0000] {processor.py:161} INFO - Started process (PID=3128) to work on /opt/airflow/dags/hello_airflow.py
[2026-08-20T13:29:23.878+0000] {processor.py:830} INFO - Processing file /opt/airflow/dags/hello_airflow.py for tasks to queue
[2026-08-20T13:29:23.882+0000] {logging_mixin.py:188} INFO - [2026-08-20T13:29:23.882+0000] {dagbag.py:545} INFO - Filling up the DagBag from /opt/airflow/dags/hello_airflow.py
[2026-08-20T13:29:23.907+0000] {processor.py:840} INFO - DAG(s) 'hello_airflow' retrieved from /opt/airflow/dags/hello_airflow.py
[2026-08-20T13:29:23.940+0000] {logging_mixin.py:188} INFO - [2026-08-20T13:29:23.940+0000] {dag.py:3089} INFO - Sync 1 DAGs
[2026-08-20T13:29:23.960+0000] {logging_mixin.py:188} INFO - [2026-08-20T13:29:23.960+0000] {dag.py:3947} INFO - Setting next_dagrun for hello_airflow to None, run_after=None
[2026-08-20T13:29:23.983+0000] {processor.py:183} INFO - Processing /opt/airflow/dags/hello_airflow.py took 0.114 seconds
[2026-08-20T13:29:54.227+0000] {processor.py:161} INFO - Started process (PID=3159) to work on /opt/airflow/dags/hello_airflow.py
[2026-08-20T13:29:54.228+0000] {processor.py:830} INFO - Processing file /opt/airflow/dags/hello_airflow.py for tasks to queue
[2026-08-20T13:29:54.232+0000] {logging_mixin.py:188} INFO - [2026-08-20T13:29:54.231+0000] {dagbag.py:545} INFO - Filling up the DagBag from /opt/airflow/dags/hello_airflow.py
[2026-08-20T13:29:54.255+0000] {processor.py:840} INFO - DAG(s) 'hello_airflow' retrieved from /opt/airflow/dags/hello_airflow.py
[2026-08-20T13:29:54.284+0000] {logging_mixin.py:188} INFO - [2026-08-20T13:29:54.284+0000] {dag.py:3089} INFO - Sync 1 DAGs
[2026-08-20T13:29:54.302+0000] {logging_mixin.py:188} INFO - [2026-08-20T13:29:54.301+0000] {dag.py:3947} INFO - Setting next_dagrun for hello_airflow to None, run_after=None
[2026-08-20T13:29:54.325+0000] {processor.py:183} INFO - Processing /opt/airflow/dags/hello_airflow.py took 0.105 seconds
[2026-08-20T13:30:24.574+0000] {processor.py:161} INFO - Started process (PID=3184) to work on /opt/airflow/dags/hello_airflow.py
[2026-08-20T13:30:24.575+0000] {processor.py:830} INFO - Processing file /opt/airflow/dags/hello_airflow.py for tasks to queue
[2026-08-20T13:30:24.578+0000] {logging_mixin.py:188} INFO - [2026-08-20T13:30:24.578+0000] {dagbag.py:545} INFO - Filling up the DagBag from /opt/airflow/dags/hello_airflow.py
[2026-08-20T13:30:24.599+0000] {processor.py:840} INFO - DAG(s) 'hello_airflow' retrieved from /opt/airflow/dags/hello_airflow.py
[2026-08-20T13:30:24.628+0000] {logging_mixin.py:188} INFO - [2026-08-20T13:30:24.628+0000] {dag.py:3089} INFO - Sync 1 DAGs
[2026-08-20T13:30:24.644+0000] {logging_mixin.py:188} INFO - [2026-08-20T13:30:24.644+0000] {dag.py:3947} INFO - Setting next_dagrun for hello_airflow to None, run_after=None
[2026-08-20T13:30:24.665+0000] {processor.py:183} INFO - Processing /opt/airflow/dags/hello_airflow.py took 0.097 seconds
[2026-08-20T13:30:54.914+0000] {processor.py:161} INFO - Started process (PID=3215) to work on /opt/airflow/dags/hello_airflow.py
[2026-08-20T13:30:54.915+0000] {processor.py:830} INFO - Processing file /opt/airflow/dags/hello_airflow.py for tasks to queue
[2026-08-20T13:30:54.918+0000] {logging_mixin.py:188} INFO - [2026-08-20T13:30:54.918+0000] {dagbag.py:545} INFO - Filling up the DagBag from /opt/airflow/dags/hello_airflow.py
[2026-08-20T13:30:54.942+0000] {processor.py:840} INFO - DAG(s) 'hello_airflow' retrieved from /opt/airflow/dags/hello_airflow.py
[2026-08-20T13:30:54.970+0000] {logging_mixin.py:188} INFO - [2026-08-20T13:30:54.970+0000] {dag.py:3089} INFO - Sync 1 DAGs
[2026-08-20T13:30:54.985+0000] {logging_mixin.py:188} INFO - [2026-08-20T13:30:54.984+0000] {dag.py:3947} INFO - Setting next_dagrun for hello_airflow to None, run_after=None
[2026-08-20T13:30:55.005+0000] {processor.py:183} INFO - Processing /opt/airflow/dags/hello_airflow.py took 0.098 seconds
[2026-08-20T13:31:25.283+0000] {processor.py:161} INFO - Started process (PID=3247) to work on /opt/airflow/dags/hello_airflow.py
[2026-08-20T13:31:25.284+0000] {processor.py:830} INFO - Processing file /opt/airflow/dags/hello_airflow.py for tasks to queue
[2026-08-20T13:31:25.287+0000] {logging_mixin.py:188} INFO - [2026-08-20T13:31:25.287+0000] {dagbag.py:545} INFO - Filling up the DagBag from /opt/airflow/dags/hello_airflow.py
[2026-08-20T13:31:25.311+0000] {processor.py:840} INFO - DAG(s) 'hello_airflow' retrieved from /opt/airflow/dags/hello_airflow.py
[2026-08-20T13:31:25.345+0000] {logging_mixin.py:188} INFO - [2026-08-20T13:31:25.345+0000] {dag.py:3089} INFO - Sync 1 DAGs
[2026-08-20T13:31:25.364+0000] {logging_mixin.py:188} INFO - [2026-08-20T13:31:25.363+0000] {dag.py:3947} INFO - Setting next_dagrun for hello_airflow to None, run_after=None
[2026-08-20T13:31:25.396+0000] {processor.py:183} INFO - Processing /opt/airflow/dags/hello_airflow.py took 0.119 seconds
[2026-08-20T13:31:55.673+0000] {processor.py:161} INFO - Started process (PID=3270) to work on /opt/airflow/dags/hello_airflow.py
[2026-08-20T13:31:55.674+0000] {processor.py:830} INFO - Processing file /opt/airflow/dags/hello_airflow.py for tasks to queue
[2026-08-20T13:31:55.677+0000] {logging_mixin.py:188} INFO - [2026-08-20T13:31:55.676+0000] {dagbag.py:545} INFO - Filling up the DagBag from /opt/airflow/dags/hello_airflow.py
[2026-08-20T13:31:55.693+0000] {processor.py:840} INFO - DAG(s) 'hello_airflow' retrieved from /opt/airflow/dags/hello_airflow.py
[2026-08-20T13:31:55.724+0000] {logging_mixin.py:188} INFO - [2026-08-20T13:31:55.724+0000] {dag.py:3089} INFO - Sync 1 DAGs
[2026-08-20T13:31:55.737+0000] {logging_mixin.py:188} INFO - [2026-08-20T13:31:55.737+0000] {dag.py:3947} INFO - Setting next_dagrun for hello_airflow to None, run_after=None
[2026-08-20T13:31:55.758+0000] {processor.py:183} INFO - Processing /opt/airflow/dags/hello_airflow.py took 0.090 seconds
[2026-08-20T13:32:26.022+0000] {processor.py:161} INFO - Started process (PID=3301) to work on /opt/airflow/dags/hello_airflow.py
[2026-08-20T13:32:26.023+0000] {processor.py:830} INFO - Processing file /opt/airflow/dags/hello_airflow.py for tasks to queue
[2026-08-20T13:32:26.027+0000] {logging_mixin.py:188} INFO - [2026-08-20T13:32:26.026+0000] {dagbag.py:545} INFO - Filling up the DagBag from /opt/airflow/dags/hello_airflow.py
[2026-08-20T13:32:26.049+0000] {processor.py:840} INFO - DAG(s) 'hello_airflow' retrieved from /opt/airflow/dags/hello_airflow.py
[2026-08-20T13:32:26.079+0000] {logging_mixin.py:188} INFO - [2026-08-20T13:32:26.078+0000] {dag.py:3089} INFO - Sync 1 DAGs
[2026-08-20T13:32:26.093+0000] {logging_mixin.py:188} INFO - [2026-08-20T13:32:26.093+0000] {dag.py:3947} INFO - Setting next_dagrun for hello_airflow to None, run_after=None
[2026-08-20T13:32:26.119+0000] {processor.py:183} INFO - Processing /opt/airflow/dags/hello_airflow.py took 0.104 seconds
[2026-08-20T13:32:56.360+0000] {processor.py:161} INFO - Started process (PID=3325) to work on /opt/airflow/dags/hello_airflow.py
[2026-08-20T13:32:56.362+0000] {processor.py:830} INFO - Processing file /opt/airflow/dags/hello_airflow.py for tasks to queue
[2026-08-20T13:32:56.365+0000] {logging_mixin.py:188} INFO - [2026-08-20T13:32:56.365+0000] {dagbag.py:545} INFO - Filling up the DagBag from /opt/airflow/dags/hello_airflow.py
[2026-08-20T13:32:56.392+0000] {processor.py:840} INFO - DAG(s) 'hello_airflow' retrieved from /opt/airflow/dags/hello_airflow.py
[2026-08-20T13:32:56.425+0000] {logging_mixin.py:188} INFO - [2026-08-20T13:32:56.425+0000] {dag.py:3089} INFO - Sync 1 DAGs
[2026-08-20T13:32:56.445+0000] {logging_mixin.py:188} INFO - [2026-08-20T13:32:56.444+0000] {dag.py:3947} INFO - Setting next_dagrun for hello_airflow to None, run_after=None
[2026-08-20T13:32:56.474+0000] {processor.py:183} INFO - Processing /opt/airflow/dags/hello_airflow.py took 0.125 seconds
[2026-08-20T13:33:26.740+0000] {processor.py:161} INFO - Started process (PID=3356) to work on /opt/airflow/dags/hello_airflow.py
[2026-08-20T13:33:26.742+0000] {processor.py:830} INFO - Processing file /opt/airflow/dags/hello_airflow.py for tasks to queue
[2026-08-20T13:33:26.748+0000] {logging_mixin.py:188} INFO - [2026-08-20T13:33:26.747+0000] {dagbag.py:545} INFO - Filling up the DagBag from /opt/airflow/dags/hello_airflow.py
[2026-08-20T13:33:26.770+0000] {processor.py:840} INFO - DAG(s) 'hello_airflow' retrieved from /opt/airflow/dags/hello_airflow.py
[2026-08-20T13:33:26.803+0000] {logging_mixin.py:188} INFO - [2026-08-20T13:33:26.803+0000] {dag.py:3089} INFO - Sync 1 DAGs
[2026-08-20T13:33:26.820+0000] {logging_mixin.py:188} INFO - [2026-08-20T13:33:26.819+0000] {dag.py:3947} INFO - Setting next_dagrun for hello_airflow to None, run_after=None
[2026-08-20T13:33:26.846+0000] {processor.py:183} INFO - Processing /opt/airflow/dags/hello_airflow.py took 0.113 seconds
[2026-08-20T13:33:57.169+0000] {processor.py:161} INFO - Started process (PID=3380) to work on /opt/airflow/dags/hello_airflow.py
[2026-08-20T13:33:57.170+0000] {processor.py:830} INFO - Processing file /opt/airflow/dags/hello_airflow.py for tasks to queue
[2026-08-20T13:33:57.173+0000] {logging_mixin.py:188} INFO - [2026-08-20T13:33:57.173+0000] {dagbag.py:545} INFO - Filling up the DagBag from /opt/airflow/dags/hello_airflow.py
[2026-08-20T13:33:57.200+0000] {processor.py:840} INFO - DAG(s) 'hello_airflow' retrieved from /opt/airflow/dags/hello_airflow.py
[2026-08-20T13:33:57.234+0000] {logging_mixin.py:188} INFO - [2026-08-20T13:33:57.234+0000] {dag.py:3089} INFO - Sync 1 DAGs
[2026-08-20T13:33:57.250+0000] {logging_mixin.py:188} INFO - [2026-08-20T13:33:57.250+0000] {dag.py:3947} INFO - Setting next_dagrun for hello_airflow to None, run_after=None
[2026-08-20T13:33:57.278+0000] {processor.py:183} INFO - Processing /opt/airflow/dags/hello_airflow.py took 0.116 seconds
[2026-08-20T13:34:27.708+0000] {processor.py:161} INFO - Started process (PID=3642) to work on /opt/airflow/dags/hello_airflow.py
[2026-08-20T13:34:27.710+0000] {processor.py:830} INFO - Processing file /opt/airflow/dags/hello_airflow.py for tasks to queue
[2026-08-20T13:34:27.715+0000] {logging_mixin.py:188} INFO - [2026-08-20T13:34:27.714+0000] {dagbag.py:545} INFO - Filling up the DagBag from /opt/airflow/dags/hello_airflow.py
[2026-08-20T13:34:27.749+0000] {processor.py:840} INFO - DAG(s) 'hello_airflow' retrieved from /opt/airflow/dags/hello_airflow.py
[2026-08-20T13:34:27.818+0000] {logging_mixin.py:188} INFO - [2026-08-20T13:34:27.818+0000] {dag.py:3089} INFO - Sync 1 DAGs
[2026-08-20T13:34:27.846+0000] {logging_mixin.py:188} INFO - [2026-08-20T13:34:27.846+0000] {dag.py:3947} INFO - Setting next_dagrun for hello_airflow to None, run_after=None
[2026-08-20T13:34:27.885+0000] {processor.py:183} INFO - Processing /opt/airflow/dags/hello_airflow.py took 0.201 seconds
[2026-08-20T13:34:58.234+0000] {processor.py:161} INFO - Started process (PID=3890) to work on /opt/airflow/dags/hello_airflow.py
[2026-08-20T13:34:58.236+0000] {processor.py:830} INFO - Processing file /opt/airflow/dags/hello_airflow.py for tasks to queue
[2026-08-20T13:34:58.242+0000] {logging_mixin.py:188} INFO - [2026-08-20T13:34:58.242+0000] {dagbag.py:545} INFO - Filling up the DagBag from /opt/airflow/dags/hello_airflow.py
[2026-08-20T13:34:58.294+0000] {processor.py:840} INFO - DAG(s) 'hello_airflow' retrieved from /opt/airflow/dags/hello_airflow.py
[2026-08-20T13:34:58.408+0000] {logging_mixin.py:188} INFO - [2026-08-20T13:34:58.407+0000] {dag.py:3089} INFO - Sync 1 DAGs
[2026-08-20T13:34:58.448+0000] {logging_mixin.py:188} INFO - [2026-08-20T13:34:58.448+0000] {dag.py:3947} INFO - Setting next_dagrun for hello_airflow to None, run_after=None
[2026-08-20T13:34:58.504+0000] {processor.py:183} INFO - Processing /opt/airflow/dags/hello_airflow.py took 0.284 seconds
[2026-08-20T13:35:28.826+0000] {processor.py:161} INFO - Started process (PID=3975) to work on /opt/airflow/dags/hello_airflow.py
[2026-08-20T13:35:28.828+0000] {processor.py:830} INFO - Processing file /opt/airflow/dags/hello_airflow.py for tasks to queue
[2026-08-20T13:35:28.837+0000] {logging_mixin.py:188} INFO - [2026-08-20T13:35:28.836+0000] {dagbag.py:545} INFO - Filling up the DagBag from /opt/airflow/dags/hello_airflow.py
[2026-08-20T13:35:28.870+0000] {processor.py:840} INFO - DAG(s) 'hello_airflow' retrieved from /opt/airflow/dags/hello_airflow.py
[2026-08-20T13:35:28.908+0000] {logging_mixin.py:188} INFO - [2026-08-20T13:35:28.908+0000] {dag.py:3089} INFO - Sync 1 DAGs
[2026-08-20T13:35:28.928+0000] {logging_mixin.py:188} INFO - [2026-08-20T13:35:28.928+0000] {dag.py:3947} INFO - Setting next_dagrun for hello_airflow to None, run_after=None
[2026-08-20T13:35:28.954+0000] {processor.py:183} INFO - Processing /opt/airflow/dags/hello_airflow.py took 0.136 seconds
[2026-08-20T13:35:59.277+0000] {processor.py:161} INFO - Started process (PID=4006) to work on /opt/airflow/dags/hello_airflow.py
[2026-08-20T13:35:59.278+0000] {processor.py:830} INFO - Processing file /opt/airflow/dags/hello_airflow.py for tasks to queue
[2026-08-20T13:35:59.283+0000] {logging_mixin.py:188} INFO - [2026-08-20T13:35:59.282+0000] {dagbag.py:545} INFO - Filling up the DagBag from /opt/airflow/dags/hello_airflow.py
[2026-08-20T13:35:59.327+0000] {processor.py:840} INFO - DAG(s) 'hello_airflow' retrieved from /opt/airflow/dags/hello_airflow.py
[2026-08-20T13:35:59.390+0000] {logging_mixin.py:188} INFO - [2026-08-20T13:35:59.387+0000] {dag.py:3089} INFO - Sync 1 DAGs
[2026-08-20T13:35:59.430+0000] {logging_mixin.py:188} INFO - [2026-08-20T13:35:59.429+0000] {dag.py:3947} INFO - Setting next_dagrun for hello_airflow to None, run_after=None
[2026-08-20T13:35:59.475+0000] {processor.py:183} INFO - Processing /opt/airflow/dags/hello_airflow.py took 0.211 seconds
[2026-08-20T13:36:29.798+0000] {processor.py:161} INFO - Started process (PID=4029) to work on /opt/airflow/dags/hello_airflow.py
[2026-08-20T13:36:29.800+0000] {processor.py:830} INFO - Processing file /opt/airflow/dags/hello_airflow.py for tasks to queue
[2026-08-20T13:36:29.804+0000] {logging_mixin.py:188} INFO - [2026-08-20T13:36:29.803+0000] {dagbag.py:545} INFO - Filling up the DagBag from /opt/airflow/dags/hello_airflow.py
[2026-08-20T13:36:29.837+0000] {processor.py:840} INFO - DAG(s) 'hello_airflow' retrieved from /opt/airflow/dags/hello_airflow.py
[2026-08-20T13:36:29.883+0000] {logging_mixin.py:188} INFO - [2026-08-20T13:36:29.882+0000] {dag.py:3089} INFO - Sync 1 DAGs
[2026-08-20T13:36:29.902+0000] {logging_mixin.py:188} INFO - [2026-08-20T13:36:29.902+0000] {dag.py:3947} INFO - Setting next_dagrun for hello_airflow to None, run_after=None
[2026-08-20T13:36:29.933+0000] {processor.py:183} INFO - Processing /opt/airflow/dags/hello_airflow.py took 0.144 seconds
[2026-08-20T13:37:00.239+0000] {processor.py:161} INFO - Started process (PID=4053) to work on /opt/airflow/dags/hello_airflow.py
[2026-08-20T13:37:00.241+0000] {processor.py:830} INFO - Processing file /opt/airflow/dags/hello_airflow.py for tasks to queue
[2026-08-20T13:37:00.244+0000] {logging_mixin.py:188} INFO - [2026-08-20T13:37:00.244+0000] {dagbag.py:545} INFO - Filling up the DagBag from /opt/airflow/dags/hello_airflow.py
[2026-08-20T13:37:00.273+0000] {processor.py:840} INFO - DAG(s) 'hello_airflow' retrieved from /opt/airflow/dags/hello_airflow.py
[2026-08-20T13:37:00.309+0000] {logging_mixin.py:188} INFO - [2026-08-20T13:37:00.309+0000] {dag.py:3089} INFO - Sync 1 DAGs
[2026-08-20T13:37:00.329+0000] {logging_mixin.py:188} INFO - [2026-08-20T13:37:00.329+0000] {dag.py:3947} INFO - Setting next_dagrun for hello_airflow to None, run_after=None
[2026-08-20T13:37:00.357+0000] {processor.py:183} INFO - Processing /opt/airflow/dags/hello_airflow.py took 0.125 seconds
[2026-08-20T13:37:30.827+0000] {processor.py:161} INFO - Started process (PID=4231) to work on /opt/airflow/dags/hello_airflow.py
[2026-08-20T13:37:30.829+0000] {processor.py:830} INFO - Processing file /opt/airflow/dags/hello_airflow.py for tasks to queue
[2026-08-20T13:37:30.834+0000] {logging_mixin.py:188} INFO - [2026-08-20T13:37:30.833+0000] {dagbag.py:545} INFO - Filling up the DagBag from /opt/airflow/dags/hello_airflow.py
[2026-08-20T13:37:30.865+0000] {processor.py:840} INFO - DAG(s) 'hello_airflow' retrieved from /opt/airflow/dags/hello_airflow.py
[2026-08-20T13:37:30.932+0000] {logging_mixin.py:188} INFO - [2026-08-20T13:37:30.931+0000] {dag.py:3089} INFO - Sync 1 DAGs
[2026-08-20T13:37:30.959+0000] {logging_mixin.py:188} INFO - [2026-08-20T13:37:30.958+0000] {dag.py:3947} INFO - Setting next_dagrun for hello_airflow to None, run_after=None
[2026-08-20T13:37:31.001+0000] {processor.py:183} INFO - Processing /opt/airflow/dags/hello_airflow.py took 0.187 seconds
[2026-08-20T13:38:01.352+0000] {processor.py:161} INFO - Started process (PID=4439) to work on /opt/airflow/dags/hello_airflow.py
[2026-08-20T13:38:01.354+0000] {processor.py:830} INFO - Processing file /opt/airflow/dags/hello_airflow.py for tasks to queue
[2026-08-20T13:38:01.361+0000] {logging_mixin.py:188} INFO - [2026-08-20T13:38:01.360+0000] {dagbag.py:545} INFO - Filling up the DagBag from /opt/airflow/dags/hello_airflow.py
[2026-08-20T13:38:01.408+0000] {processor.py:840} INFO - DAG(s) 'hello_airflow' retrieved from /opt/airflow/dags/hello_airflow.py
[2026-08-20T13:38:01.465+0000] {logging_mixin.py:188} INFO - [2026-08-20T13:38:01.465+0000] {dag.py:3089} INFO - Sync 1 DAGs
[2026-08-20T13:38:01.492+0000] {logging_mixin.py:188} INFO - [2026-08-20T13:38:01.492+0000] {dag.py:3947} INFO - Setting next_dagrun for hello_airflow to None, run_after=None
[2026-08-20T13:38:01.532+0000] {processor.py:183} INFO - Processing /opt/airflow/dags/hello_airflow.py took 0.188 seconds
[2026-08-20T13:38:31.869+0000] {processor.py:161} INFO - Started process (PID=4483) to work on /opt/airflow/dags/hello_airflow.py
[2026-08-20T13:38:31.871+0000] {processor.py:830} INFO - Processing file /opt/airflow/dags/hello_airflow.py for tasks to queue
[2026-08-20T13:38:31.875+0000] {logging_mixin.py:188} INFO - [2026-08-20T13:38:31.874+0000] {dagbag.py:545} INFO - Filling up the DagBag from /opt/airflow/dags/hello_airflow.py
[2026-08-20T13:38:31.915+0000] {processor.py:840} INFO - DAG(s) 'hello_airflow' retrieved from /opt/airflow/dags/hello_airflow.py
[2026-08-20T13:38:31.973+0000] {logging_mixin.py:188} INFO - [2026-08-20T13:38:31.972+0000] {dag.py:3089} INFO - Sync 1 DAGs
[2026-08-20T13:38:32.003+0000] {logging_mixin.py:188} INFO - [2026-08-20T13:38:32.002+0000] {dag.py:3947} INFO - Setting next_dagrun for hello_airflow to None, run_after=None
[2026-08-20T13:38:32.038+0000] {processor.py:183} INFO - Processing /opt/airflow/dags/hello_airflow.py took 0.185 seconds
[2026-08-20T13:39:02.404+0000] {processor.py:161} INFO - Started process (PID=4525) to work on /opt/airflow/dags/hello_airflow.py
[2026-08-20T13:39:02.406+0000] {processor.py:830} INFO - Processing file /opt/airflow/dags/hello_airflow.py for tasks to queue
[2026-08-20T13:39:02.418+0000] {logging_mixin.py:188} INFO - [2026-08-20T13:39:02.417+0000] {dagbag.py:545} INFO - Filling up the DagBag from /opt/airflow/dags/hello_airflow.py
[2026-08-20T13:39:02.462+0000] {processor.py:840} INFO - DAG(s) 'hello_airflow' retrieved from /opt/airflow/dags/hello_airflow.py
[2026-08-20T13:39:02.518+0000] {logging_mixin.py:188} INFO - [2026-08-20T13:39:02.517+0000] {dag.py:3089} INFO - Sync 1 DAGs
[2026-08-20T13:39:02.548+0000] {logging_mixin.py:188} INFO - [2026-08-20T13:39:02.547+0000] {dag.py:3947} INFO - Setting next_dagrun for hello_airflow to None, run_after=None
[2026-08-20T13:39:02.580+0000] {processor.py:183} INFO - Processing /opt/airflow/dags/hello_airflow.py took 0.189 seconds
[2026-08-20T13:39:33.014+0000] {processor.py:161} INFO - Started process (PID=4622) to work on /opt/airflow/dags/hello_airflow.py
[2026-08-20T13:39:33.015+0000] {processor.py:830} INFO - Processing file /opt/airflow/dags/hello_airflow.py for tasks to queue
[2026-08-20T13:39:33.019+0000] {logging_mixin.py:188} INFO - [2026-08-20T13:39:33.019+0000] {dagbag.py:545} INFO - Filling up the DagBag from /opt/airflow/dags/hello_airflow.py
[2026-08-20T13:39:33.047+0000] {processor.py:840} INFO - DAG(s) 'hello_airflow' retrieved from /opt/airflow/dags/hello_airflow.py
[2026-08-20T13:39:33.100+0000] {logging_mixin.py:188} INFO - [2026-08-20T13:39:33.099+0000] {dag.py:3089} INFO - Sync 1 DAGs
[2026-08-20T13:39:33.118+0000] {logging_mixin.py:188} INFO - [2026-08-20T13:39:33.118+0000] {dag.py:3947} INFO - Setting next_dagrun for hello_airflow to None, run_after=None
[2026-08-20T13:39:33.155+0000] {processor.py:183} INFO - Processing /opt/airflow/dags/hello_airflow.py took 0.151 seconds
[2026-08-20T13:40:03.488+0000] {processor.py:161} INFO - Started process (PID=4654) to work on /opt/airflow/dags/hello_airflow.py
[2026-08-20T13:40:03.489+0000] {processor.py:830} INFO - Processing file /opt/airflow/dags/hello_airflow.py for tasks to queue
[2026-08-20T13:40:03.493+0000] {logging_mixin.py:188} INFO - [2026-08-20T13:40:03.492+0000] {dagbag.py:545} INFO - Filling up the DagBag from /opt/airflow/dags/hello_airflow.py
[2026-08-20T13:40:03.514+0000] {processor.py:840} INFO - DAG(s) 'hello_airflow' retrieved from /opt/airflow/dags/hello_airflow.py
[2026-08-20T13:40:03.560+0000] {logging_mixin.py:188} INFO - [2026-08-20T13:40:03.559+0000] {dag.py:3089} INFO - Sync 1 DAGs
[2026-08-20T13:40:03.581+0000] {logging_mixin.py:188} INFO - [2026-08-20T13:40:03.580+0000] {dag.py:3947} INFO - Setting next_dagrun for hello_airflow to None, run_after=None
[2026-08-20T13:40:03.612+0000] {processor.py:183} INFO - Processing /opt/airflow/dags/hello_airflow.py took 0.131 seconds
[2026-08-20T13:40:33.982+0000] {processor.py:161} INFO - Started process (PID=4678) to work on /opt/airflow/dags/hello_airflow.py
[2026-08-20T13:40:33.983+0000] {processor.py:830} INFO - Processing file /opt/airflow/dags/hello_airflow.py for tasks to queue
[2026-08-20T13:40:33.987+0000] {logging_mixin.py:188} INFO - [2026-08-20T13:40:33.987+0000] {dagbag.py:545} INFO - Filling up the DagBag from /opt/airflow/dags/hello_airflow.py
[2026-08-20T13:40:34.009+0000] {processor.py:840} INFO - DAG(s) 'hello_airflow' retrieved from /opt/airflow/dags/hello_airflow.py
[2026-08-20T13:40:34.048+0000] {logging_mixin.py:188} INFO - [2026-08-20T13:40:34.047+0000] {dag.py:3089} INFO - Sync 1 DAGs
[2026-08-20T13:40:34.065+0000] {logging_mixin.py:188} INFO - [2026-08-20T13:40:34.065+0000] {dag.py:3947} INFO - Setting next_dagrun for hello_airflow to None, run_after=None
[2026-08-20T13:40:34.096+0000] {processor.py:183} INFO - Processing /opt/airflow/dags/hello_airflow.py took 0.123 seconds
[2026-08-20T13:41:04.445+0000] {processor.py:161} INFO - Started process (PID=4709) to work on /opt/airflow/dags/hello_airflow.py
[2026-08-20T13:41:04.446+0000] {processor.py:830} INFO - Processing file /opt/airflow/dags/hello_airflow.py for tasks to queue
[2026-08-20T13:41:04.459+0000] {logging_mixin.py:188} INFO - [2026-08-20T13:41:04.455+0000] {dagbag.py:545} INFO - Filling up the DagBag from /opt/airflow/dags/hello_airflow.py
[2026-08-20T13:41:04.508+0000] {processor.py:840} INFO - DAG(s) 'hello_airflow' retrieved from /opt/airflow/dags/hello_airflow.py
[2026-08-20T13:41:04.550+0000] {logging_mixin.py:188} INFO - [2026-08-20T13:41:04.550+0000] {dag.py:3089} INFO - Sync 1 DAGs
[2026-08-20T13:41:04.570+0000] {logging_mixin.py:188} INFO - [2026-08-20T13:41:04.570+0000] {dag.py:3947} INFO - Setting next_dagrun for hello_airflow to None, run_after=None
[2026-08-20T13:41:04.601+0000] {processor.py:183} INFO - Processing /opt/airflow/dags/hello_airflow.py took 0.167 seconds
[2026-08-20T13:41:34.920+0000] {processor.py:161} INFO - Started process (PID=4733) to work on /opt/airflow/dags/hello_airflow.py
[2026-08-20T13:41:34.922+0000] {processor.py:830} INFO - Processing file /opt/airflow/dags/hello_airflow.py for tasks to queue
[2026-08-20T13:41:34.927+0000] {logging_mixin.py:188} INFO - [2026-08-20T13:41:34.927+0000] {dagbag.py:545} INFO - Filling up the DagBag from /opt/airflow/dags/hello_airflow.py
[2026-08-20T13:41:34.954+0000] {processor.py:840} INFO - DAG(s) 'hello_airflow' retrieved from /opt/airflow/dags/hello_airflow.py
[2026-08-20T13:41:35.007+0000] {logging_mixin.py:188} INFO - [2026-08-20T13:41:35.007+0000] {dag.py:3089} INFO - Sync 1 DAGs
[2026-08-20T13:41:35.028+0000] {logging_mixin.py:188} INFO - [2026-08-20T13:41:35.027+0000] {dag.py:3947} INFO - Setting next_dagrun for hello_airflow to None, run_after=None
[2026-08-20T13:41:35.070+0000] {processor.py:183} INFO - Processing /opt/airflow/dags/hello_airflow.py took 0.159 seconds
[2026-08-20T13:42:05.425+0000] {processor.py:161} INFO - Started process (PID=4764) to work on /opt/airflow/dags/hello_airflow.py
[2026-08-20T13:42:05.426+0000] {processor.py:830} INFO - Processing file /opt/airflow/dags/hello_airflow.py for tasks to queue
[2026-08-20T13:42:05.431+0000] {logging_mixin.py:188} INFO - [2026-08-20T13:42:05.430+0000] {dagbag.py:545} INFO - Filling up the DagBag from /opt/airflow/dags/hello_airflow.py
[2026-08-20T13:42:05.483+0000] {processor.py:840} INFO - DAG(s) 'hello_airflow' retrieved from /opt/airflow/dags/hello_airflow.py
[2026-08-20T13:42:05.540+0000] {logging_mixin.py:188} INFO - [2026-08-20T13:42:05.540+0000] {dag.py:3089} INFO - Sync 1 DAGs
[2026-08-20T13:42:05.567+0000] {logging_mixin.py:188} INFO - [2026-08-20T13:42:05.566+0000] {dag.py:3947} INFO - Setting next_dagrun for hello_airflow to None, run_after=None
[2026-08-20T13:42:05.598+0000] {processor.py:183} INFO - Processing /opt/airflow/dags/hello_airflow.py took 0.181 seconds
[2026-08-20T13:42:35.961+0000] {processor.py:161} INFO - Started process (PID=4788) to work on /opt/airflow/dags/hello_airflow.py
[2026-08-20T13:42:35.963+0000] {processor.py:830} INFO - Processing file /opt/airflow/dags/hello_airflow.py for tasks to queue
[2026-08-20T13:42:35.969+0000] {logging_mixin.py:188} INFO - [2026-08-20T13:42:35.969+0000] {dagbag.py:545} INFO - Filling up the DagBag from /opt/airflow/dags/hello_airflow.py
[2026-08-20T13:42:36.002+0000] {processor.py:840} INFO - DAG(s) 'hello_airflow' retrieved from /opt/airflow/dags/hello_airflow.py
[2026-08-20T13:42:36.053+0000] {logging_mixin.py:188} INFO - [2026-08-20T13:42:36.053+0000] {dag.py:3089} INFO - Sync 1 DAGs
[2026-08-20T13:42:36.076+0000] {logging_mixin.py:188} INFO - [2026-08-20T13:42:36.075+0000] {dag.py:3947} INFO - Setting next_dagrun for hello_airflow to None, run_after=None
[2026-08-20T13:42:36.109+0000] {processor.py:183} INFO - Processing /opt/airflow/dags/hello_airflow.py took 0.161 seconds
[2026-08-20T13:43:06.445+0000] {processor.py:161} INFO - Started process (PID=4819) to work on /opt/airflow/dags/hello_airflow.py
[2026-08-20T13:43:06.447+0000] {processor.py:830} INFO - Processing file /opt/airflow/dags/hello_airflow.py for tasks to queue
[2026-08-20T13:43:06.452+0000] {logging_mixin.py:188} INFO - [2026-08-20T13:43:06.451+0000] {dagbag.py:545} INFO - Filling up the DagBag from /opt/airflow/dags/hello_airflow.py
[2026-08-20T13:43:06.479+0000] {processor.py:840} INFO - DAG(s) 'hello_airflow' retrieved from /opt/airflow/dags/hello_airflow.py
[2026-08-20T13:43:06.528+0000] {logging_mixin.py:188} INFO - [2026-08-20T13:43:06.528+0000] {dag.py:3089} INFO - Sync 1 DAGs
[2026-08-20T13:43:06.552+0000] {logging_mixin.py:188} INFO - [2026-08-20T13:43:06.552+0000] {dag.py:3947} INFO - Setting next_dagrun for hello_airflow to None, run_after=None
[2026-08-20T13:43:06.587+0000] {processor.py:183} INFO - Processing /opt/airflow/dags/hello_airflow.py took 0.154 seconds
[2026-08-20T13:43:36.925+0000] {processor.py:161} INFO - Started process (PID=4844) to work on /opt/airflow/dags/hello_airflow.py
[2026-08-20T13:43:36.926+0000] {processor.py:830} INFO - Processing file /opt/airflow/dags/hello_airflow.py for tasks to queue
[2026-08-20T13:43:36.930+0000] {logging_mixin.py:188} INFO - [2026-08-20T13:43:36.930+0000] {dagbag.py:545} INFO - Filling up the DagBag from /opt/airflow/dags/hello_airflow.py
[2026-08-20T13:43:36.953+0000] {processor.py:840} INFO - DAG(s) 'hello_airflow' retrieved from /opt/airflow/dags/hello_airflow.py
[2026-08-20T13:43:36.993+0000] {logging_mixin.py:188} INFO - [2026-08-20T13:43:36.993+0000] {dag.py:3089} INFO - Sync 1 DAGs
[2026-08-20T13:43:37.013+0000] {logging_mixin.py:188} INFO - [2026-08-20T13:43:37.013+0000] {dag.py:3947} INFO - Setting next_dagrun for hello_airflow to None, run_after=None
[2026-08-20T13:43:37.043+0000] {processor.py:183} INFO - Processing /opt/airflow/dags/hello_airflow.py took 0.129 seconds
[2026-08-20T13:44:07.388+0000] {processor.py:161} INFO - Started process (PID=4868) to work on /opt/airflow/dags/hello_airflow.py
[2026-08-20T13:44:07.390+0000] {processor.py:830} INFO - Processing file /opt/airflow/dags/hello_airflow.py for tasks to queue
[2026-08-20T13:44:07.394+0000] {logging_mixin.py:188} INFO - [2026-08-20T13:44:07.394+0000] {dagbag.py:545} INFO - Filling up the DagBag from /opt/airflow/dags/hello_airflow.py
[2026-08-20T13:44:07.426+0000] {processor.py:840} INFO - DAG(s) 'hello_airflow' retrieved from /opt/airflow/dags/hello_airflow.py
[2026-08-20T13:44:07.472+0000] {logging_mixin.py:188} INFO - [2026-08-20T13:44:07.472+0000] {dag.py:3089} INFO - Sync 1 DAGs
[2026-08-20T13:44:07.501+0000] {logging_mixin.py:188} INFO - [2026-08-20T13:44:07.501+0000] {dag.py:3947} INFO - Setting next_dagrun for hello_airflow to None, run_after=None
[2026-08-20T13:44:07.539+0000] {processor.py:183} INFO - Processing /opt/airflow/dags/hello_airflow.py took 0.164 seconds
[2026-08-20T13:44:37.947+0000] {processor.py:161} INFO - Started process (PID=4899) to work on /opt/airflow/dags/hello_airflow.py
[2026-08-20T13:44:37.949+0000] {processor.py:830} INFO - Processing file /opt/airflow/dags/hello_airflow.py for tasks to queue
[2026-08-20T13:44:37.953+0000] {logging_mixin.py:188} INFO - [2026-08-20T13:44:37.953+0000] {dagbag.py:545} INFO - Filling up the DagBag from /opt/airflow/dags/hello_airflow.py
[2026-08-20T13:44:37.984+0000] {processor.py:840} INFO - DAG(s) 'hello_airflow' retrieved from /opt/airflow/dags/hello_airflow.py
[2026-08-20T13:44:38.032+0000] {logging_mixin.py:188} INFO - [2026-08-20T13:44:38.032+0000] {dag.py:3089} INFO - Sync 1 DAGs
[2026-08-20T13:44:38.054+0000] {logging_mixin.py:188} INFO - [2026-08-20T13:44:38.053+0000] {dag.py:3947} INFO - Setting next_dagrun for hello_airflow to None, run_after=None
[2026-08-20T13:44:38.087+0000] {processor.py:183} INFO - Processing /opt/airflow/dags/hello_airflow.py took 0.153 seconds
[2026-08-20T13:45:08.437+0000] {processor.py:161} INFO - Started process (PID=4923) to work on /opt/airflow/dags/hello_airflow.py
[2026-08-20T13:45:08.438+0000] {processor.py:830} INFO - Processing file /opt/airflow/dags/hello_airflow.py for tasks to queue
[2026-08-20T13:45:08.442+0000] {logging_mixin.py:188} INFO - [2026-08-20T13:45:08.442+0000] {dagbag.py:545} INFO - Filling up the DagBag from /opt/airflow/dags/hello_airflow.py
[2026-08-20T13:45:08.477+0000] {processor.py:840} INFO - DAG(s) 'hello_airflow' retrieved from /opt/airflow/dags/hello_airflow.py
[2026-08-20T13:45:08.516+0000] {logging_mixin.py:188} INFO - [2026-08-20T13:45:08.516+0000] {dag.py:3089} INFO - Sync 1 DAGs
[2026-08-20T13:45:08.539+0000] {logging_mixin.py:188} INFO - [2026-08-20T13:45:08.538+0000] {dag.py:3947} INFO - Setting next_dagrun for hello_airflow to None, run_after=None
[2026-08-20T13:45:08.571+0000] {processor.py:183} INFO - Processing /opt/airflow/dags/hello_airflow.py took 0.144 seconds
[2026-08-20T13:45:38.920+0000] {processor.py:161} INFO - Started process (PID=4954) to work on /opt/airflow/dags/hello_airflow.py
[2026-08-20T13:45:38.922+0000] {processor.py:830} INFO - Processing file /opt/airflow/dags/hello_airflow.py for tasks to queue
[2026-08-20T13:45:38.929+0000] {logging_mixin.py:188} INFO - [2026-08-20T13:45:38.928+0000] {dagbag.py:545} INFO - Filling up the DagBag from /opt/airflow/dags/hello_airflow.py
[2026-08-20T13:45:38.971+0000] {processor.py:840} INFO - DAG(s) 'hello_airflow' retrieved from /opt/airflow/dags/hello_airflow.py
[2026-08-20T13:45:39.019+0000] {logging_mixin.py:188} INFO - [2026-08-20T13:45:39.017+0000] {dag.py:3089} INFO - Sync 1 DAGs
[2026-08-20T13:45:39.045+0000] {logging_mixin.py:188} INFO - [2026-08-20T13:45:39.044+0000] {dag.py:3947} INFO - Setting next_dagrun for hello_airflow to None, run_after=None
[2026-08-20T13:45:39.082+0000] {processor.py:183} INFO - Processing /opt/airflow/dags/hello_airflow.py took 0.174 seconds
[2026-08-20T13:46:09.453+0000] {processor.py:161} INFO - Started process (PID=4978) to work on /opt/airflow/dags/hello_airflow.py
[2026-08-20T13:46:09.455+0000] {processor.py:830} INFO - Processing file /opt/airflow/dags/hello_airflow.py for tasks to queue
[2026-08-20T13:46:09.458+0000] {logging_mixin.py:188} INFO - [2026-08-20T13:46:09.458+0000] {dagbag.py:545} INFO - Filling up the DagBag from /opt/airflow/dags/hello_airflow.py
[2026-08-20T13:46:09.489+0000] {processor.py:840} INFO - DAG(s) 'hello_airflow' retrieved from /opt/airflow/dags/hello_airflow.py
[2026-08-20T13:46:09.532+0000] {logging_mixin.py:188} INFO - [2026-08-20T13:46:09.531+0000] {dag.py:3089} INFO - Sync 1 DAGs
[2026-08-20T13:46:09.556+0000] {logging_mixin.py:188} INFO - [2026-08-20T13:46:09.555+0000] {dag.py:3947} INFO - Setting next_dagrun for hello_airflow to None, run_after=None
[2026-08-20T13:46:09.590+0000] {processor.py:183} INFO - Processing /opt/airflow/dags/hello_airflow.py took 0.147 seconds
[2026-08-20T13:46:39.948+0000] {processor.py:161} INFO - Started process (PID=5009) to work on /opt/airflow/dags/hello_airflow.py
[2026-08-20T13:46:39.950+0000] {processor.py:830} INFO - Processing file /opt/airflow/dags/hello_airflow.py for tasks to queue
[2026-08-20T13:46:39.954+0000] {logging_mixin.py:188} INFO - [2026-08-20T13:46:39.954+0000] {dagbag.py:545} INFO - Filling up the DagBag from /opt/airflow/dags/hello_airflow.py
[2026-08-20T13:46:39.993+0000] {processor.py:840} INFO - DAG(s) 'hello_airflow' retrieved from /opt/airflow/dags/hello_airflow.py
[2026-08-20T13:46:40.038+0000] {logging_mixin.py:188} INFO - [2026-08-20T13:46:40.037+0000] {dag.py:3089} INFO - Sync 1 DAGs
[2026-08-20T13:46:40.063+0000] {logging_mixin.py:188} INFO - [2026-08-20T13:46:40.063+0000] {dag.py:3947} INFO - Setting next_dagrun for hello_airflow to None, run_after=None
[2026-08-20T13:46:40.100+0000] {processor.py:183} INFO - Processing /opt/airflow/dags/hello_airflow.py took 0.165 seconds
[2026-08-20T13:47:10.457+0000] {processor.py:161} INFO - Started process (PID=5034) to work on /opt/airflow/dags/hello_airflow.py
[2026-08-20T13:47:10.459+0000] {processor.py:830} INFO - Processing file /opt/airflow/dags/hello_airflow.py for tasks to queue
[2026-08-20T13:47:10.464+0000] {logging_mixin.py:188} INFO - [2026-08-20T13:47:10.463+0000] {dagbag.py:545} INFO - Filling up the DagBag from /opt/airflow/dags/hello_airflow.py
[2026-08-20T13:47:10.506+0000] {processor.py:840} INFO - DAG(s) 'hello_airflow' retrieved from /opt/airflow/dags/hello_airflow.py
[2026-08-20T13:47:10.553+0000] {logging_mixin.py:188} INFO - [2026-08-20T13:47:10.553+0000] {dag.py:3089} INFO - Sync 1 DAGs
[2026-08-20T13:47:10.593+0000] {logging_mixin.py:188} INFO - [2026-08-20T13:47:10.592+0000] {dag.py:3947} INFO - Setting next_dagrun for hello_airflow to None, run_after=None
[2026-08-20T13:47:10.642+0000] {processor.py:183} INFO - Processing /opt/airflow/dags/hello_airflow.py took 0.196 seconds
[2026-08-20T13:47:41.032+0000] {processor.py:161} INFO - Started process (PID=5058) to work on /opt/airflow/dags/hello_airflow.py
[2026-08-20T13:47:41.033+0000] {processor.py:830} INFO - Processing file /opt/airflow/dags/hello_airflow.py for tasks to queue
[2026-08-20T13:47:41.037+0000] {logging_mixin.py:188} INFO - [2026-08-20T13:47:41.036+0000] {dagbag.py:545} INFO - Filling up the DagBag from /opt/airflow/dags/hello_airflow.py
[2026-08-20T13:47:41.070+0000] {processor.py:840} INFO - DAG(s) 'hello_airflow' retrieved from /opt/airflow/dags/hello_airflow.py
[2026-08-20T13:47:41.124+0000] {logging_mixin.py:188} INFO - [2026-08-20T13:47:41.124+0000] {dag.py:3089} INFO - Sync 1 DAGs
[2026-08-20T13:47:41.146+0000] {logging_mixin.py:188} INFO - [2026-08-20T13:47:41.146+0000] {dag.py:3947} INFO - Setting next_dagrun for hello_airflow to None, run_after=None
[2026-08-20T13:47:41.179+0000] {processor.py:183} INFO - Processing /opt/airflow/dags/hello_airflow.py took 0.157 seconds
[2026-08-20T13:48:11.506+0000] {processor.py:161} INFO - Started process (PID=5089) to work on /opt/airflow/dags/hello_airflow.py
[2026-08-20T13:48:11.509+0000] {processor.py:830} INFO - Processing file /opt/airflow/dags/hello_airflow.py for tasks to queue
[2026-08-20T13:48:11.514+0000] {logging_mixin.py:188} INFO - [2026-08-20T13:48:11.513+0000] {dagbag.py:545} INFO - Filling up the DagBag from /opt/airflow/dags/hello_airflow.py
[2026-08-20T13:48:11.542+0000] {processor.py:840} INFO - DAG(s) 'hello_airflow' retrieved from /opt/airflow/dags/hello_airflow.py
[2026-08-20T13:48:11.591+0000] {logging_mixin.py:188} INFO - [2026-08-20T13:48:11.590+0000] {dag.py:3089} INFO - Sync 1 DAGs
[2026-08-20T13:48:11.613+0000] {logging_mixin.py:188} INFO - [2026-08-20T13:48:11.613+0000] {dag.py:3947} INFO - Setting next_dagrun for hello_airflow to None, run_after=None
[2026-08-20T13:48:11.647+0000] {processor.py:183} INFO - Processing /opt/airflow/dags/hello_airflow.py took 0.152 seconds
[2026-08-20T13:48:41.993+0000] {processor.py:161} INFO - Started process (PID=5113) to work on /opt/airflow/dags/hello_airflow.py
[2026-08-20T13:48:41.995+0000] {processor.py:830} INFO - Processing file /opt/airflow/dags/hello_airflow.py for tasks to queue
[2026-08-20T13:48:41.999+0000] {logging_mixin.py:188} INFO - [2026-08-20T13:48:41.999+0000] {dagbag.py:545} INFO - Filling up the DagBag from /opt/airflow/dags/hello_airflow.py
[2026-08-20T13:48:42.025+0000] {processor.py:840} INFO - DAG(s) 'hello_airflow' retrieved from /opt/airflow/dags/hello_airflow.py
[2026-08-20T13:48:42.085+0000] {logging_mixin.py:188} INFO - [2026-08-20T13:48:42.085+0000] {dag.py:3089} INFO - Sync 1 DAGs
[2026-08-20T13:48:42.104+0000] {logging_mixin.py:188} INFO - [2026-08-20T13:48:42.104+0000] {dag.py:3947} INFO - Setting next_dagrun for hello_airflow to None, run_after=None
[2026-08-20T13:48:42.142+0000] {processor.py:183} INFO - Processing /opt/airflow/dags/hello_airflow.py took 0.158 seconds
[2026-08-20T13:49:12.516+0000] {processor.py:161} INFO - Started process (PID=5144) to work on /opt/airflow/dags/hello_airflow.py
[2026-08-20T13:49:12.518+0000] {processor.py:830} INFO - Processing file /opt/airflow/dags/hello_airflow.py for tasks to queue
[2026-08-20T13:49:12.522+0000] {logging_mixin.py:188} INFO - [2026-08-20T13:49:12.522+0000] {dagbag.py:545} INFO - Filling up the DagBag from /opt/airflow/dags/hello_airflow.py
[2026-08-20T13:49:12.556+0000] {processor.py:840} INFO - DAG(s) 'hello_airflow' retrieved from /opt/airflow/dags/hello_airflow.py
[2026-08-20T13:49:12.606+0000] {logging_mixin.py:188} INFO - [2026-08-20T13:49:12.606+0000] {dag.py:3089} INFO - Sync 1 DAGs
[2026-08-20T13:49:12.632+0000] {logging_mixin.py:188} INFO - [2026-08-20T13:49:12.631+0000] {dag.py:3947} INFO - Setting next_dagrun for hello_airflow to None, run_after=None
[2026-08-20T13:49:12.669+0000] {processor.py:183} INFO - Processing /opt/airflow/dags/hello_airflow.py took 0.165 seconds
[2026-08-20T13:49:43.092+0000] {processor.py:161} INFO - Started process (PID=5168) to work on /opt/airflow/dags/hello_airflow.py
[2026-08-20T13:49:43.094+0000] {processor.py:830} INFO - Processing file /opt/airflow/dags/hello_airflow.py for tasks to queue
[2026-08-20T13:49:43.097+0000] {logging_mixin.py:188} INFO - [2026-08-20T13:49:43.096+0000] {dagbag.py:545} INFO - Filling up the DagBag from /opt/airflow/dags/hello_airflow.py
[2026-08-20T13:49:43.123+0000] {processor.py:840} INFO - DAG(s) 'hello_airflow' retrieved from /opt/airflow/dags/hello_airflow.py
[2026-08-20T13:49:43.168+0000] {logging_mixin.py:188} INFO - [2026-08-20T13:49:43.167+0000] {dag.py:3089} INFO - Sync 1 DAGs
[2026-08-20T13:49:43.191+0000] {logging_mixin.py:188} INFO - [2026-08-20T13:49:43.191+0000] {dag.py:3947} INFO - Setting next_dagrun for hello_airflow to None, run_after=None
[2026-08-20T13:49:43.226+0000] {processor.py:183} INFO - Processing /opt/airflow/dags/hello_airflow.py took 0.145 seconds
[2026-08-20T13:50:13.594+0000] {processor.py:161} INFO - Started process (PID=5201) to work on /opt/airflow/dags/hello_airflow.py
[2026-08-20T13:50:13.598+0000] {processor.py:830} INFO - Processing file /opt/airflow/dags/hello_airflow.py for tasks to queue
[2026-08-20T13:50:13.602+0000] {logging_mixin.py:188} INFO - [2026-08-20T13:50:13.602+0000] {dagbag.py:545} INFO - Filling up the DagBag from /opt/airflow/dags/hello_airflow.py
[2026-08-20T13:50:13.629+0000] {processor.py:840} INFO - DAG(s) 'hello_airflow' retrieved from /opt/airflow/dags/hello_airflow.py
[2026-08-20T13:50:13.702+0000] {logging_mixin.py:188} INFO - [2026-08-20T13:50:13.702+0000] {dag.py:3089} INFO - Sync 1 DAGs
[2026-08-20T13:50:13.739+0000] {logging_mixin.py:188} INFO - [2026-08-20T13:50:13.739+0000] {dag.py:3947} INFO - Setting next_dagrun for hello_airflow to None, run_after=None
[2026-08-20T13:50:13.799+0000] {processor.py:183} INFO - Processing /opt/airflow/dags/hello_airflow.py took 0.218 seconds
[2026-08-20T13:50:44.168+0000] {processor.py:161} INFO - Started process (PID=5225) to work on /opt/airflow/dags/hello_airflow.py
[2026-08-20T13:50:44.170+0000] {processor.py:830} INFO - Processing file /opt/airflow/dags/hello_airflow.py for tasks to queue
[2026-08-20T13:50:44.174+0000] {logging_mixin.py:188} INFO - [2026-08-20T13:50:44.173+0000] {dagbag.py:545} INFO - Filling up the DagBag from /opt/airflow/dags/hello_airflow.py
[2026-08-20T13:50:44.199+0000] {processor.py:840} INFO - DAG(s) 'hello_airflow' retrieved from /opt/airflow/dags/hello_airflow.py
[2026-08-20T13:50:44.236+0000] {logging_mixin.py:188} INFO - [2026-08-20T13:50:44.235+0000] {dag.py:3089} INFO - Sync 1 DAGs
[2026-08-20T13:50:44.257+0000] {logging_mixin.py:188} INFO - [2026-08-20T13:50:44.257+0000] {dag.py:3947} INFO - Setting next_dagrun for hello_airflow to None, run_after=None
[2026-08-20T13:50:44.288+0000] {processor.py:183} INFO - Processing /opt/airflow/dags/hello_airflow.py took 0.129 seconds
[2026-08-20T13:51:14.654+0000] {processor.py:161} INFO - Started process (PID=5249) to work on /opt/airflow/dags/hello_airflow.py
[2026-08-20T13:51:14.655+0000] {processor.py:830} INFO - Processing file /opt/airflow/dags/hello_airflow.py for tasks to queue
[2026-08-20T13:51:14.658+0000] {logging_mixin.py:188} INFO - [2026-08-20T13:51:14.657+0000] {dagbag.py:545} INFO - Filling up the DagBag from /opt/airflow/dags/hello_airflow.py
[2026-08-20T13:51:14.683+0000] {processor.py:840} INFO - DAG(s) 'hello_airflow' retrieved from /opt/airflow/dags/hello_airflow.py
[2026-08-20T13:51:14.730+0000] {logging_mixin.py:188} INFO - [2026-08-20T13:51:14.729+0000] {dag.py:3089} INFO - Sync 1 DAGs
[2026-08-20T13:51:14.754+0000] {logging_mixin.py:188} INFO - [2026-08-20T13:51:14.754+0000] {dag.py:3947} INFO - Setting next_dagrun for hello_airflow to None, run_after=None
[2026-08-20T13:51:14.792+0000] {processor.py:183} INFO - Processing /opt/airflow/dags/hello_airflow.py took 0.146 seconds
[2026-08-20T13:51:45.170+0000] {processor.py:161} INFO - Started process (PID=5280) to work on /opt/airflow/dags/hello_airflow.py
[2026-08-20T13:51:45.172+0000] {processor.py:830} INFO - Processing file /opt/airflow/dags/hello_airflow.py for tasks to queue
[2026-08-20T13:51:45.175+0000] {logging_mixin.py:188} INFO - [2026-08-20T13:51:45.175+0000] {dagbag.py:545} INFO - Filling up the DagBag from /opt/airflow/dags/hello_airflow.py
[2026-08-20T13:51:45.209+0000] {processor.py:840} INFO - DAG(s) 'hello_airflow' retrieved from /opt/airflow/dags/hello_airflow.py
[2026-08-20T13:51:45.255+0000] {logging_mixin.py:188} INFO - [2026-08-20T13:51:45.255+0000] {dag.py:3089} INFO - Sync 1 DAGs
[2026-08-20T13:51:45.275+0000] {logging_mixin.py:188} INFO - [2026-08-20T13:51:45.275+0000] {dag.py:3947} INFO - Setting next_dagrun for hello_airflow to None, run_after=None
[2026-08-20T13:51:45.304+0000] {processor.py:183} INFO - Processing /opt/airflow/dags/hello_airflow.py took 0.145 seconds
[2026-08-20T13:52:15.657+0000] {processor.py:161} INFO - Started process (PID=5304) to work on /opt/airflow/dags/hello_airflow.py
[2026-08-20T13:52:15.658+0000] {processor.py:830} INFO - Processing file /opt/airflow/dags/hello_airflow.py for tasks to queue
[2026-08-20T13:52:15.661+0000] {logging_mixin.py:188} INFO - [2026-08-20T13:52:15.661+0000] {dagbag.py:545} INFO - Filling up the DagBag from /opt/airflow/dags/hello_airflow.py
[2026-08-20T13:52:15.684+0000] {processor.py:840} INFO - DAG(s) 'hello_airflow' retrieved from /opt/airflow/dags/hello_airflow.py
[2026-08-20T13:52:15.724+0000] {logging_mixin.py:188} INFO - [2026-08-20T13:52:15.724+0000] {dag.py:3089} INFO - Sync 1 DAGs
[2026-08-20T13:52:15.746+0000] {logging_mixin.py:188} INFO - [2026-08-20T13:52:15.746+0000] {dag.py:3947} INFO - Setting next_dagrun for hello_airflow to None, run_after=None
[2026-08-20T13:52:15.777+0000] {processor.py:183} INFO - Processing /opt/airflow/dags/hello_airflow.py took 0.129 seconds
[2026-08-20T13:52:46.134+0000] {processor.py:161} INFO - Started process (PID=5335) to work on /opt/airflow/dags/hello_airflow.py
[2026-08-20T13:52:46.136+0000] {processor.py:830} INFO - Processing file /opt/airflow/dags/hello_airflow.py for tasks to queue
[2026-08-20T13:52:46.140+0000] {logging_mixin.py:188} INFO - [2026-08-20T13:52:46.139+0000] {dagbag.py:545} INFO - Filling up the DagBag from /opt/airflow/dags/hello_airflow.py
[2026-08-20T13:52:46.180+0000] {processor.py:840} INFO - DAG(s) 'hello_airflow' retrieved from /opt/airflow/dags/hello_airflow.py
[2026-08-20T13:52:46.228+0000] {logging_mixin.py:188} INFO - [2026-08-20T13:52:46.228+0000] {dag.py:3089} INFO - Sync 1 DAGs
[2026-08-20T13:52:46.248+0000] {logging_mixin.py:188} INFO - [2026-08-20T13:52:46.248+0000] {dag.py:3947} INFO - Setting next_dagrun for hello_airflow to None, run_after=None
[2026-08-20T13:52:46.283+0000] {processor.py:183} INFO - Processing /opt/airflow/dags/hello_airflow.py took 0.162 seconds
[2026-08-20T13:53:16.676+0000] {processor.py:161} INFO - Started process (PID=5359) to work on /opt/airflow/dags/hello_airflow.py
[2026-08-20T13:53:16.678+0000] {processor.py:830} INFO - Processing file /opt/airflow/dags/hello_airflow.py for tasks to queue
[2026-08-20T13:53:16.683+0000] {logging_mixin.py:188} INFO - [2026-08-20T13:53:16.682+0000] {dagbag.py:545} INFO - Filling up the DagBag from /opt/airflow/dags/hello_airflow.py
[2026-08-20T13:53:16.717+0000] {processor.py:840} INFO - DAG(s) 'hello_airflow' retrieved from /opt/airflow/dags/hello_airflow.py
[2026-08-20T13:53:16.770+0000] {logging_mixin.py:188} INFO - [2026-08-20T13:53:16.770+0000] {dag.py:3089} INFO - Sync 1 DAGs
[2026-08-20T13:53:16.793+0000] {logging_mixin.py:188} INFO - [2026-08-20T13:53:16.792+0000] {dag.py:3947} INFO - Setting next_dagrun for hello_airflow to None, run_after=None
[2026-08-20T13:53:16.847+0000] {processor.py:183} INFO - Processing /opt/airflow/dags/hello_airflow.py took 0.185 seconds
[2026-08-20T13:53:47.232+0000] {processor.py:161} INFO - Started process (PID=5390) to work on /opt/airflow/dags/hello_airflow.py
[2026-08-20T13:53:47.235+0000] {processor.py:830} INFO - Processing file /opt/airflow/dags/hello_airflow.py for tasks to queue
[2026-08-20T13:53:47.241+0000] {logging_mixin.py:188} INFO - [2026-08-20T13:53:47.240+0000] {dagbag.py:545} INFO - Filling up the DagBag from /opt/airflow/dags/hello_airflow.py
[2026-08-20T13:53:47.279+0000] {processor.py:840} INFO - DAG(s) 'hello_airflow' retrieved from /opt/airflow/dags/hello_airflow.py
[2026-08-20T13:53:47.347+0000] {logging_mixin.py:188} INFO - [2026-08-20T13:53:47.346+0000] {dag.py:3089} INFO - Sync 1 DAGs
[2026-08-20T13:53:47.374+0000] {logging_mixin.py:188} INFO - [2026-08-20T13:53:47.373+0000] {dag.py:3947} INFO - Setting next_dagrun for hello_airflow to None, run_after=None
[2026-08-20T13:53:47.419+0000] {processor.py:183} INFO - Processing /opt/airflow/dags/hello_airflow.py took 0.198 seconds
[2026-08-20T13:54:17.860+0000] {processor.py:161} INFO - Started process (PID=5414) to work on /opt/airflow/dags/hello_airflow.py
[2026-08-20T13:54:17.862+0000] {processor.py:830} INFO - Processing file /opt/airflow/dags/hello_airflow.py for tasks to queue
[2026-08-20T13:54:17.867+0000] {logging_mixin.py:188} INFO - [2026-08-20T13:54:17.866+0000] {dagbag.py:545} INFO - Filling up the DagBag from /opt/airflow/dags/hello_airflow.py
[2026-08-20T13:54:17.897+0000] {processor.py:840} INFO - DAG(s) 'hello_airflow' retrieved from /opt/airflow/dags/hello_airflow.py
[2026-08-20T13:54:17.949+0000] {logging_mixin.py:188} INFO - [2026-08-20T13:54:17.949+0000] {dag.py:3089} INFO - Sync 1 DAGs
[2026-08-20T13:54:17.973+0000] {logging_mixin.py:188} INFO - [2026-08-20T13:54:17.973+0000] {dag.py:3947} INFO - Setting next_dagrun for hello_airflow to None, run_after=None
[2026-08-20T13:54:18.010+0000] {processor.py:183} INFO - Processing /opt/airflow/dags/hello_airflow.py took 0.163 seconds
