[2026-08-12T06:03:53.206+0000] {manager.py:470} INFO - Processing files using up to 2 processes at a time 
[2026-08-12T06:03:53.209+0000] {manager.py:471} INFO - Process each file at most once every 30 seconds
[2026-08-12T06:03:53.210+0000] {manager.py:472} INFO - Checking for new files in /opt/airflow/dags every 300 seconds
[2026-08-12T06:03:53.212+0000] {manager.py:737} INFO - Searching for files in /opt/airflow/dags
[2026-08-12T06:03:53.236+0000] {manager.py:740} INFO - There are 1 files in /opt/airflow/dags
[2026-08-12T06:03:53.389+0000] {manager.py:878} INFO - 
================================================================================
DAG File Processing Stats

File Path                             PID  Runtime      # DAGs    # Errors  Last Runtime    Last Run
----------------------------------  -----  ---------  --------  ----------  --------------  ----------
/opt/airflow/dags/hello_airflow.py    171  0.07s             0           0
================================================================================
[2026-08-12T06:04:23.577+0000] {manager.py:878} INFO - 
================================================================================
DAG File Processing Stats

File Path                             PID  Runtime      # DAGs    # Errors  Last Runtime    Last Run
----------------------------------  -----  ---------  --------  ----------  --------------  -------------------
/opt/airflow/dags/hello_airflow.py    190  0.00s             1           0  0.16s           2026-08-12T06:03:53
================================================================================
[2026-08-12T06:04:31.155+0000] {manager.py:452} INFO - Exiting gracefully upon receiving signal 15
[2026-08-12T06:05:17.213+0000] {manager.py:470} INFO - Processing files using up to 2 processes at a time 
[2026-08-12T06:05:17.215+0000] {manager.py:471} INFO - Process each file at most once every 30 seconds
[2026-08-12T06:05:17.216+0000] {manager.py:472} INFO - Checking for new files in /opt/airflow/dags every 300 seconds
[2026-08-12T06:05:17.217+0000] {manager.py:737} INFO - Searching for files in /opt/airflow/dags
[2026-08-12T06:05:17.235+0000] {manager.py:740} INFO - There are 1 files in /opt/airflow/dags
[2026-08-12T06:05:17.327+0000] {manager.py:878} INFO - 
================================================================================
DAG File Processing Stats

File Path                             PID  Runtime      # DAGs    # Errors  Last Runtime    Last Run
----------------------------------  -----  ---------  --------  ----------  --------------  ----------
/opt/airflow/dags/hello_airflow.py    165  0.04s             0           0
================================================================================
[2026-08-12T06:05:47.504+0000] {manager.py:878} INFO - 
================================================================================
DAG File Processing Stats

File Path                             PID  Runtime      # DAGs    # Errors  Last Runtime    Last Run
----------------------------------  -----  ---------  --------  ----------  --------------  -------------------
/opt/airflow/dags/hello_airflow.py    191  0.01s             1           0  0.14s           2026-08-12T06:05:17
================================================================================
[2026-08-12T06:06:17.738+0000] {manager.py:878} INFO - 
================================================================================
DAG File Processing Stats

File Path                           PID    Runtime      # DAGs    # Errors  Last Runtime    Last Run
----------------------------------  -----  ---------  --------  ----------  --------------  -------------------
/opt/airflow/dags/hello_airflow.py                           1           0  0.32s           2026-08-12T06:05:47
================================================================================
[2026-08-12T06:06:48.182+0000] {manager.py:878} INFO - 
================================================================================
DAG File Processing Stats

File Path                             PID  Runtime      # DAGs    # Errors  Last Runtime    Last Run
----------------------------------  -----  ---------  --------  ----------  --------------  -------------------
/opt/airflow/dags/hello_airflow.py    237  0.00s             1           0  0.10s           2026-08-12T06:06:18
================================================================================
[2026-08-12T06:07:18.407+0000] {manager.py:878} INFO - 
================================================================================
DAG File Processing Stats

File Path                             PID  Runtime      # DAGs    # Errors  Last Runtime    Last Run
----------------------------------  -----  ---------  --------  ----------  --------------  -------------------
/opt/airflow/dags/hello_airflow.py    256  0.00s             1           0  0.10s           2026-08-12T06:06:48
================================================================================
[2026-08-12T06:07:48.624+0000] {manager.py:878} INFO - 
================================================================================
DAG File Processing Stats

File Path                             PID  Runtime      # DAGs    # Errors  Last Runtime    Last Run
----------------------------------  -----  ---------  --------  ----------  --------------  -------------------
/opt/airflow/dags/hello_airflow.py    283  0.00s             1           0  0.12s           2026-08-12T06:07:18
================================================================================
[2026-08-12T06:08:18.876+0000] {manager.py:878} INFO - 
================================================================================
DAG File Processing Stats

File Path                             PID  Runtime      # DAGs    # Errors  Last Runtime    Last Run
----------------------------------  -----  ---------  --------  ----------  --------------  -------------------
/opt/airflow/dags/hello_airflow.py    302  0.00s             1           0  0.13s           2026-08-12T06:07:48
================================================================================
[2026-08-12T06:08:49.054+0000] {manager.py:878} INFO - 
================================================================================
DAG File Processing Stats

File Path                             PID  Runtime      # DAGs    # Errors  Last Runtime    Last Run
----------------------------------  -----  ---------  --------  ----------  --------------  -------------------
/opt/airflow/dags/hello_airflow.py    321  0.00s             1           0  0.11s           2026-08-12T06:08:18
================================================================================
[2026-08-12T06:09:19.278+0000] {manager.py:878} INFO - 
================================================================================
DAG File Processing Stats

File Path                             PID  Runtime      # DAGs    # Errors  Last Runtime    Last Run
----------------------------------  -----  ---------  --------  ----------  --------------  -------------------
/opt/airflow/dags/hello_airflow.py    347  0.00s             1           0  0.12s           2026-08-12T06:08:49
================================================================================
[2026-08-12T06:09:49.491+0000] {manager.py:878} INFO - 
================================================================================
DAG File Processing Stats

File Path                             PID  Runtime      # DAGs    # Errors  Last Runtime    Last Run
----------------------------------  -----  ---------  --------  ----------  --------------  -------------------
/opt/airflow/dags/hello_airflow.py    366  0.00s             1           0  0.12s           2026-08-12T06:09:19
================================================================================
[2026-08-12T06:10:17.662+0000] {manager.py:737} INFO - Searching for files in /opt/airflow/dags
[2026-08-12T06:10:17.869+0000] {manager.py:740} INFO - There are 1 files in /opt/airflow/dags
[2026-08-12T06:10:19.912+0000] {manager.py:878} INFO - 
================================================================================
DAG File Processing Stats

File Path                             PID  Runtime      # DAGs    # Errors  Last Runtime    Last Run
----------------------------------  -----  ---------  --------  ----------  --------------  -------------------
/opt/airflow/dags/hello_airflow.py    385  0.00s             1           0  0.14s           2026-08-12T06:09:49
================================================================================
[2026-08-12T06:10:50.069+0000] {manager.py:878} INFO - 
================================================================================
DAG File Processing Stats

File Path                           PID    Runtime      # DAGs    # Errors  Last Runtime    Last Run
----------------------------------  -----  ---------  --------  ----------  --------------  -------------------
/opt/airflow/dags/hello_airflow.py                           1           0  0.16s           2026-08-12T06:10:20
================================================================================
[2026-08-12T06:11:20.380+0000] {manager.py:878} INFO - 
================================================================================
DAG File Processing Stats

File Path                             PID  Runtime      # DAGs    # Errors  Last Runtime    Last Run
----------------------------------  -----  ---------  --------  ----------  --------------  -------------------
/opt/airflow/dags/hello_airflow.py    430  0.00s             1           0  0.12s           2026-08-12T06:10:50
================================================================================
[2026-08-12T06:11:50.634+0000] {manager.py:878} INFO - 
================================================================================
DAG File Processing Stats

File Path                             PID  Runtime      # DAGs    # Errors  Last Runtime    Last Run
----------------------------------  -----  ---------  --------  ----------  --------------  -------------------
/opt/airflow/dags/hello_airflow.py    456  0.00s             1           0  0.11s           2026-08-12T06:11:20
================================================================================
[2026-08-12T06:12:20.839+0000] {manager.py:878} INFO - 
================================================================================
DAG File Processing Stats

File Path                             PID  Runtime      # DAGs    # Errors  Last Runtime    Last Run
----------------------------------  -----  ---------  --------  ----------  --------------  -------------------
/opt/airflow/dags/hello_airflow.py    475  0.00s             1           0  0.14s           2026-08-12T06:11:50
================================================================================
[2026-08-12T06:12:51.084+0000] {manager.py:878} INFO - 
================================================================================
DAG File Processing Stats

File Path                             PID  Runtime      # DAGs    # Errors  Last Runtime    Last Run
----------------------------------  -----  ---------  --------  ----------  --------------  -------------------
/opt/airflow/dags/hello_airflow.py    494  0.00s             1           0  0.12s           2026-08-12T06:12:20
================================================================================
[2026-08-12T06:13:21.258+0000] {manager.py:878} INFO - 
================================================================================
DAG File Processing Stats

File Path                             PID  Runtime      # DAGs    # Errors  Last Runtime    Last Run
----------------------------------  -----  ---------  --------  ----------  --------------  -------------------
/opt/airflow/dags/hello_airflow.py    520  0.00s             1           0  0.11s           2026-08-12T06:12:51
================================================================================
[2026-08-12T06:13:51.488+0000] {manager.py:878} INFO - 
================================================================================
DAG File Processing Stats

File Path                             PID  Runtime      # DAGs    # Errors  Last Runtime    Last Run
----------------------------------  -----  ---------  --------  ----------  --------------  -------------------
/opt/airflow/dags/hello_airflow.py    541  0.00s             1           0  0.15s           2026-08-12T06:13:21
================================================================================
[2026-08-12T06:14:21.695+0000] {manager.py:878} INFO - 
================================================================================
DAG File Processing Stats

File Path                             PID  Runtime      # DAGs    # Errors  Last Runtime    Last Run
----------------------------------  -----  ---------  --------  ----------  --------------  -------------------
/opt/airflow/dags/hello_airflow.py    567  0.00s             1           0  0.09s           2026-08-12T06:13:51
================================================================================
[2026-08-12T06:14:51.875+0000] {manager.py:878} INFO - 
================================================================================
DAG File Processing Stats

File Path                             PID  Runtime      # DAGs    # Errors  Last Runtime    Last Run
----------------------------------  -----  ---------  --------  ----------  --------------  -------------------
/opt/airflow/dags/hello_airflow.py    586  0.00s             1           0  0.14s           2026-08-12T06:14:21
================================================================================
[2026-08-12T06:15:18.107+0000] {manager.py:737} INFO - Searching for files in /opt/airflow/dags
[2026-08-12T06:15:18.124+0000] {manager.py:740} INFO - There are 1 files in /opt/airflow/dags
[2026-08-12T06:15:22.167+0000] {manager.py:878} INFO - 
================================================================================
DAG File Processing Stats

File Path                             PID  Runtime      # DAGs    # Errors  Last Runtime    Last Run
----------------------------------  -----  ---------  --------  ----------  --------------  -------------------
/opt/airflow/dags/hello_airflow.py    605  0.00s             1           0  0.13s           2026-08-12T06:14:51
================================================================================
[2026-08-12T06:15:52.338+0000] {manager.py:878} INFO - 
================================================================================
DAG File Processing Stats

File Path                             PID  Runtime      # DAGs    # Errors  Last Runtime    Last Run
----------------------------------  -----  ---------  --------  ----------  --------------  -------------------
/opt/airflow/dags/hello_airflow.py    631  0.00s             1           0  0.11s           2026-08-12T06:15:22
================================================================================
[2026-08-12T06:16:22.599+0000] {manager.py:878} INFO - 
================================================================================
DAG File Processing Stats

File Path                             PID  Runtime      # DAGs    # Errors  Last Runtime    Last Run
----------------------------------  -----  ---------  --------  ----------  --------------  -------------------
/opt/airflow/dags/hello_airflow.py    650  0.00s             1           0  0.11s           2026-08-12T06:15:52
================================================================================
[2026-08-12T06:16:52.778+0000] {manager.py:878} INFO - 
================================================================================
DAG File Processing Stats

File Path                             PID  Runtime      # DAGs    # Errors  Last Runtime    Last Run
----------------------------------  -----  ---------  --------  ----------  --------------  -------------------
/opt/airflow/dags/hello_airflow.py    677  0.00s             1           0  0.11s           2026-08-12T06:16:22
================================================================================
[2026-08-12T06:17:22.999+0000] {manager.py:878} INFO - 
================================================================================
DAG File Processing Stats

File Path                             PID  Runtime      # DAGs    # Errors  Last Runtime    Last Run
----------------------------------  -----  ---------  --------  ----------  --------------  -------------------
/opt/airflow/dags/hello_airflow.py    696  0.00s             1           0  0.15s           2026-08-12T06:16:52
================================================================================
[2026-08-12T06:17:53.234+0000] {manager.py:878} INFO - 
================================================================================
DAG File Processing Stats

File Path                             PID  Runtime      # DAGs    # Errors  Last Runtime    Last Run
----------------------------------  -----  ---------  --------  ----------  --------------  -------------------
/opt/airflow/dags/hello_airflow.py    722  0.01s             1           0  0.11s           2026-08-12T06:17:23
================================================================================
[2026-08-12T06:18:23.421+0000] {manager.py:878} INFO - 
================================================================================
DAG File Processing Stats

File Path                             PID  Runtime      # DAGs    # Errors  Last Runtime    Last Run
----------------------------------  -----  ---------  --------  ----------  --------------  -------------------
/opt/airflow/dags/hello_airflow.py    741  0.00s             1           0  0.14s           2026-08-12T06:17:53
================================================================================
[2026-08-12T06:18:53.649+0000] {manager.py:878} INFO - 
================================================================================
DAG File Processing Stats

File Path                             PID  Runtime      # DAGs    # Errors  Last Runtime    Last Run
----------------------------------  -----  ---------  --------  ----------  --------------  -------------------
/opt/airflow/dags/hello_airflow.py    760  0.00s             1           0  0.11s           2026-08-12T06:18:23
================================================================================
[2026-08-12T06:19:23.814+0000] {manager.py:878} INFO - 
================================================================================
DAG File Processing Stats

File Path                             PID  Runtime      # DAGs    # Errors  Last Runtime    Last Run
----------------------------------  -----  ---------  --------  ----------  --------------  -------------------
/opt/airflow/dags/hello_airflow.py    786  0.00s             1           0  0.11s           2026-08-12T06:18:53
================================================================================
[2026-08-12T06:19:54.071+0000] {manager.py:878} INFO - 
================================================================================
DAG File Processing Stats

File Path                             PID  Runtime      # DAGs    # Errors  Last Runtime    Last Run
----------------------------------  -----  ---------  --------  ----------  --------------  -------------------
/opt/airflow/dags/hello_airflow.py    805  0.01s             1           0  0.11s           2026-08-12T06:19:23
================================================================================
[2026-08-12T06:20:18.242+0000] {manager.py:737} INFO - Searching for files in /opt/airflow/dags
[2026-08-12T06:20:18.337+0000] {manager.py:740} INFO - There are 1 files in /opt/airflow/dags
[2026-08-12T06:20:24.456+0000] {manager.py:878} INFO - 
================================================================================
DAG File Processing Stats

File Path                             PID  Runtime      # DAGs    # Errors  Last Runtime    Last Run
----------------------------------  -----  ---------  --------  ----------  --------------  -------------------
/opt/airflow/dags/hello_airflow.py    824  0.01s             1           0  0.21s           2026-08-12T06:19:54
================================================================================
[2026-08-12T06:20:54.717+0000] {manager.py:878} INFO - 
================================================================================
DAG File Processing Stats

File Path                             PID  Runtime      # DAGs    # Errors  Last Runtime    Last Run
----------------------------------  -----  ---------  --------  ----------  --------------  -------------------
/opt/airflow/dags/hello_airflow.py    843  0.01s             1           0  0.24s           2026-08-12T06:20:24
================================================================================
[2026-08-12T06:21:25.309+0000] {manager.py:878} INFO - 
================================================================================
DAG File Processing Stats

File Path                             PID  Runtime      # DAGs    # Errors  Last Runtime    Last Run
----------------------------------  -----  ---------  --------  ----------  --------------  -------------------
/opt/airflow/dags/hello_airflow.py    855  0.02s             1           0  0.48s           2026-08-12T06:20:55
================================================================================
[2026-08-12T06:21:55.806+0000] {manager.py:878} INFO - 
================================================================================
DAG File Processing Stats

File Path                           PID    Runtime      # DAGs    # Errors  Last Runtime    Last Run
----------------------------------  -----  ---------  --------  ----------  --------------  -------------------
/opt/airflow/dags/hello_airflow.py                           1           0  1.02s           2026-08-12T06:21:26
================================================================================
[2026-08-12T06:22:26.264+0000] {manager.py:878} INFO - 
================================================================================
DAG File Processing Stats

File Path                           PID    Runtime      # DAGs    # Errors  Last Runtime    Last Run
----------------------------------  -----  ---------  --------  ----------  --------------  -------------------
/opt/airflow/dags/hello_airflow.py                           1           0  1.05s           2026-08-12T06:21:57
================================================================================
[2026-08-12T06:22:56.462+0000] {manager.py:878} INFO - 
================================================================================
DAG File Processing Stats

File Path                           PID    Runtime      # DAGs    # Errors  Last Runtime    Last Run
----------------------------------  -----  ---------  --------  ----------  --------------  -------------------
/opt/airflow/dags/hello_airflow.py                           1           0  0.84s           2026-08-12T06:22:29
================================================================================
[2026-08-12T06:23:26.673+0000] {manager.py:878} INFO - 
================================================================================
DAG File Processing Stats

File Path                           PID    Runtime      # DAGs    # Errors  Last Runtime    Last Run
----------------------------------  -----  ---------  --------  ----------  --------------  -------------------
/opt/airflow/dags/hello_airflow.py                           1           0  0.18s           2026-08-12T06:22:59
================================================================================
[2026-08-12T06:23:57.253+0000] {manager.py:878} INFO - 
================================================================================
DAG File Processing Stats

File Path                           PID    Runtime      # DAGs    # Errors  Last Runtime    Last Run
----------------------------------  -----  ---------  --------  ----------  --------------  -------------------
/opt/airflow/dags/hello_airflow.py                           1           0  0.16s           2026-08-12T06:23:29
================================================================================
[2026-08-12T06:24:08.884+0000] {manager.py:452} INFO - Exiting gracefully upon receiving signal 15
[2026-08-12T09:45:50.156+0000] {manager.py:470} INFO - Processing files using up to 2 processes at a time 
[2026-08-12T09:45:50.159+0000] {manager.py:471} INFO - Process each file at most once every 30 seconds
[2026-08-12T09:45:50.161+0000] {manager.py:472} INFO - Checking for new files in /opt/airflow/dags every 300 seconds
[2026-08-12T09:45:50.165+0000] {manager.py:737} INFO - Searching for files in /opt/airflow/dags
[2026-08-12T09:45:50.271+0000] {manager.py:740} INFO - There are 1 files in /opt/airflow/dags
[2026-08-12T09:45:50.470+0000] {manager.py:878} INFO - 
================================================================================
DAG File Processing Stats

File Path                             PID  Runtime      # DAGs    # Errors  Last Runtime    Last Run
----------------------------------  -----  ---------  --------  ----------  --------------  ----------
/opt/airflow/dags/hello_airflow.py    171  0.09s             0           0
================================================================================
[2026-08-12T09:46:20.670+0000] {manager.py:878} INFO - 
================================================================================
DAG File Processing Stats

File Path                           PID    Runtime      # DAGs    # Errors  Last Runtime    Last Run
----------------------------------  -----  ---------  --------  ----------  --------------  -------------------
/opt/airflow/dags/hello_airflow.py                           1           0  0.40s           2026-08-12T09:45:50
================================================================================
[2026-08-12T09:46:51.265+0000] {manager.py:878} INFO - 
================================================================================
DAG File Processing Stats

File Path                             PID  Runtime      # DAGs    # Errors  Last Runtime    Last Run
----------------------------------  -----  ---------  --------  ----------  --------------  -------------------
/opt/airflow/dags/hello_airflow.py    217  0.00s             1           0  0.13s           2026-08-12T09:46:21
================================================================================
[2026-08-12T09:47:21.512+0000] {manager.py:878} INFO - 
================================================================================
DAG File Processing Stats

File Path                             PID  Runtime      # DAGs    # Errors  Last Runtime    Last Run
----------------------------------  -----  ---------  --------  ----------  --------------  -------------------
/opt/airflow/dags/hello_airflow.py    236  0.00s             1           0  0.18s           2026-08-12T09:46:51
================================================================================
[2026-08-12T09:47:51.794+0000] {manager.py:878} INFO - 
================================================================================
DAG File Processing Stats

File Path                             PID  Runtime      # DAGs    # Errors  Last Runtime    Last Run
----------------------------------  -----  ---------  --------  ----------  --------------  -------------------
/opt/airflow/dags/hello_airflow.py    255  0.00s             1           0  0.12s           2026-08-12T09:47:21
================================================================================
[2026-08-12T09:48:21.997+0000] {manager.py:878} INFO - 
================================================================================
DAG File Processing Stats

File Path                             PID  Runtime      # DAGs    # Errors  Last Runtime    Last Run
----------------------------------  -----  ---------  --------  ----------  --------------  -------------------
/opt/airflow/dags/hello_airflow.py    281  0.01s             1           0  0.10s           2026-08-12T09:47:51
================================================================================
[2026-08-12T09:48:52.251+0000] {manager.py:878} INFO - 
================================================================================
DAG File Processing Stats

File Path                             PID  Runtime      # DAGs    # Errors  Last Runtime    Last Run
----------------------------------  -----  ---------  --------  ----------  --------------  -------------------
/opt/airflow/dags/hello_airflow.py    300  0.00s             1           0  0.22s           2026-08-12T09:48:22
================================================================================
[2026-08-12T09:49:22.458+0000] {manager.py:878} INFO - 
================================================================================
DAG File Processing Stats

File Path                             PID  Runtime      # DAGs    # Errors  Last Runtime    Last Run
----------------------------------  -----  ---------  --------  ----------  --------------  -------------------
/opt/airflow/dags/hello_airflow.py    319  0.01s             1           0  0.10s           2026-08-12T09:48:52
================================================================================
[2026-08-12T09:49:52.695+0000] {manager.py:878} INFO - 
================================================================================
DAG File Processing Stats

File Path                             PID  Runtime      # DAGs    # Errors  Last Runtime    Last Run
----------------------------------  -----  ---------  --------  ----------  --------------  -------------------
/opt/airflow/dags/hello_airflow.py    345  0.00s             1           0  0.09s           2026-08-12T09:49:22
================================================================================
[2026-08-12T09:50:22.909+0000] {manager.py:878} INFO - 
================================================================================
DAG File Processing Stats

File Path                             PID  Runtime      # DAGs    # Errors  Last Runtime    Last Run
----------------------------------  -----  ---------  --------  ----------  --------------  -------------------
/opt/airflow/dags/hello_airflow.py    364  0.01s             1           0  0.11s           2026-08-12T09:49:52
================================================================================
[2026-08-12T09:50:51.142+0000] {manager.py:737} INFO - Searching for files in /opt/airflow/dags
[2026-08-12T09:50:51.157+0000] {manager.py:740} INFO - There are 1 files in /opt/airflow/dags
[2026-08-12T09:50:53.190+0000] {manager.py:878} INFO - 
================================================================================
DAG File Processing Stats

File Path                             PID  Runtime      # DAGs    # Errors  Last Runtime    Last Run
----------------------------------  -----  ---------  --------  ----------  --------------  -------------------
/opt/airflow/dags/hello_airflow.py    383  0.01s             1           0  0.12s           2026-08-12T09:50:23
================================================================================
[2026-08-12T09:51:23.417+0000] {manager.py:878} INFO - 
================================================================================
DAG File Processing Stats

File Path                             PID  Runtime      # DAGs    # Errors  Last Runtime    Last Run
----------------------------------  -----  ---------  --------  ----------  --------------  -------------------
/opt/airflow/dags/hello_airflow.py    402  0.00s             1           0  0.10s           2026-08-12T09:50:53
================================================================================
[2026-08-12T09:51:53.711+0000] {manager.py:878} INFO - 
================================================================================
DAG File Processing Stats

File Path                             PID  Runtime      # DAGs    # Errors  Last Runtime    Last Run
----------------------------------  -----  ---------  --------  ----------  --------------  -------------------
/opt/airflow/dags/hello_airflow.py    421  0.00s             1           0  0.10s           2026-08-12T09:51:23
================================================================================
[2026-08-12T09:52:24.022+0000] {manager.py:878} INFO - 
================================================================================
DAG File Processing Stats

File Path                             PID  Runtime      # DAGs    # Errors  Last Runtime    Last Run
----------------------------------  -----  ---------  --------  ----------  --------------  -------------------
/opt/airflow/dags/hello_airflow.py    440  0.02s             1           0  0.14s           2026-08-12T09:51:53
================================================================================
[2026-08-12T09:52:54.522+0000] {manager.py:878} INFO - 
================================================================================
DAG File Processing Stats

File Path                           PID    Runtime      # DAGs    # Errors  Last Runtime    Last Run
----------------------------------  -----  ---------  --------  ----------  --------------  -------------------
/opt/airflow/dags/hello_airflow.py                           1           0  1.01s           2026-08-12T09:52:25
================================================================================
[2026-08-12T09:53:24.905+0000] {manager.py:878} INFO - 
================================================================================
DAG File Processing Stats

File Path                           PID    Runtime      # DAGs    # Errors  Last Runtime    Last Run
----------------------------------  -----  ---------  --------  ----------  --------------  -------------------
/opt/airflow/dags/hello_airflow.py                           1           0  0.46s           2026-08-12T09:52:56
================================================================================
[2026-08-12T09:53:55.459+0000] {manager.py:878} INFO - 
================================================================================
DAG File Processing Stats

File Path                           PID    Runtime      # DAGs    # Errors  Last Runtime    Last Run
----------------------------------  -----  ---------  --------  ----------  --------------  -------------------
/opt/airflow/dags/hello_airflow.py                           1           0  0.23s           2026-08-12T09:53:26
================================================================================
[2026-08-12T09:54:25.907+0000] {manager.py:878} INFO - 
================================================================================
DAG File Processing Stats

File Path                           PID    Runtime      # DAGs    # Errors  Last Runtime    Last Run
----------------------------------  -----  ---------  --------  ----------  --------------  -------------------
/opt/airflow/dags/hello_airflow.py                           1           0  0.11s           2026-08-12T09:53:56
================================================================================
[2026-08-12T09:54:56.189+0000] {manager.py:878} INFO - 
================================================================================
DAG File Processing Stats

File Path                           PID    Runtime      # DAGs    # Errors  Last Runtime    Last Run
----------------------------------  -----  ---------  --------  ----------  --------------  -------------------
/opt/airflow/dags/hello_airflow.py                           1           0  0.38s           2026-08-12T09:54:27
================================================================================
[2026-08-12T09:55:26.763+0000] {manager.py:878} INFO - 
================================================================================
DAG File Processing Stats

File Path                           PID    Runtime      # DAGs    # Errors  Last Runtime    Last Run
----------------------------------  -----  ---------  --------  ----------  --------------  -------------------
/opt/airflow/dags/hello_airflow.py                           1           0  0.24s           2026-08-12T09:54:57
================================================================================
[2026-08-12T09:55:51.149+0000] {manager.py:737} INFO - Searching for files in /opt/airflow/dags
[2026-08-12T09:55:51.173+0000] {manager.py:740} INFO - There are 1 files in /opt/airflow/dags
[2026-08-12T09:55:56.978+0000] {manager.py:878} INFO - 
================================================================================
DAG File Processing Stats

File Path                           PID    Runtime      # DAGs    # Errors  Last Runtime    Last Run
----------------------------------  -----  ---------  --------  ----------  --------------  -------------------
/opt/airflow/dags/hello_airflow.py                           1           0  0.24s           2026-08-12T09:55:28
================================================================================
[2026-08-12T09:56:27.454+0000] {manager.py:878} INFO - 
================================================================================
DAG File Processing Stats

File Path                           PID    Runtime      # DAGs    # Errors  Last Runtime    Last Run
----------------------------------  -----  ---------  --------  ----------  --------------  -------------------
/opt/airflow/dags/hello_airflow.py                           1           0  0.33s           2026-08-12T09:55:58
================================================================================
[2026-08-12T09:56:57.960+0000] {manager.py:878} INFO - 
================================================================================
DAG File Processing Stats

File Path                           PID    Runtime      # DAGs    # Errors  Last Runtime    Last Run
----------------------------------  -----  ---------  --------  ----------  --------------  -------------------
/opt/airflow/dags/hello_airflow.py                           1           0  0.30s           2026-08-12T09:56:29
================================================================================
[2026-08-12T09:57:28.458+0000] {manager.py:878} INFO - 
================================================================================
DAG File Processing Stats

File Path                           PID    Runtime      # DAGs    # Errors  Last Runtime    Last Run
----------------------------------  -----  ---------  --------  ----------  --------------  -------------------
/opt/airflow/dags/hello_airflow.py                           1           0  0.13s           2026-08-12T09:56:59
================================================================================
[2026-08-12T09:57:58.771+0000] {manager.py:878} INFO - 
================================================================================
DAG File Processing Stats

File Path                           PID    Runtime      # DAGs    # Errors  Last Runtime    Last Run
----------------------------------  -----  ---------  --------  ----------  --------------  -------------------
/opt/airflow/dags/hello_airflow.py                           1           0  0.13s           2026-08-12T09:57:29
================================================================================
[2026-08-12T09:58:28.981+0000] {manager.py:878} INFO - 
================================================================================
DAG File Processing Stats

File Path                           PID    Runtime      # DAGs    # Errors  Last Runtime    Last Run
----------------------------------  -----  ---------  --------  ----------  --------------  -------------------
/opt/airflow/dags/hello_airflow.py                           1           0  0.09s           2026-08-12T09:57:59
================================================================================
[2026-08-12T09:58:59.238+0000] {manager.py:878} INFO - 
================================================================================
DAG File Processing Stats

File Path                           PID    Runtime      # DAGs    # Errors  Last Runtime    Last Run
----------------------------------  -----  ---------  --------  ----------  --------------  -------------------
/opt/airflow/dags/hello_airflow.py                           1           0  0.11s           2026-08-12T09:58:30
================================================================================
[2026-08-12T09:59:29.451+0000] {manager.py:878} INFO - 
================================================================================
DAG File Processing Stats

File Path                           PID    Runtime      # DAGs    # Errors  Last Runtime    Last Run
----------------------------------  -----  ---------  --------  ----------  --------------  -------------------
/opt/airflow/dags/hello_airflow.py                           1           0  0.10s           2026-08-12T09:59:00
================================================================================
[2026-08-12T09:59:59.700+0000] {manager.py:878} INFO - 
================================================================================
DAG File Processing Stats

File Path                           PID    Runtime      # DAGs    # Errors  Last Runtime    Last Run
----------------------------------  -----  ---------  --------  ----------  --------------  -------------------
/opt/airflow/dags/hello_airflow.py                           1           0  0.19s           2026-08-12T09:59:30
================================================================================
[2026-08-12T10:00:30.019+0000] {manager.py:878} INFO - 
================================================================================
DAG File Processing Stats

File Path                           PID    Runtime      # DAGs    # Errors  Last Runtime    Last Run
----------------------------------  -----  ---------  --------  ----------  --------------  -------------------
/opt/airflow/dags/hello_airflow.py                           1           0  0.23s           2026-08-12T10:00:00
================================================================================
[2026-08-12T10:00:51.252+0000] {manager.py:737} INFO - Searching for files in /opt/airflow/dags
[2026-08-12T10:00:51.272+0000] {manager.py:740} INFO - There are 1 files in /opt/airflow/dags
[2026-08-12T10:01:00.349+0000] {manager.py:878} INFO - 
================================================================================
DAG File Processing Stats

File Path                           PID    Runtime      # DAGs    # Errors  Last Runtime    Last Run
----------------------------------  -----  ---------  --------  ----------  --------------  -------------------
/opt/airflow/dags/hello_airflow.py                           1           0  0.13s           2026-08-12T10:00:31
================================================================================
[2026-08-12T10:01:30.555+0000] {manager.py:878} INFO - 
================================================================================
DAG File Processing Stats

File Path                           PID    Runtime      # DAGs    # Errors  Last Runtime    Last Run
----------------------------------  -----  ---------  --------  ----------  --------------  -------------------
/opt/airflow/dags/hello_airflow.py                           1           0  0.11s           2026-08-12T10:01:01
================================================================================
[2026-08-12T10:02:00.833+0000] {manager.py:878} INFO - 
================================================================================
DAG File Processing Stats

File Path                           PID    Runtime      # DAGs    # Errors  Last Runtime    Last Run
----------------------------------  -----  ---------  --------  ----------  --------------  -------------------
/opt/airflow/dags/hello_airflow.py                           1           0  0.10s           2026-08-12T10:01:31
================================================================================
[2026-08-12T10:02:31.055+0000] {manager.py:878} INFO - 
================================================================================
DAG File Processing Stats

File Path                           PID    Runtime      # DAGs    # Errors  Last Runtime    Last Run
----------------------------------  -----  ---------  --------  ----------  --------------  -------------------
/opt/airflow/dags/hello_airflow.py                           1           0  0.09s           2026-08-12T10:02:01
================================================================================
[2026-08-12T10:03:01.293+0000] {manager.py:878} INFO - 
================================================================================
DAG File Processing Stats

File Path                           PID    Runtime      # DAGs    # Errors  Last Runtime    Last Run
----------------------------------  -----  ---------  --------  ----------  --------------  -------------------
/opt/airflow/dags/hello_airflow.py                           1           0  0.24s           2026-08-12T10:02:32
================================================================================
[2026-08-12T10:03:31.696+0000] {manager.py:878} INFO - 
================================================================================
DAG File Processing Stats

File Path                           PID    Runtime      # DAGs    # Errors  Last Runtime    Last Run
----------------------------------  -----  ---------  --------  ----------  --------------  -------------------
/opt/airflow/dags/hello_airflow.py                           1           0  0.17s           2026-08-12T10:03:02
================================================================================
[2026-08-12T10:04:02.019+0000] {manager.py:878} INFO - 
================================================================================
DAG File Processing Stats

File Path                           PID    Runtime      # DAGs    # Errors  Last Runtime    Last Run
----------------------------------  -----  ---------  --------  ----------  --------------  -------------------
/opt/airflow/dags/hello_airflow.py                           1           0  0.17s           2026-08-12T10:03:32
================================================================================
[2026-08-12T10:04:32.242+0000] {manager.py:878} INFO - 
================================================================================
DAG File Processing Stats

File Path                           PID    Runtime      # DAGs    # Errors  Last Runtime    Last Run
----------------------------------  -----  ---------  --------  ----------  --------------  -------------------
/opt/airflow/dags/hello_airflow.py                           1           0  0.13s           2026-08-12T10:04:03
================================================================================
[2026-08-12T10:05:02.528+0000] {manager.py:878} INFO - 
================================================================================
DAG File Processing Stats

File Path                           PID    Runtime      # DAGs    # Errors  Last Runtime    Last Run
----------------------------------  -----  ---------  --------  ----------  --------------  -------------------
/opt/airflow/dags/hello_airflow.py                           1           0  0.11s           2026-08-12T10:04:33
================================================================================
[2026-08-12T10:05:32.742+0000] {manager.py:878} INFO - 
================================================================================
DAG File Processing Stats

File Path                           PID    Runtime      # DAGs    # Errors  Last Runtime    Last Run
----------------------------------  -----  ---------  --------  ----------  --------------  -------------------
/opt/airflow/dags/hello_airflow.py                           1           0  0.10s           2026-08-12T10:05:03
================================================================================
[2026-08-12T10:05:51.925+0000] {manager.py:737} INFO - Searching for files in /opt/airflow/dags
[2026-08-12T10:05:51.952+0000] {manager.py:740} INFO - There are 1 files in /opt/airflow/dags
[2026-08-12T10:06:03.051+0000] {manager.py:878} INFO - 
================================================================================
DAG File Processing Stats

File Path                           PID    Runtime      # DAGs    # Errors  Last Runtime    Last Run
----------------------------------  -----  ---------  --------  ----------  --------------  -------------------
/opt/airflow/dags/hello_airflow.py                           1           0  0.10s           2026-08-12T10:05:33
================================================================================
[2026-08-12T10:06:33.254+0000] {manager.py:878} INFO - 
================================================================================
DAG File Processing Stats

File Path                           PID    Runtime      # DAGs    # Errors  Last Runtime    Last Run
----------------------------------  -----  ---------  --------  ----------  --------------  -------------------
/opt/airflow/dags/hello_airflow.py                           1           0  0.18s           2026-08-12T10:06:04
================================================================================
[2026-08-12T10:07:03.606+0000] {manager.py:878} INFO - 
================================================================================
DAG File Processing Stats

File Path                           PID    Runtime      # DAGs    # Errors  Last Runtime    Last Run
----------------------------------  -----  ---------  --------  ----------  --------------  -------------------
/opt/airflow/dags/hello_airflow.py                           1           0  0.15s           2026-08-12T10:06:34
================================================================================
[2026-08-12T10:07:33.831+0000] {manager.py:878} INFO - 
================================================================================
DAG File Processing Stats

File Path                           PID    Runtime      # DAGs    # Errors  Last Runtime    Last Run
----------------------------------  -----  ---------  --------  ----------  --------------  -------------------
/opt/airflow/dags/hello_airflow.py                           1           0  0.18s           2026-08-12T10:07:04
================================================================================
[2026-08-12T10:08:04.045+0000] {manager.py:878} INFO - 
================================================================================
DAG File Processing Stats

File Path                           PID    Runtime      # DAGs    # Errors  Last Runtime    Last Run
----------------------------------  -----  ---------  --------  ----------  --------------  -------------------
/opt/airflow/dags/hello_airflow.py                           1           0  0.10s           2026-08-12T10:07:34
================================================================================
[2026-08-12T10:08:34.310+0000] {manager.py:878} INFO - 
================================================================================
DAG File Processing Stats

File Path                           PID    Runtime      # DAGs    # Errors  Last Runtime    Last Run
----------------------------------  -----  ---------  --------  ----------  --------------  -------------------
/opt/airflow/dags/hello_airflow.py                           1           0  0.17s           2026-08-12T10:08:05
================================================================================
[2026-08-12T10:09:04.574+0000] {manager.py:878} INFO - 
================================================================================
DAG File Processing Stats

File Path                           PID    Runtime      # DAGs    # Errors  Last Runtime    Last Run
----------------------------------  -----  ---------  --------  ----------  --------------  -------------------
/opt/airflow/dags/hello_airflow.py                           1           0  0.19s           2026-08-12T10:08:35
================================================================================
[2026-08-12T10:09:34.862+0000] {manager.py:878} INFO - 
================================================================================
DAG File Processing Stats

File Path                           PID    Runtime      # DAGs    # Errors  Last Runtime    Last Run
----------------------------------  -----  ---------  --------  ----------  --------------  -------------------
/opt/airflow/dags/hello_airflow.py                           1           0  0.10s           2026-08-12T10:09:05
================================================================================
[2026-08-12T10:10:05.081+0000] {manager.py:878} INFO - 
================================================================================
DAG File Processing Stats

File Path                           PID    Runtime      # DAGs    # Errors  Last Runtime    Last Run
----------------------------------  -----  ---------  --------  ----------  --------------  -------------------
/opt/airflow/dags/hello_airflow.py                           1           0  0.09s           2026-08-12T10:09:35
================================================================================
[2026-08-12T10:10:35.351+0000] {manager.py:878} INFO - 
================================================================================
DAG File Processing Stats

File Path                           PID    Runtime      # DAGs    # Errors  Last Runtime    Last Run
----------------------------------  -----  ---------  --------  ----------  --------------  -------------------
/opt/airflow/dags/hello_airflow.py                           1           0  0.44s           2026-08-12T10:10:06
================================================================================
[2026-08-12T10:10:52.074+0000] {manager.py:737} INFO - Searching for files in /opt/airflow/dags
[2026-08-12T10:10:52.103+0000] {manager.py:740} INFO - There are 1 files in /opt/airflow/dags
[2026-08-12T10:11:05.970+0000] {manager.py:878} INFO - 
================================================================================
DAG File Processing Stats

File Path                           PID    Runtime      # DAGs    # Errors  Last Runtime    Last Run
----------------------------------  -----  ---------  --------  ----------  --------------  -------------------
/opt/airflow/dags/hello_airflow.py                           1           0  0.22s           2026-08-12T10:10:36
================================================================================
[2026-08-12T10:11:36.392+0000] {manager.py:878} INFO - 
================================================================================
DAG File Processing Stats

File Path                           PID    Runtime      # DAGs    # Errors  Last Runtime    Last Run
----------------------------------  -----  ---------  --------  ----------  --------------  -------------------
/opt/airflow/dags/hello_airflow.py                           1           0  0.22s           2026-08-12T10:11:07
================================================================================
[2026-08-12T10:12:06.804+0000] {manager.py:878} INFO - 
================================================================================
DAG File Processing Stats

File Path                           PID    Runtime      # DAGs    # Errors  Last Runtime    Last Run
----------------------------------  -----  ---------  --------  ----------  --------------  -------------------
/opt/airflow/dags/hello_airflow.py                           1           0  0.30s           2026-08-12T10:11:37
================================================================================
[2026-08-12T10:12:37.271+0000] {manager.py:878} INFO - 
================================================================================
DAG File Processing Stats

File Path                           PID    Runtime      # DAGs    # Errors  Last Runtime    Last Run
----------------------------------  -----  ---------  --------  ----------  --------------  -------------------
/opt/airflow/dags/hello_airflow.py                           1           0  0.24s           2026-08-12T10:12:08
================================================================================
[2026-08-12T10:13:07.710+0000] {manager.py:878} INFO - 
================================================================================
DAG File Processing Stats

File Path                           PID    Runtime      # DAGs    # Errors  Last Runtime    Last Run
----------------------------------  -----  ---------  --------  ----------  --------------  -------------------
/opt/airflow/dags/hello_airflow.py                           1           0  0.11s           2026-08-12T10:12:38
================================================================================
[2026-08-12T10:13:37.951+0000] {manager.py:878} INFO - 
================================================================================
DAG File Processing Stats

File Path                           PID    Runtime      # DAGs    # Errors  Last Runtime    Last Run
----------------------------------  -----  ---------  --------  ----------  --------------  -------------------
/opt/airflow/dags/hello_airflow.py                           1           0  0.13s           2026-08-12T10:13:08
================================================================================
[2026-08-12T10:14:08.338+0000] {manager.py:878} INFO - 
================================================================================
DAG File Processing Stats

File Path                           PID    Runtime      # DAGs    # Errors  Last Runtime    Last Run
----------------------------------  -----  ---------  --------  ----------  --------------  -------------------
/opt/airflow/dags/hello_airflow.py                           1           0  0.21s           2026-08-12T10:13:39
================================================================================
[2026-08-12T10:14:38.621+0000] {manager.py:878} INFO - 
================================================================================
DAG File Processing Stats

File Path                           PID    Runtime      # DAGs    # Errors  Last Runtime    Last Run
----------------------------------  -----  ---------  --------  ----------  --------------  -------------------
/opt/airflow/dags/hello_airflow.py                           1           0  0.14s           2026-08-12T10:14:09
================================================================================
[2026-08-12T10:15:08.828+0000] {manager.py:878} INFO - 
================================================================================
DAG File Processing Stats

File Path                           PID    Runtime      # DAGs    # Errors  Last Runtime    Last Run
----------------------------------  -----  ---------  --------  ----------  --------------  -------------------
/opt/airflow/dags/hello_airflow.py                           1           0  0.17s           2026-08-12T10:14:39
================================================================================
[2026-08-12T10:15:39.024+0000] {manager.py:878} INFO - 
================================================================================
DAG File Processing Stats

File Path                           PID    Runtime      # DAGs    # Errors  Last Runtime    Last Run
----------------------------------  -----  ---------  --------  ----------  --------------  -------------------
/opt/airflow/dags/hello_airflow.py                           1           0  0.12s           2026-08-12T10:15:09
================================================================================
[2026-08-12T10:15:52.212+0000] {manager.py:737} INFO - Searching for files in /opt/airflow/dags
[2026-08-12T10:15:52.233+0000] {manager.py:740} INFO - There are 1 files in /opt/airflow/dags
[2026-08-12T10:16:09.346+0000] {manager.py:878} INFO - 
================================================================================
DAG File Processing Stats

File Path                           PID    Runtime      # DAGs    # Errors  Last Runtime    Last Run
----------------------------------  -----  ---------  --------  ----------  --------------  -------------------
/opt/airflow/dags/hello_airflow.py                           1           0  0.19s           2026-08-12T10:15:40
================================================================================
[2026-08-12T10:16:39.581+0000] {manager.py:878} INFO - 
================================================================================
DAG File Processing Stats

File Path                           PID    Runtime      # DAGs    # Errors  Last Runtime    Last Run
----------------------------------  -----  ---------  --------  ----------  --------------  -------------------
/opt/airflow/dags/hello_airflow.py                           1           0  0.24s           2026-08-12T10:16:10
================================================================================
[2026-08-12T10:17:10.003+0000] {manager.py:878} INFO - 
================================================================================
DAG File Processing Stats

File Path                           PID    Runtime      # DAGs    # Errors  Last Runtime    Last Run
----------------------------------  -----  ---------  --------  ----------  --------------  -------------------
/opt/airflow/dags/hello_airflow.py                           1           0  0.31s           2026-08-12T10:16:41
================================================================================
[2026-08-12T10:17:40.578+0000] {manager.py:878} INFO - 
================================================================================
DAG File Processing Stats

File Path                           PID    Runtime      # DAGs    # Errors  Last Runtime    Last Run
----------------------------------  -----  ---------  --------  ----------  --------------  -------------------
/opt/airflow/dags/hello_airflow.py                           1           0  0.12s           2026-08-12T10:17:11
================================================================================
[2026-08-12T10:18:10.867+0000] {manager.py:878} INFO - 
================================================================================
DAG File Processing Stats

File Path                           PID    Runtime      # DAGs    # Errors  Last Runtime    Last Run
----------------------------------  -----  ---------  --------  ----------  --------------  -------------------
/opt/airflow/dags/hello_airflow.py                           1           0  0.13s           2026-08-12T10:17:41
================================================================================
[2026-08-12T10:18:41.081+0000] {manager.py:878} INFO - 
================================================================================
DAG File Processing Stats

File Path                           PID    Runtime      # DAGs    # Errors  Last Runtime    Last Run
----------------------------------  -----  ---------  --------  ----------  --------------  -------------------
/opt/airflow/dags/hello_airflow.py                           1           0  0.10s           2026-08-12T10:18:11
================================================================================
[2026-08-12T10:19:11.339+0000] {manager.py:878} INFO - 
================================================================================
DAG File Processing Stats

File Path                           PID    Runtime      # DAGs    # Errors  Last Runtime    Last Run
----------------------------------  -----  ---------  --------  ----------  --------------  -------------------
/opt/airflow/dags/hello_airflow.py                           1           0  0.10s           2026-08-12T10:18:42
================================================================================
[2026-08-12T10:19:41.548+0000] {manager.py:878} INFO - 
================================================================================
DAG File Processing Stats

File Path                           PID    Runtime      # DAGs    # Errors  Last Runtime    Last Run
----------------------------------  -----  ---------  --------  ----------  --------------  -------------------
/opt/airflow/dags/hello_airflow.py                           1           0  0.11s           2026-08-12T10:19:12
================================================================================
[2026-08-12T10:20:11.811+0000] {manager.py:878} INFO - 
================================================================================
DAG File Processing Stats

File Path                           PID    Runtime      # DAGs    # Errors  Last Runtime    Last Run
----------------------------------  -----  ---------  --------  ----------  --------------  -------------------
/opt/airflow/dags/hello_airflow.py                           1           0  0.10s           2026-08-12T10:19:42
================================================================================
[2026-08-12T10:20:42.018+0000] {manager.py:878} INFO - 
================================================================================
DAG File Processing Stats

File Path                           PID    Runtime      # DAGs    # Errors  Last Runtime    Last Run
----------------------------------  -----  ---------  --------  ----------  --------------  -------------------
/opt/airflow/dags/hello_airflow.py                           1           0  0.22s           2026-08-12T10:20:13
================================================================================
[2026-08-12T10:20:52.290+0000] {manager.py:737} INFO - Searching for files in /opt/airflow/dags
[2026-08-12T10:20:52.308+0000] {manager.py:740} INFO - There are 1 files in /opt/airflow/dags
[2026-08-12T10:21:12.454+0000] {manager.py:878} INFO - 
================================================================================
DAG File Processing Stats

File Path                           PID    Runtime      # DAGs    # Errors  Last Runtime    Last Run
----------------------------------  -----  ---------  --------  ----------  --------------  -------------------
/opt/airflow/dags/hello_airflow.py                           1           0  0.17s           2026-08-12T10:20:43
================================================================================
[2026-08-12T10:21:42.754+0000] {manager.py:878} INFO - 
================================================================================
DAG File Processing Stats

File Path                           PID    Runtime      # DAGs    # Errors  Last Runtime    Last Run
----------------------------------  -----  ---------  --------  ----------  --------------  -------------------
/opt/airflow/dags/hello_airflow.py                           1           0  0.17s           2026-08-12T10:21:13
================================================================================
[2026-08-12T10:22:13.064+0000] {manager.py:878} INFO - 
================================================================================
DAG File Processing Stats

File Path                           PID    Runtime      # DAGs    # Errors  Last Runtime    Last Run
----------------------------------  -----  ---------  --------  ----------  --------------  -------------------
/opt/airflow/dags/hello_airflow.py                           1           0  0.14s           2026-08-12T10:21:43
================================================================================
[2026-08-12T10:22:43.305+0000] {manager.py:878} INFO - 
================================================================================
DAG File Processing Stats

File Path                           PID    Runtime      # DAGs    # Errors  Last Runtime    Last Run
----------------------------------  -----  ---------  --------  ----------  --------------  -------------------
/opt/airflow/dags/hello_airflow.py                           1           0  0.18s           2026-08-12T10:22:14
================================================================================
[2026-08-12T10:23:13.629+0000] {manager.py:878} INFO - 
================================================================================
DAG File Processing Stats

File Path                           PID    Runtime      # DAGs    # Errors  Last Runtime    Last Run
----------------------------------  -----  ---------  --------  ----------  --------------  -------------------
/opt/airflow/dags/hello_airflow.py                           1           0  0.18s           2026-08-12T10:22:44
================================================================================
[2026-08-12T10:23:43.884+0000] {manager.py:878} INFO - 
================================================================================
DAG File Processing Stats

File Path                           PID    Runtime      # DAGs    # Errors  Last Runtime    Last Run
----------------------------------  -----  ---------  --------  ----------  --------------  -------------------
/opt/airflow/dags/hello_airflow.py                           1           0  0.16s           2026-08-12T10:23:14
================================================================================
[2026-08-12T10:24:14.245+0000] {manager.py:878} INFO - 
================================================================================
DAG File Processing Stats

File Path                           PID    Runtime      # DAGs    # Errors  Last Runtime    Last Run
----------------------------------  -----  ---------  --------  ----------  --------------  -------------------
/opt/airflow/dags/hello_airflow.py                           1           0  0.31s           2026-08-12T10:23:45
================================================================================
[2026-08-12T10:24:44.565+0000] {manager.py:878} INFO - 
================================================================================
DAG File Processing Stats

File Path                           PID    Runtime      # DAGs    # Errors  Last Runtime    Last Run
----------------------------------  -----  ---------  --------  ----------  --------------  -------------------
/opt/airflow/dags/hello_airflow.py                           1           0  0.21s           2026-08-12T10:24:15
================================================================================
[2026-08-12T10:25:14.828+0000] {manager.py:878} INFO - 
================================================================================
DAG File Processing Stats

File Path                           PID    Runtime      # DAGs    # Errors  Last Runtime    Last Run
----------------------------------  -----  ---------  --------  ----------  --------------  -------------------
/opt/airflow/dags/hello_airflow.py                           1           0  0.17s           2026-08-12T10:24:45
================================================================================
[2026-08-12T10:25:45.124+0000] {manager.py:878} INFO - 
================================================================================
DAG File Processing Stats

File Path                           PID    Runtime      # DAGs    # Errors  Last Runtime    Last Run
----------------------------------  -----  ---------  --------  ----------  --------------  -------------------
/opt/airflow/dags/hello_airflow.py                           1           0  0.17s           2026-08-12T10:25:16
================================================================================
[2026-08-12T10:25:52.448+0000] {manager.py:737} INFO - Searching for files in /opt/airflow/dags
[2026-08-12T10:25:52.490+0000] {manager.py:740} INFO - There are 1 files in /opt/airflow/dags
[2026-08-12T10:26:15.486+0000] {manager.py:878} INFO - 
================================================================================
DAG File Processing Stats

File Path                           PID    Runtime      # DAGs    # Errors  Last Runtime    Last Run
----------------------------------  -----  ---------  --------  ----------  --------------  -------------------
/opt/airflow/dags/hello_airflow.py                           1           0  0.26s           2026-08-12T10:25:46
================================================================================
[2026-08-12T10:26:46.077+0000] {manager.py:878} INFO - 
================================================================================
DAG File Processing Stats

File Path                           PID    Runtime      # DAGs    # Errors  Last Runtime    Last Run
----------------------------------  -----  ---------  --------  ----------  --------------  -------------------
/opt/airflow/dags/hello_airflow.py                           1           0  0.50s           2026-08-12T10:26:17
================================================================================
[2026-08-12T10:27:16.551+0000] {manager.py:878} INFO - 
================================================================================
DAG File Processing Stats

File Path                           PID    Runtime      # DAGs    # Errors  Last Runtime    Last Run
----------------------------------  -----  ---------  --------  ----------  --------------  -------------------
/opt/airflow/dags/hello_airflow.py                           1           0  0.51s           2026-08-12T10:26:47
================================================================================
[2026-08-12T10:27:47.046+0000] {manager.py:878} INFO - 
================================================================================
DAG File Processing Stats

File Path                           PID    Runtime      # DAGs    # Errors  Last Runtime    Last Run
----------------------------------  -----  ---------  --------  ----------  --------------  -------------------
/opt/airflow/dags/hello_airflow.py                           1           0  0.11s           2026-08-12T10:27:17
================================================================================
[2026-08-12T10:28:17.335+0000] {manager.py:878} INFO - 
================================================================================
DAG File Processing Stats

File Path                           PID    Runtime      # DAGs    # Errors  Last Runtime    Last Run
----------------------------------  -----  ---------  --------  ----------  --------------  -------------------
/opt/airflow/dags/hello_airflow.py                           1           0  0.23s           2026-08-12T10:27:48
================================================================================
[2026-08-12T10:28:47.668+0000] {manager.py:878} INFO - 
================================================================================
DAG File Processing Stats

File Path                           PID    Runtime      # DAGs    # Errors  Last Runtime    Last Run
----------------------------------  -----  ---------  --------  ----------  --------------  -------------------
/opt/airflow/dags/hello_airflow.py                           1           0  0.25s           2026-08-12T10:28:18
================================================================================
[2026-08-12T10:29:17.974+0000] {manager.py:878} INFO - 
================================================================================
DAG File Processing Stats

File Path                           PID    Runtime      # DAGs    # Errors  Last Runtime    Last Run
----------------------------------  -----  ---------  --------  ----------  --------------  -------------------
/opt/airflow/dags/hello_airflow.py                           1           0  0.12s           2026-08-12T10:28:48
================================================================================
[2026-08-12T10:29:48.177+0000] {manager.py:878} INFO - 
================================================================================
DAG File Processing Stats

File Path                           PID    Runtime      # DAGs    # Errors  Last Runtime    Last Run
----------------------------------  -----  ---------  --------  ----------  --------------  -------------------
/opt/airflow/dags/hello_airflow.py                           1           0  0.17s           2026-08-12T10:29:19
================================================================================
[2026-08-12T10:30:18.383+0000] {manager.py:878} INFO - 
================================================================================
DAG File Processing Stats

File Path                           PID    Runtime      # DAGs    # Errors  Last Runtime    Last Run
----------------------------------  -----  ---------  --------  ----------  --------------  -------------------
/opt/airflow/dags/hello_airflow.py                           1           0  0.09s           2026-08-12T10:29:49
================================================================================
[2026-08-12T10:30:48.618+0000] {manager.py:878} INFO - 
================================================================================
DAG File Processing Stats

File Path                           PID    Runtime      # DAGs    # Errors  Last Runtime    Last Run
----------------------------------  -----  ---------  --------  ----------  --------------  -------------------
/opt/airflow/dags/hello_airflow.py                           1           0  0.09s           2026-08-12T10:30:19
================================================================================
[2026-08-12T10:30:52.667+0000] {manager.py:737} INFO - Searching for files in /opt/airflow/dags
[2026-08-12T10:30:52.692+0000] {manager.py:740} INFO - There are 1 files in /opt/airflow/dags
[2026-08-12T10:31:18.861+0000] {manager.py:878} INFO - 
================================================================================
DAG File Processing Stats

File Path                           PID    Runtime      # DAGs    # Errors  Last Runtime    Last Run
----------------------------------  -----  ---------  --------  ----------  --------------  -------------------
/opt/airflow/dags/hello_airflow.py                           1           0  0.11s           2026-08-12T10:30:49
================================================================================
[2026-08-12T10:31:49.074+0000] {manager.py:878} INFO - 
================================================================================
DAG File Processing Stats

File Path                           PID    Runtime      # DAGs    # Errors  Last Runtime    Last Run
----------------------------------  -----  ---------  --------  ----------  --------------  -------------------
/opt/airflow/dags/hello_airflow.py                           1           0  0.09s           2026-08-12T10:31:19
================================================================================
[2026-08-12T10:32:19.290+0000] {manager.py:878} INFO - 
================================================================================
DAG File Processing Stats

File Path                           PID    Runtime      # DAGs    # Errors  Last Runtime    Last Run
----------------------------------  -----  ---------  --------  ----------  --------------  -------------------
/opt/airflow/dags/hello_airflow.py                           1           0  0.16s           2026-08-12T10:31:50
================================================================================
[2026-08-12T10:32:49.487+0000] {manager.py:878} INFO - 
================================================================================
DAG File Processing Stats

File Path                           PID    Runtime      # DAGs    # Errors  Last Runtime    Last Run
----------------------------------  -----  ---------  --------  ----------  --------------  -------------------
/opt/airflow/dags/hello_airflow.py                           1           0  0.10s           2026-08-12T10:32:20
================================================================================
[2026-08-12T10:33:19.752+0000] {manager.py:878} INFO - 
================================================================================
DAG File Processing Stats

File Path                           PID    Runtime      # DAGs    # Errors  Last Runtime    Last Run
----------------------------------  -----  ---------  --------  ----------  --------------  -------------------
/opt/airflow/dags/hello_airflow.py                           1           0  0.10s           2026-08-12T10:32:50
================================================================================
[2026-08-12T10:33:49.983+0000] {manager.py:878} INFO - 
================================================================================
DAG File Processing Stats

File Path                           PID    Runtime      # DAGs    # Errors  Last Runtime    Last Run
----------------------------------  -----  ---------  --------  ----------  --------------  -------------------
/opt/airflow/dags/hello_airflow.py                           1           0  0.24s           2026-08-12T10:33:21
================================================================================
[2026-08-12T10:34:20.411+0000] {manager.py:878} INFO - 
================================================================================
DAG File Processing Stats

File Path                           PID    Runtime      # DAGs    # Errors  Last Runtime    Last Run
----------------------------------  -----  ---------  --------  ----------  --------------  -------------------
/opt/airflow/dags/hello_airflow.py                           1           0  0.11s           2026-08-12T10:33:51
================================================================================
[2026-08-12T10:34:50.671+0000] {manager.py:878} INFO - 
================================================================================
DAG File Processing Stats

File Path                           PID    Runtime      # DAGs    # Errors  Last Runtime    Last Run
----------------------------------  -----  ---------  --------  ----------  --------------  -------------------
/opt/airflow/dags/hello_airflow.py                           1           0  0.10s           2026-08-12T10:34:21
================================================================================
[2026-08-12T10:35:20.885+0000] {manager.py:878} INFO - 
================================================================================
DAG File Processing Stats

File Path                           PID    Runtime      # DAGs    # Errors  Last Runtime    Last Run
----------------------------------  -----  ---------  --------  ----------  --------------  -------------------
/opt/airflow/dags/hello_airflow.py                           1           0  0.11s           2026-08-12T10:34:51
================================================================================
[2026-08-12T10:35:51.103+0000] {manager.py:878} INFO - 
================================================================================
DAG File Processing Stats

File Path                           PID    Runtime      # DAGs    # Errors  Last Runtime    Last Run
----------------------------------  -----  ---------  --------  ----------  --------------  -------------------
/opt/airflow/dags/hello_airflow.py                           1           0  0.10s           2026-08-12T10:35:21
================================================================================
[2026-08-12T10:35:53.149+0000] {manager.py:737} INFO - Searching for files in /opt/airflow/dags
[2026-08-12T10:35:53.171+0000] {manager.py:740} INFO - There are 1 files in /opt/airflow/dags
[2026-08-12T10:36:21.351+0000] {manager.py:878} INFO - 
================================================================================
DAG File Processing Stats

File Path                           PID    Runtime      # DAGs    # Errors  Last Runtime    Last Run
----------------------------------  -----  ---------  --------  ----------  --------------  -------------------
/opt/airflow/dags/hello_airflow.py                           1           0  0.26s           2026-08-12T10:35:52
================================================================================
[2026-08-12T10:36:51.750+0000] {manager.py:878} INFO - 
================================================================================
DAG File Processing Stats

File Path                           PID    Runtime      # DAGs    # Errors  Last Runtime    Last Run
----------------------------------  -----  ---------  --------  ----------  --------------  -------------------
/opt/airflow/dags/hello_airflow.py                           1           0  0.10s           2026-08-12T10:36:22
================================================================================
[2026-08-12T10:37:21.995+0000] {manager.py:878} INFO - 
================================================================================
DAG File Processing Stats

File Path                           PID    Runtime      # DAGs    # Errors  Last Runtime    Last Run
----------------------------------  -----  ---------  --------  ----------  --------------  -------------------
/opt/airflow/dags/hello_airflow.py                           1           0  0.10s           2026-08-12T10:36:52
================================================================================
[2026-08-12T10:37:52.199+0000] {manager.py:878} INFO - 
================================================================================
DAG File Processing Stats

File Path                           PID    Runtime      # DAGs    # Errors  Last Runtime    Last Run
----------------------------------  -----  ---------  --------  ----------  --------------  -------------------
/opt/airflow/dags/hello_airflow.py                           1           0  0.10s           2026-08-12T10:37:23
================================================================================
[2026-08-12T10:38:22.444+0000] {manager.py:878} INFO - 
================================================================================
DAG File Processing Stats

File Path                           PID    Runtime      # DAGs    # Errors  Last Runtime    Last Run
----------------------------------  -----  ---------  --------  ----------  --------------  -------------------
/opt/airflow/dags/hello_airflow.py                           1           0  0.10s           2026-08-12T10:37:53
================================================================================
[2026-08-12T10:38:52.652+0000] {manager.py:878} INFO - 
================================================================================
DAG File Processing Stats

File Path                           PID    Runtime      # DAGs    # Errors  Last Runtime    Last Run
----------------------------------  -----  ---------  --------  ----------  --------------  -------------------
/opt/airflow/dags/hello_airflow.py                           1           0  0.11s           2026-08-12T10:38:23
================================================================================
[2026-08-12T10:39:22.894+0000] {manager.py:878} INFO - 
================================================================================
DAG File Processing Stats

File Path                           PID    Runtime      # DAGs    # Errors  Last Runtime    Last Run
----------------------------------  -----  ---------  --------  ----------  --------------  -------------------
/opt/airflow/dags/hello_airflow.py                           1           0  0.10s           2026-08-12T10:38:53
================================================================================
[2026-08-12T10:39:53.127+0000] {manager.py:878} INFO - 
================================================================================
DAG File Processing Stats

File Path                           PID    Runtime      # DAGs    # Errors  Last Runtime    Last Run
----------------------------------  -----  ---------  --------  ----------  --------------  -------------------
/opt/airflow/dags/hello_airflow.py                           1           0  0.14s           2026-08-12T10:39:24
================================================================================
[2026-08-12T10:40:23.363+0000] {manager.py:878} INFO - 
================================================================================
DAG File Processing Stats

File Path                           PID    Runtime      # DAGs    # Errors  Last Runtime    Last Run
----------------------------------  -----  ---------  --------  ----------  --------------  -------------------
/opt/airflow/dags/hello_airflow.py                           1           0  0.09s           2026-08-12T10:39:54
================================================================================
[2026-08-12T10:40:53.552+0000] {manager.py:737} INFO - Searching for files in /opt/airflow/dags
[2026-08-12T10:40:53.576+0000] {manager.py:740} INFO - There are 1 files in /opt/airflow/dags
[2026-08-12T10:40:53.590+0000] {manager.py:878} INFO - 
================================================================================
DAG File Processing Stats

File Path                           PID    Runtime      # DAGs    # Errors  Last Runtime    Last Run
----------------------------------  -----  ---------  --------  ----------  --------------  -------------------
/opt/airflow/dags/hello_airflow.py                           1           0  0.09s           2026-08-12T10:40:24
================================================================================
[2026-08-12T10:41:23.802+0000] {manager.py:878} INFO - 
================================================================================
DAG File Processing Stats

File Path                           PID    Runtime      # DAGs    # Errors  Last Runtime    Last Run
----------------------------------  -----  ---------  --------  ----------  --------------  -------------------
/opt/airflow/dags/hello_airflow.py                           1           0  0.14s           2026-08-12T10:40:54
================================================================================
[2026-08-12T10:41:54.087+0000] {manager.py:878} INFO - 
================================================================================
DAG File Processing Stats

File Path                           PID    Runtime      # DAGs    # Errors  Last Runtime    Last Run
----------------------------------  -----  ---------  --------  ----------  --------------  -------------------
/opt/airflow/dags/hello_airflow.py                           1           0  0.10s           2026-08-12T10:41:24
================================================================================
[2026-08-12T10:42:24.289+0000] {manager.py:878} INFO - 
================================================================================
DAG File Processing Stats

File Path                           PID    Runtime      # DAGs    # Errors  Last Runtime    Last Run
----------------------------------  -----  ---------  --------  ----------  --------------  -------------------
/opt/airflow/dags/hello_airflow.py                           1           0  0.13s           2026-08-12T10:41:55
================================================================================
[2026-08-12T10:42:54.562+0000] {manager.py:878} INFO - 
================================================================================
DAG File Processing Stats

File Path                           PID    Runtime      # DAGs    # Errors  Last Runtime    Last Run
----------------------------------  -----  ---------  --------  ----------  --------------  -------------------
/opt/airflow/dags/hello_airflow.py                           1           0  0.09s           2026-08-12T10:42:25
================================================================================
[2026-08-12T10:43:24.762+0000] {manager.py:878} INFO - 
================================================================================
DAG File Processing Stats

File Path                           PID    Runtime      # DAGs    # Errors  Last Runtime    Last Run
----------------------------------  -----  ---------  --------  ----------  --------------  -------------------
/opt/airflow/dags/hello_airflow.py                           1           0  0.11s           2026-08-12T10:42:55
================================================================================
[2026-08-12T10:43:55.004+0000] {manager.py:878} INFO - 
================================================================================
DAG File Processing Stats

File Path                           PID    Runtime      # DAGs    # Errors  Last Runtime    Last Run
----------------------------------  -----  ---------  --------  ----------  --------------  -------------------
/opt/airflow/dags/hello_airflow.py                           1           0  0.10s           2026-08-12T10:43:25
================================================================================
[2026-08-12T10:44:25.320+0000] {manager.py:878} INFO - 
================================================================================
DAG File Processing Stats

File Path                           PID    Runtime      # DAGs    # Errors  Last Runtime    Last Run
----------------------------------  -----  ---------  --------  ----------  --------------  -------------------
/opt/airflow/dags/hello_airflow.py                           1           0  0.09s           2026-08-12T10:43:56
================================================================================
[2026-08-12T10:44:55.578+0000] {manager.py:878} INFO - 
================================================================================
DAG File Processing Stats

File Path                           PID    Runtime      # DAGs    # Errors  Last Runtime    Last Run
----------------------------------  -----  ---------  --------  ----------  --------------  -------------------
/opt/airflow/dags/hello_airflow.py                           1           0  0.11s           2026-08-12T10:44:26
================================================================================
[2026-08-12T10:45:25.874+0000] {manager.py:878} INFO - 
================================================================================
DAG File Processing Stats

File Path                           PID    Runtime      # DAGs    # Errors  Last Runtime    Last Run
----------------------------------  -----  ---------  --------  ----------  --------------  -------------------
/opt/airflow/dags/hello_airflow.py                           1           0  0.11s           2026-08-12T10:44:56
================================================================================
[2026-08-12T10:45:54.149+0000] {manager.py:737} INFO - Searching for files in /opt/airflow/dags
[2026-08-12T10:45:54.171+0000] {manager.py:740} INFO - There are 1 files in /opt/airflow/dags
[2026-08-12T10:45:56.193+0000] {manager.py:878} INFO - 
================================================================================
DAG File Processing Stats

File Path                           PID    Runtime      # DAGs    # Errors  Last Runtime    Last Run
----------------------------------  -----  ---------  --------  ----------  --------------  -------------------
/opt/airflow/dags/hello_airflow.py                           1           0  0.23s           2026-08-12T10:45:27
================================================================================
[2026-08-12T10:46:26.523+0000] {manager.py:878} INFO - 
================================================================================
DAG File Processing Stats

File Path                           PID    Runtime      # DAGs    # Errors  Last Runtime    Last Run
----------------------------------  -----  ---------  --------  ----------  --------------  -------------------
/opt/airflow/dags/hello_airflow.py                           1           0  0.16s           2026-08-12T10:45:57
================================================================================
[2026-08-12T10:46:56.767+0000] {manager.py:878} INFO - 
================================================================================
DAG File Processing Stats

File Path                           PID    Runtime      # DAGs    # Errors  Last Runtime    Last Run
----------------------------------  -----  ---------  --------  ----------  --------------  -------------------
/opt/airflow/dags/hello_airflow.py                           1           0  0.16s           2026-08-12T10:46:27
================================================================================
[2026-08-12T10:47:27.084+0000] {manager.py:878} INFO - 
================================================================================
DAG File Processing Stats

File Path                           PID    Runtime      # DAGs    # Errors  Last Runtime    Last Run
----------------------------------  -----  ---------  --------  ----------  --------------  -------------------
/opt/airflow/dags/hello_airflow.py                           1           0  0.29s           2026-08-12T10:46:58
================================================================================
[2026-08-12T10:47:57.302+0000] {manager.py:878} INFO - 
================================================================================
DAG File Processing Stats

File Path                           PID    Runtime      # DAGs    # Errors  Last Runtime    Last Run
----------------------------------  -----  ---------  --------  ----------  --------------  -------------------
/opt/airflow/dags/hello_airflow.py                           1           0  0.11s           2026-08-12T10:47:28
================================================================================
[2026-08-12T10:48:27.601+0000] {manager.py:878} INFO - 
================================================================================
DAG File Processing Stats

File Path                           PID    Runtime      # DAGs    # Errors  Last Runtime    Last Run
----------------------------------  -----  ---------  --------  ----------  --------------  -------------------
/opt/airflow/dags/hello_airflow.py                           1           0  0.12s           2026-08-12T10:47:58
================================================================================
[2026-08-12T10:48:57.833+0000] {manager.py:878} INFO - 
================================================================================
DAG File Processing Stats

File Path                           PID    Runtime      # DAGs    # Errors  Last Runtime    Last Run
----------------------------------  -----  ---------  --------  ----------  --------------  -------------------
/opt/airflow/dags/hello_airflow.py                           1           0  0.14s           2026-08-12T10:48:28
================================================================================
[2026-08-12T10:49:28.142+0000] {manager.py:878} INFO - 
================================================================================
DAG File Processing Stats

File Path                           PID    Runtime      # DAGs    # Errors  Last Runtime    Last Run
----------------------------------  -----  ---------  --------  ----------  --------------  -------------------
/opt/airflow/dags/hello_airflow.py                           1           0  0.11s           2026-08-12T10:48:58
================================================================================
[2026-08-12T10:49:58.388+0000] {manager.py:878} INFO - 
================================================================================
DAG File Processing Stats

File Path                           PID    Runtime      # DAGs    # Errors  Last Runtime    Last Run
----------------------------------  -----  ---------  --------  ----------  --------------  -------------------
/opt/airflow/dags/hello_airflow.py                           1           0  0.11s           2026-08-12T10:49:29
================================================================================
[2026-08-12T10:50:28.667+0000] {manager.py:878} INFO - 
================================================================================
DAG File Processing Stats

File Path                           PID    Runtime      # DAGs    # Errors  Last Runtime    Last Run
----------------------------------  -----  ---------  --------  ----------  --------------  -------------------
/opt/airflow/dags/hello_airflow.py                           1           0  0.14s           2026-08-12T10:49:59
================================================================================
[2026-08-12T10:50:54.884+0000] {manager.py:737} INFO - Searching for files in /opt/airflow/dags
[2026-08-12T10:50:54.899+0000] {manager.py:740} INFO - There are 1 files in /opt/airflow/dags
[2026-08-12T10:50:58.941+0000] {manager.py:878} INFO - 
================================================================================
DAG File Processing Stats

File Path                           PID    Runtime      # DAGs    # Errors  Last Runtime    Last Run
----------------------------------  -----  ---------  --------  ----------  --------------  -------------------
/opt/airflow/dags/hello_airflow.py                           1           0  0.12s           2026-08-12T10:50:29
================================================================================
[2026-08-12T10:51:29.176+0000] {manager.py:878} INFO - 
================================================================================
DAG File Processing Stats

File Path                           PID    Runtime      # DAGs    # Errors  Last Runtime    Last Run
----------------------------------  -----  ---------  --------  ----------  --------------  -------------------
/opt/airflow/dags/hello_airflow.py                           1           0  0.11s           2026-08-12T10:51:00
================================================================================
[2026-08-12T10:51:59.461+0000] {manager.py:878} INFO - 
================================================================================
DAG File Processing Stats

File Path                           PID    Runtime      # DAGs    # Errors  Last Runtime    Last Run
----------------------------------  -----  ---------  --------  ----------  --------------  -------------------
/opt/airflow/dags/hello_airflow.py                           1           0  0.14s           2026-08-12T10:51:30
================================================================================
[2026-08-12T10:52:29.714+0000] {manager.py:878} INFO - 
================================================================================
DAG File Processing Stats

File Path                           PID    Runtime      # DAGs    # Errors  Last Runtime    Last Run
----------------------------------  -----  ---------  --------  ----------  --------------  -------------------
/opt/airflow/dags/hello_airflow.py                           1           0  0.11s           2026-08-12T10:52:00
================================================================================
[2026-08-12T10:52:59.982+0000] {manager.py:878} INFO - 
================================================================================
DAG File Processing Stats

File Path                           PID    Runtime      # DAGs    # Errors  Last Runtime    Last Run
----------------------------------  -----  ---------  --------  ----------  --------------  -------------------
/opt/airflow/dags/hello_airflow.py                           1           0  0.11s           2026-08-12T10:52:30
================================================================================
[2026-08-12T10:53:30.252+0000] {manager.py:878} INFO - 
================================================================================
DAG File Processing Stats

File Path                           PID    Runtime      # DAGs    # Errors  Last Runtime    Last Run
----------------------------------  -----  ---------  --------  ----------  --------------  -------------------
/opt/airflow/dags/hello_airflow.py                           1           0  0.22s           2026-08-12T10:53:01
================================================================================
[2026-08-12T10:54:00.490+0000] {manager.py:878} INFO - 
================================================================================
DAG File Processing Stats

File Path                           PID    Runtime      # DAGs    # Errors  Last Runtime    Last Run
----------------------------------  -----  ---------  --------  ----------  --------------  -------------------
/opt/airflow/dags/hello_airflow.py                           1           0  0.17s           2026-08-12T10:53:31
================================================================================
[2026-08-12T10:54:30.977+0000] {manager.py:878} INFO - 
================================================================================
DAG File Processing Stats

File Path                           PID    Runtime      # DAGs    # Errors  Last Runtime    Last Run
----------------------------------  -----  ---------  --------  ----------  --------------  -------------------
/opt/airflow/dags/hello_airflow.py                           1           0  0.13s           2026-08-12T10:54:01
================================================================================
[2026-08-12T10:55:01.232+0000] {manager.py:878} INFO - 
================================================================================
DAG File Processing Stats

File Path                           PID    Runtime      # DAGs    # Errors  Last Runtime    Last Run
----------------------------------  -----  ---------  --------  ----------  --------------  -------------------
/opt/airflow/dags/hello_airflow.py                           1           0  0.47s           2026-08-12T10:54:32
================================================================================
[2026-08-12T10:55:31.383+0000] {manager.py:878} INFO - 
================================================================================
DAG File Processing Stats

File Path                           PID    Runtime      # DAGs    # Errors  Last Runtime    Last Run
----------------------------------  -----  ---------  --------  ----------  --------------  -------------------
/opt/airflow/dags/hello_airflow.py                           1           0  0.32s           2026-08-12T10:55:03
================================================================================
[2026-08-12T10:55:55.667+0000] {manager.py:737} INFO - Searching for files in /opt/airflow/dags
[2026-08-12T10:55:55.720+0000] {manager.py:740} INFO - There are 1 files in /opt/airflow/dags
[2026-08-12T10:56:01.816+0000] {manager.py:878} INFO - 
================================================================================
DAG File Processing Stats

File Path                           PID    Runtime      # DAGs    # Errors  Last Runtime    Last Run
----------------------------------  -----  ---------  --------  ----------  --------------  -------------------
/opt/airflow/dags/hello_airflow.py                           1           0  0.24s           2026-08-12T10:55:33
================================================================================
[2026-08-12T10:56:32.367+0000] {manager.py:878} INFO - 
================================================================================
DAG File Processing Stats

File Path                           PID    Runtime      # DAGs    # Errors  Last Runtime    Last Run
----------------------------------  -----  ---------  --------  ----------  --------------  -------------------
/opt/airflow/dags/hello_airflow.py                           1           0  0.26s           2026-08-12T10:56:04
================================================================================
[2026-08-12T10:57:02.843+0000] {manager.py:878} INFO - 
================================================================================
DAG File Processing Stats

File Path                           PID    Runtime      # DAGs    # Errors  Last Runtime    Last Run
----------------------------------  -----  ---------  --------  ----------  --------------  -------------------
/opt/airflow/dags/hello_airflow.py                           1           0  0.55s           2026-08-12T10:56:34
================================================================================
[2026-08-12T10:57:32.878+0000] {manager.py:878} INFO - 
================================================================================
DAG File Processing Stats

File Path                           PID    Runtime      # DAGs    # Errors  Last Runtime    Last Run
----------------------------------  -----  ---------  --------  ----------  --------------  -------------------
/opt/airflow/dags/hello_airflow.py                           1           0  0.25s           2026-08-12T10:57:05
================================================================================
[2026-08-12T10:58:03.164+0000] {manager.py:878} INFO - 
================================================================================
DAG File Processing Stats

File Path                           PID    Runtime      # DAGs    # Errors  Last Runtime    Last Run
----------------------------------  -----  ---------  --------  ----------  --------------  -------------------
/opt/airflow/dags/hello_airflow.py                           1           0  0.55s           2026-08-12T10:57:36
================================================================================
[2026-08-12T10:58:33.174+0000] {manager.py:878} INFO - 
================================================================================
DAG File Processing Stats

File Path                           PID    Runtime      # DAGs    # Errors  Last Runtime    Last Run
----------------------------------  -----  ---------  --------  ----------  --------------  -------------------
/opt/airflow/dags/hello_airflow.py                           1           0  0.34s           2026-08-12T10:58:06
================================================================================
[2026-08-12T10:59:03.323+0000] {manager.py:878} INFO - 
================================================================================
DAG File Processing Stats

File Path                           PID    Runtime      # DAGs    # Errors  Last Runtime    Last Run
----------------------------------  -----  ---------  --------  ----------  --------------  -------------------
/opt/airflow/dags/hello_airflow.py                           1           0  1.23s           2026-08-12T10:58:38
================================================================================
[2026-08-12T10:59:33.908+0000] {manager.py:878} INFO - 
================================================================================
DAG File Processing Stats

File Path                           PID    Runtime      # DAGs    # Errors  Last Runtime    Last Run
----------------------------------  -----  ---------  --------  ----------  --------------  -------------------
/opt/airflow/dags/hello_airflow.py                           1           0  0.52s           2026-08-12T10:59:08
================================================================================
[2026-08-12T11:00:04.537+0000] {manager.py:878} INFO - 
================================================================================
DAG File Processing Stats

File Path                           PID    Runtime      # DAGs    # Errors  Last Runtime    Last Run
----------------------------------  -----  ---------  --------  ----------  --------------  -------------------
/opt/airflow/dags/hello_airflow.py                           1           0  0.22s           2026-08-12T10:59:39
================================================================================
[2026-08-12T11:00:35.199+0000] {manager.py:878} INFO - 
================================================================================
DAG File Processing Stats

File Path                           PID    Runtime      # DAGs    # Errors  Last Runtime    Last Run
----------------------------------  -----  ---------  --------  ----------  --------------  -------------------
/opt/airflow/dags/hello_airflow.py                           1           0  0.48s           2026-08-12T11:00:10
================================================================================
[2026-08-12T11:00:55.812+0000] {manager.py:737} INFO - Searching for files in /opt/airflow/dags
[2026-08-12T11:00:55.831+0000] {manager.py:740} INFO - There are 1 files in /opt/airflow/dags
[2026-08-12T11:01:05.721+0000] {manager.py:878} INFO - 
================================================================================
DAG File Processing Stats

File Path                           PID    Runtime      # DAGs    # Errors  Last Runtime    Last Run
----------------------------------  -----  ---------  --------  ----------  --------------  -------------------
/opt/airflow/dags/hello_airflow.py                           1           0  0.43s           2026-08-12T11:00:40
================================================================================
[2026-08-12T11:01:36.217+0000] {manager.py:878} INFO - 
================================================================================
DAG File Processing Stats

File Path                           PID    Runtime      # DAGs    # Errors  Last Runtime    Last Run
----------------------------------  -----  ---------  --------  ----------  --------------  -------------------
/opt/airflow/dags/hello_airflow.py                           1           0  0.33s           2026-08-12T11:01:11
================================================================================
[2026-08-12T11:02:06.632+0000] {manager.py:878} INFO - 
================================================================================
DAG File Processing Stats

File Path                           PID    Runtime      # DAGs    # Errors  Last Runtime    Last Run
----------------------------------  -----  ---------  --------  ----------  --------------  -------------------
/opt/airflow/dags/hello_airflow.py                           1           0  0.30s           2026-08-12T11:01:41
================================================================================
[2026-08-12T11:02:37.102+0000] {manager.py:878} INFO - 
================================================================================
DAG File Processing Stats

File Path                           PID    Runtime      # DAGs    # Errors  Last Runtime    Last Run
----------------------------------  -----  ---------  --------  ----------  --------------  -------------------
/opt/airflow/dags/hello_airflow.py                           1           0  0.52s           2026-08-12T11:02:12
================================================================================
[2026-08-12T11:03:07.854+0000] {manager.py:878} INFO - 
================================================================================
DAG File Processing Stats

File Path                           PID    Runtime      # DAGs    # Errors  Last Runtime    Last Run
----------------------------------  -----  ---------  --------  ----------  --------------  -------------------
/opt/airflow/dags/hello_airflow.py                           1           0  0.17s           2026-08-12T11:02:42
================================================================================
[2026-08-12T11:03:38.252+0000] {manager.py:878} INFO - 
================================================================================
DAG File Processing Stats

File Path                           PID    Runtime      # DAGs    # Errors  Last Runtime    Last Run
----------------------------------  -----  ---------  --------  ----------  --------------  -------------------
/opt/airflow/dags/hello_airflow.py                           1           0  0.25s           2026-08-12T11:03:13
================================================================================
[2026-08-12T11:04:08.725+0000] {manager.py:878} INFO - 
================================================================================
DAG File Processing Stats

File Path                           PID    Runtime      # DAGs    # Errors  Last Runtime    Last Run
----------------------------------  -----  ---------  --------  ----------  --------------  -------------------
/opt/airflow/dags/hello_airflow.py                           1           0  0.40s           2026-08-12T11:03:43
================================================================================
[2026-08-12T11:04:39.336+0000] {manager.py:878} INFO - 
================================================================================
DAG File Processing Stats

File Path                           PID    Runtime      # DAGs    # Errors  Last Runtime    Last Run
----------------------------------  -----  ---------  --------  ----------  --------------  -------------------
/opt/airflow/dags/hello_airflow.py                           1           0  0.29s           2026-08-12T11:04:14
================================================================================
[2026-08-12T11:05:09.677+0000] {manager.py:878} INFO - 
================================================================================
DAG File Processing Stats

File Path                           PID    Runtime      # DAGs    # Errors  Last Runtime    Last Run
----------------------------------  -----  ---------  --------  ----------  --------------  -------------------
/opt/airflow/dags/hello_airflow.py                           1           0  0.19s           2026-08-12T11:04:44
================================================================================
[2026-08-12T11:05:40.005+0000] {manager.py:878} INFO - 
================================================================================
DAG File Processing Stats

File Path                           PID    Runtime      # DAGs    # Errors  Last Runtime    Last Run
----------------------------------  -----  ---------  --------  ----------  --------------  -------------------
/opt/airflow/dags/hello_airflow.py                           1           0  0.22s           2026-08-12T11:05:14
================================================================================
[2026-08-12T11:05:56.205+0000] {manager.py:737} INFO - Searching for files in /opt/airflow/dags
[2026-08-12T11:05:56.240+0000] {manager.py:740} INFO - There are 1 files in /opt/airflow/dags
[2026-08-12T11:06:10.379+0000] {manager.py:878} INFO - 
================================================================================
DAG File Processing Stats

File Path                           PID    Runtime      # DAGs    # Errors  Last Runtime    Last Run
----------------------------------  -----  ---------  --------  ----------  --------------  -------------------
/opt/airflow/dags/hello_airflow.py                           1           0  0.16s           2026-08-12T11:05:45
================================================================================
[2026-08-12T11:06:40.935+0000] {manager.py:878} INFO - 
================================================================================
DAG File Processing Stats

File Path                           PID    Runtime      # DAGs    # Errors  Last Runtime    Last Run
----------------------------------  -----  ---------  --------  ----------  --------------  -------------------
/opt/airflow/dags/hello_airflow.py                           1           0  0.51s           2026-08-12T11:06:15
================================================================================
[2026-08-12T11:07:11.030+0000] {manager.py:878} INFO - 
================================================================================
DAG File Processing Stats

File Path                           PID    Runtime      # DAGs    # Errors  Last Runtime    Last Run
----------------------------------  -----  ---------  --------  ----------  --------------  -------------------
/opt/airflow/dags/hello_airflow.py                           1           0  0.31s           2026-08-12T11:06:46
================================================================================
[2026-08-12T11:07:41.411+0000] {manager.py:878} INFO - 
================================================================================
DAG File Processing Stats

File Path                           PID    Runtime      # DAGs    # Errors  Last Runtime    Last Run
----------------------------------  -----  ---------  --------  ----------  --------------  -------------------
/opt/airflow/dags/hello_airflow.py                           1           0  0.40s           2026-08-12T11:07:17
================================================================================
[2026-08-12T11:08:11.849+0000] {manager.py:878} INFO - 
================================================================================
DAG File Processing Stats

File Path                           PID    Runtime      # DAGs    # Errors  Last Runtime    Last Run
----------------------------------  -----  ---------  --------  ----------  --------------  -------------------
/opt/airflow/dags/hello_airflow.py                           1           0  0.46s           2026-08-12T11:07:47
================================================================================
[2026-08-12T11:08:42.510+0000] {manager.py:878} INFO - 
================================================================================
DAG File Processing Stats

File Path                           PID    Runtime      # DAGs    # Errors  Last Runtime    Last Run
----------------------------------  -----  ---------  --------  ----------  --------------  -------------------
/opt/airflow/dags/hello_airflow.py                           1           0  0.19s           2026-08-12T11:08:18
================================================================================
[2026-08-12T11:09:12.904+0000] {manager.py:878} INFO - 
================================================================================
DAG File Processing Stats

File Path                           PID    Runtime      # DAGs    # Errors  Last Runtime    Last Run
----------------------------------  -----  ---------  --------  ----------  --------------  -------------------
/opt/airflow/dags/hello_airflow.py                           1           0  0.19s           2026-08-12T11:08:48
================================================================================
[2026-08-12T11:09:43.244+0000] {manager.py:878} INFO - 
================================================================================
DAG File Processing Stats

File Path                           PID    Runtime      # DAGs    # Errors  Last Runtime    Last Run
----------------------------------  -----  ---------  --------  ----------  --------------  -------------------
/opt/airflow/dags/hello_airflow.py                           1           0  0.33s           2026-08-12T11:09:19
================================================================================
[2026-08-12T11:10:13.406+0000] {manager.py:878} INFO - 
================================================================================
DAG File Processing Stats

File Path                           PID    Runtime      # DAGs    # Errors  Last Runtime    Last Run
----------------------------------  -----  ---------  --------  ----------  --------------  -------------------
/opt/airflow/dags/hello_airflow.py                           1           0  0.38s           2026-08-12T11:09:50
================================================================================
[2026-08-12T11:10:22.255+0000] {manager.py:452} INFO - Exiting gracefully upon receiving signal 15
[2026-08-12T11:24:18.777+0000] {manager.py:470} INFO - Processing files using up to 2 processes at a time 
[2026-08-12T11:24:18.785+0000] {manager.py:471} INFO - Process each file at most once every 30 seconds
[2026-08-12T11:24:18.791+0000] {manager.py:472} INFO - Checking for new files in /opt/airflow/dags every 300 seconds
[2026-08-12T11:24:18.797+0000] {manager.py:737} INFO - Searching for files in /opt/airflow/dags
[2026-08-12T11:24:18.885+0000] {manager.py:740} INFO - There are 1 files in /opt/airflow/dags
[2026-08-12T11:24:19.195+0000] {manager.py:878} INFO - 
================================================================================
DAG File Processing Stats

File Path                             PID  Runtime      # DAGs    # Errors  Last Runtime    Last Run
----------------------------------  -----  ---------  --------  ----------  --------------  ----------
/opt/airflow/dags/hello_airflow.py    179  0.13s             0           0
================================================================================
[2026-08-12T11:24:49.438+0000] {manager.py:878} INFO - 
================================================================================
DAG File Processing Stats

File Path                           PID    Runtime      # DAGs    # Errors  Last Runtime    Last Run
----------------------------------  -----  ---------  --------  ----------  --------------  -------------------
/opt/airflow/dags/hello_airflow.py                           1           0  0.39s           2026-08-12T11:24:19
================================================================================
[2026-08-12T11:25:19.917+0000] {manager.py:878} INFO - 
================================================================================
DAG File Processing Stats

File Path                           PID    Runtime      # DAGs    # Errors  Last Runtime    Last Run
----------------------------------  -----  ---------  --------  ----------  --------------  -------------------
/opt/airflow/dags/hello_airflow.py                           1           0  0.29s           2026-08-12T11:24:49
================================================================================
[2026-08-12T11:25:50.439+0000] {manager.py:878} INFO - 
================================================================================
DAG File Processing Stats

File Path                           PID    Runtime      # DAGs    # Errors  Last Runtime    Last Run
----------------------------------  -----  ---------  --------  ----------  --------------  -------------------
/opt/airflow/dags/hello_airflow.py                           1           0  0.28s           2026-08-12T11:25:20
================================================================================
[2026-08-12T11:26:20.935+0000] {manager.py:878} INFO - 
================================================================================
DAG File Processing Stats

File Path                             PID  Runtime      # DAGs    # Errors  Last Runtime    Last Run
----------------------------------  -----  ---------  --------  ----------  --------------  -------------------
/opt/airflow/dags/hello_airflow.py    257  0.00s             1           0  0.12s           2026-08-12T11:25:50
================================================================================
[2026-08-12T11:26:51.283+0000] {manager.py:878} INFO - 
================================================================================
DAG File Processing Stats

File Path                             PID  Runtime      # DAGs    # Errors  Last Runtime    Last Run
----------------------------------  -----  ---------  --------  ----------  --------------  -------------------
/opt/airflow/dags/hello_airflow.py    276  0.01s             1           0  0.14s           2026-08-12T11:26:21
================================================================================
[2026-08-12T11:27:21.996+0000] {manager.py:878} INFO - 
================================================================================
DAG File Processing Stats

File Path                             PID  Runtime      # DAGs    # Errors  Last Runtime    Last Run
----------------------------------  -----  ---------  --------  ----------  --------------  -------------------
/opt/airflow/dags/hello_airflow.py    295  0.06s             1           0  0.19s           2026-08-12T11:26:51
================================================================================
[2026-08-12T11:27:52.690+0000] {manager.py:878} INFO - 
================================================================================
DAG File Processing Stats

File Path                           PID    Runtime      # DAGs    # Errors  Last Runtime    Last Run
----------------------------------  -----  ---------  --------  ----------  --------------  -------------------
/opt/airflow/dags/hello_airflow.py                           1           0  1.94s           2026-08-12T11:27:23
================================================================================
[2026-08-12T11:28:23.266+0000] {manager.py:878} INFO - 
================================================================================
DAG File Processing Stats

File Path                           PID    Runtime      # DAGs    # Errors  Last Runtime    Last Run
----------------------------------  -----  ---------  --------  ----------  --------------  -------------------
/opt/airflow/dags/hello_airflow.py                           1           0  1.69s           2026-08-12T11:27:55
================================================================================
[2026-08-12T11:28:53.892+0000] {manager.py:878} INFO - 
================================================================================
DAG File Processing Stats

File Path                           PID    Runtime      # DAGs    # Errors  Last Runtime    Last Run
----------------------------------  -----  ---------  --------  ----------  --------------  -------------------
/opt/airflow/dags/hello_airflow.py                           1           0  2.76s           2026-08-12T11:28:29
================================================================================
[2026-08-12T11:29:18.994+0000] {manager.py:737} INFO - Searching for files in /opt/airflow/dags
[2026-08-12T11:29:19.129+0000] {manager.py:740} INFO - There are 1 files in /opt/airflow/dags
[2026-08-12T11:29:24.308+0000] {manager.py:878} INFO - 
================================================================================
DAG File Processing Stats

File Path                           PID    Runtime      # DAGs    # Errors  Last Runtime    Last Run
----------------------------------  -----  ---------  --------  ----------  --------------  -------------------
/opt/airflow/dags/hello_airflow.py                           1           0  1.31s           2026-08-12T11:29:01
================================================================================
[2026-08-12T11:29:54.538+0000] {manager.py:878} INFO - 
================================================================================
DAG File Processing Stats

File Path                           PID    Runtime      # DAGs    # Errors  Last Runtime    Last Run
----------------------------------  -----  ---------  --------  ----------  --------------  -------------------
/opt/airflow/dags/hello_airflow.py                           1           0  1.23s           2026-08-12T11:29:33
================================================================================
[2026-08-12T11:30:25.394+0000] {manager.py:878} INFO - 
================================================================================
DAG File Processing Stats

File Path                           PID    Runtime      # DAGs    # Errors  Last Runtime    Last Run
----------------------------------  -----  ---------  --------  ----------  --------------  -------------------
/opt/airflow/dags/hello_airflow.py                           1           0  1.16s           2026-08-12T11:30:04
================================================================================
[2026-08-12T11:30:55.512+0000] {manager.py:878} INFO - 
================================================================================
DAG File Processing Stats

File Path                           PID    Runtime      # DAGs    # Errors  Last Runtime    Last Run
----------------------------------  -----  ---------  --------  ----------  --------------  -------------------
/opt/airflow/dags/hello_airflow.py                           1           0  1.09s           2026-08-12T11:30:36
================================================================================
[2026-08-12T11:31:26.515+0000] {manager.py:878} INFO - 
================================================================================
DAG File Processing Stats

File Path                           PID    Runtime      # DAGs    # Errors  Last Runtime    Last Run
----------------------------------  -----  ---------  --------  ----------  --------------  -------------------
/opt/airflow/dags/hello_airflow.py                           1           0  2.20s           2026-08-12T11:31:09
================================================================================
[2026-08-12T11:31:56.786+0000] {manager.py:878} INFO - 
================================================================================
DAG File Processing Stats

File Path                           PID    Runtime      # DAGs    # Errors  Last Runtime    Last Run
----------------------------------  -----  ---------  --------  ----------  --------------  -------------------
/opt/airflow/dags/hello_airflow.py                           1           0  0.18s           2026-08-12T11:31:39
================================================================================
[2026-08-12T11:32:27.376+0000] {manager.py:878} INFO - 
================================================================================
DAG File Processing Stats

File Path                           PID    Runtime      # DAGs    # Errors  Last Runtime    Last Run
----------------------------------  -----  ---------  --------  ----------  --------------  -------------------
/opt/airflow/dags/hello_airflow.py                           1           0  0.93s           2026-08-12T11:32:10
================================================================================
[2026-08-12T11:32:58.035+0000] {manager.py:878} INFO - 
================================================================================
DAG File Processing Stats

File Path                           PID    Runtime      # DAGs    # Errors  Last Runtime    Last Run
----------------------------------  -----  ---------  --------  ----------  --------------  -------------------
/opt/airflow/dags/hello_airflow.py                           1           0  1.36s           2026-08-12T11:32:42
================================================================================
[2026-08-12T11:33:28.443+0000] {manager.py:878} INFO - 
================================================================================
DAG File Processing Stats

File Path                           PID    Runtime      # DAGs    # Errors  Last Runtime    Last Run
----------------------------------  -----  ---------  --------  ----------  --------------  -------------------
/opt/airflow/dags/hello_airflow.py                           1           0  0.19s           2026-08-12T11:33:13
================================================================================
[2026-08-12T11:33:58.684+0000] {manager.py:878} INFO - 
================================================================================
DAG File Processing Stats

File Path                           PID    Runtime      # DAGs    # Errors  Last Runtime    Last Run
----------------------------------  -----  ---------  --------  ----------  --------------  -------------------
/opt/airflow/dags/hello_airflow.py                           1           0  0.25s           2026-08-12T11:33:43
================================================================================
[2026-08-12T11:34:19.045+0000] {manager.py:737} INFO - Searching for files in /opt/airflow/dags
[2026-08-12T11:34:19.061+0000] {manager.py:740} INFO - There are 1 files in /opt/airflow/dags
[2026-08-12T11:34:29.147+0000] {manager.py:878} INFO - 
================================================================================
DAG File Processing Stats

File Path                           PID    Runtime      # DAGs    # Errors  Last Runtime    Last Run
----------------------------------  -----  ---------  --------  ----------  --------------  -------------------
/opt/airflow/dags/hello_airflow.py                           1           0  0.29s           2026-08-12T11:34:14
================================================================================
[2026-08-12T11:34:59.517+0000] {manager.py:878} INFO - 
================================================================================
DAG File Processing Stats

File Path                           PID    Runtime      # DAGs    # Errors  Last Runtime    Last Run
----------------------------------  -----  ---------  --------  ----------  --------------  -------------------
/opt/airflow/dags/hello_airflow.py                           1           0  0.16s           2026-08-12T11:34:44
================================================================================
[2026-08-12T11:35:29.857+0000] {manager.py:878} INFO - 
================================================================================
DAG File Processing Stats

File Path                           PID    Runtime      # DAGs    # Errors  Last Runtime    Last Run
----------------------------------  -----  ---------  --------  ----------  --------------  -------------------
/opt/airflow/dags/hello_airflow.py                           1           0  0.13s           2026-08-12T11:35:14
================================================================================
[2026-08-12T11:36:00.118+0000] {manager.py:878} INFO - 
================================================================================
DAG File Processing Stats

File Path                           PID    Runtime      # DAGs    # Errors  Last Runtime    Last Run
----------------------------------  -----  ---------  --------  ----------  --------------  -------------------
/opt/airflow/dags/hello_airflow.py                           1           0  0.12s           2026-08-12T11:35:45
================================================================================
[2026-08-12T11:36:30.435+0000] {manager.py:878} INFO - 
================================================================================
DAG File Processing Stats

File Path                           PID    Runtime      # DAGs    # Errors  Last Runtime    Last Run
----------------------------------  -----  ---------  --------  ----------  --------------  -------------------
/opt/airflow/dags/hello_airflow.py                           1           0  0.21s           2026-08-12T11:36:15
================================================================================
[2026-08-12T11:37:00.642+0000] {manager.py:878} INFO - 
================================================================================
DAG File Processing Stats

File Path                           PID    Runtime      # DAGs    # Errors  Last Runtime    Last Run
----------------------------------  -----  ---------  --------  ----------  --------------  -------------------
/opt/airflow/dags/hello_airflow.py                           1           0  0.13s           2026-08-12T11:36:45
================================================================================
[2026-08-12T11:37:30.968+0000] {manager.py:878} INFO - 
================================================================================
DAG File Processing Stats

File Path                           PID    Runtime      # DAGs    # Errors  Last Runtime    Last Run
----------------------------------  -----  ---------  --------  ----------  --------------  -------------------
/opt/airflow/dags/hello_airflow.py                           1           0  0.14s           2026-08-12T11:37:15
================================================================================
[2026-08-12T11:38:01.239+0000] {manager.py:878} INFO - 
================================================================================
DAG File Processing Stats

File Path                           PID    Runtime      # DAGs    # Errors  Last Runtime    Last Run
----------------------------------  -----  ---------  --------  ----------  --------------  -------------------
/opt/airflow/dags/hello_airflow.py                           1           0  0.15s           2026-08-12T11:37:46
================================================================================
[2026-08-12T11:38:31.553+0000] {manager.py:878} INFO - 
================================================================================
DAG File Processing Stats

File Path                           PID    Runtime      # DAGs    # Errors  Last Runtime    Last Run
----------------------------------  -----  ---------  --------  ----------  --------------  -------------------
/opt/airflow/dags/hello_airflow.py                           1           0  0.12s           2026-08-12T11:38:16
================================================================================
[2026-08-12T11:39:01.929+0000] {manager.py:878} INFO - 
================================================================================
DAG File Processing Stats

File Path                           PID    Runtime      # DAGs    # Errors  Last Runtime    Last Run
----------------------------------  -----  ---------  --------  ----------  --------------  -------------------
/opt/airflow/dags/hello_airflow.py                           1           0  0.18s           2026-08-12T11:38:46
================================================================================
[2026-08-12T11:39:19.112+0000] {manager.py:737} INFO - Searching for files in /opt/airflow/dags
[2026-08-12T11:39:19.129+0000] {manager.py:740} INFO - There are 1 files in /opt/airflow/dags
[2026-08-12T11:39:32.240+0000] {manager.py:878} INFO - 
================================================================================
DAG File Processing Stats

File Path                           PID    Runtime      # DAGs    # Errors  Last Runtime    Last Run
----------------------------------  -----  ---------  --------  ----------  --------------  -------------------
/opt/airflow/dags/hello_airflow.py                           1           0  0.12s           2026-08-12T11:39:17
================================================================================
[2026-08-12T11:40:02.550+0000] {manager.py:878} INFO - 
================================================================================
DAG File Processing Stats

File Path                           PID    Runtime      # DAGs    # Errors  Last Runtime    Last Run
----------------------------------  -----  ---------  --------  ----------  --------------  -------------------
/opt/airflow/dags/hello_airflow.py                           1           0  0.15s           2026-08-12T11:39:47
================================================================================
[2026-08-12T11:40:32.899+0000] {manager.py:878} INFO - 
================================================================================
DAG File Processing Stats

File Path                           PID    Runtime      # DAGs    # Errors  Last Runtime    Last Run
----------------------------------  -----  ---------  --------  ----------  --------------  -------------------
/opt/airflow/dags/hello_airflow.py                           1           0  0.14s           2026-08-12T11:40:17
================================================================================
[2026-08-12T11:41:03.432+0000] {manager.py:878} INFO - 
================================================================================
DAG File Processing Stats

File Path                           PID    Runtime      # DAGs    # Errors  Last Runtime    Last Run
----------------------------------  -----  ---------  --------  ----------  --------------  -------------------
/opt/airflow/dags/hello_airflow.py                           1           0  0.22s           2026-08-12T11:40:48
================================================================================
[2026-08-12T11:41:33.444+0000] {manager.py:878} INFO - 
================================================================================
DAG File Processing Stats

File Path                           PID    Runtime      # DAGs    # Errors  Last Runtime    Last Run
----------------------------------  -----  ---------  --------  ----------  --------------  -------------------
/opt/airflow/dags/hello_airflow.py                           1           0  0.44s           2026-08-12T11:41:19
================================================================================
[2026-08-12T11:42:03.705+0000] {manager.py:878} INFO - 
================================================================================
DAG File Processing Stats

File Path                           PID    Runtime      # DAGs    # Errors  Last Runtime    Last Run
----------------------------------  -----  ---------  --------  ----------  --------------  -------------------
/opt/airflow/dags/hello_airflow.py                           1           0  0.98s           2026-08-12T11:41:50
================================================================================
[2026-08-12T11:42:33.950+0000] {manager.py:878} INFO - 
================================================================================
DAG File Processing Stats

File Path                           PID    Runtime      # DAGs    # Errors  Last Runtime    Last Run
----------------------------------  -----  ---------  --------  ----------  --------------  -------------------
/opt/airflow/dags/hello_airflow.py                           1           0  0.25s           2026-08-12T11:42:21
================================================================================
[2026-08-12T11:43:04.558+0000] {manager.py:878} INFO - 
================================================================================
DAG File Processing Stats

File Path                           PID    Runtime      # DAGs    # Errors  Last Runtime    Last Run
----------------------------------  -----  ---------  --------  ----------  --------------  -------------------
/opt/airflow/dags/hello_airflow.py                           1           0  0.59s           2026-08-12T11:42:51
================================================================================
[2026-08-12T11:43:35.129+0000] {manager.py:878} INFO - 
================================================================================
DAG File Processing Stats

File Path                           PID    Runtime      # DAGs    # Errors  Last Runtime    Last Run
----------------------------------  -----  ---------  --------  ----------  --------------  -------------------
/opt/airflow/dags/hello_airflow.py                           1           0  0.24s           2026-08-12T11:43:22
================================================================================
[2026-08-12T11:44:05.574+0000] {manager.py:878} INFO - 
================================================================================
DAG File Processing Stats

File Path                           PID    Runtime      # DAGs    # Errors  Last Runtime    Last Run
----------------------------------  -----  ---------  --------  ----------  --------------  -------------------
/opt/airflow/dags/hello_airflow.py                           1           0  0.35s           2026-08-12T11:43:52
================================================================================
[2026-08-12T11:44:19.660+0000] {manager.py:737} INFO - Searching for files in /opt/airflow/dags
[2026-08-12T11:44:19.679+0000] {manager.py:740} INFO - There are 1 files in /opt/airflow/dags
[2026-08-12T11:44:35.622+0000] {manager.py:878} INFO - 
================================================================================
DAG File Processing Stats

File Path                           PID    Runtime      # DAGs    # Errors  Last Runtime    Last Run
----------------------------------  -----  ---------  --------  ----------  --------------  -------------------
/opt/airflow/dags/hello_airflow.py                           1           0  0.40s           2026-08-12T11:44:23
================================================================================
[2026-08-12T11:45:05.899+0000] {manager.py:878} INFO - 
================================================================================
DAG File Processing Stats

File Path                           PID    Runtime      # DAGs    # Errors  Last Runtime    Last Run
----------------------------------  -----  ---------  --------  ----------  --------------  -------------------
/opt/airflow/dags/hello_airflow.py                           1           0  0.21s           2026-08-12T11:44:54
================================================================================
[2026-08-12T11:45:36.262+0000] {manager.py:878} INFO - 
================================================================================
DAG File Processing Stats

File Path                           PID    Runtime      # DAGs    # Errors  Last Runtime    Last Run
----------------------------------  -----  ---------  --------  ----------  --------------  -------------------
/opt/airflow/dags/hello_airflow.py                           1           0  0.15s           2026-08-12T11:45:24
================================================================================
[2026-08-12T11:46:06.660+0000] {manager.py:878} INFO - 
================================================================================
DAG File Processing Stats

File Path                           PID    Runtime      # DAGs    # Errors  Last Runtime    Last Run
----------------------------------  -----  ---------  --------  ----------  --------------  -------------------
/opt/airflow/dags/hello_airflow.py                           1           0  0.24s           2026-08-12T11:45:54
================================================================================
[2026-08-12T11:46:36.967+0000] {manager.py:878} INFO - 
================================================================================
DAG File Processing Stats

File Path                           PID    Runtime      # DAGs    # Errors  Last Runtime    Last Run
----------------------------------  -----  ---------  --------  ----------  --------------  -------------------
/opt/airflow/dags/hello_airflow.py                           1           0  0.14s           2026-08-12T11:46:24
================================================================================
[2026-08-12T11:47:07.261+0000] {manager.py:878} INFO - 
================================================================================
DAG File Processing Stats

File Path                           PID    Runtime      # DAGs    # Errors  Last Runtime    Last Run
----------------------------------  -----  ---------  --------  ----------  --------------  -------------------
/opt/airflow/dags/hello_airflow.py                           1           0  0.16s           2026-08-12T11:46:55
================================================================================
[2026-08-12T11:47:37.555+0000] {manager.py:878} INFO - 
================================================================================
DAG File Processing Stats

File Path                           PID    Runtime      # DAGs    # Errors  Last Runtime    Last Run
----------------------------------  -----  ---------  --------  ----------  --------------  -------------------
/opt/airflow/dags/hello_airflow.py                           1           0  0.14s           2026-08-12T11:47:25
================================================================================
[2026-08-12T11:48:07.795+0000] {manager.py:878} INFO - 
================================================================================
DAG File Processing Stats

File Path                           PID    Runtime      # DAGs    # Errors  Last Runtime    Last Run
----------------------------------  -----  ---------  --------  ----------  --------------  -------------------
/opt/airflow/dags/hello_airflow.py                           1           0  0.13s           2026-08-12T11:47:55
================================================================================
[2026-08-12T11:48:38.163+0000] {manager.py:878} INFO - 
================================================================================
DAG File Processing Stats

File Path                           PID    Runtime      # DAGs    # Errors  Last Runtime    Last Run
----------------------------------  -----  ---------  --------  ----------  --------------  -------------------
/opt/airflow/dags/hello_airflow.py                           1           0  0.17s           2026-08-12T11:48:26
================================================================================
[2026-08-12T11:49:08.452+0000] {manager.py:878} INFO - 
================================================================================
DAG File Processing Stats

File Path                           PID    Runtime      # DAGs    # Errors  Last Runtime    Last Run
----------------------------------  -----  ---------  --------  ----------  --------------  -------------------
/opt/airflow/dags/hello_airflow.py                           1           0  0.23s           2026-08-12T11:48:56
================================================================================
[2026-08-12T11:49:19.715+0000] {manager.py:737} INFO - Searching for files in /opt/airflow/dags
[2026-08-12T11:49:19.762+0000] {manager.py:740} INFO - There are 1 files in /opt/airflow/dags
[2026-08-12T11:49:33.496+0000] {manager.py:452} INFO - Exiting gracefully upon receiving signal 15
[2026-08-12T13:39:26.657+0000] {manager.py:470} INFO - Processing files using up to 2 processes at a time 
[2026-08-12T13:39:26.662+0000] {manager.py:471} INFO - Process each file at most once every 30 seconds
[2026-08-12T13:39:26.667+0000] {manager.py:472} INFO - Checking for new files in /opt/airflow/dags every 300 seconds
[2026-08-12T13:39:26.670+0000] {manager.py:737} INFO - Searching for files in /opt/airflow/dags
[2026-08-12T13:39:26.733+0000] {manager.py:740} INFO - There are 1 files in /opt/airflow/dags
[2026-08-12T13:39:27.102+0000] {manager.py:878} INFO - 
================================================================================
DAG File Processing Stats

File Path                             PID  Runtime      # DAGs    # Errors  Last Runtime    Last Run
----------------------------------  -----  ---------  --------  ----------  --------------  ----------
/opt/airflow/dags/hello_airflow.py    186  0.16s             0           0
================================================================================
[2026-08-12T13:39:57.450+0000] {manager.py:878} INFO - 
================================================================================
DAG File Processing Stats

File Path                           PID    Runtime      # DAGs    # Errors  Last Runtime    Last Run
----------------------------------  -----  ---------  --------  ----------  --------------  -------------------
/opt/airflow/dags/hello_airflow.py                           1           0  1.09s           2026-08-12T13:39:28
================================================================================
[2026-08-12T13:40:27.855+0000] {manager.py:878} INFO - 
================================================================================
DAG File Processing Stats

File Path                           PID    Runtime      # DAGs    # Errors  Last Runtime    Last Run
----------------------------------  -----  ---------  --------  ----------  --------------  -------------------
/opt/airflow/dags/hello_airflow.py                           1           0  1.03s           2026-08-12T13:39:59
================================================================================
[2026-08-12T13:40:58.234+0000] {manager.py:878} INFO - 
================================================================================
DAG File Processing Stats

File Path                           PID    Runtime      # DAGs    # Errors  Last Runtime    Last Run
----------------------------------  -----  ---------  --------  ----------  --------------  -------------------
/opt/airflow/dags/hello_airflow.py                           1           0  0.27s           2026-08-12T13:40:30
================================================================================
[2026-08-12T13:41:28.497+0000] {manager.py:878} INFO - 
================================================================================
DAG File Processing Stats

File Path                           PID    Runtime      # DAGs    # Errors  Last Runtime    Last Run
----------------------------------  -----  ---------  --------  ----------  --------------  -------------------
/opt/airflow/dags/hello_airflow.py                           1           0  0.13s           2026-08-12T13:41:00
================================================================================
[2026-08-12T13:41:58.712+0000] {manager.py:878} INFO - 
================================================================================
DAG File Processing Stats

File Path                           PID    Runtime      # DAGs    # Errors  Last Runtime    Last Run
----------------------------------  -----  ---------  --------  ----------  --------------  -------------------
/opt/airflow/dags/hello_airflow.py                           1           0  0.09s           2026-08-12T13:41:30
================================================================================
[2026-08-12T13:42:28.922+0000] {manager.py:878} INFO - 
================================================================================
DAG File Processing Stats

File Path                           PID    Runtime      # DAGs    # Errors  Last Runtime    Last Run
----------------------------------  -----  ---------  --------  ----------  --------------  -------------------
/opt/airflow/dags/hello_airflow.py                           1           0  0.13s           2026-08-12T13:42:00
================================================================================
[2026-08-12T13:42:59.191+0000] {manager.py:878} INFO - 
================================================================================
DAG File Processing Stats

File Path                           PID    Runtime      # DAGs    # Errors  Last Runtime    Last Run
----------------------------------  -----  ---------  --------  ----------  --------------  -------------------
/opt/airflow/dags/hello_airflow.py                           1           0  0.17s           2026-08-12T13:42:31
================================================================================
[2026-08-12T13:43:29.450+0000] {manager.py:878} INFO - 
================================================================================
DAG File Processing Stats

File Path                           PID    Runtime      # DAGs    # Errors  Last Runtime    Last Run
----------------------------------  -----  ---------  --------  ----------  --------------  -------------------
/opt/airflow/dags/hello_airflow.py                           1           0  0.09s           2026-08-12T13:43:01
================================================================================
[2026-08-12T13:43:59.656+0000] {manager.py:878} INFO - 
================================================================================
DAG File Processing Stats

File Path                           PID    Runtime      # DAGs    # Errors  Last Runtime    Last Run
----------------------------------  -----  ---------  --------  ----------  --------------  -------------------
/opt/airflow/dags/hello_airflow.py                           1           0  0.17s           2026-08-12T13:43:31
================================================================================
[2026-08-12T13:44:26.981+0000] {manager.py:737} INFO - Searching for files in /opt/airflow/dags
[2026-08-12T13:44:27.004+0000] {manager.py:740} INFO - There are 1 files in /opt/airflow/dags
[2026-08-12T13:44:30.036+0000] {manager.py:878} INFO - 
================================================================================
DAG File Processing Stats

File Path                           PID    Runtime      # DAGs    # Errors  Last Runtime    Last Run
----------------------------------  -----  ---------  --------  ----------  --------------  -------------------
/opt/airflow/dags/hello_airflow.py                           1           0  0.13s           2026-08-12T13:44:01
================================================================================
[2026-08-12T13:45:00.252+0000] {manager.py:878} INFO - 
================================================================================
DAG File Processing Stats

File Path                           PID    Runtime      # DAGs    # Errors  Last Runtime    Last Run
----------------------------------  -----  ---------  --------  ----------  --------------  -------------------
/opt/airflow/dags/hello_airflow.py                           1           0  0.10s           2026-08-12T13:44:32
================================================================================
[2026-08-12T13:45:30.490+0000] {manager.py:878} INFO - 
================================================================================
DAG File Processing Stats

File Path                           PID    Runtime      # DAGs    # Errors  Last Runtime    Last Run
----------------------------------  -----  ---------  --------  ----------  --------------  -------------------
/opt/airflow/dags/hello_airflow.py                           1           0  0.27s           2026-08-12T13:45:02
================================================================================
[2026-08-12T13:46:00.917+0000] {manager.py:878} INFO - 
================================================================================
DAG File Processing Stats

File Path                           PID    Runtime      # DAGs    # Errors  Last Runtime    Last Run
----------------------------------  -----  ---------  --------  ----------  --------------  -------------------
/opt/airflow/dags/hello_airflow.py                           1           0  0.09s           2026-08-12T13:45:32
================================================================================
[2026-08-12T13:46:31.153+0000] {manager.py:878} INFO - 
================================================================================
DAG File Processing Stats

File Path                           PID    Runtime      # DAGs    # Errors  Last Runtime    Last Run
----------------------------------  -----  ---------  --------  ----------  --------------  -------------------
/opt/airflow/dags/hello_airflow.py                           1           0  0.09s           2026-08-12T13:46:03
================================================================================
[2026-08-12T13:47:01.363+0000] {manager.py:878} INFO - 
================================================================================
DAG File Processing Stats

File Path                           PID    Runtime      # DAGs    # Errors  Last Runtime    Last Run
----------------------------------  -----  ---------  --------  ----------  --------------  -------------------
/opt/airflow/dags/hello_airflow.py                           1           0  0.13s           2026-08-12T13:46:33
================================================================================
[2026-08-12T13:47:31.647+0000] {manager.py:878} INFO - 
================================================================================
DAG File Processing Stats

File Path                           PID    Runtime      # DAGs    # Errors  Last Runtime    Last Run
----------------------------------  -----  ---------  --------  ----------  --------------  -------------------
/opt/airflow/dags/hello_airflow.py                           1           0  0.09s           2026-08-12T13:47:03
================================================================================
[2026-08-12T13:48:01.846+0000] {manager.py:878} INFO - 
================================================================================
DAG File Processing Stats

File Path                           PID    Runtime      # DAGs    # Errors  Last Runtime    Last Run
----------------------------------  -----  ---------  --------  ----------  --------------  -------------------
/opt/airflow/dags/hello_airflow.py                           1           0  0.09s           2026-08-12T13:47:33
================================================================================
[2026-08-12T13:48:32.082+0000] {manager.py:878} INFO - 
================================================================================
DAG File Processing Stats

File Path                           PID    Runtime      # DAGs    # Errors  Last Runtime    Last Run
----------------------------------  -----  ---------  --------  ----------  --------------  -------------------
/opt/airflow/dags/hello_airflow.py                           1           0  0.10s           2026-08-12T13:48:03
================================================================================
[2026-08-12T13:49:02.307+0000] {manager.py:878} INFO - 
================================================================================
DAG File Processing Stats

File Path                           PID    Runtime      # DAGs    # Errors  Last Runtime    Last Run
----------------------------------  -----  ---------  --------  ----------  --------------  -------------------
/opt/airflow/dags/hello_airflow.py                           1           0  0.09s           2026-08-12T13:48:34
================================================================================
[2026-08-12T13:49:27.503+0000] {manager.py:737} INFO - Searching for files in /opt/airflow/dags
[2026-08-12T13:49:27.529+0000] {manager.py:740} INFO - There are 1 files in /opt/airflow/dags
[2026-08-12T13:49:32.570+0000] {manager.py:878} INFO - 
================================================================================
DAG File Processing Stats

File Path                           PID    Runtime      # DAGs    # Errors  Last Runtime    Last Run
----------------------------------  -----  ---------  --------  ----------  --------------  -------------------
/opt/airflow/dags/hello_airflow.py                           1           0  0.15s           2026-08-12T13:49:04
================================================================================
[2026-08-12T13:50:02.807+0000] {manager.py:878} INFO - 
================================================================================
DAG File Processing Stats

File Path                           PID    Runtime      # DAGs    # Errors  Last Runtime    Last Run
----------------------------------  -----  ---------  --------  ----------  --------------  -------------------
/opt/airflow/dags/hello_airflow.py                           1           0  0.10s           2026-08-12T13:49:34
================================================================================
[2026-08-12T13:50:33.010+0000] {manager.py:878} INFO - 
================================================================================
DAG File Processing Stats

File Path                           PID    Runtime      # DAGs    # Errors  Last Runtime    Last Run
----------------------------------  -----  ---------  --------  ----------  --------------  -------------------
/opt/airflow/dags/hello_airflow.py                           1           0  0.09s           2026-08-12T13:50:04
================================================================================
[2026-08-12T13:51:03.244+0000] {manager.py:878} INFO - 
================================================================================
DAG File Processing Stats

File Path                           PID    Runtime      # DAGs    # Errors  Last Runtime    Last Run
----------------------------------  -----  ---------  --------  ----------  --------------  -------------------
/opt/airflow/dags/hello_airflow.py                           1           0  0.19s           2026-08-12T13:50:35
================================================================================
[2026-08-12T13:51:33.456+0000] {manager.py:878} INFO - 
================================================================================
DAG File Processing Stats

File Path                           PID    Runtime      # DAGs    # Errors  Last Runtime    Last Run
----------------------------------  -----  ---------  --------  ----------  --------------  -------------------
/opt/airflow/dags/hello_airflow.py                           1           0  0.09s           2026-08-12T13:51:05
================================================================================
[2026-08-12T13:52:03.676+0000] {manager.py:878} INFO - 
================================================================================
DAG File Processing Stats

File Path                           PID    Runtime      # DAGs    # Errors  Last Runtime    Last Run
----------------------------------  -----  ---------  --------  ----------  --------------  -------------------
/opt/airflow/dags/hello_airflow.py                           1           0  0.09s           2026-08-12T13:51:35
================================================================================
[2026-08-12T13:52:33.883+0000] {manager.py:878} INFO - 
================================================================================
DAG File Processing Stats

File Path                           PID    Runtime      # DAGs    # Errors  Last Runtime    Last Run
----------------------------------  -----  ---------  --------  ----------  --------------  -------------------
/opt/airflow/dags/hello_airflow.py                           1           0  0.16s           2026-08-12T13:52:05
================================================================================
[2026-08-12T13:53:04.081+0000] {manager.py:878} INFO - 
================================================================================
DAG File Processing Stats

File Path                           PID    Runtime      # DAGs    # Errors  Last Runtime    Last Run
----------------------------------  -----  ---------  --------  ----------  --------------  -------------------
/opt/airflow/dags/hello_airflow.py                           1           0  0.09s           2026-08-12T13:52:36
================================================================================
[2026-08-12T13:53:34.318+0000] {manager.py:878} INFO - 
================================================================================
DAG File Processing Stats

File Path                           PID    Runtime      # DAGs    # Errors  Last Runtime    Last Run
----------------------------------  -----  ---------  --------  ----------  --------------  -------------------
/opt/airflow/dags/hello_airflow.py                           1           0  0.10s           2026-08-12T13:53:06
================================================================================
[2026-08-12T13:54:04.518+0000] {manager.py:878} INFO - 
================================================================================
DAG File Processing Stats

File Path                           PID    Runtime      # DAGs    # Errors  Last Runtime    Last Run
----------------------------------  -----  ---------  --------  ----------  --------------  -------------------
/opt/airflow/dags/hello_airflow.py                           1           0  0.12s           2026-08-12T13:53:36
================================================================================
[2026-08-12T13:54:27.738+0000] {manager.py:737} INFO - Searching for files in /opt/airflow/dags
[2026-08-12T13:54:27.759+0000] {manager.py:740} INFO - There are 1 files in /opt/airflow/dags
[2026-08-12T13:54:34.821+0000] {manager.py:878} INFO - 
================================================================================
DAG File Processing Stats

File Path                           PID    Runtime      # DAGs    # Errors  Last Runtime    Last Run
----------------------------------  -----  ---------  --------  ----------  --------------  -------------------
/opt/airflow/dags/hello_airflow.py                           1           0  0.09s           2026-08-12T13:54:06
================================================================================
[2026-08-12T13:55:05.028+0000] {manager.py:878} INFO - 
================================================================================
DAG File Processing Stats

File Path                           PID    Runtime      # DAGs    # Errors  Last Runtime    Last Run
----------------------------------  -----  ---------  --------  ----------  --------------  -------------------
/opt/airflow/dags/hello_airflow.py                           1           0  0.09s           2026-08-12T13:54:36
================================================================================
[2026-08-12T13:55:35.259+0000] {manager.py:878} INFO - 
================================================================================
DAG File Processing Stats

File Path                           PID    Runtime      # DAGs    # Errors  Last Runtime    Last Run
----------------------------------  -----  ---------  --------  ----------  --------------  -------------------
/opt/airflow/dags/hello_airflow.py                           1           0  0.15s           2026-08-12T13:55:07
================================================================================
[2026-08-12T13:56:05.516+0000] {manager.py:878} INFO - 
================================================================================
DAG File Processing Stats

File Path                           PID    Runtime      # DAGs    # Errors  Last Runtime    Last Run
----------------------------------  -----  ---------  --------  ----------  --------------  -------------------
/opt/airflow/dags/hello_airflow.py                           1           0  0.09s           2026-08-12T13:55:37
================================================================================
[2026-08-12T13:56:35.720+0000] {manager.py:878} INFO - 
================================================================================
DAG File Processing Stats

File Path                           PID    Runtime      # DAGs    # Errors  Last Runtime    Last Run
----------------------------------  -----  ---------  --------  ----------  --------------  -------------------
/opt/airflow/dags/hello_airflow.py                           1           0  0.10s           2026-08-12T13:56:07
================================================================================
[2026-08-12T13:57:05.962+0000] {manager.py:878} INFO - 
================================================================================
DAG File Processing Stats

File Path                           PID    Runtime      # DAGs    # Errors  Last Runtime    Last Run
----------------------------------  -----  ---------  --------  ----------  --------------  -------------------
/opt/airflow/dags/hello_airflow.py                           1           0  0.14s           2026-08-12T13:56:37
================================================================================
[2026-08-12T13:57:36.203+0000] {manager.py:878} INFO - 
================================================================================
DAG File Processing Stats

File Path                           PID    Runtime      # DAGs    # Errors  Last Runtime    Last Run
----------------------------------  -----  ---------  --------  ----------  --------------  -------------------
/opt/airflow/dags/hello_airflow.py                           1           0  0.10s           2026-08-12T13:57:08
================================================================================
[2026-08-12T13:58:06.397+0000] {manager.py:878} INFO - 
================================================================================
DAG File Processing Stats

File Path                           PID    Runtime      # DAGs    # Errors  Last Runtime    Last Run
----------------------------------  -----  ---------  --------  ----------  --------------  -------------------
/opt/airflow/dags/hello_airflow.py                           1           0  0.10s           2026-08-12T13:57:38
================================================================================
[2026-08-12T13:58:36.633+0000] {manager.py:878} INFO - 
================================================================================
DAG File Processing Stats

File Path                           PID    Runtime      # DAGs    # Errors  Last Runtime    Last Run
----------------------------------  -----  ---------  --------  ----------  --------------  -------------------
/opt/airflow/dags/hello_airflow.py                           1           0  0.09s           2026-08-12T13:58:08
================================================================================
[2026-08-12T13:59:06.840+0000] {manager.py:878} INFO - 
================================================================================
DAG File Processing Stats

File Path                           PID    Runtime      # DAGs    # Errors  Last Runtime    Last Run
----------------------------------  -----  ---------  --------  ----------  --------------  -------------------
/opt/airflow/dags/hello_airflow.py                           1           0  0.09s           2026-08-12T13:58:38
================================================================================
[2026-08-12T13:59:28.018+0000] {manager.py:737} INFO - Searching for files in /opt/airflow/dags
[2026-08-12T13:59:28.041+0000] {manager.py:740} INFO - There are 1 files in /opt/airflow/dags
[2026-08-12T13:59:37.110+0000] {manager.py:878} INFO - 
================================================================================
DAG File Processing Stats

File Path                           PID    Runtime      # DAGs    # Errors  Last Runtime    Last Run
----------------------------------  -----  ---------  --------  ----------  --------------  -------------------
/opt/airflow/dags/hello_airflow.py                           1           0  0.15s           2026-08-12T13:59:09
================================================================================
[2026-08-12T14:00:07.341+0000] {manager.py:878} INFO - 
================================================================================
DAG File Processing Stats

File Path                           PID    Runtime      # DAGs    # Errors  Last Runtime    Last Run
----------------------------------  -----  ---------  --------  ----------  --------------  -------------------
/opt/airflow/dags/hello_airflow.py                           1           0  0.09s           2026-08-12T13:59:39
================================================================================
[2026-08-12T14:00:37.549+0000] {manager.py:878} INFO - 
================================================================================
DAG File Processing Stats

File Path                           PID    Runtime      # DAGs    # Errors  Last Runtime    Last Run
----------------------------------  -----  ---------  --------  ----------  --------------  -------------------
/opt/airflow/dags/hello_airflow.py                           1           0  0.10s           2026-08-12T14:00:09
================================================================================
[2026-08-12T14:01:07.778+0000] {manager.py:878} INFO - 
================================================================================
DAG File Processing Stats

File Path                           PID    Runtime      # DAGs    # Errors  Last Runtime    Last Run
----------------------------------  -----  ---------  --------  ----------  --------------  -------------------
/opt/airflow/dags/hello_airflow.py                           1           0  0.12s           2026-08-12T14:00:39
================================================================================
[2026-08-12T14:01:38.027+0000] {manager.py:878} INFO - 
================================================================================
DAG File Processing Stats

File Path                           PID    Runtime      # DAGs    # Errors  Last Runtime    Last Run
----------------------------------  -----  ---------  --------  ----------  --------------  -------------------
/opt/airflow/dags/hello_airflow.py                           1           0  0.10s           2026-08-12T14:01:09
================================================================================
[2026-08-12T14:02:08.235+0000] {manager.py:878} INFO - 
================================================================================
DAG File Processing Stats

File Path                           PID    Runtime      # DAGs    # Errors  Last Runtime    Last Run
----------------------------------  -----  ---------  --------  ----------  --------------  -------------------
/opt/airflow/dags/hello_airflow.py                           1           0  0.16s           2026-08-12T14:01:40
================================================================================
[2026-08-12T14:02:38.439+0000] {manager.py:878} INFO - 
================================================================================
DAG File Processing Stats

File Path                           PID    Runtime      # DAGs    # Errors  Last Runtime    Last Run
----------------------------------  -----  ---------  --------  ----------  --------------  -------------------
/opt/airflow/dags/hello_airflow.py                           1           0  0.09s           2026-08-12T14:02:10
================================================================================
[2026-08-12T14:03:08.672+0000] {manager.py:878} INFO - 
================================================================================
DAG File Processing Stats

File Path                           PID    Runtime      # DAGs    # Errors  Last Runtime    Last Run
----------------------------------  -----  ---------  --------  ----------  --------------  -------------------
/opt/airflow/dags/hello_airflow.py                           1           0  0.12s           2026-08-12T14:02:40
================================================================================
[2026-08-12T14:03:38.895+0000] {manager.py:878} INFO - 
================================================================================
DAG File Processing Stats

File Path                           PID    Runtime      # DAGs    # Errors  Last Runtime    Last Run
----------------------------------  -----  ---------  --------  ----------  --------------  -------------------
/opt/airflow/dags/hello_airflow.py                           1           0  0.17s           2026-08-12T14:03:10
================================================================================
[2026-08-12T14:04:09.107+0000] {manager.py:878} INFO - 
================================================================================
DAG File Processing Stats

File Path                           PID    Runtime      # DAGs    # Errors  Last Runtime    Last Run
----------------------------------  -----  ---------  --------  ----------  --------------  -------------------
/opt/airflow/dags/hello_airflow.py                           1           0  0.10s           2026-08-12T14:03:41
================================================================================
[2026-08-12T14:04:28.269+0000] {manager.py:737} INFO - Searching for files in /opt/airflow/dags
[2026-08-12T14:04:28.293+0000] {manager.py:740} INFO - There are 1 files in /opt/airflow/dags
[2026-08-12T14:04:39.375+0000] {manager.py:878} INFO - 
================================================================================
DAG File Processing Stats

File Path                           PID    Runtime      # DAGs    # Errors  Last Runtime    Last Run
----------------------------------  -----  ---------  --------  ----------  --------------  -------------------
/opt/airflow/dags/hello_airflow.py                           1           0  0.19s           2026-08-12T14:04:11
================================================================================
[2026-08-12T14:05:09.646+0000] {manager.py:878} INFO - 
================================================================================
DAG File Processing Stats

File Path                           PID    Runtime      # DAGs    # Errors  Last Runtime    Last Run
----------------------------------  -----  ---------  --------  ----------  --------------  -------------------
/opt/airflow/dags/hello_airflow.py                           1           0  0.09s           2026-08-12T14:04:41
================================================================================
[2026-08-12T14:05:39.840+0000] {manager.py:878} INFO - 
================================================================================
DAG File Processing Stats

File Path                           PID    Runtime      # DAGs    # Errors  Last Runtime    Last Run
----------------------------------  -----  ---------  --------  ----------  --------------  -------------------
/opt/airflow/dags/hello_airflow.py                           1           0  0.10s           2026-08-12T14:05:11
================================================================================
[2026-08-12T14:06:10.090+0000] {manager.py:878} INFO - 
================================================================================
DAG File Processing Stats

File Path                           PID    Runtime      # DAGs    # Errors  Last Runtime    Last Run
----------------------------------  -----  ---------  --------  ----------  --------------  -------------------
/opt/airflow/dags/hello_airflow.py                           1           0  0.12s           2026-08-12T14:05:41
================================================================================
[2026-08-12T14:06:40.318+0000] {manager.py:878} INFO - 
================================================================================
DAG File Processing Stats

File Path                           PID    Runtime      # DAGs    # Errors  Last Runtime    Last Run
----------------------------------  -----  ---------  --------  ----------  --------------  -------------------
/opt/airflow/dags/hello_airflow.py                           1           0  0.09s           2026-08-12T14:06:12
================================================================================
[2026-08-12T14:07:10.640+0000] {manager.py:878} INFO - 
================================================================================
DAG File Processing Stats

File Path                           PID    Runtime      # DAGs    # Errors  Last Runtime    Last Run
----------------------------------  -----  ---------  --------  ----------  --------------  -------------------
/opt/airflow/dags/hello_airflow.py                           1           0  0.14s           2026-08-12T14:06:42
================================================================================
[2026-08-12T14:07:40.911+0000] {manager.py:878} INFO - 
================================================================================
DAG File Processing Stats

File Path                           PID    Runtime      # DAGs    # Errors  Last Runtime    Last Run
----------------------------------  -----  ---------  --------  ----------  --------------  -------------------
/opt/airflow/dags/hello_airflow.py                           1           0  0.93s           2026-08-12T14:07:13
================================================================================
[2026-08-12T14:08:11.139+0000] {manager.py:878} INFO - 
================================================================================
DAG File Processing Stats

File Path                           PID    Runtime      # DAGs    # Errors  Last Runtime    Last Run
----------------------------------  -----  ---------  --------  ----------  --------------  -------------------
/opt/airflow/dags/hello_airflow.py                           1           0  0.18s           2026-08-12T14:07:44
================================================================================
[2026-08-12T14:08:41.480+0000] {manager.py:878} INFO - 
================================================================================
DAG File Processing Stats

File Path                           PID    Runtime      # DAGs    # Errors  Last Runtime    Last Run
----------------------------------  -----  ---------  --------  ----------  --------------  -------------------
/opt/airflow/dags/hello_airflow.py                           1           0  0.28s           2026-08-12T14:08:14
================================================================================
[2026-08-12T14:09:11.819+0000] {manager.py:878} INFO - 
================================================================================
DAG File Processing Stats

File Path                           PID    Runtime      # DAGs    # Errors  Last Runtime    Last Run
----------------------------------  -----  ---------  --------  ----------  --------------  -------------------
/opt/airflow/dags/hello_airflow.py                           1           0  0.12s           2026-08-12T14:08:44
================================================================================
[2026-08-12T14:09:28.480+0000] {manager.py:737} INFO - Searching for files in /opt/airflow/dags
[2026-08-12T14:09:30.435+0000] {manager.py:740} INFO - There are 1 files in /opt/airflow/dags
[2026-08-12T14:09:42.122+0000] {manager.py:878} INFO - 
================================================================================
DAG File Processing Stats

File Path                           PID    Runtime      # DAGs    # Errors  Last Runtime    Last Run
----------------------------------  -----  ---------  --------  ----------  --------------  -------------------
/opt/airflow/dags/hello_airflow.py                           1           0  0.68s           2026-08-12T14:09:15
================================================================================
[2026-08-12T14:10:12.428+0000] {manager.py:878} INFO - 
================================================================================
DAG File Processing Stats

File Path                           PID    Runtime      # DAGs    # Errors  Last Runtime    Last Run
----------------------------------  -----  ---------  --------  ----------  --------------  -------------------
/opt/airflow/dags/hello_airflow.py                           1           0  7.87s           2026-08-12T14:09:54
================================================================================
[2026-08-12T14:10:42.996+0000] {manager.py:878} INFO - 
================================================================================
DAG File Processing Stats

File Path                           PID    Runtime      # DAGs    # Errors  Last Runtime    Last Run
----------------------------------  -----  ---------  --------  ----------  --------------  -------------------
/opt/airflow/dags/hello_airflow.py                           1           0  3.56s           2026-08-12T14:10:29
================================================================================
[2026-08-12T14:10:45.520+0000] {manager.py:452} INFO - Exiting gracefully upon receiving signal 15
[2026-08-12T16:57:12.559+0000] {manager.py:470} INFO - Processing files using up to 2 processes at a time 
[2026-08-12T16:57:12.563+0000] {manager.py:471} INFO - Process each file at most once every 30 seconds
[2026-08-12T16:57:12.569+0000] {manager.py:472} INFO - Checking for new files in /opt/airflow/dags every 300 seconds
[2026-08-12T16:57:12.573+0000] {manager.py:737} INFO - Searching for files in /opt/airflow/dags
[2026-08-12T16:57:12.686+0000] {manager.py:740} INFO - There are 2 files in /opt/airflow/dags
[2026-08-12T16:57:13.137+0000] {manager.py:878} INFO - 
================================================================================
DAG File Processing Stats

File Path                                            PID  Runtime      # DAGs    # Errors  Last Runtime    Last Run
-------------------------------------------------  -----  ---------  --------  ----------  --------------  ----------
/opt/airflow/dags/clickstream_clean_events_dag.py    183  0.27s             0           0
/opt/airflow/dags/hello_airflow.py                   186  0.18s             0           0
================================================================================
[2026-08-12T16:57:43.689+0000] {manager.py:878} INFO - 
================================================================================
DAG File Processing Stats

File Path                                            PID  Runtime      # DAGs    # Errors  Last Runtime    Last Run
-------------------------------------------------  -----  ---------  --------  ----------  --------------  -------------------
/opt/airflow/dags/hello_airflow.py                   211  0.01s             1           0  0.59s           2026-08-12T16:57:13
/opt/airflow/dags/clickstream_clean_events_dag.py    208  0.03s             0           1  0.33s           2026-08-12T16:57:13
================================================================================
[2026-08-12T16:58:14.139+0000] {manager.py:878} INFO - 
================================================================================
DAG File Processing Stats

File Path                                            PID  Runtime      # DAGs    # Errors  Last Runtime    Last Run
-------------------------------------------------  -----  ---------  --------  ----------  --------------  -------------------
/opt/airflow/dags/hello_airflow.py                                          1           0  0.56s           2026-08-12T16:57:44
/opt/airflow/dags/clickstream_clean_events_dag.py    225  0.00s             0           1  0.19s           2026-08-12T16:57:43
================================================================================
[2026-08-12T16:58:44.517+0000] {manager.py:878} INFO - 
================================================================================
DAG File Processing Stats

File Path                                            PID  Runtime      # DAGs    # Errors  Last Runtime    Last Run
-------------------------------------------------  -----  ---------  --------  ----------  --------------  -------------------
/opt/airflow/dags/hello_airflow.py                                          1           0  0.12s           2026-08-12T16:58:15
/opt/airflow/dags/clickstream_clean_events_dag.py    249  0.01s             0           1  0.09s           2026-08-12T16:58:14
================================================================================
[2026-08-12T16:59:15.214+0000] {manager.py:878} INFO - 
================================================================================
DAG File Processing Stats

File Path                                            PID  Runtime      # DAGs    # Errors  Last Runtime    Last Run
-------------------------------------------------  -----  ---------  --------  ----------  --------------  -------------------
/opt/airflow/dags/hello_airflow.py                                          1           0  0.35s           2026-08-12T16:58:45
/opt/airflow/dags/clickstream_clean_events_dag.py    274  0.00s             0           1  0.24s           2026-08-12T16:58:44
================================================================================
[2026-08-12T16:59:45.588+0000] {manager.py:878} INFO - 
================================================================================
DAG File Processing Stats

File Path                                            PID  Runtime      # DAGs    # Errors  Last Runtime    Last Run
-------------------------------------------------  -----  ---------  --------  ----------  --------------  -------------------
/opt/airflow/dags/hello_airflow.py                                          1           0  0.11s           2026-08-12T16:59:16
/opt/airflow/dags/clickstream_clean_events_dag.py    298  0.01s             0           1  0.08s           2026-08-12T16:59:15
================================================================================
[2026-08-12T17:00:16.013+0000] {manager.py:878} INFO - 
================================================================================
DAG File Processing Stats

File Path                                            PID  Runtime      # DAGs    # Errors  Last Runtime    Last Run
-------------------------------------------------  -----  ---------  --------  ----------  --------------  -------------------
/opt/airflow/dags/hello_airflow.py                                          1           0  0.25s           2026-08-12T16:59:46
/opt/airflow/dags/clickstream_clean_events_dag.py    322  0.01s             0           1  0.18s           2026-08-12T16:59:45
================================================================================
[2026-08-12T17:00:46.400+0000] {manager.py:878} INFO - 
================================================================================
DAG File Processing Stats

File Path                                            PID  Runtime      # DAGs    # Errors  Last Runtime    Last Run
-------------------------------------------------  -----  ---------  --------  ----------  --------------  -------------------
/opt/airflow/dags/hello_airflow.py                                          1           0  0.12s           2026-08-12T17:00:17
/opt/airflow/dags/clickstream_clean_events_dag.py    346  0.01s             0           1  0.10s           2026-08-12T17:00:16
================================================================================
[2026-08-12T17:01:16.763+0000] {manager.py:878} INFO - 
================================================================================
DAG File Processing Stats

File Path                                            PID  Runtime      # DAGs    # Errors  Last Runtime    Last Run
-------------------------------------------------  -----  ---------  --------  ----------  --------------  -------------------
/opt/airflow/dags/hello_airflow.py                                          1           0  0.20s           2026-08-12T17:00:47
/opt/airflow/dags/clickstream_clean_events_dag.py    371  0.01s             0           1  0.12s           2026-08-12T17:00:46
================================================================================
[2026-08-12T17:01:47.271+0000] {manager.py:878} INFO - 
================================================================================
DAG File Processing Stats

File Path                                            PID  Runtime      # DAGs    # Errors  Last Runtime    Last Run
-------------------------------------------------  -----  ---------  --------  ----------  --------------  -------------------
/opt/airflow/dags/hello_airflow.py                                          1           0  0.27s           2026-08-12T17:01:18
/opt/airflow/dags/clickstream_clean_events_dag.py    388  0.01s             0           1  0.15s           2026-08-12T17:01:16
================================================================================
[2026-08-12T17:02:12.867+0000] {manager.py:737} INFO - Searching for files in /opt/airflow/dags
[2026-08-12T17:02:12.997+0000] {manager.py:740} INFO - There are 2 files in /opt/airflow/dags
[2026-08-12T17:02:18.214+0000] {manager.py:878} INFO - 
================================================================================
DAG File Processing Stats

File Path                                            PID  Runtime      # DAGs    # Errors  Last Runtime    Last Run
-------------------------------------------------  -----  ---------  --------  ----------  --------------  -------------------
/opt/airflow/dags/hello_airflow.py                                          1           0  0.32s           2026-08-12T17:01:48
/opt/airflow/dags/clickstream_clean_events_dag.py    412  0.02s             0           1  0.17s           2026-08-12T17:01:47
================================================================================
[2026-08-12T17:02:24.914+0000] {manager.py:452} INFO - Exiting gracefully upon receiving signal 15
[2026-08-12T17:03:30.243+0000] {manager.py:470} INFO - Processing files using up to 2 processes at a time 
[2026-08-12T17:03:30.247+0000] {manager.py:471} INFO - Process each file at most once every 30 seconds
[2026-08-12T17:03:30.250+0000] {manager.py:472} INFO - Checking for new files in /opt/airflow/dags every 300 seconds
[2026-08-12T17:03:30.254+0000] {manager.py:737} INFO - Searching for files in /opt/airflow/dags
[2026-08-12T17:03:30.334+0000] {manager.py:740} INFO - There are 2 files in /opt/airflow/dags
[2026-08-12T17:03:30.986+0000] {manager.py:878} INFO - 
================================================================================
DAG File Processing Stats

File Path                                            PID  Runtime      # DAGs    # Errors  Last Runtime    Last Run
-------------------------------------------------  -----  ---------  --------  ----------  --------------  ----------
/opt/airflow/dags/clickstream_clean_events_dag.py    179  0.49s             0           0
/opt/airflow/dags/hello_airflow.py                   182  0.34s             0           0
================================================================================
[2026-08-12T17:04:01.488+0000] {manager.py:878} INFO - 
================================================================================
DAG File Processing Stats

File Path                                          PID    Runtime      # DAGs    # Errors  Last Runtime    Last Run
-------------------------------------------------  -----  ---------  --------  ----------  --------------  -------------------
/opt/airflow/dags/clickstream_clean_events_dag.py                           1           0  1.80s           2026-08-12T17:03:32
/opt/airflow/dags/hello_airflow.py                                          1           0  1.63s           2026-08-12T17:03:32
================================================================================
[2026-08-12T17:04:32.037+0000] {manager.py:878} INFO - 
================================================================================
DAG File Processing Stats

File Path                                          PID    Runtime      # DAGs    # Errors  Last Runtime    Last Run
-------------------------------------------------  -----  ---------  --------  ----------  --------------  -------------------
/opt/airflow/dags/clickstream_clean_events_dag.py                           1           0  0.28s           2026-08-12T17:04:02
/opt/airflow/dags/hello_airflow.py                                          1           0  0.26s           2026-08-12T17:04:02
================================================================================
[2026-08-12T17:05:02.342+0000] {manager.py:878} INFO - 
================================================================================
DAG File Processing Stats

File Path                                          PID    Runtime      # DAGs    # Errors  Last Runtime    Last Run
-------------------------------------------------  -----  ---------  --------  ----------  --------------  -------------------
/opt/airflow/dags/clickstream_clean_events_dag.py                           1           0  0.30s           2026-08-12T17:04:33
/opt/airflow/dags/hello_airflow.py                                          1           0  0.27s           2026-08-12T17:04:33
================================================================================
[2026-08-12T17:05:32.441+0000] {manager.py:878} INFO - 
================================================================================
DAG File Processing Stats

File Path                                          PID    Runtime      # DAGs    # Errors  Last Runtime    Last Run
-------------------------------------------------  -----  ---------  --------  ----------  --------------  -------------------
/opt/airflow/dags/clickstream_clean_events_dag.py                           1           0  0.62s           2026-08-12T17:05:04
/opt/airflow/dags/hello_airflow.py                                          1           0  0.55s           2026-08-12T17:05:03
================================================================================
[2026-08-12T17:06:02.554+0000] {manager.py:878} INFO - 
================================================================================
DAG File Processing Stats

File Path                                          PID    Runtime      # DAGs    # Errors  Last Runtime    Last Run
-------------------------------------------------  -----  ---------  --------  ----------  --------------  -------------------
/opt/airflow/dags/hello_airflow.py                                          1           0  0.11s           2026-08-12T17:05:34
/opt/airflow/dags/clickstream_clean_events_dag.py                           1           0  0.11s           2026-08-12T17:05:34
================================================================================
[2026-08-12T17:06:32.837+0000] {manager.py:878} INFO - 
================================================================================
DAG File Processing Stats

File Path                                          PID    Runtime      # DAGs    # Errors  Last Runtime    Last Run
-------------------------------------------------  -----  ---------  --------  ----------  --------------  -------------------
/opt/airflow/dags/clickstream_clean_events_dag.py                           1           0  0.12s           2026-08-12T17:06:04
/opt/airflow/dags/hello_airflow.py                                          1           0  0.12s           2026-08-12T17:06:04
================================================================================
[2026-08-12T17:07:03.203+0000] {manager.py:878} INFO - 
================================================================================
DAG File Processing Stats

File Path                                          PID    Runtime      # DAGs    # Errors  Last Runtime    Last Run
-------------------------------------------------  -----  ---------  --------  ----------  --------------  -------------------
/opt/airflow/dags/clickstream_clean_events_dag.py                           1           0  0.13s           2026-08-12T17:06:34
/opt/airflow/dags/hello_airflow.py                                          1           0  0.13s           2026-08-12T17:06:35
================================================================================
[2026-08-12T17:07:33.506+0000] {manager.py:878} INFO - 
================================================================================
DAG File Processing Stats

File Path                                          PID    Runtime      # DAGs    # Errors  Last Runtime    Last Run
-------------------------------------------------  -----  ---------  --------  ----------  --------------  -------------------
/opt/airflow/dags/clickstream_clean_events_dag.py                           1           0  0.19s           2026-08-12T17:07:05
/opt/airflow/dags/hello_airflow.py                                          1           0  0.18s           2026-08-12T17:07:05
================================================================================
[2026-08-12T17:08:03.832+0000] {manager.py:878} INFO - 
================================================================================
DAG File Processing Stats

File Path                                          PID    Runtime      # DAGs    # Errors  Last Runtime    Last Run
-------------------------------------------------  -----  ---------  --------  ----------  --------------  -------------------
/opt/airflow/dags/hello_airflow.py                                          1           0  0.11s           2026-08-12T17:07:35
/opt/airflow/dags/clickstream_clean_events_dag.py                           1           0  0.10s           2026-08-12T17:07:35
================================================================================
[2026-08-12T17:08:31.069+0000] {manager.py:737} INFO - Searching for files in /opt/airflow/dags
[2026-08-12T17:08:31.125+0000] {manager.py:740} INFO - There are 2 files in /opt/airflow/dags
[2026-08-12T17:08:34.166+0000] {manager.py:878} INFO - 
================================================================================
DAG File Processing Stats

File Path                                          PID    Runtime      # DAGs    # Errors  Last Runtime    Last Run
-------------------------------------------------  -----  ---------  --------  ----------  --------------  -------------------
/opt/airflow/dags/clickstream_clean_events_dag.py                           1           0  0.13s           2026-08-12T17:08:05
/opt/airflow/dags/hello_airflow.py                                          1           0  0.11s           2026-08-12T17:08:05
================================================================================
[2026-08-12T17:09:04.494+0000] {manager.py:878} INFO - 
================================================================================
DAG File Processing Stats

File Path                                          PID    Runtime      # DAGs    # Errors  Last Runtime    Last Run
-------------------------------------------------  -----  ---------  --------  ----------  --------------  -------------------
/opt/airflow/dags/clickstream_clean_events_dag.py                           1           0  0.55s           2026-08-12T17:08:36
/opt/airflow/dags/hello_airflow.py                                          1           0  0.53s           2026-08-12T17:08:36
================================================================================
[2026-08-12T17:09:35.234+0000] {manager.py:878} INFO - 
================================================================================
DAG File Processing Stats

File Path                                          PID    Runtime      # DAGs    # Errors  Last Runtime    Last Run
-------------------------------------------------  -----  ---------  --------  ----------  --------------  -------------------
/opt/airflow/dags/clickstream_clean_events_dag.py                           1           0  0.20s           2026-08-12T17:09:07
/opt/airflow/dags/hello_airflow.py                                          1           0  0.18s           2026-08-12T17:09:07
================================================================================
[2026-08-12T17:10:05.929+0000] {manager.py:878} INFO - 
================================================================================
DAG File Processing Stats

File Path                                          PID    Runtime      # DAGs    # Errors  Last Runtime    Last Run
-------------------------------------------------  -----  ---------  --------  ----------  --------------  -------------------
/opt/airflow/dags/hello_airflow.py                                          1           0  0.35s           2026-08-12T17:09:37
/opt/airflow/dags/clickstream_clean_events_dag.py                           1           0  0.35s           2026-08-12T17:09:37
================================================================================
[2026-08-12T17:10:36.434+0000] {manager.py:878} INFO - 
================================================================================
DAG File Processing Stats

File Path                                          PID    Runtime      # DAGs    # Errors  Last Runtime    Last Run
-------------------------------------------------  -----  ---------  --------  ----------  --------------  -------------------
/opt/airflow/dags/clickstream_clean_events_dag.py                           1           0  0.25s           2026-08-12T17:10:08
/opt/airflow/dags/hello_airflow.py                                          1           0  0.24s           2026-08-12T17:10:08
================================================================================
[2026-08-12T17:11:06.861+0000] {manager.py:878} INFO - 
================================================================================
DAG File Processing Stats

File Path                                          PID    Runtime      # DAGs    # Errors  Last Runtime    Last Run
-------------------------------------------------  -----  ---------  --------  ----------  --------------  -------------------
/opt/airflow/dags/clickstream_clean_events_dag.py                           1           0  0.14s           2026-08-12T17:10:38
/opt/airflow/dags/hello_airflow.py                                          1           0  0.13s           2026-08-12T17:10:38
================================================================================
[2026-08-12T17:11:08.390+0000] {manager.py:452} INFO - Exiting gracefully upon receiving signal 15
[2026-08-12T17:12:25.957+0000] {manager.py:470} INFO - Processing files using up to 2 processes at a time 
[2026-08-12T17:12:25.963+0000] {manager.py:471} INFO - Process each file at most once every 30 seconds
[2026-08-12T17:12:25.969+0000] {manager.py:472} INFO - Checking for new files in /opt/airflow/dags every 300 seconds
[2026-08-12T17:12:25.974+0000] {manager.py:737} INFO - Searching for files in /opt/airflow/dags
[2026-08-12T17:12:26.111+0000] {manager.py:740} INFO - There are 2 files in /opt/airflow/dags
[2026-08-12T17:12:26.696+0000] {manager.py:878} INFO - 
================================================================================
DAG File Processing Stats

File Path                                            PID  Runtime      # DAGs    # Errors  Last Runtime    Last Run
-------------------------------------------------  -----  ---------  --------  ----------  --------------  ----------
/opt/airflow/dags/clickstream_clean_events_dag.py    178  0.34s             0           0
/opt/airflow/dags/hello_airflow.py                   181  0.21s             0           0
================================================================================
[2026-08-12T17:12:56.977+0000] {manager.py:878} INFO - 
================================================================================
DAG File Processing Stats

File Path                                          PID    Runtime      # DAGs    # Errors  Last Runtime    Last Run
-------------------------------------------------  -----  ---------  --------  ----------  --------------  -------------------
/opt/airflow/dags/clickstream_clean_events_dag.py                           1           0  2.20s           2026-08-12T17:12:28
/opt/airflow/dags/hello_airflow.py                                          1           0  2.11s           2026-08-12T17:12:28
================================================================================
[2026-08-12T17:13:27.425+0000] {manager.py:878} INFO - 
================================================================================
DAG File Processing Stats

File Path                                          PID    Runtime      # DAGs    # Errors  Last Runtime    Last Run
-------------------------------------------------  -----  ---------  --------  ----------  --------------  -------------------
/opt/airflow/dags/clickstream_clean_events_dag.py                           1           0  0.32s           2026-08-12T17:12:59
/opt/airflow/dags/hello_airflow.py                                          1           0  0.29s           2026-08-12T17:12:59
================================================================================
[2026-08-12T17:13:57.823+0000] {manager.py:878} INFO - 
================================================================================
DAG File Processing Stats

File Path                                          PID    Runtime      # DAGs    # Errors  Last Runtime    Last Run
-------------------------------------------------  -----  ---------  --------  ----------  --------------  -------------------
/opt/airflow/dags/clickstream_clean_events_dag.py                           1           0  0.19s           2026-08-12T17:13:29
/opt/airflow/dags/hello_airflow.py                                          1           0  0.15s           2026-08-12T17:13:29
================================================================================
[2026-08-12T17:14:28.360+0000] {manager.py:878} INFO - 
================================================================================
DAG File Processing Stats

File Path                                          PID    Runtime      # DAGs    # Errors  Last Runtime    Last Run
-------------------------------------------------  -----  ---------  --------  ----------  --------------  -------------------
/opt/airflow/dags/hello_airflow.py                                          1           0  0.30s           2026-08-12T17:14:00
/opt/airflow/dags/clickstream_clean_events_dag.py                           1           0  0.24s           2026-08-12T17:14:00
================================================================================
[2026-08-12T17:14:58.668+0000] {manager.py:878} INFO - 
================================================================================
DAG File Processing Stats

File Path                                          PID    Runtime      # DAGs    # Errors  Last Runtime    Last Run
-------------------------------------------------  -----  ---------  --------  ----------  --------------  -------------------
/opt/airflow/dags/clickstream_clean_events_dag.py                           1           0  0.30s           2026-08-12T17:14:30
/opt/airflow/dags/hello_airflow.py                                          1           0  0.29s           2026-08-12T17:14:30
================================================================================
[2026-08-12T17:15:29.359+0000] {manager.py:878} INFO - 
================================================================================
DAG File Processing Stats

File Path                                          PID    Runtime      # DAGs    # Errors  Last Runtime    Last Run
-------------------------------------------------  -----  ---------  --------  ----------  --------------  -------------------
/opt/airflow/dags/hello_airflow.py                                          1           0  0.18s           2026-08-12T17:15:01
/opt/airflow/dags/clickstream_clean_events_dag.py                           1           0  0.17s           2026-08-12T17:15:01
================================================================================
[2026-08-12T17:16:00.000+0000] {manager.py:878} INFO - 
================================================================================
DAG File Processing Stats

File Path                                          PID    Runtime      # DAGs    # Errors  Last Runtime    Last Run
-------------------------------------------------  -----  ---------  --------  ----------  --------------  -------------------
/opt/airflow/dags/clickstream_clean_events_dag.py                           1           0  0.43s           2026-08-12T17:15:31
/opt/airflow/dags/hello_airflow.py                                          1           0  0.37s           2026-08-12T17:15:31
================================================================================
[2026-08-12T17:16:30.023+0000] {manager.py:878} INFO - 
================================================================================
DAG File Processing Stats

File Path                                          PID    Runtime      # DAGs    # Errors  Last Runtime    Last Run
-------------------------------------------------  -----  ---------  --------  ----------  --------------  -------------------
/opt/airflow/dags/clickstream_clean_events_dag.py                           1           0  0.63s           2026-08-12T17:16:02
/opt/airflow/dags/hello_airflow.py                                          1           0  0.62s           2026-08-12T17:16:02
================================================================================
[2026-08-12T17:17:00.272+0000] {manager.py:878} INFO - 
================================================================================
DAG File Processing Stats

File Path                                          PID    Runtime      # DAGs    # Errors  Last Runtime    Last Run
-------------------------------------------------  -----  ---------  --------  ----------  --------------  -------------------
/opt/airflow/dags/clickstream_clean_events_dag.py                           1           0  0.22s           2026-08-12T17:16:33
/opt/airflow/dags/hello_airflow.py                                          1           0  0.20s           2026-08-12T17:16:33
================================================================================
[2026-08-12T17:17:26.726+0000] {manager.py:737} INFO - Searching for files in /opt/airflow/dags
[2026-08-12T17:17:26.769+0000] {manager.py:740} INFO - There are 2 files in /opt/airflow/dags
[2026-08-12T17:17:30.822+0000] {manager.py:878} INFO - 
================================================================================
DAG File Processing Stats

File Path                                          PID    Runtime      # DAGs    # Errors  Last Runtime    Last Run
-------------------------------------------------  -----  ---------  --------  ----------  --------------  -------------------
/opt/airflow/dags/clickstream_clean_events_dag.py                           1           0  0.24s           2026-08-12T17:17:03
/opt/airflow/dags/hello_airflow.py                                          1           0  0.24s           2026-08-12T17:17:03
================================================================================
[2026-08-12T17:18:00.868+0000] {manager.py:878} INFO - 
================================================================================
DAG File Processing Stats

File Path                                          PID    Runtime      # DAGs    # Errors  Last Runtime    Last Run
-------------------------------------------------  -----  ---------  --------  ----------  --------------  -------------------
/opt/airflow/dags/hello_airflow.py                                          1           0  0.51s           2026-08-12T17:17:34
/opt/airflow/dags/clickstream_clean_events_dag.py                           1           0  0.49s           2026-08-12T17:17:34
================================================================================
[2026-08-12T17:18:31.219+0000] {manager.py:878} INFO - 
================================================================================
DAG File Processing Stats

File Path                                          PID    Runtime      # DAGs    # Errors  Last Runtime    Last Run
-------------------------------------------------  -----  ---------  --------  ----------  --------------  -------------------
/opt/airflow/dags/clickstream_clean_events_dag.py                           1           0  0.85s           2026-08-12T17:18:05
/opt/airflow/dags/hello_airflow.py                                          1           0  0.75s           2026-08-12T17:18:05
================================================================================
[2026-08-12T17:19:01.570+0000] {manager.py:878} INFO - 
================================================================================
DAG File Processing Stats

File Path                                          PID    Runtime      # DAGs    # Errors  Last Runtime    Last Run
-------------------------------------------------  -----  ---------  --------  ----------  --------------  -------------------
/opt/airflow/dags/clickstream_clean_events_dag.py                           1           0  0.13s           2026-08-12T17:18:36
/opt/airflow/dags/hello_airflow.py                                          1           0  0.12s           2026-08-12T17:18:36
================================================================================
[2026-08-12T17:19:31.854+0000] {manager.py:878} INFO - 
================================================================================
DAG File Processing Stats

File Path                                          PID    Runtime      # DAGs    # Errors  Last Runtime    Last Run
-------------------------------------------------  -----  ---------  --------  ----------  --------------  -------------------
/opt/airflow/dags/clickstream_clean_events_dag.py                           1           0  0.15s           2026-08-12T17:19:06
/opt/airflow/dags/hello_airflow.py                                          1           0  0.14s           2026-08-12T17:19:06
================================================================================
[2026-08-12T17:20:02.351+0000] {manager.py:878} INFO - 
================================================================================
DAG File Processing Stats

File Path                                          PID    Runtime      # DAGs    # Errors  Last Runtime    Last Run
-------------------------------------------------  -----  ---------  --------  ----------  --------------  -------------------
/opt/airflow/dags/clickstream_clean_events_dag.py                           1           0  0.33s           2026-08-12T17:19:37
/opt/airflow/dags/hello_airflow.py                                          1           0  0.32s           2026-08-12T17:19:37
================================================================================
[2026-08-12T17:20:32.841+0000] {manager.py:878} INFO - 
================================================================================
DAG File Processing Stats

File Path                                          PID    Runtime      # DAGs    # Errors  Last Runtime    Last Run
-------------------------------------------------  -----  ---------  --------  ----------  --------------  -------------------
/opt/airflow/dags/clickstream_clean_events_dag.py                           1           0  0.13s           2026-08-12T17:20:07
/opt/airflow/dags/hello_airflow.py                                          1           0  0.12s           2026-08-12T17:20:07
================================================================================
[2026-08-12T17:21:03.190+0000] {manager.py:878} INFO - 
================================================================================
DAG File Processing Stats

File Path                                          PID    Runtime      # DAGs    # Errors  Last Runtime    Last Run
-------------------------------------------------  -----  ---------  --------  ----------  --------------  -------------------
/opt/airflow/dags/hello_airflow.py                                          1           0  0.11s           2026-08-12T17:20:38
/opt/airflow/dags/clickstream_clean_events_dag.py                           1           0  0.11s           2026-08-12T17:20:37
================================================================================
[2026-08-12T17:21:33.543+0000] {manager.py:878} INFO - 
================================================================================
DAG File Processing Stats

File Path                                          PID    Runtime      # DAGs    # Errors  Last Runtime    Last Run
-------------------------------------------------  -----  ---------  --------  ----------  --------------  -------------------
/opt/airflow/dags/clickstream_clean_events_dag.py                           1           0  0.11s           2026-08-12T17:21:08
/opt/airflow/dags/hello_airflow.py                                          1           0  0.10s           2026-08-12T17:21:08
================================================================================
[2026-08-12T17:22:03.810+0000] {manager.py:878} INFO - 
================================================================================
DAG File Processing Stats

File Path                                          PID    Runtime      # DAGs    # Errors  Last Runtime    Last Run
-------------------------------------------------  -----  ---------  --------  ----------  --------------  -------------------
/opt/airflow/dags/clickstream_clean_events_dag.py                           1           0  0.13s           2026-08-12T17:21:38
/opt/airflow/dags/hello_airflow.py                                          1           0  0.12s           2026-08-12T17:21:38
================================================================================
[2026-08-12T17:22:27.086+0000] {manager.py:737} INFO - Searching for files in /opt/airflow/dags
[2026-08-12T17:22:27.117+0000] {manager.py:740} INFO - There are 2 files in /opt/airflow/dags
[2026-08-12T17:22:34.178+0000] {manager.py:878} INFO - 
================================================================================
DAG File Processing Stats

File Path                                          PID    Runtime      # DAGs    # Errors  Last Runtime    Last Run
-------------------------------------------------  -----  ---------  --------  ----------  --------------  -------------------
/opt/airflow/dags/clickstream_clean_events_dag.py                           1           0  0.21s           2026-08-12T17:22:09
/opt/airflow/dags/hello_airflow.py                                          1           0  0.19s           2026-08-12T17:22:09
================================================================================
[2026-08-12T17:23:04.516+0000] {manager.py:878} INFO - 
================================================================================
DAG File Processing Stats

File Path                                          PID    Runtime      # DAGs    # Errors  Last Runtime    Last Run
-------------------------------------------------  -----  ---------  --------  ----------  --------------  -------------------
/opt/airflow/dags/clickstream_clean_events_dag.py                           1           0  0.12s           2026-08-12T17:22:39
/opt/airflow/dags/hello_airflow.py                                          1           0  0.11s           2026-08-12T17:22:39
================================================================================
[2026-08-12T17:23:34.968+0000] {manager.py:878} INFO - 
================================================================================
DAG File Processing Stats

File Path                                          PID    Runtime      # DAGs    # Errors  Last Runtime    Last Run
-------------------------------------------------  -----  ---------  --------  ----------  --------------  -------------------
/opt/airflow/dags/clickstream_clean_events_dag.py                           1           0  0.11s           2026-08-12T17:23:09
/opt/airflow/dags/hello_airflow.py                                          1           0  0.11s           2026-08-12T17:23:09
================================================================================
[2026-08-12T17:24:05.266+0000] {manager.py:878} INFO - 
================================================================================
DAG File Processing Stats

File Path                                          PID    Runtime      # DAGs    # Errors  Last Runtime    Last Run
-------------------------------------------------  -----  ---------  --------  ----------  --------------  -------------------
/opt/airflow/dags/clickstream_clean_events_dag.py                           1           0  0.19s           2026-08-12T17:23:40
/opt/airflow/dags/hello_airflow.py                                          1           0  0.18s           2026-08-12T17:23:40
================================================================================
[2026-08-12T17:24:35.590+0000] {manager.py:878} INFO - 
================================================================================
DAG File Processing Stats

File Path                                          PID    Runtime      # DAGs    # Errors  Last Runtime    Last Run
-------------------------------------------------  -----  ---------  --------  ----------  --------------  -------------------
/opt/airflow/dags/clickstream_clean_events_dag.py                           1           0  0.94s           2026-08-12T17:24:11
/opt/airflow/dags/hello_airflow.py                                          1           0  0.58s           2026-08-12T17:24:10
================================================================================
[2026-08-12T17:25:06.037+0000] {manager.py:878} INFO - 
================================================================================
DAG File Processing Stats

File Path                                          PID    Runtime      # DAGs    # Errors  Last Runtime    Last Run
-------------------------------------------------  -----  ---------  --------  ----------  --------------  -------------------
/opt/airflow/dags/clickstream_clean_events_dag.py                           1           0  0.97s           2026-08-12T17:24:42
/opt/airflow/dags/hello_airflow.py                                          1           0  0.97s           2026-08-12T17:24:42
================================================================================
[2026-08-12T17:25:36.377+0000] {manager.py:878} INFO - 
================================================================================
DAG File Processing Stats

File Path                                          PID    Runtime      # DAGs    # Errors  Last Runtime    Last Run
-------------------------------------------------  -----  ---------  --------  ----------  --------------  -------------------
/opt/airflow/dags/clickstream_clean_events_dag.py                           1           0  0.12s           2026-08-12T17:25:13
/opt/airflow/dags/hello_airflow.py                                          1           0  0.11s           2026-08-12T17:25:13
================================================================================
[2026-08-12T17:26:06.735+0000] {manager.py:878} INFO - 
================================================================================
DAG File Processing Stats

File Path                                          PID    Runtime      # DAGs    # Errors  Last Runtime    Last Run
-------------------------------------------------  -----  ---------  --------  ----------  --------------  -------------------
/opt/airflow/dags/hello_airflow.py                                          1           0  0.11s           2026-08-12T17:25:43
/opt/airflow/dags/clickstream_clean_events_dag.py                           1           0  0.11s           2026-08-12T17:25:43
================================================================================
[2026-08-12T17:26:36.998+0000] {manager.py:878} INFO - 
================================================================================
DAG File Processing Stats

File Path                                          PID    Runtime      # DAGs    # Errors  Last Runtime    Last Run
-------------------------------------------------  -----  ---------  --------  ----------  --------------  -------------------
/opt/airflow/dags/clickstream_clean_events_dag.py                           1           0  0.16s           2026-08-12T17:26:13
/opt/airflow/dags/hello_airflow.py                                          1           0  0.13s           2026-08-12T17:26:13
================================================================================
[2026-08-12T17:27:07.366+0000] {manager.py:878} INFO - 
================================================================================
DAG File Processing Stats

File Path                                          PID    Runtime      # DAGs    # Errors  Last Runtime    Last Run
-------------------------------------------------  -----  ---------  --------  ----------  --------------  -------------------
/opt/airflow/dags/hello_airflow.py                                          1           0  0.14s           2026-08-12T17:26:44
/opt/airflow/dags/clickstream_clean_events_dag.py                           1           0  0.14s           2026-08-12T17:26:44
================================================================================
[2026-08-12T17:27:27.553+0000] {manager.py:737} INFO - Searching for files in /opt/airflow/dags
[2026-08-12T17:27:27.584+0000] {manager.py:740} INFO - There are 2 files in /opt/airflow/dags
[2026-08-12T17:27:37.661+0000] {manager.py:878} INFO - 
================================================================================
DAG File Processing Stats

File Path                                          PID    Runtime      # DAGs    # Errors  Last Runtime    Last Run
-------------------------------------------------  -----  ---------  --------  ----------  --------------  -------------------
/opt/airflow/dags/clickstream_clean_events_dag.py                           1           0  0.11s           2026-08-12T17:27:14
/opt/airflow/dags/hello_airflow.py                                          1           0  0.10s           2026-08-12T17:27:14
================================================================================
[2026-08-12T17:28:07.915+0000] {manager.py:878} INFO - 
================================================================================
DAG File Processing Stats

File Path                                          PID    Runtime      # DAGs    # Errors  Last Runtime    Last Run
-------------------------------------------------  -----  ---------  --------  ----------  --------------  -------------------
/opt/airflow/dags/clickstream_clean_events_dag.py                           1           0  0.16s           2026-08-12T17:27:44
/opt/airflow/dags/hello_airflow.py                                          1           0  0.15s           2026-08-12T17:27:44
================================================================================
[2026-08-12T17:28:38.226+0000] {manager.py:878} INFO - 
================================================================================
DAG File Processing Stats

File Path                                          PID    Runtime      # DAGs    # Errors  Last Runtime    Last Run
-------------------------------------------------  -----  ---------  --------  ----------  --------------  -------------------
/opt/airflow/dags/clickstream_clean_events_dag.py                           1           0  0.12s           2026-08-12T17:28:15
/opt/airflow/dags/hello_airflow.py                                          1           0  0.11s           2026-08-12T17:28:15
================================================================================
[2026-08-12T17:29:08.488+0000] {manager.py:878} INFO - 
================================================================================
DAG File Processing Stats

File Path                                          PID    Runtime      # DAGs    # Errors  Last Runtime    Last Run
-------------------------------------------------  -----  ---------  --------  ----------  --------------  -------------------
/opt/airflow/dags/clickstream_clean_events_dag.py                           1           0  0.12s           2026-08-12T17:28:45
/opt/airflow/dags/hello_airflow.py                                          1           0  0.11s           2026-08-12T17:28:45
================================================================================
[2026-08-12T17:29:38.738+0000] {manager.py:878} INFO - 
================================================================================
DAG File Processing Stats

File Path                                          PID    Runtime      # DAGs    # Errors  Last Runtime    Last Run
-------------------------------------------------  -----  ---------  --------  ----------  --------------  -------------------
/opt/airflow/dags/clickstream_clean_events_dag.py                           1           0  0.24s           2026-08-12T17:29:15
/opt/airflow/dags/hello_airflow.py                                          1           0  0.23s           2026-08-12T17:29:15
================================================================================
[2026-08-12T17:30:09.034+0000] {manager.py:878} INFO - 
================================================================================
DAG File Processing Stats

File Path                                          PID    Runtime      # DAGs    # Errors  Last Runtime    Last Run
-------------------------------------------------  -----  ---------  --------  ----------  --------------  -------------------
/opt/airflow/dags/clickstream_clean_events_dag.py                           1           0  0.79s           2026-08-12T17:29:46
/opt/airflow/dags/hello_airflow.py                                          1           0  0.76s           2026-08-12T17:29:46
================================================================================
[2026-08-12T17:30:39.667+0000] {manager.py:878} INFO - 
================================================================================
DAG File Processing Stats

File Path                                          PID    Runtime      # DAGs    # Errors  Last Runtime    Last Run
-------------------------------------------------  -----  ---------  --------  ----------  --------------  -------------------
/opt/airflow/dags/clickstream_clean_events_dag.py                           1           0  0.35s           2026-08-12T17:30:17
/opt/airflow/dags/hello_airflow.py                                          1           0  0.33s           2026-08-12T17:30:17
================================================================================
[2026-08-12T17:31:10.276+0000] {manager.py:878} INFO - 
================================================================================
DAG File Processing Stats

File Path                                          PID    Runtime      # DAGs    # Errors  Last Runtime    Last Run
-------------------------------------------------  -----  ---------  --------  ----------  --------------  -------------------
/opt/airflow/dags/clickstream_clean_events_dag.py                           1           0  0.33s           2026-08-12T17:30:48
/opt/airflow/dags/hello_airflow.py                                          1           0  0.32s           2026-08-12T17:30:48
================================================================================
[2026-08-12T17:31:40.702+0000] {manager.py:878} INFO - 
================================================================================
DAG File Processing Stats

File Path                                          PID    Runtime      # DAGs    # Errors  Last Runtime    Last Run
-------------------------------------------------  -----  ---------  --------  ----------  --------------  -------------------
/opt/airflow/dags/clickstream_clean_events_dag.py                           1           0  0.19s           2026-08-12T17:31:18
/opt/airflow/dags/hello_airflow.py                                          1           0  0.18s           2026-08-12T17:31:18
================================================================================
[2026-08-12T17:32:10.988+0000] {manager.py:878} INFO - 
================================================================================
DAG File Processing Stats

File Path                                          PID    Runtime      # DAGs    # Errors  Last Runtime    Last Run
-------------------------------------------------  -----  ---------  --------  ----------  --------------  -------------------
/opt/airflow/dags/clickstream_clean_events_dag.py                           1           0  0.22s           2026-08-12T17:31:48
/opt/airflow/dags/hello_airflow.py                                          1           0  0.21s           2026-08-12T17:31:48
================================================================================
[2026-08-12T17:32:28.364+0000] {manager.py:737} INFO - Searching for files in /opt/airflow/dags
[2026-08-12T17:32:28.411+0000] {manager.py:740} INFO - There are 2 files in /opt/airflow/dags
[2026-08-12T17:32:41.528+0000] {manager.py:878} INFO - 
================================================================================
DAG File Processing Stats

File Path                                          PID    Runtime      # DAGs    # Errors  Last Runtime    Last Run
-------------------------------------------------  -----  ---------  --------  ----------  --------------  -------------------
/opt/airflow/dags/clickstream_clean_events_dag.py                           1           0  0.24s           2026-08-12T17:32:19
/opt/airflow/dags/hello_airflow.py                                          1           0  0.24s           2026-08-12T17:32:19
================================================================================
[2026-08-12T17:33:12.001+0000] {manager.py:878} INFO - 
================================================================================
DAG File Processing Stats

File Path                                          PID    Runtime      # DAGs    # Errors  Last Runtime    Last Run
-------------------------------------------------  -----  ---------  --------  ----------  --------------  -------------------
/opt/airflow/dags/clickstream_clean_events_dag.py                           1           0  0.25s           2026-08-12T17:32:49
/opt/airflow/dags/hello_airflow.py                                          1           0  0.22s           2026-08-12T17:32:49
================================================================================
[2026-08-12T17:33:42.514+0000] {manager.py:878} INFO - 
================================================================================
DAG File Processing Stats

File Path                                          PID    Runtime      # DAGs    # Errors  Last Runtime    Last Run
-------------------------------------------------  -----  ---------  --------  ----------  --------------  -------------------
/opt/airflow/dags/clickstream_clean_events_dag.py                           1           0  0.24s           2026-08-12T17:33:20
/opt/airflow/dags/hello_airflow.py                                          1           0  0.23s           2026-08-12T17:33:20
================================================================================
[2026-08-12T17:34:12.776+0000] {manager.py:878} INFO - 
================================================================================
DAG File Processing Stats

File Path                                          PID    Runtime      # DAGs    # Errors  Last Runtime    Last Run
-------------------------------------------------  -----  ---------  --------  ----------  --------------  -------------------
/opt/airflow/dags/clickstream_clean_events_dag.py                           1           0  0.21s           2026-08-12T17:33:50
/opt/airflow/dags/hello_airflow.py                                          1           0  0.18s           2026-08-12T17:33:50
================================================================================
[2026-08-12T17:34:43.276+0000] {manager.py:878} INFO - 
================================================================================
DAG File Processing Stats

File Path                                          PID    Runtime      # DAGs    # Errors  Last Runtime    Last Run
-------------------------------------------------  -----  ---------  --------  ----------  --------------  -------------------
/opt/airflow/dags/clickstream_clean_events_dag.py                           1           0  0.22s           2026-08-12T17:34:21
/opt/airflow/dags/hello_airflow.py                                          1           0  0.21s           2026-08-12T17:34:21
================================================================================
[2026-08-12T17:35:13.714+0000] {manager.py:878} INFO - 
================================================================================
DAG File Processing Stats

File Path                                          PID    Runtime      # DAGs    # Errors  Last Runtime    Last Run
-------------------------------------------------  -----  ---------  --------  ----------  --------------  -------------------
/opt/airflow/dags/clickstream_clean_events_dag.py                           1           0  0.21s           2026-08-12T17:34:51
/opt/airflow/dags/hello_airflow.py                                          1           0  0.18s           2026-08-12T17:34:51
================================================================================
[2026-08-12T17:35:43.992+0000] {manager.py:878} INFO - 
================================================================================
DAG File Processing Stats

File Path                                          PID    Runtime      # DAGs    # Errors  Last Runtime    Last Run
-------------------------------------------------  -----  ---------  --------  ----------  --------------  -------------------
/opt/airflow/dags/clickstream_clean_events_dag.py                           1           0  0.34s           2026-08-12T17:35:22
/opt/airflow/dags/hello_airflow.py                                          1           0  0.31s           2026-08-12T17:35:22
================================================================================
[2026-08-12T17:36:14.549+0000] {manager.py:878} INFO - 
================================================================================
DAG File Processing Stats

File Path                                          PID    Runtime      # DAGs    # Errors  Last Runtime    Last Run
-------------------------------------------------  -----  ---------  --------  ----------  --------------  -------------------
/opt/airflow/dags/clickstream_clean_events_dag.py                           1           0  0.27s           2026-08-12T17:35:52
/opt/airflow/dags/hello_airflow.py                                          1           0  0.26s           2026-08-12T17:35:52
================================================================================
[2026-08-12T17:36:45.231+0000] {manager.py:878} INFO - 
================================================================================
DAG File Processing Stats

File Path                                          PID    Runtime      # DAGs    # Errors  Last Runtime    Last Run
-------------------------------------------------  -----  ---------  --------  ----------  --------------  -------------------
/opt/airflow/dags/clickstream_clean_events_dag.py                           1           0  0.21s           2026-08-12T17:36:23
/opt/airflow/dags/hello_airflow.py                                          1           0  0.20s           2026-08-12T17:36:23
================================================================================
[2026-08-12T17:37:15.649+0000] {manager.py:878} INFO - 
================================================================================
DAG File Processing Stats

File Path                                          PID    Runtime      # DAGs    # Errors  Last Runtime    Last Run
-------------------------------------------------  -----  ---------  --------  ----------  --------------  -------------------
/opt/airflow/dags/hello_airflow.py                                          1           0  0.20s           2026-08-12T17:36:53
/opt/airflow/dags/clickstream_clean_events_dag.py                           1           0  0.19s           2026-08-12T17:36:53
================================================================================
[2026-08-12T17:37:28.792+0000] {manager.py:737} INFO - Searching for files in /opt/airflow/dags
[2026-08-12T17:37:28.837+0000] {manager.py:740} INFO - There are 2 files in /opt/airflow/dags
[2026-08-12T17:37:45.985+0000] {manager.py:878} INFO - 
================================================================================
DAG File Processing Stats

File Path                                          PID    Runtime      # DAGs    # Errors  Last Runtime    Last Run
-------------------------------------------------  -----  ---------  --------  ----------  --------------  -------------------
/opt/airflow/dags/clickstream_clean_events_dag.py                           1           0  0.23s           2026-08-12T17:37:23
/opt/airflow/dags/hello_airflow.py                                          1           0  0.22s           2026-08-12T17:37:23
================================================================================
[2026-08-12T17:38:16.469+0000] {manager.py:878} INFO - 
================================================================================
DAG File Processing Stats

File Path                                          PID    Runtime      # DAGs    # Errors  Last Runtime    Last Run
-------------------------------------------------  -----  ---------  --------  ----------  --------------  -------------------
/opt/airflow/dags/clickstream_clean_events_dag.py                           1           0  0.24s           2026-08-12T17:37:54
/opt/airflow/dags/hello_airflow.py                                          1           0  0.23s           2026-08-12T17:37:54
================================================================================
[2026-08-12T17:38:46.908+0000] {manager.py:878} INFO - 
================================================================================
DAG File Processing Stats

File Path                                          PID    Runtime      # DAGs    # Errors  Last Runtime    Last Run
-------------------------------------------------  -----  ---------  --------  ----------  --------------  -------------------
/opt/airflow/dags/hello_airflow.py                                          1           0  0.20s           2026-08-12T17:38:24
/opt/airflow/dags/clickstream_clean_events_dag.py                           1           0  0.20s           2026-08-12T17:38:24
================================================================================
[2026-08-12T17:39:04.783+0000] {manager.py:452} INFO - Exiting gracefully upon receiving signal 15
[2026-08-13T07:06:14.356+0000] {manager.py:470} INFO - Processing files using up to 2 processes at a time 
[2026-08-13T07:06:14.358+0000] {manager.py:471} INFO - Process each file at most once every 30 seconds
[2026-08-13T07:06:14.360+0000] {manager.py:472} INFO - Checking for new files in /opt/airflow/dags every 300 seconds
[2026-08-13T07:06:14.361+0000] {manager.py:737} INFO - Searching for files in /opt/airflow/dags
[2026-08-13T07:06:14.388+0000] {manager.py:740} INFO - There are 2 files in /opt/airflow/dags
[2026-08-13T07:06:14.519+0000] {manager.py:878} INFO - 
================================================================================
DAG File Processing Stats

File Path                                            PID  Runtime      # DAGs    # Errors  Last Runtime    Last Run
-------------------------------------------------  -----  ---------  --------  ----------  --------------  ----------
/opt/airflow/dags/clickstream_clean_events_dag.py    171  0.07s             0           0
/opt/airflow/dags/hello_airflow.py                   174  0.05s             0           0
================================================================================
[2026-08-13T07:06:44.675+0000] {manager.py:878} INFO - 
================================================================================
DAG File Processing Stats

File Path                                            PID  Runtime      # DAGs    # Errors  Last Runtime    Last Run
-------------------------------------------------  -----  ---------  --------  ----------  --------------  -------------------
/opt/airflow/dags/clickstream_clean_events_dag.py    195  0.01s             1           0  0.16s           2026-08-13T07:06:14
/opt/airflow/dags/hello_airflow.py                   198  0.00s             1           0  0.14s           2026-08-13T07:06:14
================================================================================
[2026-08-13T07:07:14.293+0000] {manager.py:878} INFO - 
================================================================================
DAG File Processing Stats

File Path                                          PID    Runtime      # DAGs    # Errors  Last Runtime    Last Run
-------------------------------------------------  -----  ---------  --------  ----------  --------------  -------------------
/opt/airflow/dags/clickstream_clean_events_dag.py                           1           0  0.13s           2026-08-13T07:06:44
/opt/airflow/dags/hello_airflow.py                                          1           0  0.12s           2026-08-13T07:06:44
================================================================================
[2026-08-13T07:07:46.280+0000] {manager.py:878} INFO - 
================================================================================
DAG File Processing Stats

File Path                                            PID  Runtime      # DAGs    # Errors  Last Runtime    Last Run
-------------------------------------------------  -----  ---------  --------  ----------  --------------  -------------------
/opt/airflow/dags/clickstream_clean_events_dag.py    250  0.01s             1           0  0.10s           2026-08-13T07:07:15
/opt/airflow/dags/hello_airflow.py                   253  0.00s             1           0  0.10s           2026-08-13T07:07:15
================================================================================
[2026-08-13T07:08:16.816+0000] {manager.py:878} INFO - 
================================================================================
DAG File Processing Stats

File Path                                            PID  Runtime      # DAGs    # Errors  Last Runtime    Last Run
-------------------------------------------------  -----  ---------  --------  ----------  --------------  -------------------
/opt/airflow/dags/clickstream_clean_events_dag.py    281  0.02s             1           0  0.12s           2026-08-13T07:07:46
/opt/airflow/dags/hello_airflow.py                   284  0.01s             1           0  0.11s           2026-08-13T07:07:46
================================================================================
[2026-08-13T07:08:47.326+0000] {manager.py:878} INFO - 
================================================================================
DAG File Processing Stats

File Path                                            PID  Runtime      # DAGs    # Errors  Last Runtime    Last Run
-------------------------------------------------  -----  ---------  --------  ----------  --------------  -------------------
/opt/airflow/dags/clickstream_clean_events_dag.py    305  0.01s             1           0  0.20s           2026-08-13T07:08:16
/opt/airflow/dags/hello_airflow.py                   308  0.00s             1           0  0.20s           2026-08-13T07:08:17
================================================================================
[2026-08-13T07:09:17.567+0000] {manager.py:878} INFO - 
================================================================================
DAG File Processing Stats

File Path                                            PID  Runtime      # DAGs    # Errors  Last Runtime    Last Run
-------------------------------------------------  -----  ---------  --------  ----------  --------------  -------------------
/opt/airflow/dags/clickstream_clean_events_dag.py    329  0.01s             1           0  0.11s           2026-08-13T07:08:47
/opt/airflow/dags/hello_airflow.py                   332  0.00s             1           0  0.10s           2026-08-13T07:08:47
================================================================================
[2026-08-13T07:09:47.913+0000] {manager.py:878} INFO - 
================================================================================
DAG File Processing Stats

File Path                                            PID  Runtime      # DAGs    # Errors  Last Runtime    Last Run
-------------------------------------------------  -----  ---------  --------  ----------  --------------  -------------------
/opt/airflow/dags/hello_airflow.py                   363  0.00s             1           0  0.14s           2026-08-13T07:09:17
/opt/airflow/dags/clickstream_clean_events_dag.py    360  0.01s             1           0  0.13s           2026-08-13T07:09:17
================================================================================
[2026-08-13T07:10:18.174+0000] {manager.py:878} INFO - 
================================================================================
DAG File Processing Stats

File Path                                            PID  Runtime      # DAGs    # Errors  Last Runtime    Last Run
-------------------------------------------------  -----  ---------  --------  ----------  --------------  -------------------
/opt/airflow/dags/clickstream_clean_events_dag.py    385  0.01s             1           0  0.10s           2026-08-13T07:09:47
/opt/airflow/dags/hello_airflow.py                   388  0.00s             1           0  0.09s           2026-08-13T07:09:47
================================================================================
[2026-08-13T07:10:48.412+0000] {manager.py:878} INFO - 
================================================================================
DAG File Processing Stats

File Path                                            PID  Runtime      # DAGs    # Errors  Last Runtime    Last Run
-------------------------------------------------  -----  ---------  --------  ----------  --------------  -------------------
/opt/airflow/dags/clickstream_clean_events_dag.py    417  0.02s             1           0  0.11s           2026-08-13T07:10:18
/opt/airflow/dags/hello_airflow.py                   420  0.00s             1           0  0.10s           2026-08-13T07:10:18
================================================================================
[2026-08-13T07:11:14.721+0000] {manager.py:737} INFO - Searching for files in /opt/airflow/dags
[2026-08-13T07:11:14.746+0000] {manager.py:740} INFO - There are 2 files in /opt/airflow/dags
[2026-08-13T07:11:18.806+0000] {manager.py:878} INFO - 
================================================================================
DAG File Processing Stats

File Path                                            PID  Runtime      # DAGs    # Errors  Last Runtime    Last Run
-------------------------------------------------  -----  ---------  --------  ----------  --------------  -------------------
/opt/airflow/dags/hello_airflow.py                   444  0.00s             1           0  0.14s           2026-08-13T07:10:48
/opt/airflow/dags/clickstream_clean_events_dag.py    441  0.01s             1           0  0.14s           2026-08-13T07:10:48
================================================================================
[2026-08-13T07:11:49.037+0000] {manager.py:878} INFO - 
================================================================================
DAG File Processing Stats

File Path                                            PID  Runtime      # DAGs    # Errors  Last Runtime    Last Run
-------------------------------------------------  -----  ---------  --------  ----------  --------------  -------------------
/opt/airflow/dags/clickstream_clean_events_dag.py    472  0.01s             1           0  0.11s           2026-08-13T07:11:18
/opt/airflow/dags/hello_airflow.py                   475  0.00s             1           0  0.10s           2026-08-13T07:11:18
================================================================================
[2026-08-13T07:12:19.338+0000] {manager.py:878} INFO - 
================================================================================
DAG File Processing Stats

File Path                                            PID  Runtime      # DAGs    # Errors  Last Runtime    Last Run
-------------------------------------------------  -----  ---------  --------  ----------  --------------  -------------------
/opt/airflow/dags/clickstream_clean_events_dag.py    496  0.01s             1           0  0.10s           2026-08-13T07:11:49
/opt/airflow/dags/hello_airflow.py                   499  0.00s             1           0  0.10s           2026-08-13T07:11:49
================================================================================
[2026-08-13T07:12:49.661+0000] {manager.py:878} INFO - 
================================================================================
DAG File Processing Stats

File Path                                            PID  Runtime      # DAGs    # Errors  Last Runtime    Last Run
-------------------------------------------------  -----  ---------  --------  ----------  --------------  -------------------
/opt/airflow/dags/clickstream_clean_events_dag.py    527  0.01s             1           0  0.10s           2026-08-13T07:12:19
/opt/airflow/dags/hello_airflow.py                   530  0.00s             1           0  0.10s           2026-08-13T07:12:19
================================================================================
[2026-08-13T07:13:19.983+0000] {manager.py:878} INFO - 
================================================================================
DAG File Processing Stats

File Path                                            PID  Runtime      # DAGs    # Errors  Last Runtime    Last Run
-------------------------------------------------  -----  ---------  --------  ----------  --------------  -------------------
/opt/airflow/dags/clickstream_clean_events_dag.py    551  0.01s             1           0  0.10s           2026-08-13T07:12:49
/opt/airflow/dags/hello_airflow.py                   554  0.00s             1           0  0.10s           2026-08-13T07:12:49
================================================================================
[2026-08-13T07:13:50.212+0000] {manager.py:878} INFO - 
================================================================================
DAG File Processing Stats

File Path                                            PID  Runtime      # DAGs    # Errors  Last Runtime    Last Run
-------------------------------------------------  -----  ---------  --------  ----------  --------------  -------------------
/opt/airflow/dags/clickstream_clean_events_dag.py    582  0.01s             1           0  0.11s           2026-08-13T07:13:20
/opt/airflow/dags/hello_airflow.py                   585  0.00s             1           0  0.10s           2026-08-13T07:13:20
================================================================================
[2026-08-13T07:14:20.530+0000] {manager.py:878} INFO - 
================================================================================
DAG File Processing Stats

File Path                                            PID  Runtime      # DAGs    # Errors  Last Runtime    Last Run
-------------------------------------------------  -----  ---------  --------  ----------  --------------  -------------------
/opt/airflow/dags/hello_airflow.py                   609  0.00s             1           0  0.11s           2026-08-13T07:13:50
/opt/airflow/dags/clickstream_clean_events_dag.py    606  0.01s             1           0  0.11s           2026-08-13T07:13:50
================================================================================
[2026-08-13T07:14:50.779+0000] {manager.py:878} INFO - 
================================================================================
DAG File Processing Stats

File Path                                            PID  Runtime      # DAGs    # Errors  Last Runtime    Last Run
-------------------------------------------------  -----  ---------  --------  ----------  --------------  -------------------
/opt/airflow/dags/clickstream_clean_events_dag.py    638  0.01s             1           0  0.11s           2026-08-13T07:14:20
/opt/airflow/dags/hello_airflow.py                   641  0.00s             1           0  0.10s           2026-08-13T07:14:20
================================================================================
[2026-08-13T07:15:21.041+0000] {manager.py:878} INFO - 
================================================================================
DAG File Processing Stats

File Path                                            PID  Runtime      # DAGs    # Errors  Last Runtime    Last Run
-------------------------------------------------  -----  ---------  --------  ----------  --------------  -------------------
/opt/airflow/dags/clickstream_clean_events_dag.py    662  0.01s             1           0  0.11s           2026-08-13T07:14:50
/opt/airflow/dags/hello_airflow.py                   665  0.00s             1           0  0.10s           2026-08-13T07:14:50
================================================================================
[2026-08-13T07:15:51.370+0000] {manager.py:878} INFO - 
================================================================================
DAG File Processing Stats

File Path                                            PID  Runtime      # DAGs    # Errors  Last Runtime    Last Run
-------------------------------------------------  -----  ---------  --------  ----------  --------------  -------------------
/opt/airflow/dags/clickstream_clean_events_dag.py    693  0.01s             1           0  0.11s           2026-08-13T07:15:21
/opt/airflow/dags/hello_airflow.py                   696  0.00s             1           0  0.10s           2026-08-13T07:15:21
================================================================================
[2026-08-13T07:16:15.522+0000] {manager.py:737} INFO - Searching for files in /opt/airflow/dags
[2026-08-13T07:16:15.646+0000] {manager.py:740} INFO - There are 2 files in /opt/airflow/dags
[2026-08-13T07:16:21.713+0000] {manager.py:878} INFO - 
================================================================================
DAG File Processing Stats

File Path                                            PID  Runtime      # DAGs    # Errors  Last Runtime    Last Run
-------------------------------------------------  -----  ---------  --------  ----------  --------------  -------------------
/opt/airflow/dags/clickstream_clean_events_dag.py    717  0.01s             1           0  0.11s           2026-08-13T07:15:51
/opt/airflow/dags/hello_airflow.py                   720  0.00s             1           0  0.10s           2026-08-13T07:15:51
================================================================================
[2026-08-13T07:16:52.068+0000] {manager.py:878} INFO - 
================================================================================
DAG File Processing Stats

File Path                                            PID  Runtime      # DAGs    # Errors  Last Runtime    Last Run
-------------------------------------------------  -----  ---------  --------  ----------  --------------  -------------------
/opt/airflow/dags/clickstream_clean_events_dag.py    748  0.01s             1           0  0.14s           2026-08-13T07:16:21
/opt/airflow/dags/hello_airflow.py                   751  0.00s             1           0  0.14s           2026-08-13T07:16:21
================================================================================
[2026-08-13T07:17:22.300+0000] {manager.py:878} INFO - 
================================================================================
DAG File Processing Stats

File Path                                            PID  Runtime      # DAGs    # Errors  Last Runtime    Last Run
-------------------------------------------------  -----  ---------  --------  ----------  --------------  -------------------
/opt/airflow/dags/clickstream_clean_events_dag.py    772  0.01s             1           0  0.12s           2026-08-13T07:16:52
/opt/airflow/dags/hello_airflow.py                   775  0.00s             1           0  0.11s           2026-08-13T07:16:52
================================================================================
[2026-08-13T07:17:52.672+0000] {manager.py:878} INFO - 
================================================================================
DAG File Processing Stats

File Path                                            PID  Runtime      # DAGs    # Errors  Last Runtime    Last Run
-------------------------------------------------  -----  ---------  --------  ----------  --------------  -------------------
/opt/airflow/dags/clickstream_clean_events_dag.py    803  0.07s             1           0  0.13s           2026-08-13T07:17:22
/opt/airflow/dags/hello_airflow.py                   806  0.01s             1           0  0.12s           2026-08-13T07:17:22
================================================================================
[2026-08-13T07:18:23.132+0000] {manager.py:878} INFO - 
================================================================================
DAG File Processing Stats

File Path                                            PID  Runtime      # DAGs    # Errors  Last Runtime    Last Run
-------------------------------------------------  -----  ---------  --------  ----------  --------------  -------------------
/opt/airflow/dags/clickstream_clean_events_dag.py    827  0.01s             1           0  0.32s           2026-08-13T07:17:52
/opt/airflow/dags/hello_airflow.py                   830  0.00s             1           0  0.27s           2026-08-13T07:17:52
================================================================================
[2026-08-13T07:18:53.350+0000] {manager.py:878} INFO - 
================================================================================
DAG File Processing Stats

File Path                                            PID  Runtime      # DAGs    # Errors  Last Runtime    Last Run
-------------------------------------------------  -----  ---------  --------  ----------  --------------  -------------------
/opt/airflow/dags/clickstream_clean_events_dag.py    858  0.01s             1           0  0.11s           2026-08-13T07:18:23
/opt/airflow/dags/hello_airflow.py                   861  0.00s             1           0  0.10s           2026-08-13T07:18:23
================================================================================
[2026-08-13T07:19:23.629+0000] {manager.py:878} INFO - 
================================================================================
DAG File Processing Stats

File Path                                            PID  Runtime      # DAGs    # Errors  Last Runtime    Last Run
-------------------------------------------------  -----  ---------  --------  ----------  --------------  -------------------
/opt/airflow/dags/clickstream_clean_events_dag.py    882  0.01s             1           0  0.11s           2026-08-13T07:18:53
/opt/airflow/dags/hello_airflow.py                   885  0.00s             1           0  0.10s           2026-08-13T07:18:53
================================================================================
[2026-08-13T07:19:53.837+0000] {manager.py:878} INFO - 
================================================================================
DAG File Processing Stats

File Path                                            PID  Runtime      # DAGs    # Errors  Last Runtime    Last Run
-------------------------------------------------  -----  ---------  --------  ----------  --------------  -------------------
/opt/airflow/dags/clickstream_clean_events_dag.py    913  0.02s             1           0  0.12s           2026-08-13T07:19:23
/opt/airflow/dags/hello_airflow.py                   916  0.00s             1           0  0.10s           2026-08-13T07:19:23
================================================================================
[2026-08-13T07:20:24.083+0000] {manager.py:878} INFO - 
================================================================================
DAG File Processing Stats

File Path                                            PID  Runtime      # DAGs    # Errors  Last Runtime    Last Run
-------------------------------------------------  -----  ---------  --------  ----------  --------------  -------------------
/opt/airflow/dags/clickstream_clean_events_dag.py    937  0.01s             1           0  0.13s           2026-08-13T07:19:53
/opt/airflow/dags/hello_airflow.py                   940  0.00s             1           0  0.12s           2026-08-13T07:19:53
================================================================================
[2026-08-13T07:20:54.302+0000] {manager.py:878} INFO - 
================================================================================
DAG File Processing Stats

File Path                                            PID  Runtime      # DAGs    # Errors  Last Runtime    Last Run
-------------------------------------------------  -----  ---------  --------  ----------  --------------  -------------------
/opt/airflow/dags/clickstream_clean_events_dag.py    962  0.01s             1           0  0.11s           2026-08-13T07:20:24
/opt/airflow/dags/hello_airflow.py                   965  0.00s             1           0  0.11s           2026-08-13T07:20:24
================================================================================
[2026-08-13T07:21:15.538+0000] {manager.py:737} INFO - Searching for files in /opt/airflow/dags
[2026-08-13T07:21:15.564+0000] {manager.py:740} INFO - There are 2 files in /opt/airflow/dags
[2026-08-13T07:21:24.660+0000] {manager.py:878} INFO - 
================================================================================
DAG File Processing Stats

File Path                                            PID  Runtime      # DAGs    # Errors  Last Runtime    Last Run
-------------------------------------------------  -----  ---------  --------  ----------  --------------  -------------------
/opt/airflow/dags/clickstream_clean_events_dag.py    993  0.01s             1           0  0.11s           2026-08-13T07:20:54
/opt/airflow/dags/hello_airflow.py                   996  0.00s             1           0  0.11s           2026-08-13T07:20:54
================================================================================
[2026-08-13T07:21:54.886+0000] {manager.py:878} INFO - 
================================================================================
DAG File Processing Stats

File Path                                            PID  Runtime      # DAGs    # Errors  Last Runtime    Last Run
-------------------------------------------------  -----  ---------  --------  ----------  --------------  -------------------
/opt/airflow/dags/clickstream_clean_events_dag.py   1017  0.01s             1           0  0.16s           2026-08-13T07:21:24
/opt/airflow/dags/hello_airflow.py                  1020  0.00s             1           0  0.14s           2026-08-13T07:21:24
================================================================================
[2026-08-13T07:22:25.190+0000] {manager.py:878} INFO - 
================================================================================
DAG File Processing Stats

File Path                                            PID  Runtime      # DAGs    # Errors  Last Runtime    Last Run
-------------------------------------------------  -----  ---------  --------  ----------  --------------  -------------------
/opt/airflow/dags/hello_airflow.py                  1052  0.00s             1           0  0.11s           2026-08-13T07:21:54
/opt/airflow/dags/clickstream_clean_events_dag.py   1049  0.01s             1           0  0.11s           2026-08-13T07:21:54
================================================================================
[2026-08-13T07:22:55.505+0000] {manager.py:878} INFO - 
================================================================================
DAG File Processing Stats

File Path                                            PID  Runtime      # DAGs    # Errors  Last Runtime    Last Run
-------------------------------------------------  -----  ---------  --------  ----------  --------------  -------------------
/opt/airflow/dags/hello_airflow.py                  1076  0.00s             1           0  0.12s           2026-08-13T07:22:25
/opt/airflow/dags/clickstream_clean_events_dag.py   1073  0.01s             1           0  0.11s           2026-08-13T07:22:25
================================================================================
[2026-08-13T07:23:25.719+0000] {manager.py:878} INFO - 
================================================================================
DAG File Processing Stats

File Path                                            PID  Runtime      # DAGs    # Errors  Last Runtime    Last Run
-------------------------------------------------  -----  ---------  --------  ----------  --------------  -------------------
/opt/airflow/dags/clickstream_clean_events_dag.py   1104  0.01s             1           0  0.12s           2026-08-13T07:22:55
/opt/airflow/dags/hello_airflow.py                  1107  0.00s             1           0  0.11s           2026-08-13T07:22:55
================================================================================
[2026-08-13T07:23:56.065+0000] {manager.py:878} INFO - 
================================================================================
DAG File Processing Stats

File Path                                            PID  Runtime      # DAGs    # Errors  Last Runtime    Last Run
-------------------------------------------------  -----  ---------  --------  ----------  --------------  -------------------
/opt/airflow/dags/hello_airflow.py                  1131  0.00s             1           0  0.13s           2026-08-13T07:23:25
/opt/airflow/dags/clickstream_clean_events_dag.py   1128  0.01s             1           0  0.13s           2026-08-13T07:23:25
================================================================================
[2026-08-13T07:24:26.277+0000] {manager.py:878} INFO - 
================================================================================
DAG File Processing Stats

File Path                                            PID  Runtime      # DAGs    # Errors  Last Runtime    Last Run
-------------------------------------------------  -----  ---------  --------  ----------  --------------  -------------------
/opt/airflow/dags/hello_airflow.py                  1163  0.00s             1           0  0.12s           2026-08-13T07:23:56
/opt/airflow/dags/clickstream_clean_events_dag.py   1160  0.01s             1           0  0.11s           2026-08-13T07:23:56
================================================================================
[2026-08-13T07:24:56.638+0000] {manager.py:878} INFO - 
================================================================================
DAG File Processing Stats

File Path                                            PID  Runtime      # DAGs    # Errors  Last Runtime    Last Run
-------------------------------------------------  -----  ---------  --------  ----------  --------------  -------------------
/opt/airflow/dags/clickstream_clean_events_dag.py   1184  0.01s             1           0  0.12s           2026-08-13T07:24:26
/opt/airflow/dags/hello_airflow.py                  1187  0.00s             1           0  0.12s           2026-08-13T07:24:26
================================================================================
[2026-08-13T07:25:26.894+0000] {manager.py:878} INFO - 
================================================================================
DAG File Processing Stats

File Path                                            PID  Runtime      # DAGs    # Errors  Last Runtime    Last Run
-------------------------------------------------  -----  ---------  --------  ----------  --------------  -------------------
/opt/airflow/dags/clickstream_clean_events_dag.py   1215  0.01s             1           0  0.11s           2026-08-13T07:24:56
/opt/airflow/dags/hello_airflow.py                  1218  0.00s             1           0  0.10s           2026-08-13T07:24:56
================================================================================
[2026-08-13T07:25:57.175+0000] {manager.py:878} INFO - 
================================================================================
DAG File Processing Stats

File Path                                            PID  Runtime      # DAGs    # Errors  Last Runtime    Last Run
-------------------------------------------------  -----  ---------  --------  ----------  --------------  -------------------
/opt/airflow/dags/clickstream_clean_events_dag.py   1239  0.01s             1           0  0.12s           2026-08-13T07:25:27
/opt/airflow/dags/hello_airflow.py                  1242  0.00s             1           0  0.11s           2026-08-13T07:25:27
================================================================================
[2026-08-13T07:26:16.319+0000] {manager.py:737} INFO - Searching for files in /opt/airflow/dags
[2026-08-13T07:26:16.340+0000] {manager.py:740} INFO - There are 2 files in /opt/airflow/dags
[2026-08-13T07:26:27.444+0000] {manager.py:878} INFO - 
================================================================================
DAG File Processing Stats

File Path                                            PID  Runtime      # DAGs    # Errors  Last Runtime    Last Run
-------------------------------------------------  -----  ---------  --------  ----------  --------------  -------------------
/opt/airflow/dags/clickstream_clean_events_dag.py   1270  0.01s             1           0  0.11s           2026-08-13T07:25:57
/opt/airflow/dags/hello_airflow.py                  1273  0.01s             1           0  0.10s           2026-08-13T07:25:57
================================================================================
[2026-08-13T07:26:57.700+0000] {manager.py:878} INFO - 
================================================================================
DAG File Processing Stats

File Path                                            PID  Runtime      # DAGs    # Errors  Last Runtime    Last Run
-------------------------------------------------  -----  ---------  --------  ----------  --------------  -------------------
/opt/airflow/dags/clickstream_clean_events_dag.py   1295  0.01s             1           0  0.11s           2026-08-13T07:26:27
/opt/airflow/dags/hello_airflow.py                  1298  0.00s             1           0  0.10s           2026-08-13T07:26:27
================================================================================
[2026-08-13T07:27:27.927+0000] {manager.py:878} INFO - 
================================================================================
DAG File Processing Stats

File Path                                            PID  Runtime      # DAGs    # Errors  Last Runtime    Last Run
-------------------------------------------------  -----  ---------  --------  ----------  --------------  -------------------
/opt/airflow/dags/clickstream_clean_events_dag.py   1326  0.01s             1           0  0.14s           2026-08-13T07:26:57
/opt/airflow/dags/hello_airflow.py                  1329  0.00s             1           0  0.13s           2026-08-13T07:26:57
================================================================================
[2026-08-13T07:27:58.249+0000] {manager.py:878} INFO - 
================================================================================
DAG File Processing Stats

File Path                                            PID  Runtime      # DAGs    # Errors  Last Runtime    Last Run
-------------------------------------------------  -----  ---------  --------  ----------  --------------  -------------------
/opt/airflow/dags/hello_airflow.py                  1353  0.00s             1           0  0.12s           2026-08-13T07:27:28
/opt/airflow/dags/clickstream_clean_events_dag.py   1350  0.01s             1           0  0.11s           2026-08-13T07:27:28
================================================================================
[2026-08-13T07:28:28.483+0000] {manager.py:878} INFO - 
================================================================================
DAG File Processing Stats

File Path                                            PID  Runtime      # DAGs    # Errors  Last Runtime    Last Run
-------------------------------------------------  -----  ---------  --------  ----------  --------------  -------------------
/opt/airflow/dags/clickstream_clean_events_dag.py   1381  0.01s             1           0  0.11s           2026-08-13T07:27:58
/opt/airflow/dags/hello_airflow.py                  1384  0.00s             1           0  0.10s           2026-08-13T07:27:58
================================================================================
[2026-08-13T07:28:58.758+0000] {manager.py:878} INFO - 
================================================================================
DAG File Processing Stats

File Path                                            PID  Runtime      # DAGs    # Errors  Last Runtime    Last Run
-------------------------------------------------  -----  ---------  --------  ----------  --------------  -------------------
/opt/airflow/dags/clickstream_clean_events_dag.py   1405  0.01s             1           0  0.13s           2026-08-13T07:28:28
/opt/airflow/dags/hello_airflow.py                  1408  0.00s             1           0  0.11s           2026-08-13T07:28:28
================================================================================
[2026-08-13T07:29:29.086+0000] {manager.py:878} INFO - 
================================================================================
DAG File Processing Stats

File Path                                            PID  Runtime      # DAGs    # Errors  Last Runtime    Last Run
-------------------------------------------------  -----  ---------  --------  ----------  --------------  -------------------
/opt/airflow/dags/clickstream_clean_events_dag.py   1436  0.01s             1           0  0.11s           2026-08-13T07:28:58
/opt/airflow/dags/hello_airflow.py                  1439  0.00s             1           0  0.11s           2026-08-13T07:28:58
================================================================================
[2026-08-13T07:29:59.331+0000] {manager.py:878} INFO - 
================================================================================
DAG File Processing Stats

File Path                                            PID  Runtime      # DAGs    # Errors  Last Runtime    Last Run
-------------------------------------------------  -----  ---------  --------  ----------  --------------  -------------------
/opt/airflow/dags/clickstream_clean_events_dag.py   1460  0.01s             1           0  0.11s           2026-08-13T07:29:29
/opt/airflow/dags/hello_airflow.py                  1463  0.00s             1           0  0.10s           2026-08-13T07:29:29
================================================================================
[2026-08-13T07:30:29.600+0000] {manager.py:878} INFO - 
================================================================================
DAG File Processing Stats

File Path                                            PID  Runtime      # DAGs    # Errors  Last Runtime    Last Run
-------------------------------------------------  -----  ---------  --------  ----------  --------------  -------------------
/opt/airflow/dags/clickstream_clean_events_dag.py   1491  0.01s             1           0  0.10s           2026-08-13T07:29:59
/opt/airflow/dags/hello_airflow.py                  1494  0.00s             1           0  0.09s           2026-08-13T07:29:59
================================================================================
[2026-08-13T07:30:59.940+0000] {manager.py:878} INFO - 
================================================================================
DAG File Processing Stats

File Path                                            PID  Runtime      # DAGs    # Errors  Last Runtime    Last Run
-------------------------------------------------  -----  ---------  --------  ----------  --------------  -------------------
/opt/airflow/dags/clickstream_clean_events_dag.py   1515  0.01s             1           0  0.10s           2026-08-13T07:30:29
/opt/airflow/dags/hello_airflow.py                  1518  0.00s             1           0  0.10s           2026-08-13T07:30:29
================================================================================
[2026-08-13T07:31:17.067+0000] {manager.py:737} INFO - Searching for files in /opt/airflow/dags
[2026-08-13T07:31:17.088+0000] {manager.py:740} INFO - There are 2 files in /opt/airflow/dags
[2026-08-13T07:31:30.204+0000] {manager.py:878} INFO - 
================================================================================
DAG File Processing Stats

File Path                                            PID  Runtime      # DAGs    # Errors  Last Runtime    Last Run
-------------------------------------------------  -----  ---------  --------  ----------  --------------  -------------------
/opt/airflow/dags/clickstream_clean_events_dag.py   1546  0.01s             1           0  0.13s           2026-08-13T07:31:00
/opt/airflow/dags/hello_airflow.py                  1549  0.00s             1           0  0.12s           2026-08-13T07:31:00
================================================================================
[2026-08-13T07:32:00.541+0000] {manager.py:878} INFO - 
================================================================================
DAG File Processing Stats

File Path                                            PID  Runtime      # DAGs    # Errors  Last Runtime    Last Run
-------------------------------------------------  -----  ---------  --------  ----------  --------------  -------------------
/opt/airflow/dags/clickstream_clean_events_dag.py   1570  0.01s             1           0  0.10s           2026-08-13T07:31:30
/opt/airflow/dags/hello_airflow.py                  1573  0.00s             1           0  0.09s           2026-08-13T07:31:30
================================================================================
[2026-08-13T07:32:30.876+0000] {manager.py:878} INFO - 
================================================================================
DAG File Processing Stats

File Path                                            PID  Runtime      # DAGs    # Errors  Last Runtime    Last Run
-------------------------------------------------  -----  ---------  --------  ----------  --------------  -------------------
/opt/airflow/dags/hello_airflow.py                  1605  0.00s             1           0  0.10s           2026-08-13T07:32:00
/opt/airflow/dags/clickstream_clean_events_dag.py   1602  0.01s             1           0  0.10s           2026-08-13T07:32:00
================================================================================
[2026-08-13T07:33:01.199+0000] {manager.py:878} INFO - 
================================================================================
DAG File Processing Stats

File Path                                            PID  Runtime      # DAGs    # Errors  Last Runtime    Last Run
-------------------------------------------------  -----  ---------  --------  ----------  --------------  -------------------
/opt/airflow/dags/clickstream_clean_events_dag.py   1626  0.01s             1           0  0.10s           2026-08-13T07:32:30
/opt/airflow/dags/hello_airflow.py                  1629  0.00s             1           0  0.10s           2026-08-13T07:32:30
================================================================================
[2026-08-13T07:33:31.440+0000] {manager.py:878} INFO - 
================================================================================
DAG File Processing Stats

File Path                                            PID  Runtime      # DAGs    # Errors  Last Runtime    Last Run
-------------------------------------------------  -----  ---------  --------  ----------  --------------  -------------------
/opt/airflow/dags/clickstream_clean_events_dag.py   1657  0.01s             1           0  0.12s           2026-08-13T07:33:01
/opt/airflow/dags/hello_airflow.py                  1660  0.00s             1           0  0.11s           2026-08-13T07:33:01
================================================================================
[2026-08-13T07:34:01.737+0000] {manager.py:878} INFO - 
================================================================================
DAG File Processing Stats

File Path                                            PID  Runtime      # DAGs    # Errors  Last Runtime    Last Run
-------------------------------------------------  -----  ---------  --------  ----------  --------------  -------------------
/opt/airflow/dags/clickstream_clean_events_dag.py   1681  0.01s             1           0  0.10s           2026-08-13T07:33:31
/opt/airflow/dags/hello_airflow.py                  1684  0.00s             1           0  0.10s           2026-08-13T07:33:31
================================================================================
[2026-08-13T07:34:32.062+0000] {manager.py:878} INFO - 
================================================================================
DAG File Processing Stats

File Path                                            PID  Runtime      # DAGs    # Errors  Last Runtime    Last Run
-------------------------------------------------  -----  ---------  --------  ----------  --------------  -------------------
/opt/airflow/dags/clickstream_clean_events_dag.py   1712  0.01s             1           0  0.11s           2026-08-13T07:34:01
/opt/airflow/dags/hello_airflow.py                  1715  0.00s             1           0  0.10s           2026-08-13T07:34:01
================================================================================
[2026-08-13T07:35:02.293+0000] {manager.py:878} INFO - 
================================================================================
DAG File Processing Stats

File Path                                            PID  Runtime      # DAGs    # Errors  Last Runtime    Last Run
-------------------------------------------------  -----  ---------  --------  ----------  --------------  -------------------
/opt/airflow/dags/clickstream_clean_events_dag.py   1736  0.01s             1           0  0.11s           2026-08-13T07:34:32
/opt/airflow/dags/hello_airflow.py                  1739  0.00s             1           0  0.10s           2026-08-13T07:34:32
================================================================================
[2026-08-13T07:35:32.587+0000] {manager.py:878} INFO - 
================================================================================
DAG File Processing Stats

File Path                                            PID  Runtime      # DAGs    # Errors  Last Runtime    Last Run
-------------------------------------------------  -----  ---------  --------  ----------  --------------  -------------------
/opt/airflow/dags/clickstream_clean_events_dag.py   1767  0.01s             1           0  0.11s           2026-08-13T07:35:02
/opt/airflow/dags/hello_airflow.py                  1770  0.00s             1           0  0.10s           2026-08-13T07:35:02
================================================================================
[2026-08-13T07:36:02.920+0000] {manager.py:878} INFO - 
================================================================================
DAG File Processing Stats

File Path                                            PID  Runtime      # DAGs    # Errors  Last Runtime    Last Run
-------------------------------------------------  -----  ---------  --------  ----------  --------------  -------------------
/opt/airflow/dags/clickstream_clean_events_dag.py   1791  0.01s             1           0  0.10s           2026-08-13T07:35:32
/opt/airflow/dags/hello_airflow.py                  1794  0.00s             1           0  0.10s           2026-08-13T07:35:32
================================================================================
[2026-08-13T07:36:17.092+0000] {manager.py:737} INFO - Searching for files in /opt/airflow/dags
[2026-08-13T07:36:17.121+0000] {manager.py:740} INFO - There are 2 files in /opt/airflow/dags
[2026-08-13T07:36:33.164+0000] {manager.py:878} INFO - 
================================================================================
DAG File Processing Stats

File Path                                            PID  Runtime      # DAGs    # Errors  Last Runtime    Last Run
-------------------------------------------------  -----  ---------  --------  ----------  --------------  -------------------
/opt/airflow/dags/clickstream_clean_events_dag.py   1822  0.01s             1           0  0.10s           2026-08-13T07:36:03
/opt/airflow/dags/hello_airflow.py                  1825  0.00s             1           0  0.09s           2026-08-13T07:36:03
================================================================================
[2026-08-13T07:37:03.473+0000] {manager.py:878} INFO - 
================================================================================
DAG File Processing Stats

File Path                                            PID  Runtime      # DAGs    # Errors  Last Runtime    Last Run
-------------------------------------------------  -----  ---------  --------  ----------  --------------  -------------------
/opt/airflow/dags/clickstream_clean_events_dag.py   1846  0.01s             1           0  0.12s           2026-08-13T07:36:33
/opt/airflow/dags/hello_airflow.py                  1849  0.00s             1           0  0.11s           2026-08-13T07:36:33
================================================================================
[2026-08-13T07:37:33.689+0000] {manager.py:878} INFO - 
================================================================================
DAG File Processing Stats

File Path                                            PID  Runtime      # DAGs    # Errors  Last Runtime    Last Run
-------------------------------------------------  -----  ---------  --------  ----------  --------------  -------------------
/opt/airflow/dags/clickstream_clean_events_dag.py   1878  0.01s             1           0  0.12s           2026-08-13T07:37:03
/opt/airflow/dags/hello_airflow.py                  1881  0.00s             1           0  0.10s           2026-08-13T07:37:03
================================================================================
[2026-08-13T07:38:04.020+0000] {manager.py:878} INFO - 
================================================================================
DAG File Processing Stats

File Path                                            PID  Runtime      # DAGs    # Errors  Last Runtime    Last Run
-------------------------------------------------  -----  ---------  --------  ----------  --------------  -------------------
/opt/airflow/dags/hello_airflow.py                  1905  0.00s             1           0  0.10s           2026-08-13T07:37:33
/opt/airflow/dags/clickstream_clean_events_dag.py   1902  0.01s             1           0  0.10s           2026-08-13T07:37:33
================================================================================
[2026-08-13T07:38:34.347+0000] {manager.py:878} INFO - 
================================================================================
DAG File Processing Stats

File Path                                            PID  Runtime      # DAGs    # Errors  Last Runtime    Last Run
-------------------------------------------------  -----  ---------  --------  ----------  --------------  -------------------
/opt/airflow/dags/clickstream_clean_events_dag.py   1933  0.01s             1           0  0.10s           2026-08-13T07:38:04
/opt/airflow/dags/hello_airflow.py                  1936  0.00s             1           0  0.10s           2026-08-13T07:38:04
================================================================================
[2026-08-13T07:39:04.584+0000] {manager.py:878} INFO - 
================================================================================
DAG File Processing Stats

File Path                                            PID  Runtime      # DAGs    # Errors  Last Runtime    Last Run
-------------------------------------------------  -----  ---------  --------  ----------  --------------  -------------------
/opt/airflow/dags/clickstream_clean_events_dag.py   1957  0.02s             1           0  0.10s           2026-08-13T07:38:34
/opt/airflow/dags/hello_airflow.py                  1960  0.00s             1           0  0.10s           2026-08-13T07:38:34
================================================================================
[2026-08-13T07:39:34.836+0000] {manager.py:878} INFO - 
================================================================================
DAG File Processing Stats

File Path                                            PID  Runtime      # DAGs    # Errors  Last Runtime    Last Run
-------------------------------------------------  -----  ---------  --------  ----------  --------------  -------------------
/opt/airflow/dags/clickstream_clean_events_dag.py   1989  0.01s             1           0  0.12s           2026-08-13T07:39:04
/opt/airflow/dags/hello_airflow.py                  1992  0.00s             1           0  0.11s           2026-08-13T07:39:04
================================================================================
[2026-08-13T07:40:05.078+0000] {manager.py:878} INFO - 
================================================================================
DAG File Processing Stats

File Path                                            PID  Runtime      # DAGs    # Errors  Last Runtime    Last Run
-------------------------------------------------  -----  ---------  --------  ----------  --------------  -------------------
/opt/airflow/dags/clickstream_clean_events_dag.py   2013  0.01s             1           0  0.11s           2026-08-13T07:39:34
/opt/airflow/dags/hello_airflow.py                  2016  0.00s             1           0  0.10s           2026-08-13T07:39:34
================================================================================
[2026-08-13T07:40:35.303+0000] {manager.py:878} INFO - 
================================================================================
DAG File Processing Stats

File Path                                            PID  Runtime      # DAGs    # Errors  Last Runtime    Last Run
-------------------------------------------------  -----  ---------  --------  ----------  --------------  -------------------
/opt/airflow/dags/clickstream_clean_events_dag.py   2045  0.01s             1           0  0.10s           2026-08-13T07:40:05
/opt/airflow/dags/hello_airflow.py                  2048  0.00s             1           0  0.10s           2026-08-13T07:40:05
================================================================================
[2026-08-13T07:41:05.581+0000] {manager.py:878} INFO - 
================================================================================
DAG File Processing Stats

File Path                                            PID  Runtime      # DAGs    # Errors  Last Runtime    Last Run
-------------------------------------------------  -----  ---------  --------  ----------  --------------  -------------------
/opt/airflow/dags/clickstream_clean_events_dag.py   2069  0.01s             1           0  0.10s           2026-08-13T07:40:35
/opt/airflow/dags/hello_airflow.py                  2072  0.00s             1           0  0.09s           2026-08-13T07:40:35
================================================================================
[2026-08-13T07:41:17.761+0000] {manager.py:737} INFO - Searching for files in /opt/airflow/dags
[2026-08-13T07:41:17.785+0000] {manager.py:740} INFO - There are 2 files in /opt/airflow/dags
[2026-08-13T07:41:35.915+0000] {manager.py:878} INFO - 
================================================================================
DAG File Processing Stats

File Path                                            PID  Runtime      # DAGs    # Errors  Last Runtime    Last Run
-------------------------------------------------  -----  ---------  --------  ----------  --------------  -------------------
/opt/airflow/dags/clickstream_clean_events_dag.py   2100  0.01s             1           0  0.11s           2026-08-13T07:41:05
/opt/airflow/dags/hello_airflow.py                  2103  0.00s             1           0  0.10s           2026-08-13T07:41:05
================================================================================
[2026-08-13T07:42:06.131+0000] {manager.py:878} INFO - 
================================================================================
DAG File Processing Stats

File Path                                            PID  Runtime      # DAGs    # Errors  Last Runtime    Last Run
-------------------------------------------------  -----  ---------  --------  ----------  --------------  -------------------
/opt/airflow/dags/clickstream_clean_events_dag.py   2124  0.01s             1           0  0.11s           2026-08-13T07:41:36
/opt/airflow/dags/hello_airflow.py                  2127  0.00s             1           0  0.10s           2026-08-13T07:41:36
================================================================================
[2026-08-13T07:42:36.436+0000] {manager.py:878} INFO - 
================================================================================
DAG File Processing Stats

File Path                                            PID  Runtime      # DAGs    # Errors  Last Runtime    Last Run
-------------------------------------------------  -----  ---------  --------  ----------  --------------  -------------------
/opt/airflow/dags/clickstream_clean_events_dag.py   2155  0.01s             1           0  0.10s           2026-08-13T07:42:06
/opt/airflow/dags/hello_airflow.py                  2158  0.00s             1           0  0.10s           2026-08-13T07:42:06
================================================================================
[2026-08-13T07:43:06.684+0000] {manager.py:878} INFO - 
================================================================================
DAG File Processing Stats

File Path                                            PID  Runtime      # DAGs    # Errors  Last Runtime    Last Run
-------------------------------------------------  -----  ---------  --------  ----------  --------------  -------------------
/opt/airflow/dags/clickstream_clean_events_dag.py   2179  0.02s             1           0  0.11s           2026-08-13T07:42:36
/opt/airflow/dags/hello_airflow.py                  2182  0.00s             1           0  0.10s           2026-08-13T07:42:36
================================================================================
[2026-08-13T07:43:37.023+0000] {manager.py:878} INFO - 
================================================================================
DAG File Processing Stats

File Path                                            PID  Runtime      # DAGs    # Errors  Last Runtime    Last Run
-------------------------------------------------  -----  ---------  --------  ----------  --------------  -------------------
/opt/airflow/dags/clickstream_clean_events_dag.py   2211  0.01s             1           0  0.10s           2026-08-13T07:43:06
/opt/airflow/dags/hello_airflow.py                  2214  0.00s             1           0  0.10s           2026-08-13T07:43:06
================================================================================
[2026-08-13T07:44:07.273+0000] {manager.py:878} INFO - 
================================================================================
DAG File Processing Stats

File Path                                            PID  Runtime      # DAGs    # Errors  Last Runtime    Last Run
-------------------------------------------------  -----  ---------  --------  ----------  --------------  -------------------
/opt/airflow/dags/clickstream_clean_events_dag.py   2235  0.01s             1           0  0.11s           2026-08-13T07:43:37
/opt/airflow/dags/hello_airflow.py                  2238  0.00s             1           0  0.10s           2026-08-13T07:43:37
================================================================================
[2026-08-13T07:44:37.604+0000] {manager.py:878} INFO - 
================================================================================
DAG File Processing Stats

File Path                                            PID  Runtime      # DAGs    # Errors  Last Runtime    Last Run
-------------------------------------------------  -----  ---------  --------  ----------  --------------  -------------------
/opt/airflow/dags/clickstream_clean_events_dag.py   2266  0.01s             1           0  0.10s           2026-08-13T07:44:07
/opt/airflow/dags/hello_airflow.py                  2269  0.00s             1           0  0.10s           2026-08-13T07:44:07
================================================================================
[2026-08-13T07:45:07.960+0000] {manager.py:878} INFO - 
================================================================================
DAG File Processing Stats

File Path                                            PID  Runtime      # DAGs    # Errors  Last Runtime    Last Run
-------------------------------------------------  -----  ---------  --------  ----------  --------------  -------------------
/opt/airflow/dags/clickstream_clean_events_dag.py   2291  0.01s             1           0  0.10s           2026-08-13T07:44:37
/opt/airflow/dags/hello_airflow.py                  2294  0.00s             1           0  0.10s           2026-08-13T07:44:37
================================================================================
[2026-08-13T07:45:38.260+0000] {manager.py:878} INFO - 
================================================================================
DAG File Processing Stats

File Path                                            PID  Runtime      # DAGs    # Errors  Last Runtime    Last Run
-------------------------------------------------  -----  ---------  --------  ----------  --------------  -------------------
/opt/airflow/dags/clickstream_clean_events_dag.py   2322  0.01s             1           0  0.10s           2026-08-13T07:45:08
/opt/airflow/dags/hello_airflow.py                  2325  0.00s             1           0  0.09s           2026-08-13T07:45:08
================================================================================
[2026-08-13T07:46:08.485+0000] {manager.py:878} INFO - 
================================================================================
DAG File Processing Stats

File Path                                            PID  Runtime      # DAGs    # Errors  Last Runtime    Last Run
-------------------------------------------------  -----  ---------  --------  ----------  --------------  -------------------
/opt/airflow/dags/clickstream_clean_events_dag.py   2346  0.02s             1           0  0.13s           2026-08-13T07:45:38
/opt/airflow/dags/hello_airflow.py                  2349  0.01s             1           0  0.12s           2026-08-13T07:45:38
================================================================================
[2026-08-13T07:46:18.699+0000] {manager.py:737} INFO - Searching for files in /opt/airflow/dags
[2026-08-13T07:46:18.742+0000] {manager.py:740} INFO - There are 2 files in /opt/airflow/dags
[2026-08-13T07:46:38.920+0000] {manager.py:878} INFO - 
================================================================================
DAG File Processing Stats

File Path                                            PID  Runtime      # DAGs    # Errors  Last Runtime    Last Run
-------------------------------------------------  -----  ---------  --------  ----------  --------------  -------------------
/opt/airflow/dags/clickstream_clean_events_dag.py   2371  0.02s             1           0  0.17s           2026-08-13T07:46:08
/opt/airflow/dags/hello_airflow.py                  2374  0.01s             1           0  0.16s           2026-08-13T07:46:08
================================================================================
[2026-08-13T07:47:09.155+0000] {manager.py:878} INFO - 
================================================================================
DAG File Processing Stats

File Path                                            PID  Runtime      # DAGs    # Errors  Last Runtime    Last Run
-------------------------------------------------  -----  ---------  --------  ----------  --------------  -------------------
/opt/airflow/dags/clickstream_clean_events_dag.py   2395  0.02s             1           0  0.18s           2026-08-13T07:46:39
/opt/airflow/dags/hello_airflow.py                  2398  0.01s             1           0  0.16s           2026-08-13T07:46:39
================================================================================
[2026-08-13T07:47:39.516+0000] {manager.py:878} INFO - 
================================================================================
DAG File Processing Stats

File Path                                            PID  Runtime      # DAGs    # Errors  Last Runtime    Last Run
-------------------------------------------------  -----  ---------  --------  ----------  --------------  -------------------
/opt/airflow/dags/clickstream_clean_events_dag.py   2426  0.02s             1           0  0.17s           2026-08-13T07:47:09
/opt/airflow/dags/hello_airflow.py                  2429  0.01s             1           0  0.17s           2026-08-13T07:47:09
================================================================================
[2026-08-13T07:48:09.896+0000] {manager.py:878} INFO - 
================================================================================
DAG File Processing Stats

File Path                                            PID  Runtime      # DAGs    # Errors  Last Runtime    Last Run
-------------------------------------------------  -----  ---------  --------  ----------  --------------  -------------------
/opt/airflow/dags/clickstream_clean_events_dag.py   2450  0.02s             1           0  0.18s           2026-08-13T07:47:39
/opt/airflow/dags/hello_airflow.py                  2453  0.00s             1           0  0.18s           2026-08-13T07:47:39
================================================================================
[2026-08-13T07:48:40.142+0000] {manager.py:878} INFO - 
================================================================================
DAG File Processing Stats

File Path                                            PID  Runtime      # DAGs    # Errors  Last Runtime    Last Run
-------------------------------------------------  -----  ---------  --------  ----------  --------------  -------------------
/opt/airflow/dags/clickstream_clean_events_dag.py   2475  0.01s             1           0  0.12s           2026-08-13T07:48:10
/opt/airflow/dags/hello_airflow.py                  2478  0.00s             1           0  0.11s           2026-08-13T07:48:10
================================================================================
[2026-08-13T07:49:10.476+0000] {manager.py:878} INFO - 
================================================================================
DAG File Processing Stats

File Path                                            PID  Runtime      # DAGs    # Errors  Last Runtime    Last Run
-------------------------------------------------  -----  ---------  --------  ----------  --------------  -------------------
/opt/airflow/dags/clickstream_clean_events_dag.py   2507  0.01s             1           0  0.11s           2026-08-13T07:48:40
/opt/airflow/dags/hello_airflow.py                  2510  0.00s             1           0  0.10s           2026-08-13T07:48:40
================================================================================
[2026-08-13T07:49:40.728+0000] {manager.py:878} INFO - 
================================================================================
DAG File Processing Stats

File Path                                            PID  Runtime      # DAGs    # Errors  Last Runtime    Last Run
-------------------------------------------------  -----  ---------  --------  ----------  --------------  -------------------
/opt/airflow/dags/clickstream_clean_events_dag.py   2531  0.01s             1           0  0.11s           2026-08-13T07:49:10
/opt/airflow/dags/hello_airflow.py                  2534  0.00s             1           0  0.10s           2026-08-13T07:49:10
================================================================================
[2026-08-13T07:50:11.040+0000] {manager.py:878} INFO - 
================================================================================
DAG File Processing Stats

File Path                                            PID  Runtime      # DAGs    # Errors  Last Runtime    Last Run
-------------------------------------------------  -----  ---------  --------  ----------  --------------  -------------------
/opt/airflow/dags/clickstream_clean_events_dag.py   2562  0.02s             1           0  0.11s           2026-08-13T07:49:40
/opt/airflow/dags/hello_airflow.py                  2565  0.01s             1           0  0.10s           2026-08-13T07:49:40
================================================================================
[2026-08-13T07:50:41.484+0000] {manager.py:878} INFO - 
================================================================================
DAG File Processing Stats

File Path                                            PID  Runtime      # DAGs    # Errors  Last Runtime    Last Run
-------------------------------------------------  -----  ---------  --------  ----------  --------------  -------------------
/opt/airflow/dags/hello_airflow.py                  2589  0.01s             1           0  0.17s           2026-08-13T07:50:11
/opt/airflow/dags/clickstream_clean_events_dag.py   2586  0.03s             1           0  0.17s           2026-08-13T07:50:11
================================================================================
[2026-08-13T07:51:12.065+0000] {manager.py:878} INFO - 
================================================================================
DAG File Processing Stats

File Path                                            PID  Runtime      # DAGs    # Errors  Last Runtime    Last Run
-------------------------------------------------  -----  ---------  --------  ----------  --------------  -------------------
/opt/airflow/dags/clickstream_clean_events_dag.py   2610  0.02s             1           0  0.32s           2026-08-13T07:50:41
/opt/airflow/dags/hello_airflow.py                  2613  0.00s             1           0  0.32s           2026-08-13T07:50:41
================================================================================
[2026-08-13T07:51:19.122+0000] {manager.py:737} INFO - Searching for files in /opt/airflow/dags
[2026-08-13T07:51:19.144+0000] {manager.py:740} INFO - There are 2 files in /opt/airflow/dags
[2026-08-13T07:51:42.364+0000] {manager.py:878} INFO - 
================================================================================
DAG File Processing Stats

File Path                                            PID  Runtime      # DAGs    # Errors  Last Runtime    Last Run
-------------------------------------------------  -----  ---------  --------  ----------  --------------  -------------------
/opt/airflow/dags/clickstream_clean_events_dag.py   2634  0.01s             1           0  0.14s           2026-08-13T07:51:12
/opt/airflow/dags/hello_airflow.py                  2637  0.00s             1           0  0.14s           2026-08-13T07:51:12
================================================================================
[2026-08-13T07:52:12.732+0000] {manager.py:878} INFO - 
================================================================================
DAG File Processing Stats

File Path                                            PID  Runtime      # DAGs    # Errors  Last Runtime    Last Run
-------------------------------------------------  -----  ---------  --------  ----------  --------------  -------------------
/opt/airflow/dags/hello_airflow.py                  2661  0.00s             1           0  0.12s           2026-08-13T07:51:42
/opt/airflow/dags/clickstream_clean_events_dag.py   2658  0.01s             1           0  0.12s           2026-08-13T07:51:42
================================================================================
[2026-08-13T07:52:43.148+0000] {manager.py:878} INFO - 
================================================================================
DAG File Processing Stats

File Path                                            PID  Runtime      # DAGs    # Errors  Last Runtime    Last Run
-------------------------------------------------  -----  ---------  --------  ----------  --------------  -------------------
/opt/airflow/dags/clickstream_clean_events_dag.py   2689  0.03s             1           0  0.10s           2026-08-13T07:52:12
/opt/airflow/dags/hello_airflow.py                  2692  0.01s             1           0  0.10s           2026-08-13T07:52:12
================================================================================
[2026-08-13T07:53:13.564+0000] {manager.py:878} INFO - 
================================================================================
DAG File Processing Stats

File Path                                            PID  Runtime      # DAGs    # Errors  Last Runtime    Last Run
-------------------------------------------------  -----  ---------  --------  ----------  --------------  -------------------
/opt/airflow/dags/clickstream_clean_events_dag.py   2706  0.07s             1           0  0.30s           2026-08-13T07:52:43
/opt/airflow/dags/hello_airflow.py                  2709  0.02s             1           0  0.29s           2026-08-13T07:52:43
================================================================================
[2026-08-13T07:53:44.570+0000] {manager.py:878} INFO - 
================================================================================
DAG File Processing Stats

File Path                                            PID  Runtime      # DAGs    # Errors  Last Runtime    Last Run
-------------------------------------------------  -----  ---------  --------  ----------  --------------  -------------------
/opt/airflow/dags/hello_airflow.py                  2734  0.03s             1           0  0.88s           2026-08-13T07:53:14
/opt/airflow/dags/clickstream_clean_events_dag.py   2731  0.07s             1           0  0.86s           2026-08-13T07:53:14
================================================================================
[2026-08-13T07:54:14.766+0000] {manager.py:878} INFO - 
================================================================================
DAG File Processing Stats

File Path                                          PID    Runtime      # DAGs    # Errors  Last Runtime    Last Run
-------------------------------------------------  -----  ---------  --------  ----------  --------------  -------------------
/opt/airflow/dags/hello_airflow.py                                          1           0  2.07s           2026-08-13T07:53:46
/opt/airflow/dags/clickstream_clean_events_dag.py                           1           0  1.81s           2026-08-13T07:53:46
================================================================================
[2026-08-13T07:54:45.435+0000] {manager.py:878} INFO - 
================================================================================
DAG File Processing Stats

File Path                                          PID    Runtime      # DAGs    # Errors  Last Runtime    Last Run
-------------------------------------------------  -----  ---------  --------  ----------  --------------  -------------------
/opt/airflow/dags/hello_airflow.py                                          1           0  0.99s           2026-08-13T07:54:17
/opt/airflow/dags/clickstream_clean_events_dag.py                           1           0  0.98s           2026-08-13T07:54:17
================================================================================
[2026-08-13T07:55:15.812+0000] {manager.py:878} INFO - 
================================================================================
DAG File Processing Stats

File Path                                          PID    Runtime      # DAGs    # Errors  Last Runtime    Last Run
-------------------------------------------------  -----  ---------  --------  ----------  --------------  -------------------
/opt/airflow/dags/clickstream_clean_events_dag.py                           1           0  1.97s           2026-08-13T07:54:51
/opt/airflow/dags/hello_airflow.py                                          1           0  1.51s           2026-08-13T07:54:51
================================================================================
[2026-08-13T07:55:45.857+0000] {manager.py:878} INFO - 
================================================================================
DAG File Processing Stats

File Path                                          PID    Runtime      # DAGs    # Errors  Last Runtime    Last Run
-------------------------------------------------  -----  ---------  --------  ----------  --------------  -------------------
/opt/airflow/dags/hello_airflow.py                                          1           0  1.28s           2026-08-13T07:55:23
/opt/airflow/dags/clickstream_clean_events_dag.py                           1           0  0.97s           2026-08-13T07:55:22
================================================================================
[2026-08-13T07:56:16.272+0000] {manager.py:878} INFO - 
================================================================================
DAG File Processing Stats

File Path                                          PID    Runtime      # DAGs    # Errors  Last Runtime    Last Run
-------------------------------------------------  -----  ---------  --------  ----------  --------------  -------------------
/opt/airflow/dags/clickstream_clean_events_dag.py                           1           0  1.55s           2026-08-13T07:55:54
/opt/airflow/dags/hello_airflow.py                                          1           0  1.41s           2026-08-13T07:55:54
================================================================================
[2026-08-13T07:56:19.336+0000] {manager.py:737} INFO - Searching for files in /opt/airflow/dags
[2026-08-13T07:56:19.519+0000] {manager.py:740} INFO - There are 2 files in /opt/airflow/dags
[2026-08-13T07:56:46.398+0000] {manager.py:878} INFO - 
================================================================================
DAG File Processing Stats

File Path                                          PID    Runtime      # DAGs    # Errors  Last Runtime    Last Run
-------------------------------------------------  -----  ---------  --------  ----------  --------------  -------------------
/opt/airflow/dags/clickstream_clean_events_dag.py                           1           0  2.00s           2026-08-13T07:56:26
/opt/airflow/dags/hello_airflow.py                                          1           0  1.57s           2026-08-13T07:56:26
================================================================================
[2026-08-13T07:57:17.196+0000] {manager.py:878} INFO - 
================================================================================
DAG File Processing Stats

File Path                                          PID    Runtime      # DAGs    # Errors  Last Runtime    Last Run
-------------------------------------------------  -----  ---------  --------  ----------  --------------  -------------------
/opt/airflow/dags/clickstream_clean_events_dag.py                           1           0  1.59s           2026-08-13T07:56:59
/opt/airflow/dags/hello_airflow.py                                          1           0  0.83s           2026-08-13T07:56:57
================================================================================
[2026-08-13T07:57:47.666+0000] {manager.py:878} INFO - 
================================================================================
DAG File Processing Stats

File Path                                          PID    Runtime      # DAGs    # Errors  Last Runtime    Last Run
-------------------------------------------------  -----  ---------  --------  ----------  --------------  -------------------
/opt/airflow/dags/clickstream_clean_events_dag.py                           1           0  0.18s           2026-08-13T07:57:29
/opt/airflow/dags/hello_airflow.py                                          1           0  0.16s           2026-08-13T07:57:28
================================================================================
[2026-08-13T07:58:18.175+0000] {manager.py:878} INFO - 
================================================================================
DAG File Processing Stats

File Path                                          PID    Runtime      # DAGs    # Errors  Last Runtime    Last Run
-------------------------------------------------  -----  ---------  --------  ----------  --------------  -------------------
/opt/airflow/dags/clickstream_clean_events_dag.py                           1           0  0.19s           2026-08-13T07:58:00
/opt/airflow/dags/hello_airflow.py                                          1           0  0.18s           2026-08-13T07:57:59
================================================================================
[2026-08-13T07:58:48.664+0000] {manager.py:878} INFO - 
================================================================================
DAG File Processing Stats

File Path                                          PID    Runtime      # DAGs    # Errors  Last Runtime    Last Run
-------------------------------------------------  -----  ---------  --------  ----------  --------------  -------------------
/opt/airflow/dags/clickstream_clean_events_dag.py                           1           0  0.25s           2026-08-13T07:58:30
/opt/airflow/dags/hello_airflow.py                                          1           0  0.22s           2026-08-13T07:58:29
================================================================================
[2026-08-13T07:59:19.110+0000] {manager.py:878} INFO - 
================================================================================
DAG File Processing Stats

File Path                                          PID    Runtime      # DAGs    # Errors  Last Runtime    Last Run
-------------------------------------------------  -----  ---------  --------  ----------  --------------  -------------------
/opt/airflow/dags/clickstream_clean_events_dag.py                           1           0  0.24s           2026-08-13T07:59:01
/opt/airflow/dags/hello_airflow.py                                          1           0  0.19s           2026-08-13T07:58:59
================================================================================
[2026-08-13T07:59:49.565+0000] {manager.py:878} INFO - 
================================================================================
DAG File Processing Stats

File Path                                          PID    Runtime      # DAGs    # Errors  Last Runtime    Last Run
-------------------------------------------------  -----  ---------  --------  ----------  --------------  -------------------
/opt/airflow/dags/hello_airflow.py                                          1           0  0.21s           2026-08-13T07:59:30
/opt/airflow/dags/clickstream_clean_events_dag.py                           1           0  0.19s           2026-08-13T07:59:31
================================================================================
[2026-08-13T08:00:19.867+0000] {manager.py:878} INFO - 
================================================================================
DAG File Processing Stats

File Path                                          PID    Runtime      # DAGs    # Errors  Last Runtime    Last Run
-------------------------------------------------  -----  ---------  --------  ----------  --------------  -------------------
/opt/airflow/dags/hello_airflow.py                                          1           0  0.28s           2026-08-13T08:00:00
/opt/airflow/dags/clickstream_clean_events_dag.py                           1           0  0.21s           2026-08-13T08:00:01
================================================================================
[2026-08-13T08:00:50.367+0000] {manager.py:878} INFO - 
================================================================================
DAG File Processing Stats

File Path                                          PID    Runtime      # DAGs    # Errors  Last Runtime    Last Run
-------------------------------------------------  -----  ---------  --------  ----------  --------------  -------------------
/opt/airflow/dags/clickstream_clean_events_dag.py                           1           0  0.21s           2026-08-13T08:00:32
/opt/airflow/dags/hello_airflow.py                                          1           0  0.19s           2026-08-13T08:00:31
================================================================================
[2026-08-13T08:01:19.978+0000] {manager.py:737} INFO - Searching for files in /opt/airflow/dags
[2026-08-13T08:01:20.038+0000] {manager.py:740} INFO - There are 2 files in /opt/airflow/dags
[2026-08-13T08:01:21.069+0000] {manager.py:878} INFO - 
================================================================================
DAG File Processing Stats

File Path                                          PID    Runtime      # DAGs    # Errors  Last Runtime    Last Run
-------------------------------------------------  -----  ---------  --------  ----------  --------------  -------------------
/opt/airflow/dags/clickstream_clean_events_dag.py                           1           0  0.33s           2026-08-13T08:01:02
/opt/airflow/dags/hello_airflow.py                                          1           0  0.32s           2026-08-13T08:01:01
================================================================================
[2026-08-13T08:01:51.669+0000] {manager.py:878} INFO - 
================================================================================
DAG File Processing Stats

File Path                                          PID    Runtime      # DAGs    # Errors  Last Runtime    Last Run
-------------------------------------------------  -----  ---------  --------  ----------  --------------  -------------------
/opt/airflow/dags/hello_airflow.py                                          1           0  0.34s           2026-08-13T08:01:32
/opt/airflow/dags/clickstream_clean_events_dag.py                           1           0  0.34s           2026-08-13T08:01:33
================================================================================
[2026-08-13T08:02:22.214+0000] {manager.py:878} INFO - 
================================================================================
DAG File Processing Stats

File Path                                          PID    Runtime      # DAGs    # Errors  Last Runtime    Last Run
-------------------------------------------------  -----  ---------  --------  ----------  --------------  -------------------
/opt/airflow/dags/clickstream_clean_events_dag.py                           1           0  0.29s           2026-08-13T08:02:04
/opt/airflow/dags/hello_airflow.py                                          1           0  0.28s           2026-08-13T08:02:03
================================================================================
[2026-08-13T08:02:52.842+0000] {manager.py:878} INFO - 
================================================================================
DAG File Processing Stats

File Path                                          PID    Runtime      # DAGs    # Errors  Last Runtime    Last Run
-------------------------------------------------  -----  ---------  --------  ----------  --------------  -------------------
/opt/airflow/dags/hello_airflow.py                                          1           0  0.33s           2026-08-13T08:02:33
/opt/airflow/dags/clickstream_clean_events_dag.py                           1           0  0.32s           2026-08-13T08:02:34
================================================================================
[2026-08-13T08:03:23.412+0000] {manager.py:878} INFO - 
================================================================================
DAG File Processing Stats

File Path                                          PID    Runtime      # DAGs    # Errors  Last Runtime    Last Run
-------------------------------------------------  -----  ---------  --------  ----------  --------------  -------------------
/opt/airflow/dags/clickstream_clean_events_dag.py                           1           0  0.34s           2026-08-13T08:03:05
/opt/airflow/dags/hello_airflow.py                                          1           0  0.28s           2026-08-13T08:03:04
================================================================================
[2026-08-13T08:03:53.819+0000] {manager.py:878} INFO - 
================================================================================
DAG File Processing Stats

File Path                                          PID    Runtime      # DAGs    # Errors  Last Runtime    Last Run
-------------------------------------------------  -----  ---------  --------  ----------  --------------  -------------------
/opt/airflow/dags/clickstream_clean_events_dag.py                           1           0  0.14s           2026-08-13T08:03:35
/opt/airflow/dags/hello_airflow.py                                          1           0  0.13s           2026-08-13T08:03:34
================================================================================
[2026-08-13T08:04:24.244+0000] {manager.py:878} INFO - 
================================================================================
DAG File Processing Stats

File Path                                          PID    Runtime      # DAGs    # Errors  Last Runtime    Last Run
-------------------------------------------------  -----  ---------  --------  ----------  --------------  -------------------
/opt/airflow/dags/clickstream_clean_events_dag.py                           1           0  0.18s           2026-08-13T08:04:06
/opt/airflow/dags/hello_airflow.py                                          1           0  0.17s           2026-08-13T08:04:05
================================================================================
[2026-08-13T08:04:54.656+0000] {manager.py:878} INFO - 
================================================================================
DAG File Processing Stats

File Path                                          PID    Runtime      # DAGs    # Errors  Last Runtime    Last Run
-------------------------------------------------  -----  ---------  --------  ----------  --------------  -------------------
/opt/airflow/dags/clickstream_clean_events_dag.py                           1           0  0.18s           2026-08-13T08:04:36
/opt/airflow/dags/hello_airflow.py                                          1           0  0.16s           2026-08-13T08:04:35
================================================================================
[2026-08-13T08:05:25.099+0000] {manager.py:878} INFO - 
================================================================================
DAG File Processing Stats

File Path                                          PID    Runtime      # DAGs    # Errors  Last Runtime    Last Run
-------------------------------------------------  -----  ---------  --------  ----------  --------------  -------------------
/opt/airflow/dags/clickstream_clean_events_dag.py                           1           0  0.18s           2026-08-13T08:05:06
/opt/airflow/dags/hello_airflow.py                                          1           0  0.17s           2026-08-13T08:05:05
================================================================================
[2026-08-13T08:05:55.373+0000] {manager.py:878} INFO - 
================================================================================
DAG File Processing Stats

File Path                                          PID    Runtime      # DAGs    # Errors  Last Runtime    Last Run
-------------------------------------------------  -----  ---------  --------  ----------  --------------  -------------------
/opt/airflow/dags/clickstream_clean_events_dag.py                           1           0  0.18s           2026-08-13T08:05:37
/opt/airflow/dags/hello_airflow.py                                          1           0  0.16s           2026-08-13T08:05:36
================================================================================
[2026-08-13T08:06:20.166+0000] {manager.py:737} INFO - Searching for files in /opt/airflow/dags
[2026-08-13T08:06:20.210+0000] {manager.py:740} INFO - There are 2 files in /opt/airflow/dags
[2026-08-13T08:06:26.308+0000] {manager.py:878} INFO - 
================================================================================
DAG File Processing Stats

File Path                                          PID    Runtime      # DAGs    # Errors  Last Runtime    Last Run
-------------------------------------------------  -----  ---------  --------  ----------  --------------  -------------------
/opt/airflow/dags/clickstream_clean_events_dag.py                           1           0  0.48s           2026-08-13T08:06:08
/opt/airflow/dags/hello_airflow.py                                          1           0  0.44s           2026-08-13T08:06:07
================================================================================
[2026-08-13T08:06:56.872+0000] {manager.py:878} INFO - 
================================================================================
DAG File Processing Stats

File Path                                          PID    Runtime      # DAGs    # Errors  Last Runtime    Last Run
-------------------------------------------------  -----  ---------  --------  ----------  --------------  -------------------
/opt/airflow/dags/clickstream_clean_events_dag.py                           1           0  0.30s           2026-08-13T08:06:38
/opt/airflow/dags/hello_airflow.py                                          1           0  0.22s           2026-08-13T08:06:37
================================================================================
[2026-08-13T08:07:27.346+0000] {manager.py:878} INFO - 
================================================================================
DAG File Processing Stats

File Path                                          PID    Runtime      # DAGs    # Errors  Last Runtime    Last Run
-------------------------------------------------  -----  ---------  --------  ----------  --------------  -------------------
/opt/airflow/dags/hello_airflow.py                                          1           0  0.88s           2026-08-13T08:07:09
/opt/airflow/dags/clickstream_clean_events_dag.py                           1           0  0.68s           2026-08-13T08:07:10
================================================================================
[2026-08-13T08:07:57.736+0000] {manager.py:878} INFO - 
================================================================================
DAG File Processing Stats

File Path                                          PID    Runtime      # DAGs    # Errors  Last Runtime    Last Run
-------------------------------------------------  -----  ---------  --------  ----------  --------------  -------------------
/opt/airflow/dags/clickstream_clean_events_dag.py                           1           0  1.03s           2026-08-13T08:07:41
/opt/airflow/dags/hello_airflow.py                                          1           0  0.92s           2026-08-13T08:07:40
================================================================================
[2026-08-13T08:08:27.948+0000] {manager.py:878} INFO - 
================================================================================
DAG File Processing Stats

File Path                                          PID    Runtime      # DAGs    # Errors  Last Runtime    Last Run
-------------------------------------------------  -----  ---------  --------  ----------  --------------  -------------------
/opt/airflow/dags/clickstream_clean_events_dag.py                           1           0  0.67s           2026-08-13T08:08:12
/opt/airflow/dags/hello_airflow.py                                          1           0  0.51s           2026-08-13T08:08:11
================================================================================
[2026-08-13T08:08:57.954+0000] {manager.py:878} INFO - 
================================================================================
DAG File Processing Stats

File Path                                          PID    Runtime      # DAGs    # Errors  Last Runtime    Last Run
-------------------------------------------------  -----  ---------  --------  ----------  --------------  -------------------
/opt/airflow/dags/clickstream_clean_events_dag.py                           1           0  0.94s           2026-08-13T08:08:43
/opt/airflow/dags/hello_airflow.py                                          1           0  0.79s           2026-08-13T08:08:42
================================================================================
[2026-08-13T08:09:28.137+0000] {manager.py:878} INFO - 
================================================================================
DAG File Processing Stats

File Path                                          PID    Runtime      # DAGs    # Errors  Last Runtime    Last Run
-------------------------------------------------  -----  ---------  --------  ----------  --------------  -------------------
/opt/airflow/dags/clickstream_clean_events_dag.py                           1           0  1.36s           2026-08-13T08:09:15
/opt/airflow/dags/hello_airflow.py                                          1           0  0.70s           2026-08-13T08:09:13
================================================================================
[2026-08-13T08:09:58.491+0000] {manager.py:878} INFO - 
================================================================================
DAG File Processing Stats

File Path                                          PID    Runtime      # DAGs    # Errors  Last Runtime    Last Run
-------------------------------------------------  -----  ---------  --------  ----------  --------------  -------------------
/opt/airflow/dags/hello_airflow.py                                          1           0  0.49s           2026-08-13T08:09:44
/opt/airflow/dags/clickstream_clean_events_dag.py                           1           0  0.47s           2026-08-13T08:09:45
================================================================================
[2026-08-13T08:10:28.898+0000] {manager.py:878} INFO - 
================================================================================
DAG File Processing Stats

File Path                                          PID    Runtime      # DAGs    # Errors  Last Runtime    Last Run
-------------------------------------------------  -----  ---------  --------  ----------  --------------  -------------------
/opt/airflow/dags/clickstream_clean_events_dag.py                           1           0  0.75s           2026-08-13T08:10:16
/opt/airflow/dags/hello_airflow.py                                          1           0  0.34s           2026-08-13T08:10:15
================================================================================
[2026-08-13T08:10:59.347+0000] {manager.py:878} INFO - 
================================================================================
DAG File Processing Stats

File Path                                          PID    Runtime      # DAGs    # Errors  Last Runtime    Last Run
-------------------------------------------------  -----  ---------  --------  ----------  --------------  -------------------
/opt/airflow/dags/clickstream_clean_events_dag.py                           1           0  0.29s           2026-08-13T08:10:47
/opt/airflow/dags/hello_airflow.py                                          1           0  0.16s           2026-08-13T08:10:45
================================================================================
[2026-08-13T08:11:20.747+0000] {manager.py:737} INFO - Searching for files in /opt/airflow/dags
[2026-08-13T08:11:20.793+0000] {manager.py:740} INFO - There are 2 files in /opt/airflow/dags
[2026-08-13T08:11:29.880+0000] {manager.py:878} INFO - 
================================================================================
DAG File Processing Stats

File Path                                          PID    Runtime      # DAGs    # Errors  Last Runtime    Last Run
-------------------------------------------------  -----  ---------  --------  ----------  --------------  -------------------
/opt/airflow/dags/hello_airflow.py                                          1           0  0.22s           2026-08-13T08:11:15
/opt/airflow/dags/clickstream_clean_events_dag.py                           1           0  0.19s           2026-08-13T08:11:17
================================================================================
[2026-08-13T08:12:00.305+0000] {manager.py:878} INFO - 
================================================================================
DAG File Processing Stats

File Path                                          PID    Runtime      # DAGs    # Errors  Last Runtime    Last Run
-------------------------------------------------  -----  ---------  --------  ----------  --------------  -------------------
/opt/airflow/dags/clickstream_clean_events_dag.py                           1           0  0.16s           2026-08-13T08:11:48
/opt/airflow/dags/hello_airflow.py                                          1           0  0.16s           2026-08-13T08:11:46
================================================================================
[2026-08-13T08:12:30.640+0000] {manager.py:878} INFO - 
================================================================================
DAG File Processing Stats

File Path                                          PID    Runtime      # DAGs    # Errors  Last Runtime    Last Run
-------------------------------------------------  -----  ---------  --------  ----------  --------------  -------------------
/opt/airflow/dags/hello_airflow.py                                          1           0  0.21s           2026-08-13T08:12:16
/opt/airflow/dags/clickstream_clean_events_dag.py                           1           0  0.18s           2026-08-13T08:12:18
================================================================================
[2026-08-13T08:13:01.135+0000] {manager.py:878} INFO - 
================================================================================
DAG File Processing Stats

File Path                                          PID    Runtime      # DAGs    # Errors  Last Runtime    Last Run
-------------------------------------------------  -----  ---------  --------  ----------  --------------  -------------------
/opt/airflow/dags/hello_airflow.py                                          1           0  0.22s           2026-08-13T08:12:47
/opt/airflow/dags/clickstream_clean_events_dag.py                           1           0  0.20s           2026-08-13T08:12:49
================================================================================
[2026-08-13T08:13:31.671+0000] {manager.py:878} INFO - 
================================================================================
DAG File Processing Stats

File Path                                          PID    Runtime      # DAGs    # Errors  Last Runtime    Last Run
-------------------------------------------------  -----  ---------  --------  ----------  --------------  -------------------
/opt/airflow/dags/clickstream_clean_events_dag.py                           1           0  0.26s           2026-08-13T08:13:19
/opt/airflow/dags/hello_airflow.py                                          1           0  0.23s           2026-08-13T08:13:17
================================================================================
[2026-08-13T08:14:02.029+0000] {manager.py:878} INFO - 
================================================================================
DAG File Processing Stats

File Path                                          PID    Runtime      # DAGs    # Errors  Last Runtime    Last Run
-------------------------------------------------  -----  ---------  --------  ----------  --------------  -------------------
/opt/airflow/dags/hello_airflow.py                                          1           0  0.36s           2026-08-13T08:13:48
/opt/airflow/dags/clickstream_clean_events_dag.py                           1           0  0.24s           2026-08-13T08:13:50
================================================================================
[2026-08-13T08:14:32.599+0000] {manager.py:878} INFO - 
================================================================================
DAG File Processing Stats

File Path                                          PID    Runtime      # DAGs    # Errors  Last Runtime    Last Run
-------------------------------------------------  -----  ---------  --------  ----------  --------------  -------------------
/opt/airflow/dags/hello_airflow.py                                          1           0  0.38s           2026-08-13T08:14:18
/opt/airflow/dags/clickstream_clean_events_dag.py                           1           0  0.25s           2026-08-13T08:14:20
================================================================================
[2026-08-13T08:15:03.542+0000] {manager.py:878} INFO - 
================================================================================
DAG File Processing Stats

File Path                                          PID    Runtime      # DAGs    # Errors  Last Runtime    Last Run
-------------------------------------------------  -----  ---------  --------  ----------  --------------  -------------------
/opt/airflow/dags/clickstream_clean_events_dag.py                           1           0  0.38s           2026-08-13T08:14:51
/opt/airflow/dags/hello_airflow.py                                          1           0  0.33s           2026-08-13T08:14:49
================================================================================
[2026-08-13T08:15:34.025+0000] {manager.py:878} INFO - 
================================================================================
DAG File Processing Stats

File Path                                          PID    Runtime      # DAGs    # Errors  Last Runtime    Last Run
-------------------------------------------------  -----  ---------  --------  ----------  --------------  -------------------
/opt/airflow/dags/hello_airflow.py                                          1           0  0.23s           2026-08-13T08:15:20
/opt/airflow/dags/clickstream_clean_events_dag.py                           1           0  0.23s           2026-08-13T08:15:22
================================================================================
[2026-08-13T08:16:04.618+0000] {manager.py:878} INFO - 
================================================================================
DAG File Processing Stats

File Path                                          PID    Runtime      # DAGs    # Errors  Last Runtime    Last Run
-------------------------------------------------  -----  ---------  --------  ----------  --------------  -------------------
/opt/airflow/dags/clickstream_clean_events_dag.py                           1           0  1.17s           2026-08-13T08:15:53
/opt/airflow/dags/hello_airflow.py                                          1           0  0.70s           2026-08-13T08:15:51
================================================================================
[2026-08-13T08:16:20.782+0000] {manager.py:737} INFO - Searching for files in /opt/airflow/dags
[2026-08-13T08:16:20.827+0000] {manager.py:740} INFO - There are 2 files in /opt/airflow/dags
[2026-08-13T08:16:35.270+0000] {manager.py:878} INFO - 
================================================================================
DAG File Processing Stats

File Path                                          PID    Runtime      # DAGs    # Errors  Last Runtime    Last Run
-------------------------------------------------  -----  ---------  --------  ----------  --------------  -------------------
/opt/airflow/dags/clickstream_clean_events_dag.py                           1           0  0.31s           2026-08-13T08:16:24
/opt/airflow/dags/hello_airflow.py                                          1           0  0.29s           2026-08-13T08:16:22
================================================================================
[2026-08-13T08:17:05.825+0000] {manager.py:878} INFO - 
================================================================================
DAG File Processing Stats

File Path                                          PID    Runtime      # DAGs    # Errors  Last Runtime    Last Run
-------------------------------------------------  -----  ---------  --------  ----------  --------------  -------------------
/opt/airflow/dags/clickstream_clean_events_dag.py                           1           0  0.39s           2026-08-13T08:16:54
/opt/airflow/dags/hello_airflow.py                                          1           0  0.28s           2026-08-13T08:16:52
================================================================================
[2026-08-13T08:17:36.310+0000] {manager.py:878} INFO - 
================================================================================
DAG File Processing Stats

File Path                                          PID    Runtime      # DAGs    # Errors  Last Runtime    Last Run
-------------------------------------------------  -----  ---------  --------  ----------  --------------  -------------------
/opt/airflow/dags/clickstream_clean_events_dag.py                           1           0  0.30s           2026-08-13T08:17:25
/opt/airflow/dags/hello_airflow.py                                          1           0  0.22s           2026-08-13T08:17:23
================================================================================
[2026-08-13T08:18:06.784+0000] {manager.py:878} INFO - 
================================================================================
DAG File Processing Stats

File Path                                          PID    Runtime      # DAGs    # Errors  Last Runtime    Last Run
-------------------------------------------------  -----  ---------  --------  ----------  --------------  -------------------
/opt/airflow/dags/clickstream_clean_events_dag.py                           1           0  0.30s           2026-08-13T08:17:55
/opt/airflow/dags/hello_airflow.py                                          1           0  0.22s           2026-08-13T08:17:53
================================================================================
[2026-08-13T08:18:36.805+0000] {manager.py:878} INFO - 
================================================================================
DAG File Processing Stats

File Path                                          PID    Runtime      # DAGs    # Errors  Last Runtime    Last Run
-------------------------------------------------  -----  ---------  --------  ----------  --------------  -------------------
/opt/airflow/dags/clickstream_clean_events_dag.py                           1           0  0.41s           2026-08-13T08:18:26
/opt/airflow/dags/hello_airflow.py                                          1           0  0.25s           2026-08-13T08:18:24
================================================================================
[2026-08-13T08:19:07.320+0000] {manager.py:878} INFO - 
================================================================================
DAG File Processing Stats

File Path                                          PID    Runtime      # DAGs    # Errors  Last Runtime    Last Run
-------------------------------------------------  -----  ---------  --------  ----------  --------------  -------------------
/opt/airflow/dags/clickstream_clean_events_dag.py                           1           0  0.21s           2026-08-13T08:18:57
/opt/airflow/dags/hello_airflow.py                                          1           0  0.17s           2026-08-13T08:18:55
================================================================================
[2026-08-13T08:19:37.760+0000] {manager.py:878} INFO - 
================================================================================
DAG File Processing Stats

File Path                                          PID    Runtime      # DAGs    # Errors  Last Runtime    Last Run
-------------------------------------------------  -----  ---------  --------  ----------  --------------  -------------------
/opt/airflow/dags/clickstream_clean_events_dag.py                           1           0  0.18s           2026-08-13T08:19:27
/opt/airflow/dags/hello_airflow.py                                          1           0  0.18s           2026-08-13T08:19:25
================================================================================
[2026-08-13T08:20:08.339+0000] {manager.py:878} INFO - 
================================================================================
DAG File Processing Stats

File Path                                          PID    Runtime      # DAGs    # Errors  Last Runtime    Last Run
-------------------------------------------------  -----  ---------  --------  ----------  --------------  -------------------
/opt/airflow/dags/hello_airflow.py                                          1           0  0.29s           2026-08-13T08:19:56
/opt/airflow/dags/clickstream_clean_events_dag.py                           1           0  0.27s           2026-08-13T08:19:58
================================================================================
[2026-08-13T08:20:38.656+0000] {manager.py:878} INFO - 
================================================================================
DAG File Processing Stats

File Path                                          PID    Runtime      # DAGs    # Errors  Last Runtime    Last Run
-------------------------------------------------  -----  ---------  --------  ----------  --------------  -------------------
/opt/airflow/dags/hello_airflow.py                                          1           0  0.36s           2026-08-13T08:20:26
/opt/airflow/dags/clickstream_clean_events_dag.py                           1           0  0.22s           2026-08-13T08:20:28
================================================================================
[2026-08-13T08:21:09.241+0000] {manager.py:878} INFO - 
================================================================================
DAG File Processing Stats

File Path                                          PID    Runtime      # DAGs    # Errors  Last Runtime    Last Run
-------------------------------------------------  -----  ---------  --------  ----------  --------------  -------------------
/opt/airflow/dags/hello_airflow.py                                          1           0  0.61s           2026-08-13T08:20:57
/opt/airflow/dags/clickstream_clean_events_dag.py                           1           0  0.38s           2026-08-13T08:20:59
================================================================================
[2026-08-13T08:21:21.356+0000] {manager.py:737} INFO - Searching for files in /opt/airflow/dags
[2026-08-13T08:21:21.420+0000] {manager.py:740} INFO - There are 2 files in /opt/airflow/dags
[2026-08-13T08:21:39.245+0000] {manager.py:878} INFO - 
================================================================================
DAG File Processing Stats

File Path                                          PID    Runtime      # DAGs    # Errors  Last Runtime    Last Run
-------------------------------------------------  -----  ---------  --------  ----------  --------------  -------------------
/opt/airflow/dags/clickstream_clean_events_dag.py                           1           0  0.31s           2026-08-13T08:21:30
/opt/airflow/dags/hello_airflow.py                                          1           0  0.26s           2026-08-13T08:21:28
================================================================================
[2026-08-13T08:22:09.624+0000] {manager.py:878} INFO - 
================================================================================
DAG File Processing Stats

File Path                                          PID    Runtime      # DAGs    # Errors  Last Runtime    Last Run
-------------------------------------------------  -----  ---------  --------  ----------  --------------  -------------------
/opt/airflow/dags/hello_airflow.py                                          1           0  0.17s           2026-08-13T08:21:58
/opt/airflow/dags/clickstream_clean_events_dag.py                           1           0  0.16s           2026-08-13T08:22:00
================================================================================
[2026-08-13T08:22:40.408+0000] {manager.py:878} INFO - 
================================================================================
DAG File Processing Stats

File Path                                          PID    Runtime      # DAGs    # Errors  Last Runtime    Last Run
-------------------------------------------------  -----  ---------  --------  ----------  --------------  -------------------
/opt/airflow/dags/clickstream_clean_events_dag.py                           1           0  0.31s           2026-08-13T08:22:31
/opt/airflow/dags/hello_airflow.py                                          1           0  0.22s           2026-08-13T08:22:29
================================================================================
[2026-08-13T08:23:10.889+0000] {manager.py:878} INFO - 
================================================================================
DAG File Processing Stats

File Path                                          PID    Runtime      # DAGs    # Errors  Last Runtime    Last Run
-------------------------------------------------  -----  ---------  --------  ----------  --------------  -------------------
/opt/airflow/dags/clickstream_clean_events_dag.py                           1           0  1.41s           2026-08-13T08:23:02
/opt/airflow/dags/hello_airflow.py                                          1           0  0.98s           2026-08-13T08:23:00
================================================================================
[2026-08-13T08:23:41.671+0000] {manager.py:878} INFO - 
================================================================================
DAG File Processing Stats

File Path                                          PID    Runtime      # DAGs    # Errors  Last Runtime    Last Run
-------------------------------------------------  -----  ---------  --------  ----------  --------------  -------------------
/opt/airflow/dags/hello_airflow.py                                          1           0  1.10s           2026-08-13T08:23:31
/opt/airflow/dags/clickstream_clean_events_dag.py                           1           0  0.91s           2026-08-13T08:23:34
================================================================================
[2026-08-13T08:24:11.824+0000] {manager.py:878} INFO - 
================================================================================
DAG File Processing Stats

File Path                                          PID    Runtime      # DAGs    # Errors  Last Runtime    Last Run
-------------------------------------------------  -----  ---------  --------  ----------  --------------  -------------------
/opt/airflow/dags/clickstream_clean_events_dag.py                           1           0  1.55s           2026-08-13T08:24:06
/opt/airflow/dags/hello_airflow.py                                          1           0  0.90s           2026-08-13T08:24:03
================================================================================
[2026-08-13T08:24:42.534+0000] {manager.py:878} INFO - 
================================================================================
DAG File Processing Stats

File Path                                          PID    Runtime      # DAGs    # Errors  Last Runtime    Last Run
-------------------------------------------------  -----  ---------  --------  ----------  --------------  -------------------
/opt/airflow/dags/clickstream_clean_events_dag.py                           1           0  0.45s           2026-08-13T08:24:37
/opt/airflow/dags/hello_airflow.py                                          1           0  0.22s           2026-08-13T08:24:33
================================================================================
[2026-08-13T08:25:12.904+0000] {manager.py:878} INFO - 
================================================================================
DAG File Processing Stats

File Path                                          PID    Runtime      # DAGs    # Errors  Last Runtime    Last Run
-------------------------------------------------  -----  ---------  --------  ----------  --------------  -------------------
/opt/airflow/dags/clickstream_clean_events_dag.py                           1           0  0.21s           2026-08-13T08:25:07
/opt/airflow/dags/hello_airflow.py                                          1           0  0.11s           2026-08-13T08:25:03
================================================================================
[2026-08-13T08:25:43.323+0000] {manager.py:878} INFO - 
================================================================================
DAG File Processing Stats

File Path                                          PID    Runtime      # DAGs    # Errors  Last Runtime    Last Run
-------------------------------------------------  -----  ---------  --------  ----------  --------------  -------------------
/opt/airflow/dags/hello_airflow.py                                          1           0  0.20s           2026-08-13T08:25:34
/opt/airflow/dags/clickstream_clean_events_dag.py                           1           0  0.11s           2026-08-13T08:25:38
================================================================================
[2026-08-13T08:26:13.662+0000] {manager.py:878} INFO - 
================================================================================
DAG File Processing Stats

File Path                                          PID    Runtime      # DAGs    # Errors  Last Runtime    Last Run
-------------------------------------------------  -----  ---------  --------  ----------  --------------  -------------------
/opt/airflow/dags/hello_airflow.py                                          1           0  0.11s           2026-08-13T08:26:04
/opt/airflow/dags/clickstream_clean_events_dag.py                           1           0  0.09s           2026-08-13T08:26:08
================================================================================
[2026-08-13T08:26:21.782+0000] {manager.py:737} INFO - Searching for files in /opt/airflow/dags
[2026-08-13T08:26:21.815+0000] {manager.py:740} INFO - There are 2 files in /opt/airflow/dags
[2026-08-13T08:26:44.095+0000] {manager.py:878} INFO - 
================================================================================
DAG File Processing Stats

File Path                                          PID    Runtime      # DAGs    # Errors  Last Runtime    Last Run
-------------------------------------------------  -----  ---------  --------  ----------  --------------  -------------------
/opt/airflow/dags/clickstream_clean_events_dag.py                           1           0  0.10s           2026-08-13T08:26:39
/opt/airflow/dags/hello_airflow.py                                          1           0  0.09s           2026-08-13T08:26:35
================================================================================
[2026-08-13T08:27:14.438+0000] {manager.py:878} INFO - 
================================================================================
DAG File Processing Stats

File Path                                          PID    Runtime      # DAGs    # Errors  Last Runtime    Last Run
-------------------------------------------------  -----  ---------  --------  ----------  --------------  -------------------
/opt/airflow/dags/clickstream_clean_events_dag.py                           1           0  0.15s           2026-08-13T08:27:09
/opt/airflow/dags/hello_airflow.py                                          1           0  0.10s           2026-08-13T08:27:05
================================================================================
[2026-08-13T08:27:44.788+0000] {manager.py:878} INFO - 
================================================================================
DAG File Processing Stats

File Path                                          PID    Runtime      # DAGs    # Errors  Last Runtime    Last Run
-------------------------------------------------  -----  ---------  --------  ----------  --------------  -------------------
/opt/airflow/dags/hello_airflow.py                                          1           0  0.12s           2026-08-13T08:27:35
/opt/airflow/dags/clickstream_clean_events_dag.py                           1           0  0.09s           2026-08-13T08:27:39
================================================================================
[2026-08-13T08:28:15.140+0000] {manager.py:878} INFO - 
================================================================================
DAG File Processing Stats

File Path                                          PID    Runtime      # DAGs    # Errors  Last Runtime    Last Run
-------------------------------------------------  -----  ---------  --------  ----------  --------------  -------------------
/opt/airflow/dags/hello_airflow.py                                          1           0  0.11s           2026-08-13T08:28:06
/opt/airflow/dags/clickstream_clean_events_dag.py                           1           0  0.10s           2026-08-13T08:28:10
================================================================================
[2026-08-13T08:28:45.471+0000] {manager.py:878} INFO - 
================================================================================
DAG File Processing Stats

File Path                                          PID    Runtime      # DAGs    # Errors  Last Runtime    Last Run
-------------------------------------------------  -----  ---------  --------  ----------  --------------  -------------------
/opt/airflow/dags/clickstream_clean_events_dag.py                           1           0  0.16s           2026-08-13T08:28:40
/opt/airflow/dags/hello_airflow.py                                          1           0  0.10s           2026-08-13T08:28:36
================================================================================
[2026-08-13T08:29:15.999+0000] {manager.py:878} INFO - 
================================================================================
DAG File Processing Stats

File Path                                          PID    Runtime      # DAGs    # Errors  Last Runtime    Last Run
-------------------------------------------------  -----  ---------  --------  ----------  --------------  -------------------
/opt/airflow/dags/clickstream_clean_events_dag.py                           1           0  0.33s           2026-08-13T08:29:11
/opt/airflow/dags/hello_airflow.py                                          1           0  0.17s           2026-08-13T08:29:06
================================================================================
[2026-08-13T08:29:46.045+0000] {manager.py:878} INFO - 
================================================================================
DAG File Processing Stats

File Path                                          PID    Runtime      # DAGs    # Errors  Last Runtime    Last Run
-------------------------------------------------  -----  ---------  --------  ----------  --------------  -------------------
/opt/airflow/dags/clickstream_clean_events_dag.py                           1           0  0.54s           2026-08-13T08:29:42
/opt/airflow/dags/hello_airflow.py                                          1           0  0.26s           2026-08-13T08:29:37
================================================================================
[2026-08-13T08:30:16.860+0000] {manager.py:878} INFO - 
================================================================================
DAG File Processing Stats

File Path                                          PID    Runtime      # DAGs    # Errors  Last Runtime    Last Run
-------------------------------------------------  -----  ---------  --------  ----------  --------------  -------------------
/opt/airflow/dags/clickstream_clean_events_dag.py                           1           0  0.13s           2026-08-13T08:30:12
/opt/airflow/dags/hello_airflow.py                                          1           0  0.10s           2026-08-13T08:30:07
================================================================================
[2026-08-13T08:30:47.143+0000] {manager.py:878} INFO - 
================================================================================
DAG File Processing Stats

File Path                                          PID    Runtime      # DAGs    # Errors  Last Runtime    Last Run
-------------------------------------------------  -----  ---------  --------  ----------  --------------  -------------------
/opt/airflow/dags/hello_airflow.py                                          1           0  0.14s           2026-08-13T08:30:38
/opt/airflow/dags/clickstream_clean_events_dag.py                           1           0  0.10s           2026-08-13T08:30:43
================================================================================
[2026-08-13T08:31:17.498+0000] {manager.py:878} INFO - 
================================================================================
DAG File Processing Stats

File Path                                          PID    Runtime      # DAGs    # Errors  Last Runtime    Last Run
-------------------------------------------------  -----  ---------  --------  ----------  --------------  -------------------
/opt/airflow/dags/clickstream_clean_events_dag.py                           1           0  0.17s           2026-08-13T08:31:13
/opt/airflow/dags/hello_airflow.py                                          1           0  0.10s           2026-08-13T08:31:08
================================================================================
[2026-08-13T08:31:22.541+0000] {manager.py:737} INFO - Searching for files in /opt/airflow/dags
[2026-08-13T08:31:22.572+0000] {manager.py:740} INFO - There are 2 files in /opt/airflow/dags
[2026-08-13T08:31:47.864+0000] {manager.py:878} INFO - 
================================================================================
DAG File Processing Stats

File Path                                          PID    Runtime      # DAGs    # Errors  Last Runtime    Last Run
-------------------------------------------------  -----  ---------  --------  ----------  --------------  -------------------
/opt/airflow/dags/clickstream_clean_events_dag.py                           1           0  0.15s           2026-08-13T08:31:43
/opt/airflow/dags/hello_airflow.py                                          1           0  0.09s           2026-08-13T08:31:38
================================================================================
[2026-08-13T08:32:18.276+0000] {manager.py:878} INFO - 
================================================================================
DAG File Processing Stats

File Path                                          PID    Runtime      # DAGs    # Errors  Last Runtime    Last Run
-------------------------------------------------  -----  ---------  --------  ----------  --------------  -------------------
/opt/airflow/dags/hello_airflow.py                                          1           0  0.17s           2026-08-13T08:32:09
/opt/airflow/dags/clickstream_clean_events_dag.py                           1           0  0.10s           2026-08-13T08:32:14
================================================================================
[2026-08-13T08:32:48.607+0000] {manager.py:878} INFO - 
================================================================================
DAG File Processing Stats

File Path                                          PID    Runtime      # DAGs    # Errors  Last Runtime    Last Run
-------------------------------------------------  -----  ---------  --------  ----------  --------------  -------------------
/opt/airflow/dags/clickstream_clean_events_dag.py                           1           0  0.13s           2026-08-13T08:32:44
/opt/airflow/dags/hello_airflow.py                                          1           0  0.10s           2026-08-13T08:32:39
================================================================================
[2026-08-13T08:33:18.946+0000] {manager.py:878} INFO - 
================================================================================
DAG File Processing Stats

File Path                                          PID    Runtime      # DAGs    # Errors  Last Runtime    Last Run
-------------------------------------------------  -----  ---------  --------  ----------  --------------  -------------------
/opt/airflow/dags/clickstream_clean_events_dag.py                           1           0  0.13s           2026-08-13T08:33:14
/opt/airflow/dags/hello_airflow.py                                          1           0  0.10s           2026-08-13T08:33:09
================================================================================
[2026-08-13T08:33:49.215+0000] {manager.py:878} INFO - 
================================================================================
DAG File Processing Stats

File Path                                          PID    Runtime      # DAGs    # Errors  Last Runtime    Last Run
-------------------------------------------------  -----  ---------  --------  ----------  --------------  -------------------
/opt/airflow/dags/hello_airflow.py                                          1           0  0.15s           2026-08-13T08:33:40
/opt/airflow/dags/clickstream_clean_events_dag.py                           1           0  0.10s           2026-08-13T08:33:45
================================================================================
[2026-08-13T08:34:19.569+0000] {manager.py:878} INFO - 
================================================================================
DAG File Processing Stats

File Path                                          PID    Runtime      # DAGs    # Errors  Last Runtime    Last Run
-------------------------------------------------  -----  ---------  --------  ----------  --------------  -------------------
/opt/airflow/dags/hello_airflow.py                                          1           0  0.10s           2026-08-13T08:34:10
/opt/airflow/dags/clickstream_clean_events_dag.py                           1           0  0.09s           2026-08-13T08:34:15
================================================================================
[2026-08-13T08:34:49.904+0000] {manager.py:878} INFO - 
================================================================================
DAG File Processing Stats

File Path                                          PID    Runtime      # DAGs    # Errors  Last Runtime    Last Run
-------------------------------------------------  -----  ---------  --------  ----------  --------------  -------------------
/opt/airflow/dags/clickstream_clean_events_dag.py                           1           0  0.13s           2026-08-13T08:34:45
/opt/airflow/dags/hello_airflow.py                                          1           0  0.10s           2026-08-13T08:34:40
================================================================================
[2026-08-13T08:35:20.158+0000] {manager.py:878} INFO - 
================================================================================
DAG File Processing Stats

File Path                                          PID    Runtime      # DAGs    # Errors  Last Runtime    Last Run
-------------------------------------------------  -----  ---------  --------  ----------  --------------  -------------------
/opt/airflow/dags/hello_airflow.py                                          1           0  0.13s           2026-08-13T08:35:11
/opt/airflow/dags/clickstream_clean_events_dag.py                           1           0  0.09s           2026-08-13T08:35:16
================================================================================
[2026-08-13T08:35:50.515+0000] {manager.py:878} INFO - 
================================================================================
DAG File Processing Stats

File Path                                          PID    Runtime      # DAGs    # Errors  Last Runtime    Last Run
-------------------------------------------------  -----  ---------  --------  ----------  --------------  -------------------
/opt/airflow/dags/clickstream_clean_events_dag.py                           1           0  0.17s           2026-08-13T08:35:46
/opt/airflow/dags/hello_airflow.py                                          1           0  0.12s           2026-08-13T08:35:41
================================================================================
[2026-08-13T08:36:20.842+0000] {manager.py:878} INFO - 
================================================================================
DAG File Processing Stats

File Path                                          PID    Runtime      # DAGs    # Errors  Last Runtime    Last Run
-------------------------------------------------  -----  ---------  --------  ----------  --------------  -------------------
/opt/airflow/dags/clickstream_clean_events_dag.py                           1           0  0.13s           2026-08-13T08:36:16
/opt/airflow/dags/hello_airflow.py                                          1           0  0.10s           2026-08-13T08:36:11
================================================================================
[2026-08-13T08:36:22.854+0000] {manager.py:737} INFO - Searching for files in /opt/airflow/dags
[2026-08-13T08:36:22.884+0000] {manager.py:740} INFO - There are 2 files in /opt/airflow/dags
[2026-08-13T08:36:51.256+0000] {manager.py:878} INFO - 
================================================================================
DAG File Processing Stats

File Path                                          PID    Runtime      # DAGs    # Errors  Last Runtime    Last Run
-------------------------------------------------  -----  ---------  --------  ----------  --------------  -------------------
/opt/airflow/dags/hello_airflow.py                                          1           0  0.13s           2026-08-13T08:36:42
/opt/airflow/dags/clickstream_clean_events_dag.py                           1           0  0.10s           2026-08-13T08:36:47
================================================================================
[2026-08-13T08:37:21.594+0000] {manager.py:878} INFO - 
================================================================================
DAG File Processing Stats

File Path                                          PID    Runtime      # DAGs    # Errors  Last Runtime    Last Run
-------------------------------------------------  -----  ---------  --------  ----------  --------------  -------------------
/opt/airflow/dags/clickstream_clean_events_dag.py                           1           0  0.16s           2026-08-13T08:37:17
/opt/airflow/dags/hello_airflow.py                                          1           0  0.09s           2026-08-13T08:37:12
================================================================================
[2026-08-13T08:37:51.940+0000] {manager.py:878} INFO - 
================================================================================
DAG File Processing Stats

File Path                                          PID    Runtime      # DAGs    # Errors  Last Runtime    Last Run
-------------------------------------------------  -----  ---------  --------  ----------  --------------  -------------------
/opt/airflow/dags/clickstream_clean_events_dag.py                           1           0  0.11s           2026-08-13T08:37:47
/opt/airflow/dags/hello_airflow.py                                          1           0  0.10s           2026-08-13T08:37:42
================================================================================
[2026-08-13T08:38:22.228+0000] {manager.py:878} INFO - 
================================================================================
DAG File Processing Stats

File Path                                          PID    Runtime      # DAGs    # Errors  Last Runtime    Last Run
-------------------------------------------------  -----  ---------  --------  ----------  --------------  -------------------
/opt/airflow/dags/hello_airflow.py                                          1           0  0.16s           2026-08-13T08:38:13
/opt/airflow/dags/clickstream_clean_events_dag.py                           1           0  0.12s           2026-08-13T08:38:18
================================================================================
[2026-08-13T08:38:52.586+0000] {manager.py:878} INFO - 
================================================================================
DAG File Processing Stats

File Path                                          PID    Runtime      # DAGs    # Errors  Last Runtime    Last Run
-------------------------------------------------  -----  ---------  --------  ----------  --------------  -------------------
/opt/airflow/dags/clickstream_clean_events_dag.py                           1           0  0.20s           2026-08-13T08:38:48
/opt/airflow/dags/hello_airflow.py                                          1           0  0.10s           2026-08-13T08:38:43
================================================================================
[2026-08-13T08:39:22.836+0000] {manager.py:878} INFO - 
================================================================================
DAG File Processing Stats

File Path                                          PID    Runtime      # DAGs    # Errors  Last Runtime    Last Run
-------------------------------------------------  -----  ---------  --------  ----------  --------------  -------------------
/opt/airflow/dags/hello_airflow.py                                          1           0  0.16s           2026-08-13T08:39:13
/opt/airflow/dags/clickstream_clean_events_dag.py                           1           0  0.12s           2026-08-13T08:39:18
================================================================================
[2026-08-13T08:39:53.471+0000] {manager.py:878} INFO - 
================================================================================
DAG File Processing Stats

File Path                                          PID    Runtime      # DAGs    # Errors  Last Runtime    Last Run
-------------------------------------------------  -----  ---------  --------  ----------  --------------  -------------------
/opt/airflow/dags/clickstream_clean_events_dag.py                           1           0  0.36s           2026-08-13T08:39:49
/opt/airflow/dags/hello_airflow.py                                          1           0  0.32s           2026-08-13T08:39:44
================================================================================
[2026-08-13T09:08:02.904+0000] {manager.py:737} INFO - Searching for files in /opt/airflow/dags
[2026-08-13T09:08:04.096+0000] {manager.py:740} INFO - There are 2 files in /opt/airflow/dags
[2026-08-13T09:15:56.825+0000] {manager.py:737} INFO - Searching for files in /opt/airflow/dags
[2026-08-13T09:16:03.930+0000] {manager.py:740} INFO - There are 2 files in /opt/airflow/dags
[2026-08-13T09:16:07.907+0000] {manager.py:878} INFO - 
================================================================================
DAG File Processing Stats

File Path                                            PID  Runtime      # DAGs    # Errors  Last Runtime    Last Run
-------------------------------------------------  -----  ---------  --------  ----------  --------------  -------------------
/opt/airflow/dags/hello_airflow.py                                          1           0  3.14s           2026-08-13T09:16:07
/opt/airflow/dags/clickstream_clean_events_dag.py   4914  3.60s             1           0  0.47s           2026-08-13T09:08:04
================================================================================
[2026-08-13T09:16:38.752+0000] {manager.py:878} INFO - 
================================================================================
DAG File Processing Stats

File Path                                            PID  Runtime      # DAGs    # Errors  Last Runtime    Last Run
-------------------------------------------------  -----  ---------  --------  ----------  --------------  -------------------
/opt/airflow/dags/clickstream_clean_events_dag.py   4931  0.02s             1           0  4.01s           2026-08-13T09:16:08
/opt/airflow/dags/hello_airflow.py                  4934  0.00s             1           0  3.14s           2026-08-13T09:16:07
================================================================================
[2026-08-13T09:17:09.583+0000] {manager.py:878} INFO - 
================================================================================
DAG File Processing Stats

File Path                                            PID  Runtime      # DAGs    # Errors  Last Runtime    Last Run
-------------------------------------------------  -----  ---------  --------  ----------  --------------  -------------------
/opt/airflow/dags/clickstream_clean_events_dag.py   4956  0.17s             1           0  0.11s           2026-08-13T09:16:38
/opt/airflow/dags/hello_airflow.py                  4959  0.08s             1           0  0.10s           2026-08-13T09:16:38
================================================================================
[2026-08-13T09:17:39.758+0000] {manager.py:878} INFO - 
================================================================================
DAG File Processing Stats

File Path                                          PID    Runtime      # DAGs    # Errors  Last Runtime    Last Run
-------------------------------------------------  -----  ---------  --------  ----------  --------------  -------------------
/opt/airflow/dags/clickstream_clean_events_dag.py                           1           0  1.72s           2026-08-13T09:17:11
/opt/airflow/dags/hello_airflow.py                                          1           0  1.55s           2026-08-13T09:17:11
================================================================================
[2026-08-13T09:18:10.176+0000] {manager.py:878} INFO - 
================================================================================
DAG File Processing Stats

File Path                                          PID    Runtime      # DAGs    # Errors  Last Runtime    Last Run
-------------------------------------------------  -----  ---------  --------  ----------  --------------  -------------------
/opt/airflow/dags/clickstream_clean_events_dag.py                           1           0  0.48s           2026-08-13T09:17:41
/opt/airflow/dags/hello_airflow.py                                          1           0  0.47s           2026-08-13T09:17:41
================================================================================
[2026-08-13T09:18:40.732+0000] {manager.py:878} INFO - 
================================================================================
DAG File Processing Stats

File Path                                          PID    Runtime      # DAGs    # Errors  Last Runtime    Last Run
-------------------------------------------------  -----  ---------  --------  ----------  --------------  -------------------
/opt/airflow/dags/clickstream_clean_events_dag.py                           1           0  0.31s           2026-08-13T09:18:12
/opt/airflow/dags/hello_airflow.py                                          1           0  0.29s           2026-08-13T09:18:12
================================================================================
[2026-08-13T09:19:11.118+0000] {manager.py:878} INFO - 
================================================================================
DAG File Processing Stats

File Path                                          PID    Runtime      # DAGs    # Errors  Last Runtime    Last Run
-------------------------------------------------  -----  ---------  --------  ----------  --------------  -------------------
/opt/airflow/dags/clickstream_clean_events_dag.py                           1           0  0.15s           2026-08-13T09:18:42
/opt/airflow/dags/hello_airflow.py                                          1           0  0.14s           2026-08-13T09:18:42
================================================================================
[2026-08-13T09:19:41.368+0000] {manager.py:878} INFO - 
================================================================================
DAG File Processing Stats

File Path                                          PID    Runtime      # DAGs    # Errors  Last Runtime    Last Run
-------------------------------------------------  -----  ---------  --------  ----------  --------------  -------------------
/opt/airflow/dags/clickstream_clean_events_dag.py                           1           0  0.79s           2026-08-13T09:19:13
/opt/airflow/dags/hello_airflow.py                                          1           0  0.77s           2026-08-13T09:19:13
================================================================================
[2026-08-13T09:20:11.947+0000] {manager.py:878} INFO - 
================================================================================
DAG File Processing Stats

File Path                                          PID    Runtime      # DAGs    # Errors  Last Runtime    Last Run
-------------------------------------------------  -----  ---------  --------  ----------  --------------  -------------------
/opt/airflow/dags/clickstream_clean_events_dag.py                           1           0  0.39s           2026-08-13T09:19:44
/opt/airflow/dags/hello_airflow.py                                          1           0  0.37s           2026-08-13T09:19:44
================================================================================
[2026-08-13T09:20:42.224+0000] {manager.py:878} INFO - 
================================================================================
DAG File Processing Stats

File Path                                          PID    Runtime      # DAGs    # Errors  Last Runtime    Last Run
-------------------------------------------------  -----  ---------  --------  ----------  --------------  -------------------
/opt/airflow/dags/clickstream_clean_events_dag.py                           1           0  0.18s           2026-08-13T09:20:15
/opt/airflow/dags/hello_airflow.py                                          1           0  0.16s           2026-08-13T09:20:15
================================================================================
[2026-08-13T09:20:57.585+0000] {manager.py:737} INFO - Searching for files in /opt/airflow/dags
[2026-08-13T09:20:57.816+0000] {manager.py:740} INFO - There are 2 files in /opt/airflow/dags
[2026-08-13T09:21:12.272+0000] {manager.py:878} INFO - 
================================================================================
DAG File Processing Stats

File Path                                          PID    Runtime      # DAGs    # Errors  Last Runtime    Last Run
-------------------------------------------------  -----  ---------  --------  ----------  --------------  -------------------
/opt/airflow/dags/clickstream_clean_events_dag.py                           1           0  0.37s           2026-08-13T09:20:45
/opt/airflow/dags/hello_airflow.py                                          1           0  0.33s           2026-08-13T09:20:45
================================================================================
[2026-08-13T09:21:42.692+0000] {manager.py:878} INFO - 
================================================================================
DAG File Processing Stats

File Path                                          PID    Runtime      # DAGs    # Errors  Last Runtime    Last Run
-------------------------------------------------  -----  ---------  --------  ----------  --------------  -------------------
/opt/airflow/dags/hello_airflow.py                                          1           0  0.71s           2026-08-13T09:21:17
/opt/airflow/dags/clickstream_clean_events_dag.py                           1           0  0.70s           2026-08-13T09:21:17
================================================================================
[2026-08-13T09:22:12.772+0000] {manager.py:878} INFO - 
================================================================================
DAG File Processing Stats

File Path                                          PID    Runtime      # DAGs    # Errors  Last Runtime    Last Run
-------------------------------------------------  -----  ---------  --------  ----------  --------------  -------------------
/opt/airflow/dags/clickstream_clean_events_dag.py                           1           0  0.32s           2026-08-13T09:21:48
/opt/airflow/dags/hello_airflow.py                                          1           0  0.31s           2026-08-13T09:21:48
================================================================================
[2026-08-13T09:22:43.246+0000] {manager.py:878} INFO - 
================================================================================
DAG File Processing Stats

File Path                                          PID    Runtime      # DAGs    # Errors  Last Runtime    Last Run
-------------------------------------------------  -----  ---------  --------  ----------  --------------  -------------------
/opt/airflow/dags/clickstream_clean_events_dag.py                           1           0  0.27s           2026-08-13T09:22:19
/opt/airflow/dags/hello_airflow.py                                          1           0  0.25s           2026-08-13T09:22:19
================================================================================
[2026-08-13T09:23:13.576+0000] {manager.py:878} INFO - 
================================================================================
DAG File Processing Stats

File Path                                          PID    Runtime      # DAGs    # Errors  Last Runtime    Last Run
-------------------------------------------------  -----  ---------  --------  ----------  --------------  -------------------
/opt/airflow/dags/clickstream_clean_events_dag.py                           1           0  0.10s           2026-08-13T09:22:49
/opt/airflow/dags/hello_airflow.py                                          1           0  0.10s           2026-08-13T09:22:49
================================================================================
[2026-08-13T09:23:44.042+0000] {manager.py:878} INFO - 
================================================================================
DAG File Processing Stats

File Path                                          PID    Runtime      # DAGs    # Errors  Last Runtime    Last Run
-------------------------------------------------  -----  ---------  --------  ----------  --------------  -------------------
/opt/airflow/dags/clickstream_clean_events_dag.py                           1           0  0.15s           2026-08-13T09:23:19
/opt/airflow/dags/hello_airflow.py                                          1           0  0.14s           2026-08-13T09:23:19
================================================================================
[2026-08-13T09:24:14.374+0000] {manager.py:878} INFO - 
================================================================================
DAG File Processing Stats

File Path                                          PID    Runtime      # DAGs    # Errors  Last Runtime    Last Run
-------------------------------------------------  -----  ---------  --------  ----------  --------------  -------------------
/opt/airflow/dags/clickstream_clean_events_dag.py                           1           0  0.17s           2026-08-13T09:23:50
/opt/airflow/dags/hello_airflow.py                                          1           0  0.15s           2026-08-13T09:23:50
================================================================================
[2026-08-13T09:24:44.773+0000] {manager.py:878} INFO - 
================================================================================
DAG File Processing Stats

File Path                                          PID    Runtime      # DAGs    # Errors  Last Runtime    Last Run
-------------------------------------------------  -----  ---------  --------  ----------  --------------  -------------------
/opt/airflow/dags/clickstream_clean_events_dag.py                           1           0  0.13s           2026-08-13T09:24:20
/opt/airflow/dags/hello_airflow.py                                          1           0  0.13s           2026-08-13T09:24:20
================================================================================
[2026-08-13T09:25:15.050+0000] {manager.py:878} INFO - 
================================================================================
DAG File Processing Stats

File Path                                          PID    Runtime      # DAGs    # Errors  Last Runtime    Last Run
-------------------------------------------------  -----  ---------  --------  ----------  --------------  -------------------
/opt/airflow/dags/clickstream_clean_events_dag.py                           1           0  0.25s           2026-08-13T09:24:51
/opt/airflow/dags/hello_airflow.py                                          1           0  0.24s           2026-08-13T09:24:51
================================================================================
[2026-08-13T09:25:45.304+0000] {manager.py:878} INFO - 
================================================================================
DAG File Processing Stats

File Path                                          PID    Runtime      # DAGs    # Errors  Last Runtime    Last Run
-------------------------------------------------  -----  ---------  --------  ----------  --------------  -------------------
/opt/airflow/dags/clickstream_clean_events_dag.py                           1           0  0.13s           2026-08-13T09:25:21
/opt/airflow/dags/hello_airflow.py                                          1           0  0.12s           2026-08-13T09:25:21
================================================================================
[2026-08-13T09:25:57.626+0000] {manager.py:737} INFO - Searching for files in /opt/airflow/dags
[2026-08-13T09:25:57.672+0000] {manager.py:740} INFO - There are 2 files in /opt/airflow/dags
[2026-08-13T09:26:15.871+0000] {manager.py:878} INFO - 
================================================================================
DAG File Processing Stats

File Path                                          PID    Runtime      # DAGs    # Errors  Last Runtime    Last Run
-------------------------------------------------  -----  ---------  --------  ----------  --------------  -------------------
/opt/airflow/dags/hello_airflow.py                                          1           0  0.24s           2026-08-13T09:25:51
/opt/airflow/dags/clickstream_clean_events_dag.py                           1           0  0.22s           2026-08-13T09:25:51
================================================================================
[2026-08-13T09:26:46.111+0000] {manager.py:878} INFO - 
================================================================================
DAG File Processing Stats

File Path                                          PID    Runtime      # DAGs    # Errors  Last Runtime    Last Run
-------------------------------------------------  -----  ---------  --------  ----------  --------------  -------------------
/opt/airflow/dags/clickstream_clean_events_dag.py                           1           0  0.11s           2026-08-13T09:26:22
/opt/airflow/dags/hello_airflow.py                                          1           0  0.09s           2026-08-13T09:26:22
================================================================================
[2026-08-13T09:27:16.759+0000] {manager.py:878} INFO - 
================================================================================
DAG File Processing Stats

File Path                                          PID    Runtime      # DAGs    # Errors  Last Runtime    Last Run
-------------------------------------------------  -----  ---------  --------  ----------  --------------  -------------------
/opt/airflow/dags/clickstream_clean_events_dag.py                           1           0  0.37s           2026-08-13T09:26:52
/opt/airflow/dags/hello_airflow.py                                          1           0  0.36s           2026-08-13T09:26:52
================================================================================
[2026-08-13T09:27:47.152+0000] {manager.py:878} INFO - 
================================================================================
DAG File Processing Stats

File Path                                          PID    Runtime      # DAGs    # Errors  Last Runtime    Last Run
-------------------------------------------------  -----  ---------  --------  ----------  --------------  -------------------
/opt/airflow/dags/clickstream_clean_events_dag.py                           1           0  0.17s           2026-08-13T09:27:22
/opt/airflow/dags/hello_airflow.py                                          1           0  0.16s           2026-08-13T09:27:22
================================================================================
[2026-08-13T09:28:17.689+0000] {manager.py:878} INFO - 
================================================================================
DAG File Processing Stats

File Path                                          PID    Runtime      # DAGs    # Errors  Last Runtime    Last Run
-------------------------------------------------  -----  ---------  --------  ----------  --------------  -------------------
/opt/airflow/dags/hello_airflow.py                                          1           0  0.33s           2026-08-13T09:27:53
/opt/airflow/dags/clickstream_clean_events_dag.py                           1           0  0.31s           2026-08-13T09:27:53
================================================================================
[2026-08-13T09:28:48.007+0000] {manager.py:878} INFO - 
================================================================================
DAG File Processing Stats

File Path                                          PID    Runtime      # DAGs    # Errors  Last Runtime    Last Run
-------------------------------------------------  -----  ---------  --------  ----------  --------------  -------------------
/opt/airflow/dags/clickstream_clean_events_dag.py                           1           0  0.12s           2026-08-13T09:28:23
/opt/airflow/dags/hello_airflow.py                                          1           0  0.10s           2026-08-13T09:28:23
================================================================================
[2026-08-13T09:29:18.396+0000] {manager.py:878} INFO - 
================================================================================
DAG File Processing Stats

File Path                                          PID    Runtime      # DAGs    # Errors  Last Runtime    Last Run
-------------------------------------------------  -----  ---------  --------  ----------  --------------  -------------------
/opt/airflow/dags/clickstream_clean_events_dag.py                           1           0  0.13s           2026-08-13T09:28:54
/opt/airflow/dags/hello_airflow.py                                          1           0  0.12s           2026-08-13T09:28:54
================================================================================
[2026-08-13T09:29:48.666+0000] {manager.py:878} INFO - 
================================================================================
DAG File Processing Stats

File Path                                          PID    Runtime      # DAGs    # Errors  Last Runtime    Last Run
-------------------------------------------------  -----  ---------  --------  ----------  --------------  -------------------
/opt/airflow/dags/clickstream_clean_events_dag.py                           1           0  0.11s           2026-08-13T09:29:24
/opt/airflow/dags/hello_airflow.py                                          1           0  0.11s           2026-08-13T09:29:24
================================================================================
[2026-08-13T09:30:19.144+0000] {manager.py:878} INFO - 
================================================================================
DAG File Processing Stats

File Path                                          PID    Runtime      # DAGs    # Errors  Last Runtime    Last Run
-------------------------------------------------  -----  ---------  --------  ----------  --------------  -------------------
/opt/airflow/dags/hello_airflow.py                                          1           0  0.20s           2026-08-13T09:29:54
/opt/airflow/dags/clickstream_clean_events_dag.py                           1           0  0.20s           2026-08-13T09:29:54
================================================================================
[2026-08-13T09:30:49.619+0000] {manager.py:878} INFO - 
================================================================================
DAG File Processing Stats

File Path                                          PID    Runtime      # DAGs    # Errors  Last Runtime    Last Run
-------------------------------------------------  -----  ---------  --------  ----------  --------------  -------------------
/opt/airflow/dags/hello_airflow.py                                          1           0  0.22s           2026-08-13T09:30:25
/opt/airflow/dags/clickstream_clean_events_dag.py                           1           0  0.22s           2026-08-13T09:30:25
================================================================================
[2026-08-13T09:30:57.717+0000] {manager.py:737} INFO - Searching for files in /opt/airflow/dags
[2026-08-13T09:30:57.750+0000] {manager.py:740} INFO - There are 2 files in /opt/airflow/dags
[2026-08-13T09:31:20.000+0000] {manager.py:878} INFO - 
================================================================================
DAG File Processing Stats

File Path                                          PID    Runtime      # DAGs    # Errors  Last Runtime    Last Run
-------------------------------------------------  -----  ---------  --------  ----------  --------------  -------------------
/opt/airflow/dags/clickstream_clean_events_dag.py                           1           0  0.21s           2026-08-13T09:30:55
/opt/airflow/dags/hello_airflow.py                                          1           0  0.19s           2026-08-13T09:30:55
================================================================================
[2026-08-13T09:31:50.283+0000] {manager.py:878} INFO - 
================================================================================
DAG File Processing Stats

File Path                                          PID    Runtime      # DAGs    # Errors  Last Runtime    Last Run
-------------------------------------------------  -----  ---------  --------  ----------  --------------  -------------------
/opt/airflow/dags/clickstream_clean_events_dag.py                           1           0  0.28s           2026-08-13T09:31:26
/opt/airflow/dags/hello_airflow.py                                          1           0  0.23s           2026-08-13T09:31:26
================================================================================
[2026-08-13T09:32:20.644+0000] {manager.py:878} INFO - 
================================================================================
DAG File Processing Stats

File Path                                          PID    Runtime      # DAGs    # Errors  Last Runtime    Last Run
-------------------------------------------------  -----  ---------  --------  ----------  --------------  -------------------
/opt/airflow/dags/clickstream_clean_events_dag.py                           1           0  0.13s           2026-08-13T09:31:56
/opt/airflow/dags/hello_airflow.py                                          1           0  0.11s           2026-08-13T09:31:56
================================================================================
[2026-08-13T09:32:51.196+0000] {manager.py:878} INFO - 
================================================================================
DAG File Processing Stats

File Path                                          PID    Runtime      # DAGs    # Errors  Last Runtime    Last Run
-------------------------------------------------  -----  ---------  --------  ----------  --------------  -------------------
/opt/airflow/dags/clickstream_clean_events_dag.py                           1           0  0.25s           2026-08-13T09:32:26
/opt/airflow/dags/hello_airflow.py                                          1           0  0.25s           2026-08-13T09:32:26
================================================================================
[2026-08-13T09:33:21.558+0000] {manager.py:878} INFO - 
================================================================================
DAG File Processing Stats

File Path                                          PID    Runtime      # DAGs    # Errors  Last Runtime    Last Run
-------------------------------------------------  -----  ---------  --------  ----------  --------------  -------------------
/opt/airflow/dags/clickstream_clean_events_dag.py                           1           0  0.33s           2026-08-13T09:32:57
/opt/airflow/dags/hello_airflow.py                                          1           0  0.29s           2026-08-13T09:32:57
================================================================================
[2026-08-13T09:33:52.430+0000] {manager.py:878} INFO - 
================================================================================
DAG File Processing Stats

File Path                                          PID    Runtime      # DAGs    # Errors  Last Runtime    Last Run
-------------------------------------------------  -----  ---------  --------  ----------  --------------  -------------------
/opt/airflow/dags/clickstream_clean_events_dag.py                           1           0  0.41s           2026-08-13T09:33:28
/opt/airflow/dags/hello_airflow.py                                          1           0  0.39s           2026-08-13T09:33:28
================================================================================
[2026-08-13T09:34:22.682+0000] {manager.py:878} INFO - 
================================================================================
DAG File Processing Stats

File Path                                          PID    Runtime      # DAGs    # Errors  Last Runtime    Last Run
-------------------------------------------------  -----  ---------  --------  ----------  --------------  -------------------
/opt/airflow/dags/hello_airflow.py                                          1           0  0.19s           2026-08-13T09:33:58
/opt/airflow/dags/clickstream_clean_events_dag.py                           1           0  0.15s           2026-08-13T09:33:58
================================================================================
[2026-08-13T09:34:52.875+0000] {manager.py:878} INFO - 
================================================================================
DAG File Processing Stats

File Path                                          PID    Runtime      # DAGs    # Errors  Last Runtime    Last Run
-------------------------------------------------  -----  ---------  --------  ----------  --------------  -------------------
/opt/airflow/dags/hello_airflow.py                                          1           0  0.98s           2026-08-13T09:34:29
/opt/airflow/dags/clickstream_clean_events_dag.py                           1           0  0.93s           2026-08-13T09:34:29
================================================================================
[2026-08-13T09:35:23.433+0000] {manager.py:878} INFO - 
================================================================================
DAG File Processing Stats

File Path                                          PID    Runtime      # DAGs    # Errors  Last Runtime    Last Run
-------------------------------------------------  -----  ---------  --------  ----------  --------------  -------------------
/opt/airflow/dags/clickstream_clean_events_dag.py                           1           0  0.31s           2026-08-13T09:35:00
/opt/airflow/dags/hello_airflow.py                                          1           0  0.30s           2026-08-13T09:35:00
================================================================================
[2026-08-13T09:35:53.797+0000] {manager.py:878} INFO - 
================================================================================
DAG File Processing Stats

File Path                                          PID    Runtime      # DAGs    # Errors  Last Runtime    Last Run
-------------------------------------------------  -----  ---------  --------  ----------  --------------  -------------------
/opt/airflow/dags/hello_airflow.py                                          1           0  0.13s           2026-08-13T09:35:30
/opt/airflow/dags/clickstream_clean_events_dag.py                           1           0  0.13s           2026-08-13T09:35:30
================================================================================
[2026-08-13T09:35:57.832+0000] {manager.py:737} INFO - Searching for files in /opt/airflow/dags
[2026-08-13T09:35:57.862+0000] {manager.py:740} INFO - There are 2 files in /opt/airflow/dags
[2026-08-13T09:36:24.099+0000] {manager.py:878} INFO - 
================================================================================
DAG File Processing Stats

File Path                                          PID    Runtime      # DAGs    # Errors  Last Runtime    Last Run
-------------------------------------------------  -----  ---------  --------  ----------  --------------  -------------------
/opt/airflow/dags/clickstream_clean_events_dag.py                           1           0  0.11s           2026-08-13T09:36:01
/opt/airflow/dags/hello_airflow.py                                          1           0  0.10s           2026-08-13T09:36:01
================================================================================
[2026-08-13T09:36:54.374+0000] {manager.py:878} INFO - 
================================================================================
DAG File Processing Stats

File Path                                          PID    Runtime      # DAGs    # Errors  Last Runtime    Last Run
-------------------------------------------------  -----  ---------  --------  ----------  --------------  -------------------
/opt/airflow/dags/clickstream_clean_events_dag.py                           1           0  0.24s           2026-08-13T09:36:31
/opt/airflow/dags/hello_airflow.py                                          1           0  0.22s           2026-08-13T09:36:31
================================================================================
[2026-08-13T09:37:24.620+0000] {manager.py:878} INFO - 
================================================================================
DAG File Processing Stats

File Path                                          PID    Runtime      # DAGs    # Errors  Last Runtime    Last Run
-------------------------------------------------  -----  ---------  --------  ----------  --------------  -------------------
/opt/airflow/dags/clickstream_clean_events_dag.py                           1           0  0.11s           2026-08-13T09:37:01
/opt/airflow/dags/hello_airflow.py                                          1           0  0.10s           2026-08-13T09:37:01
================================================================================
[2026-08-13T09:37:54.916+0000] {manager.py:878} INFO - 
================================================================================
DAG File Processing Stats

File Path                                          PID    Runtime      # DAGs    # Errors  Last Runtime    Last Run
-------------------------------------------------  -----  ---------  --------  ----------  --------------  -------------------
/opt/airflow/dags/clickstream_clean_events_dag.py                           1           0  0.10s           2026-08-13T09:37:31
/opt/airflow/dags/hello_airflow.py                                          1           0  0.09s           2026-08-13T09:37:31
================================================================================
[2026-08-13T09:38:25.274+0000] {manager.py:878} INFO - 
================================================================================
DAG File Processing Stats

File Path                                          PID    Runtime      # DAGs    # Errors  Last Runtime    Last Run
-------------------------------------------------  -----  ---------  --------  ----------  --------------  -------------------
/opt/airflow/dags/clickstream_clean_events_dag.py                           1           0  0.13s           2026-08-13T09:38:02
/opt/airflow/dags/hello_airflow.py                                          1           0  0.12s           2026-08-13T09:38:02
================================================================================
[2026-08-13T09:38:55.542+0000] {manager.py:878} INFO - 
================================================================================
DAG File Processing Stats

File Path                                          PID    Runtime      # DAGs    # Errors  Last Runtime    Last Run
-------------------------------------------------  -----  ---------  --------  ----------  --------------  -------------------
/opt/airflow/dags/clickstream_clean_events_dag.py                           1           0  0.12s           2026-08-13T09:38:32
/opt/airflow/dags/hello_airflow.py                                          1           0  0.11s           2026-08-13T09:38:32
================================================================================
[2026-08-13T09:39:25.882+0000] {manager.py:878} INFO - 
================================================================================
DAG File Processing Stats

File Path                                          PID    Runtime      # DAGs    # Errors  Last Runtime    Last Run
-------------------------------------------------  -----  ---------  --------  ----------  --------------  -------------------
/opt/airflow/dags/clickstream_clean_events_dag.py                           1           0  0.12s           2026-08-13T09:39:02
/opt/airflow/dags/hello_airflow.py                                          1           0  0.10s           2026-08-13T09:39:02
================================================================================
[2026-08-13T09:39:56.150+0000] {manager.py:878} INFO - 
================================================================================
DAG File Processing Stats

File Path                                          PID    Runtime      # DAGs    # Errors  Last Runtime    Last Run
-------------------------------------------------  -----  ---------  --------  ----------  --------------  -------------------
/opt/airflow/dags/clickstream_clean_events_dag.py                           1           0  0.25s           2026-08-13T09:39:33
/opt/airflow/dags/hello_airflow.py                                          1           0  0.23s           2026-08-13T09:39:33
================================================================================
[2026-08-13T09:40:26.402+0000] {manager.py:878} INFO - 
================================================================================
DAG File Processing Stats

File Path                                          PID    Runtime      # DAGs    # Errors  Last Runtime    Last Run
-------------------------------------------------  -----  ---------  --------  ----------  --------------  -------------------
/opt/airflow/dags/clickstream_clean_events_dag.py                           1           0  0.10s           2026-08-13T09:40:03
/opt/airflow/dags/hello_airflow.py                                          1           0  0.10s           2026-08-13T09:40:03
================================================================================
[2026-08-13T09:40:56.855+0000] {manager.py:878} INFO - 
================================================================================
DAG File Processing Stats

File Path                                          PID    Runtime      # DAGs    # Errors  Last Runtime    Last Run
-------------------------------------------------  -----  ---------  --------  ----------  --------------  -------------------
/opt/airflow/dags/clickstream_clean_events_dag.py                           1           0  0.22s           2026-08-13T09:40:33
/opt/airflow/dags/hello_airflow.py                                          1           0  0.22s           2026-08-13T09:40:33
================================================================================
[2026-08-13T09:40:57.860+0000] {manager.py:737} INFO - Searching for files in /opt/airflow/dags
[2026-08-13T09:40:57.890+0000] {manager.py:740} INFO - There are 2 files in /opt/airflow/dags
[2026-08-13T09:41:27.148+0000] {manager.py:878} INFO - 
================================================================================
DAG File Processing Stats

File Path                                          PID    Runtime      # DAGs    # Errors  Last Runtime    Last Run
-------------------------------------------------  -----  ---------  --------  ----------  --------------  -------------------
/opt/airflow/dags/clickstream_clean_events_dag.py                           1           0  0.11s           2026-08-13T09:41:04
/opt/airflow/dags/hello_airflow.py                                          1           0  0.10s           2026-08-13T09:41:04
================================================================================
[2026-08-13T09:41:57.495+0000] {manager.py:878} INFO - 
================================================================================
DAG File Processing Stats

File Path                                          PID    Runtime      # DAGs    # Errors  Last Runtime    Last Run
-------------------------------------------------  -----  ---------  --------  ----------  --------------  -------------------
/opt/airflow/dags/clickstream_clean_events_dag.py                           1           0  0.11s           2026-08-13T09:41:34
/opt/airflow/dags/hello_airflow.py                                          1           0  0.10s           2026-08-13T09:41:34
================================================================================
[2026-08-13T09:42:27.945+0000] {manager.py:878} INFO - 
================================================================================
DAG File Processing Stats

File Path                                          PID    Runtime      # DAGs    # Errors  Last Runtime    Last Run
-------------------------------------------------  -----  ---------  --------  ----------  --------------  -------------------
/opt/airflow/dags/hello_airflow.py                                          1           0  0.20s           2026-08-13T09:42:04
/opt/airflow/dags/clickstream_clean_events_dag.py                           1           0  0.20s           2026-08-13T09:42:04
================================================================================
[2026-08-13T09:42:58.334+0000] {manager.py:878} INFO - 
================================================================================
DAG File Processing Stats

File Path                                          PID    Runtime      # DAGs    # Errors  Last Runtime    Last Run
-------------------------------------------------  -----  ---------  --------  ----------  --------------  -------------------
/opt/airflow/dags/clickstream_clean_events_dag.py                           1           0  0.14s           2026-08-13T09:42:35
/opt/airflow/dags/hello_airflow.py                                          1           0  0.14s           2026-08-13T09:42:35
================================================================================
[2026-08-13T09:43:28.606+0000] {manager.py:878} INFO - 
================================================================================
DAG File Processing Stats

File Path                                          PID    Runtime      # DAGs    # Errors  Last Runtime    Last Run
-------------------------------------------------  -----  ---------  --------  ----------  --------------  -------------------
/opt/airflow/dags/clickstream_clean_events_dag.py                           1           0  0.15s           2026-08-13T09:43:05
/opt/airflow/dags/hello_airflow.py                                          1           0  0.13s           2026-08-13T09:43:05
================================================================================
[2026-08-13T09:43:58.913+0000] {manager.py:878} INFO - 
================================================================================
DAG File Processing Stats

File Path                                          PID    Runtime      # DAGs    # Errors  Last Runtime    Last Run
-------------------------------------------------  -----  ---------  --------  ----------  --------------  -------------------
/opt/airflow/dags/clickstream_clean_events_dag.py                           1           0  0.16s           2026-08-13T09:43:35
/opt/airflow/dags/hello_airflow.py                                          1           0  0.15s           2026-08-13T09:43:35
================================================================================
[2026-08-13T09:44:29.200+0000] {manager.py:878} INFO - 
================================================================================
DAG File Processing Stats

File Path                                          PID    Runtime      # DAGs    # Errors  Last Runtime    Last Run
-------------------------------------------------  -----  ---------  --------  ----------  --------------  -------------------
/opt/airflow/dags/clickstream_clean_events_dag.py                           1           0  0.10s           2026-08-13T09:44:06
/opt/airflow/dags/hello_airflow.py                                          1           0  0.10s           2026-08-13T09:44:06
================================================================================
[2026-08-13T09:44:59.454+0000] {manager.py:878} INFO - 
================================================================================
DAG File Processing Stats

File Path                                          PID    Runtime      # DAGs    # Errors  Last Runtime    Last Run
-------------------------------------------------  -----  ---------  --------  ----------  --------------  -------------------
/opt/airflow/dags/clickstream_clean_events_dag.py                           1           0  0.12s           2026-08-13T09:44:36
/opt/airflow/dags/hello_airflow.py                                          1           0  0.10s           2026-08-13T09:44:36
================================================================================
[2026-08-13T09:45:29.800+0000] {manager.py:878} INFO - 
================================================================================
DAG File Processing Stats

File Path                                          PID    Runtime      # DAGs    # Errors  Last Runtime    Last Run
-------------------------------------------------  -----  ---------  --------  ----------  --------------  -------------------
/opt/airflow/dags/clickstream_clean_events_dag.py                           1           0  0.10s           2026-08-13T09:45:06
/opt/airflow/dags/hello_airflow.py                                          1           0  0.10s           2026-08-13T09:45:06
================================================================================
[2026-08-13T09:45:58.103+0000] {manager.py:737} INFO - Searching for files in /opt/airflow/dags
[2026-08-13T09:45:58.138+0000] {manager.py:740} INFO - There are 2 files in /opt/airflow/dags
[2026-08-13T09:46:00.159+0000] {manager.py:878} INFO - 
================================================================================
DAG File Processing Stats

File Path                                          PID    Runtime      # DAGs    # Errors  Last Runtime    Last Run
-------------------------------------------------  -----  ---------  --------  ----------  --------------  -------------------
/opt/airflow/dags/clickstream_clean_events_dag.py                           1           0  0.47s           2026-08-13T09:45:37
/opt/airflow/dags/hello_airflow.py                                          1           0  0.42s           2026-08-13T09:45:37
================================================================================
[2026-08-13T09:46:30.850+0000] {manager.py:878} INFO - 
================================================================================
DAG File Processing Stats

File Path                                          PID    Runtime      # DAGs    # Errors  Last Runtime    Last Run
-------------------------------------------------  -----  ---------  --------  ----------  --------------  -------------------
/opt/airflow/dags/hello_airflow.py                                          1           0  0.10s           2026-08-13T09:46:07
/opt/airflow/dags/clickstream_clean_events_dag.py                           1           0  0.10s           2026-08-13T09:46:07
================================================================================
[2026-08-13T09:47:01.197+0000] {manager.py:878} INFO - 
================================================================================
DAG File Processing Stats

File Path                                          PID    Runtime      # DAGs    # Errors  Last Runtime    Last Run
-------------------------------------------------  -----  ---------  --------  ----------  --------------  -------------------
/opt/airflow/dags/clickstream_clean_events_dag.py                           1           0  0.10s           2026-08-13T09:46:38
/opt/airflow/dags/hello_airflow.py                                          1           0  0.10s           2026-08-13T09:46:38
================================================================================
[2026-08-13T09:47:31.602+0000] {manager.py:878} INFO - 
================================================================================
DAG File Processing Stats

File Path                                          PID    Runtime      # DAGs    # Errors  Last Runtime    Last Run
-------------------------------------------------  -----  ---------  --------  ----------  --------------  -------------------
/opt/airflow/dags/hello_airflow.py                                          1           0  0.17s           2026-08-13T09:47:08
/opt/airflow/dags/clickstream_clean_events_dag.py                           1           0  0.17s           2026-08-13T09:47:08
================================================================================
[2026-08-13T09:48:01.941+0000] {manager.py:878} INFO - 
================================================================================
DAG File Processing Stats

File Path                                          PID    Runtime      # DAGs    # Errors  Last Runtime    Last Run
-------------------------------------------------  -----  ---------  --------  ----------  --------------  -------------------
/opt/airflow/dags/clickstream_clean_events_dag.py                           1           0  0.10s           2026-08-13T09:47:38
/opt/airflow/dags/hello_airflow.py                                          1           0  0.09s           2026-08-13T09:47:38
================================================================================
[2026-08-13T09:48:32.197+0000] {manager.py:878} INFO - 
================================================================================
DAG File Processing Stats

File Path                                          PID    Runtime      # DAGs    # Errors  Last Runtime    Last Run
-------------------------------------------------  -----  ---------  --------  ----------  --------------  -------------------
/opt/airflow/dags/clickstream_clean_events_dag.py                           1           0  0.16s           2026-08-13T09:48:09
/opt/airflow/dags/hello_airflow.py                                          1           0  0.15s           2026-08-13T09:48:09
================================================================================
[2026-08-13T09:49:02.543+0000] {manager.py:878} INFO - 
================================================================================
DAG File Processing Stats

File Path                                          PID    Runtime      # DAGs    # Errors  Last Runtime    Last Run
-------------------------------------------------  -----  ---------  --------  ----------  --------------  -------------------
/opt/airflow/dags/clickstream_clean_events_dag.py                           1           0  0.12s           2026-08-13T09:48:39
/opt/airflow/dags/hello_airflow.py                                          1           0  0.12s           2026-08-13T09:48:39
================================================================================
[2026-08-13T09:49:32.812+0000] {manager.py:878} INFO - 
================================================================================
DAG File Processing Stats

File Path                                          PID    Runtime      # DAGs    # Errors  Last Runtime    Last Run
-------------------------------------------------  -----  ---------  --------  ----------  --------------  -------------------
/opt/airflow/dags/clickstream_clean_events_dag.py                           1           0  0.10s           2026-08-13T09:49:09
/opt/airflow/dags/hello_airflow.py                                          1           0  0.10s           2026-08-13T09:49:09
================================================================================
[2026-08-13T09:50:03.073+0000] {manager.py:878} INFO - 
================================================================================
DAG File Processing Stats

File Path                                          PID    Runtime      # DAGs    # Errors  Last Runtime    Last Run
-------------------------------------------------  -----  ---------  --------  ----------  --------------  -------------------
/opt/airflow/dags/clickstream_clean_events_dag.py                           1           0  0.14s           2026-08-13T09:49:40
/opt/airflow/dags/hello_airflow.py                                          1           0  0.14s           2026-08-13T09:49:40
================================================================================
[2026-08-13T09:50:33.383+0000] {manager.py:878} INFO - 
================================================================================
DAG File Processing Stats

File Path                                          PID    Runtime      # DAGs    # Errors  Last Runtime    Last Run
-------------------------------------------------  -----  ---------  --------  ----------  --------------  -------------------
/opt/airflow/dags/clickstream_clean_events_dag.py                           1           0  0.10s           2026-08-13T09:50:10
/opt/airflow/dags/hello_airflow.py                                          1           0  0.09s           2026-08-13T09:50:10
================================================================================
[2026-08-13T09:58:37.807+0000] {manager.py:737} INFO - Searching for files in /opt/airflow/dags
[2026-08-13T09:58:37.832+0000] {manager.py:740} INFO - There are 2 files in /opt/airflow/dags
[2026-08-13T09:58:54.212+0000] {manager.py:878} INFO - 
================================================================================
DAG File Processing Stats

File Path                                          PID    Runtime      # DAGs    # Errors  Last Runtime    Last Run
-------------------------------------------------  -----  ---------  --------  ----------  --------------  -------------------
/opt/airflow/dags/clickstream_clean_events_dag.py                           1           0  0.12s           2026-08-13T09:58:37
/opt/airflow/dags/hello_airflow.py                                          1           0  0.11s           2026-08-13T09:58:37
================================================================================
[2026-08-13T09:59:24.563+0000] {manager.py:878} INFO - 
================================================================================
DAG File Processing Stats

File Path                                          PID    Runtime      # DAGs    # Errors  Last Runtime    Last Run
-------------------------------------------------  -----  ---------  --------  ----------  --------------  -------------------
/opt/airflow/dags/clickstream_clean_events_dag.py                           1           0  0.16s           2026-08-13T09:59:08
/opt/airflow/dags/hello_airflow.py                                          1           0  0.15s           2026-08-13T09:59:08
================================================================================
[2026-08-13T09:59:55.031+0000] {manager.py:878} INFO - 
================================================================================
DAG File Processing Stats

File Path                                          PID    Runtime      # DAGs    # Errors  Last Runtime    Last Run
-------------------------------------------------  -----  ---------  --------  ----------  --------------  -------------------
/opt/airflow/dags/clickstream_clean_events_dag.py                           1           0  0.22s           2026-08-13T09:59:38
/opt/airflow/dags/hello_airflow.py                                          1           0  0.21s           2026-08-13T09:59:38
================================================================================
[2026-08-13T10:00:25.280+0000] {manager.py:878} INFO - 
================================================================================
DAG File Processing Stats

File Path                                          PID    Runtime      # DAGs    # Errors  Last Runtime    Last Run
-------------------------------------------------  -----  ---------  --------  ----------  --------------  -------------------
/opt/airflow/dags/clickstream_clean_events_dag.py                           1           0  0.15s           2026-08-13T10:00:09
/opt/airflow/dags/hello_airflow.py                                          1           0  0.14s           2026-08-13T10:00:09
================================================================================
[2026-08-13T10:00:55.664+0000] {manager.py:878} INFO - 
================================================================================
DAG File Processing Stats

File Path                                          PID    Runtime      # DAGs    # Errors  Last Runtime    Last Run
-------------------------------------------------  -----  ---------  --------  ----------  --------------  -------------------
/opt/airflow/dags/clickstream_clean_events_dag.py                           1           0  0.16s           2026-08-13T10:00:39
/opt/airflow/dags/hello_airflow.py                                          1           0  0.15s           2026-08-13T10:00:39
================================================================================
[2026-08-13T10:01:26.475+0000] {manager.py:878} INFO - 
================================================================================
DAG File Processing Stats

File Path                                          PID    Runtime      # DAGs    # Errors  Last Runtime    Last Run
-------------------------------------------------  -----  ---------  --------  ----------  --------------  -------------------
/opt/airflow/dags/clickstream_clean_events_dag.py                           1           0  1.21s           2026-08-13T10:01:11
/opt/airflow/dags/hello_airflow.py                                          1           0  1.19s           2026-08-13T10:01:11
================================================================================
[2026-08-13T10:01:56.763+0000] {manager.py:878} INFO - 
================================================================================
DAG File Processing Stats

File Path                                          PID    Runtime      # DAGs    # Errors  Last Runtime    Last Run
-------------------------------------------------  -----  ---------  --------  ----------  --------------  -------------------
/opt/airflow/dags/clickstream_clean_events_dag.py                           1           0  2.76s           2026-08-13T10:01:44
/opt/airflow/dags/hello_airflow.py                                          1           0  2.55s           2026-08-13T10:01:44
================================================================================
[2026-08-13T10:02:27.174+0000] {manager.py:878} INFO - 
================================================================================
DAG File Processing Stats

File Path                                          PID    Runtime      # DAGs    # Errors  Last Runtime    Last Run
-------------------------------------------------  -----  ---------  --------  ----------  --------------  -------------------
/opt/airflow/dags/clickstream_clean_events_dag.py                           1           0  3.38s           2026-08-13T10:02:18
/opt/airflow/dags/hello_airflow.py                                          1           0  2.37s           2026-08-13T10:02:17
================================================================================
[2026-08-13T10:02:57.556+0000] {manager.py:878} INFO - 
================================================================================
DAG File Processing Stats

File Path                                          PID    Runtime      # DAGs    # Errors  Last Runtime    Last Run
-------------------------------------------------  -----  ---------  --------  ----------  --------------  -------------------
/opt/airflow/dags/hello_airflow.py                                          1           0  1.11s           2026-08-13T10:02:48
/opt/airflow/dags/clickstream_clean_events_dag.py                           1           0  0.66s           2026-08-13T10:02:49
================================================================================
[2026-08-13T10:03:27.798+0000] {manager.py:878} INFO - 
================================================================================
DAG File Processing Stats

File Path                                          PID    Runtime      # DAGs    # Errors  Last Runtime    Last Run
-------------------------------------------------  -----  ---------  --------  ----------  --------------  -------------------
/opt/airflow/dags/hello_airflow.py                                          1           0  0.86s           2026-08-13T10:03:19
/opt/airflow/dags/clickstream_clean_events_dag.py                           1           0  0.85s           2026-08-13T10:03:20
================================================================================
[2026-08-13T10:03:37.914+0000] {manager.py:737} INFO - Searching for files in /opt/airflow/dags
[2026-08-13T10:03:38.235+0000] {manager.py:740} INFO - There are 2 files in /opt/airflow/dags
[2026-08-13T10:03:58.163+0000] {manager.py:878} INFO - 
================================================================================
DAG File Processing Stats

File Path                                          PID    Runtime      # DAGs    # Errors  Last Runtime    Last Run
-------------------------------------------------  -----  ---------  --------  ----------  --------------  -------------------
/opt/airflow/dags/hello_airflow.py                                          1           0  0.48s           2026-08-13T10:03:50
/opt/airflow/dags/clickstream_clean_events_dag.py                           1           0  0.48s           2026-08-13T10:03:51
================================================================================
[2026-08-13T10:04:28.216+0000] {manager.py:878} INFO - 
================================================================================
DAG File Processing Stats

File Path                                          PID    Runtime      # DAGs    # Errors  Last Runtime    Last Run
-------------------------------------------------  -----  ---------  --------  ----------  --------------  -------------------
/opt/airflow/dags/clickstream_clean_events_dag.py                           1           0  2.33s           2026-08-13T10:04:23
/opt/airflow/dags/hello_airflow.py                                          1           0  2.15s           2026-08-13T10:04:24
================================================================================
[2026-08-13T10:04:58.848+0000] {manager.py:878} INFO - 
================================================================================
DAG File Processing Stats

File Path                                          PID    Runtime      # DAGs    # Errors  Last Runtime    Last Run
-------------------------------------------------  -----  ---------  --------  ----------  --------------  -------------------
/opt/airflow/dags/clickstream_clean_events_dag.py                           1           0  0.36s           2026-08-13T10:04:55
/opt/airflow/dags/hello_airflow.py                                          1           0  0.33s           2026-08-13T10:04:55
================================================================================
[2026-08-13T10:05:29.216+0000] {manager.py:878} INFO - 
================================================================================
DAG File Processing Stats

File Path                                          PID    Runtime      # DAGs    # Errors  Last Runtime    Last Run
-------------------------------------------------  -----  ---------  --------  ----------  --------------  -------------------
/opt/airflow/dags/clickstream_clean_events_dag.py                           1           0  0.13s           2026-08-13T10:05:25
/opt/airflow/dags/hello_airflow.py                                          1           0  0.11s           2026-08-13T10:05:25
================================================================================
[2026-08-13T10:05:59.538+0000] {manager.py:878} INFO - 
================================================================================
DAG File Processing Stats

File Path                                          PID    Runtime      # DAGs    # Errors  Last Runtime    Last Run
-------------------------------------------------  -----  ---------  --------  ----------  --------------  -------------------
/opt/airflow/dags/clickstream_clean_events_dag.py                           1           0  0.19s           2026-08-13T10:05:55
/opt/airflow/dags/hello_airflow.py                                          1           0  0.19s           2026-08-13T10:05:55
================================================================================
[2026-08-13T10:06:29.936+0000] {manager.py:878} INFO - 
================================================================================
DAG File Processing Stats

File Path                                          PID    Runtime      # DAGs    # Errors  Last Runtime    Last Run
-------------------------------------------------  -----  ---------  --------  ----------  --------------  -------------------
/opt/airflow/dags/clickstream_clean_events_dag.py                           1           0  0.13s           2026-08-13T10:06:25
/opt/airflow/dags/hello_airflow.py                                          1           0  0.12s           2026-08-13T10:06:25
================================================================================
[2026-08-13T10:07:00.518+0000] {manager.py:878} INFO - 
================================================================================
DAG File Processing Stats

File Path                                          PID    Runtime      # DAGs    # Errors  Last Runtime    Last Run
-------------------------------------------------  -----  ---------  --------  ----------  --------------  -------------------
/opt/airflow/dags/hello_airflow.py                                          1           0  0.16s           2026-08-13T10:06:56
/opt/airflow/dags/clickstream_clean_events_dag.py                           1           0  0.15s           2026-08-13T10:06:56
================================================================================
[2026-08-13T10:07:30.767+0000] {manager.py:878} INFO - 
================================================================================
DAG File Processing Stats

File Path                                          PID    Runtime      # DAGs    # Errors  Last Runtime    Last Run
-------------------------------------------------  -----  ---------  --------  ----------  --------------  -------------------
/opt/airflow/dags/clickstream_clean_events_dag.py                           1           0  0.15s           2026-08-13T10:07:26
/opt/airflow/dags/hello_airflow.py                                          1           0  0.12s           2026-08-13T10:07:26
================================================================================
[2026-08-13T10:08:01.224+0000] {manager.py:878} INFO - 
================================================================================
DAG File Processing Stats

File Path                                          PID    Runtime      # DAGs    # Errors  Last Runtime    Last Run
-------------------------------------------------  -----  ---------  --------  ----------  --------------  -------------------
/opt/airflow/dags/clickstream_clean_events_dag.py                           1           0  0.22s           2026-08-13T10:07:57
/opt/airflow/dags/hello_airflow.py                                          1           0  0.21s           2026-08-13T10:07:57
================================================================================
[2026-08-13T10:08:31.528+0000] {manager.py:878} INFO - 
================================================================================
DAG File Processing Stats

File Path                                          PID    Runtime      # DAGs    # Errors  Last Runtime    Last Run
-------------------------------------------------  -----  ---------  --------  ----------  --------------  -------------------
/opt/airflow/dags/clickstream_clean_events_dag.py                           1           0  0.51s           2026-08-13T10:08:28
/opt/airflow/dags/hello_airflow.py                                          1           0  0.45s           2026-08-13T10:08:28
================================================================================
[2026-08-13T10:08:38.171+0000] {manager.py:737} INFO - Searching for files in /opt/airflow/dags
[2026-08-13T10:08:38.203+0000] {manager.py:740} INFO - There are 2 files in /opt/airflow/dags
[2026-08-13T10:09:01.801+0000] {manager.py:878} INFO - 
================================================================================
DAG File Processing Stats

File Path                                          PID    Runtime      # DAGs    # Errors  Last Runtime    Last Run
-------------------------------------------------  -----  ---------  --------  ----------  --------------  -------------------
/opt/airflow/dags/clickstream_clean_events_dag.py                           1           0  0.17s           2026-08-13T10:08:58
/opt/airflow/dags/hello_airflow.py                                          1           0  0.16s           2026-08-13T10:08:58
================================================================================
[2026-08-13T10:09:32.377+0000] {manager.py:878} INFO - 
================================================================================
DAG File Processing Stats

File Path                                          PID    Runtime      # DAGs    # Errors  Last Runtime    Last Run
-------------------------------------------------  -----  ---------  --------  ----------  --------------  -------------------
/opt/airflow/dags/clickstream_clean_events_dag.py                           1           0  0.24s           2026-08-13T10:09:29
/opt/airflow/dags/hello_airflow.py                                          1           0  0.23s           2026-08-13T10:09:29
================================================================================
[2026-08-13T10:10:02.645+0000] {manager.py:878} INFO - 
================================================================================
DAG File Processing Stats

File Path                                          PID    Runtime      # DAGs    # Errors  Last Runtime    Last Run
-------------------------------------------------  -----  ---------  --------  ----------  --------------  -------------------
/opt/airflow/dags/clickstream_clean_events_dag.py                           1           0  0.18s           2026-08-13T10:09:59
/opt/airflow/dags/hello_airflow.py                                          1           0  0.16s           2026-08-13T10:09:59
================================================================================
[2026-08-13T10:10:33.191+0000] {manager.py:878} INFO - 
================================================================================
DAG File Processing Stats

File Path                                          PID    Runtime      # DAGs    # Errors  Last Runtime    Last Run
-------------------------------------------------  -----  ---------  --------  ----------  --------------  -------------------
/opt/airflow/dags/clickstream_clean_events_dag.py                           1           0  0.25s           2026-08-13T10:10:30
/opt/airflow/dags/hello_airflow.py                                          1           0  0.25s           2026-08-13T10:10:30
================================================================================
[2026-08-13T10:11:03.930+0000] {manager.py:878} INFO - 
================================================================================
DAG File Processing Stats

File Path                                          PID    Runtime      # DAGs    # Errors  Last Runtime    Last Run
-------------------------------------------------  -----  ---------  --------  ----------  --------------  -------------------
/opt/airflow/dags/hello_airflow.py                                          1           0  0.47s           2026-08-13T10:11:00
/opt/airflow/dags/clickstream_clean_events_dag.py                           1           0  0.47s           2026-08-13T10:11:00
================================================================================
[2026-08-13T10:11:33.969+0000] {manager.py:878} INFO - 
================================================================================
DAG File Processing Stats

File Path                                          PID    Runtime      # DAGs    # Errors  Last Runtime    Last Run
-------------------------------------------------  -----  ---------  --------  ----------  --------------  -------------------
/opt/airflow/dags/hello_airflow.py                                          1           0  0.71s           2026-08-13T10:11:31
/opt/airflow/dags/clickstream_clean_events_dag.py                           1           0  0.67s           2026-08-13T10:11:31
================================================================================
[2026-08-13T10:12:04.165+0000] {manager.py:878} INFO - 
================================================================================
DAG File Processing Stats

File Path                                          PID    Runtime      # DAGs    # Errors  Last Runtime    Last Run
-------------------------------------------------  -----  ---------  --------  ----------  --------------  -------------------
/opt/airflow/dags/clickstream_clean_events_dag.py                           1           0  0.12s           2026-08-13T10:12:02
/opt/airflow/dags/hello_airflow.py                                          1           0  0.10s           2026-08-13T10:12:02
================================================================================
[2026-08-13T10:12:34.582+0000] {manager.py:878} INFO - 
================================================================================
DAG File Processing Stats

File Path                                          PID    Runtime      # DAGs    # Errors  Last Runtime    Last Run
-------------------------------------------------  -----  ---------  --------  ----------  --------------  -------------------
/opt/airflow/dags/clickstream_clean_events_dag.py                           1           0  0.19s           2026-08-13T10:12:32
/opt/airflow/dags/hello_airflow.py                                          1           0  0.18s           2026-08-13T10:12:32
================================================================================
[2026-08-13T10:13:04.911+0000] {manager.py:878} INFO - 
================================================================================
DAG File Processing Stats

File Path                                          PID    Runtime      # DAGs    # Errors  Last Runtime    Last Run
-------------------------------------------------  -----  ---------  --------  ----------  --------------  -------------------
/opt/airflow/dags/clickstream_clean_events_dag.py                           1           0  0.10s           2026-08-13T10:13:02
/opt/airflow/dags/hello_airflow.py                                          1           0  0.10s           2026-08-13T10:13:02
================================================================================
[2026-08-13T10:13:35.155+0000] {manager.py:878} INFO - 
================================================================================
DAG File Processing Stats

File Path                                          PID    Runtime      # DAGs    # Errors  Last Runtime    Last Run
-------------------------------------------------  -----  ---------  --------  ----------  --------------  -------------------
/opt/airflow/dags/clickstream_clean_events_dag.py                           1           0  0.11s           2026-08-13T10:13:33
/opt/airflow/dags/hello_airflow.py                                          1           0  0.10s           2026-08-13T10:13:33
================================================================================
[2026-08-13T10:13:38.177+0000] {manager.py:737} INFO - Searching for files in /opt/airflow/dags
[2026-08-13T10:13:38.209+0000] {manager.py:740} INFO - There are 2 files in /opt/airflow/dags
[2026-08-13T10:14:05.707+0000] {manager.py:878} INFO - 
================================================================================
DAG File Processing Stats

File Path                                          PID    Runtime      # DAGs    # Errors  Last Runtime    Last Run
-------------------------------------------------  -----  ---------  --------  ----------  --------------  -------------------
/opt/airflow/dags/hello_airflow.py                                          1           0  0.25s           2026-08-13T10:14:03
/opt/airflow/dags/clickstream_clean_events_dag.py                           1           0  0.25s           2026-08-13T10:14:03
================================================================================
[2026-08-13T10:14:36.030+0000] {manager.py:878} INFO - 
================================================================================
DAG File Processing Stats

File Path                                          PID    Runtime      # DAGs    # Errors  Last Runtime    Last Run
-------------------------------------------------  -----  ---------  --------  ----------  --------------  -------------------
/opt/airflow/dags/clickstream_clean_events_dag.py                           1           0  0.22s           2026-08-13T10:14:34
/opt/airflow/dags/hello_airflow.py                                          1           0  0.21s           2026-08-13T10:14:34
================================================================================
[2026-08-13T10:15:06.418+0000] {manager.py:878} INFO - 
================================================================================
DAG File Processing Stats

File Path                                          PID    Runtime      # DAGs    # Errors  Last Runtime    Last Run
-------------------------------------------------  -----  ---------  --------  ----------  --------------  -------------------
/opt/airflow/dags/clickstream_clean_events_dag.py                           1           0  0.26s           2026-08-13T10:15:04
/opt/airflow/dags/hello_airflow.py                                          1           0  0.25s           2026-08-13T10:15:04
================================================================================
[2026-08-13T10:15:36.656+0000] {manager.py:878} INFO - 
================================================================================
DAG File Processing Stats

File Path                                          PID    Runtime      # DAGs    # Errors  Last Runtime    Last Run
-------------------------------------------------  -----  ---------  --------  ----------  --------------  -------------------
/opt/airflow/dags/clickstream_clean_events_dag.py                           1           0  0.12s           2026-08-13T10:15:34
/opt/airflow/dags/hello_airflow.py                                          1           0  0.10s           2026-08-13T10:15:34
================================================================================
[2026-08-13T10:16:07.034+0000] {manager.py:878} INFO - 
================================================================================
DAG File Processing Stats

File Path                                          PID    Runtime      # DAGs    # Errors  Last Runtime    Last Run
-------------------------------------------------  -----  ---------  --------  ----------  --------------  -------------------
/opt/airflow/dags/clickstream_clean_events_dag.py                           1           0  0.13s           2026-08-13T10:16:05
/opt/airflow/dags/hello_airflow.py                                          1           0  0.13s           2026-08-13T10:16:05
================================================================================
[2026-08-13T10:16:37.305+0000] {manager.py:878} INFO - 
================================================================================
DAG File Processing Stats

File Path                                          PID    Runtime      # DAGs    # Errors  Last Runtime    Last Run
-------------------------------------------------  -----  ---------  --------  ----------  --------------  -------------------
/opt/airflow/dags/clickstream_clean_events_dag.py                           1           0  0.23s           2026-08-13T10:16:35
/opt/airflow/dags/hello_airflow.py                                          1           0  0.21s           2026-08-13T10:16:35
================================================================================
[2026-08-13T10:17:07.631+0000] {manager.py:878} INFO - 
================================================================================
DAG File Processing Stats

File Path                                          PID    Runtime      # DAGs    # Errors  Last Runtime    Last Run
-------------------------------------------------  -----  ---------  --------  ----------  --------------  -------------------
/opt/airflow/dags/hello_airflow.py                                          1           0  0.10s           2026-08-13T10:17:05
/opt/airflow/dags/clickstream_clean_events_dag.py                           1           0  0.10s           2026-08-13T10:17:05
================================================================================
[2026-08-13T10:17:37.976+0000] {manager.py:878} INFO - 
================================================================================
DAG File Processing Stats

File Path                                          PID    Runtime      # DAGs    # Errors  Last Runtime    Last Run
-------------------------------------------------  -----  ---------  --------  ----------  --------------  -------------------
/opt/airflow/dags/hello_airflow.py                                          1           0  0.12s           2026-08-13T10:17:35
/opt/airflow/dags/clickstream_clean_events_dag.py                           1           0  0.12s           2026-08-13T10:17:35
================================================================================
[2026-08-13T10:18:08.328+0000] {manager.py:878} INFO - 
================================================================================
DAG File Processing Stats

File Path                                          PID    Runtime      # DAGs    # Errors  Last Runtime    Last Run
-------------------------------------------------  -----  ---------  --------  ----------  --------------  -------------------
/opt/airflow/dags/clickstream_clean_events_dag.py                           1           0  0.10s           2026-08-13T10:18:06
/opt/airflow/dags/hello_airflow.py                                          1           0  0.10s           2026-08-13T10:18:06
================================================================================
[2026-08-13T10:18:38.796+0000] {manager.py:737} INFO - Searching for files in /opt/airflow/dags
[2026-08-13T10:18:38.863+0000] {manager.py:740} INFO - There are 2 files in /opt/airflow/dags
[2026-08-13T10:18:38.888+0000] {manager.py:878} INFO - 
================================================================================
DAG File Processing Stats

File Path                                          PID    Runtime      # DAGs    # Errors  Last Runtime    Last Run
-------------------------------------------------  -----  ---------  --------  ----------  --------------  -------------------
/opt/airflow/dags/clickstream_clean_events_dag.py                           1           0  0.22s           2026-08-13T10:18:36
/opt/airflow/dags/hello_airflow.py                                          1           0  0.22s           2026-08-13T10:18:36
================================================================================
[2026-08-13T10:19:09.195+0000] {manager.py:878} INFO - 
================================================================================
DAG File Processing Stats

File Path                                          PID    Runtime      # DAGs    # Errors  Last Runtime    Last Run
-------------------------------------------------  -----  ---------  --------  ----------  --------------  -------------------
/opt/airflow/dags/clickstream_clean_events_dag.py                           1           0  0.30s           2026-08-13T10:19:07
/opt/airflow/dags/hello_airflow.py                                          1           0  0.27s           2026-08-13T10:19:07
================================================================================
[2026-08-13T10:19:39.696+0000] {manager.py:878} INFO - 
================================================================================
DAG File Processing Stats

File Path                                          PID    Runtime      # DAGs    # Errors  Last Runtime    Last Run
-------------------------------------------------  -----  ---------  --------  ----------  --------------  -------------------
/opt/airflow/dags/clickstream_clean_events_dag.py                           1           0  0.29s           2026-08-13T10:19:37
/opt/airflow/dags/hello_airflow.py                                          1           0  0.28s           2026-08-13T10:19:37
================================================================================
[2026-08-13T10:20:10.182+0000] {manager.py:878} INFO - 
================================================================================
DAG File Processing Stats

File Path                                          PID    Runtime      # DAGs    # Errors  Last Runtime    Last Run
-------------------------------------------------  -----  ---------  --------  ----------  --------------  -------------------
/opt/airflow/dags/clickstream_clean_events_dag.py                           1           0  0.12s           2026-08-13T10:20:08
/opt/airflow/dags/hello_airflow.py                                          1           0  0.11s           2026-08-13T10:20:08
================================================================================
[2026-08-13T10:20:40.493+0000] {manager.py:878} INFO - 
================================================================================
DAG File Processing Stats

File Path                                          PID    Runtime      # DAGs    # Errors  Last Runtime    Last Run
-------------------------------------------------  -----  ---------  --------  ----------  --------------  -------------------
/opt/airflow/dags/clickstream_clean_events_dag.py                           1           0  0.15s           2026-08-13T10:20:38
/opt/airflow/dags/hello_airflow.py                                          1           0  0.14s           2026-08-13T10:20:38
================================================================================
[2026-08-13T10:21:10.796+0000] {manager.py:878} INFO - 
================================================================================
DAG File Processing Stats

File Path                                          PID    Runtime      # DAGs    # Errors  Last Runtime    Last Run
-------------------------------------------------  -----  ---------  --------  ----------  --------------  -------------------
/opt/airflow/dags/clickstream_clean_events_dag.py                           1           0  0.14s           2026-08-13T10:21:08
/opt/airflow/dags/hello_airflow.py                                          1           0  0.12s           2026-08-13T10:21:08
================================================================================
[2026-08-13T10:21:41.311+0000] {manager.py:878} INFO - 
================================================================================
DAG File Processing Stats

File Path                                          PID    Runtime      # DAGs    # Errors  Last Runtime    Last Run
-------------------------------------------------  -----  ---------  --------  ----------  --------------  -------------------
/opt/airflow/dags/clickstream_clean_events_dag.py                           1           0  0.28s           2026-08-13T10:21:39
/opt/airflow/dags/hello_airflow.py                                          1           0  0.26s           2026-08-13T10:21:39
================================================================================
[2026-08-13T10:22:11.623+0000] {manager.py:878} INFO - 
================================================================================
DAG File Processing Stats

File Path                                          PID    Runtime      # DAGs    # Errors  Last Runtime    Last Run
-------------------------------------------------  -----  ---------  --------  ----------  --------------  -------------------
/opt/airflow/dags/clickstream_clean_events_dag.py                           1           0  0.31s           2026-08-13T10:22:09
/opt/airflow/dags/hello_airflow.py                                          1           0  0.30s           2026-08-13T10:22:09
================================================================================
[2026-08-13T10:22:42.108+0000] {manager.py:878} INFO - 
================================================================================
DAG File Processing Stats

File Path                                          PID    Runtime      # DAGs    # Errors  Last Runtime    Last Run
-------------------------------------------------  -----  ---------  --------  ----------  --------------  -------------------
/opt/airflow/dags/clickstream_clean_events_dag.py                           1           0  0.17s           2026-08-13T10:22:40
/opt/airflow/dags/hello_airflow.py                                          1           0  0.15s           2026-08-13T10:22:40
================================================================================
[2026-08-13T10:23:12.435+0000] {manager.py:878} INFO - 
================================================================================
DAG File Processing Stats

File Path                                          PID    Runtime      # DAGs    # Errors  Last Runtime    Last Run
-------------------------------------------------  -----  ---------  --------  ----------  --------------  -------------------
/opt/airflow/dags/clickstream_clean_events_dag.py                           1           0  0.11s           2026-08-13T10:23:10
/opt/airflow/dags/hello_airflow.py                                          1           0  0.11s           2026-08-13T10:23:10
================================================================================
[2026-08-13T10:23:39.697+0000] {manager.py:737} INFO - Searching for files in /opt/airflow/dags
[2026-08-13T10:23:39.733+0000] {manager.py:740} INFO - There are 2 files in /opt/airflow/dags
[2026-08-13T10:23:42.818+0000] {manager.py:878} INFO - 
================================================================================
DAG File Processing Stats

File Path                                          PID    Runtime      # DAGs    # Errors  Last Runtime    Last Run
-------------------------------------------------  -----  ---------  --------  ----------  --------------  -------------------
/opt/airflow/dags/clickstream_clean_events_dag.py                           1           0  0.23s           2026-08-13T10:23:40
/opt/airflow/dags/hello_airflow.py                                          1           0  0.21s           2026-08-13T10:23:40
================================================================================
[2026-08-13T10:24:13.084+0000] {manager.py:878} INFO - 
================================================================================
DAG File Processing Stats

File Path                                          PID    Runtime      # DAGs    # Errors  Last Runtime    Last Run
-------------------------------------------------  -----  ---------  --------  ----------  --------------  -------------------
/opt/airflow/dags/clickstream_clean_events_dag.py                           1           0  0.10s           2026-08-13T10:24:11
/opt/airflow/dags/hello_airflow.py                                          1           0  0.10s           2026-08-13T10:24:11
================================================================================
[2026-08-13T10:24:43.588+0000] {manager.py:878} INFO - 
================================================================================
DAG File Processing Stats

File Path                                          PID    Runtime      # DAGs    # Errors  Last Runtime    Last Run
-------------------------------------------------  -----  ---------  --------  ----------  --------------  -------------------
/opt/airflow/dags/clickstream_clean_events_dag.py                           1           0  0.27s           2026-08-13T10:24:41
/opt/airflow/dags/hello_airflow.py                                          1           0  0.27s           2026-08-13T10:24:41
================================================================================
[2026-08-13T10:25:14.346+0000] {manager.py:878} INFO - 
================================================================================
DAG File Processing Stats

File Path                                          PID    Runtime      # DAGs    # Errors  Last Runtime    Last Run
-------------------------------------------------  -----  ---------  --------  ----------  --------------  -------------------
/opt/airflow/dags/clickstream_clean_events_dag.py                           1           0  0.40s           2026-08-13T10:25:12
/opt/airflow/dags/hello_airflow.py                                          1           0  0.39s           2026-08-13T10:25:12
================================================================================
[2026-08-13T10:25:45.313+0000] {manager.py:878} INFO - 
================================================================================
DAG File Processing Stats

File Path                                          PID    Runtime      # DAGs    # Errors  Last Runtime    Last Run
-------------------------------------------------  -----  ---------  --------  ----------  --------------  -------------------
/opt/airflow/dags/clickstream_clean_events_dag.py                           1           0  0.66s           2026-08-13T10:25:43
/opt/airflow/dags/hello_airflow.py                                          1           0  0.64s           2026-08-13T10:25:43
================================================================================
[2026-08-13T10:26:15.528+0000] {manager.py:878} INFO - 
================================================================================
DAG File Processing Stats

File Path                                          PID    Runtime      # DAGs    # Errors  Last Runtime    Last Run
-------------------------------------------------  -----  ---------  --------  ----------  --------------  -------------------
/opt/airflow/dags/clickstream_clean_events_dag.py                           1           0  0.52s           2026-08-13T10:26:14
/opt/airflow/dags/hello_airflow.py                                          1           0  0.50s           2026-08-13T10:26:14
================================================================================
[2026-08-13T10:26:45.656+0000] {manager.py:878} INFO - 
================================================================================
DAG File Processing Stats

File Path                                          PID    Runtime      # DAGs    # Errors  Last Runtime    Last Run
-------------------------------------------------  -----  ---------  --------  ----------  --------------  -------------------
/opt/airflow/dags/clickstream_clean_events_dag.py                           1           0  0.39s           2026-08-13T10:26:44
/opt/airflow/dags/hello_airflow.py                                          1           0  0.37s           2026-08-13T10:26:45
================================================================================
[2026-08-13T10:27:15.669+0000] {manager.py:878} INFO - 
================================================================================
DAG File Processing Stats

File Path                                          PID    Runtime      # DAGs    # Errors  Last Runtime    Last Run
-------------------------------------------------  -----  ---------  --------  ----------  --------------  -------------------
/opt/airflow/dags/clickstream_clean_events_dag.py                           1           0  0.44s           2026-08-13T10:27:15
/opt/airflow/dags/hello_airflow.py                                          1           0  0.31s           2026-08-13T10:27:15
================================================================================
[2026-08-13T10:27:46.038+0000] {manager.py:878} INFO - 
================================================================================
DAG File Processing Stats

File Path                                            PID  Runtime      # DAGs    # Errors  Last Runtime    Last Run
-------------------------------------------------  -----  ---------  --------  ----------  --------------  -------------------
/opt/airflow/dags/clickstream_clean_events_dag.py   8049  0.03s             1           0  0.44s           2026-08-13T10:27:15
/opt/airflow/dags/hello_airflow.py                  8052  0.01s             1           0  0.31s           2026-08-13T10:27:15
================================================================================
[2026-08-13T10:28:16.315+0000] {manager.py:878} INFO - 
================================================================================
DAG File Processing Stats

File Path                                          PID    Runtime      # DAGs    # Errors  Last Runtime    Last Run
-------------------------------------------------  -----  ---------  --------  ----------  --------------  -------------------
/opt/airflow/dags/clickstream_clean_events_dag.py                           1           0  0.38s           2026-08-13T10:27:46
/opt/airflow/dags/hello_airflow.py                                          1           0  0.37s           2026-08-13T10:27:46
================================================================================
[2026-08-13T10:28:40.070+0000] {manager.py:737} INFO - Searching for files in /opt/airflow/dags
[2026-08-13T10:28:40.109+0000] {manager.py:740} INFO - There are 2 files in /opt/airflow/dags
[2026-08-13T10:28:47.204+0000] {manager.py:878} INFO - 
================================================================================
DAG File Processing Stats

File Path                                            PID  Runtime      # DAGs    # Errors  Last Runtime    Last Run
-------------------------------------------------  -----  ---------  --------  ----------  --------------  -------------------
/opt/airflow/dags/hello_airflow.py                  8093  0.01s             1           0  0.23s           2026-08-13T10:28:16
/opt/airflow/dags/clickstream_clean_events_dag.py   8090  0.02s             1           0  0.22s           2026-08-13T10:28:16
================================================================================
[2026-08-13T10:29:17.460+0000] {manager.py:878} INFO - 
================================================================================
DAG File Processing Stats

File Path                                            PID  Runtime      # DAGs    # Errors  Last Runtime    Last Run
-------------------------------------------------  -----  ---------  --------  ----------  --------------  -------------------
/opt/airflow/dags/clickstream_clean_events_dag.py   8115  0.01s             1           0  0.18s           2026-08-13T10:28:47
/opt/airflow/dags/hello_airflow.py                  8118  0.00s             1           0  0.17s           2026-08-13T10:28:47
================================================================================
[2026-08-13T10:29:48.073+0000] {manager.py:878} INFO - 
================================================================================
DAG File Processing Stats

File Path                                            PID  Runtime      # DAGs    # Errors  Last Runtime    Last Run
-------------------------------------------------  -----  ---------  --------  ----------  --------------  -------------------
/opt/airflow/dags/hello_airflow.py                  8142  0.01s             1           0  0.10s           2026-08-13T10:29:17
/opt/airflow/dags/clickstream_clean_events_dag.py   8139  0.02s             1           0  0.10s           2026-08-13T10:29:17
================================================================================
[2026-08-13T10:30:18.381+0000] {manager.py:878} INFO - 
================================================================================
DAG File Processing Stats

File Path                                            PID  Runtime      # DAGs    # Errors  Last Runtime    Last Run
-------------------------------------------------  -----  ---------  --------  ----------  --------------  -------------------
/opt/airflow/dags/clickstream_clean_events_dag.py   8163  0.02s             1           0  0.20s           2026-08-13T10:29:48
/opt/airflow/dags/hello_airflow.py                  8166  0.01s             1           0  0.20s           2026-08-13T10:29:48
================================================================================
[2026-08-13T10:30:48.843+0000] {manager.py:878} INFO - 
================================================================================
DAG File Processing Stats

File Path                                            PID  Runtime      # DAGs    # Errors  Last Runtime    Last Run
-------------------------------------------------  -----  ---------  --------  ----------  --------------  -------------------
/opt/airflow/dags/clickstream_clean_events_dag.py   8187  0.03s             1           0  0.19s           2026-08-13T10:30:18
/opt/airflow/dags/hello_airflow.py                  8190  0.01s             1           0  0.18s           2026-08-13T10:30:18
================================================================================
[2026-08-13T10:31:19.429+0000] {manager.py:878} INFO - 
================================================================================
DAG File Processing Stats

File Path                                            PID  Runtime      # DAGs    # Errors  Last Runtime    Last Run
-------------------------------------------------  -----  ---------  --------  ----------  --------------  -------------------
/opt/airflow/dags/hello_airflow.py                  8215  0.01s             1           0  0.30s           2026-08-13T10:30:49
/opt/airflow/dags/clickstream_clean_events_dag.py   8212  0.04s             1           0  0.30s           2026-08-13T10:30:49
================================================================================
[2026-08-13T10:31:50.021+0000] {manager.py:878} INFO - 
================================================================================
DAG File Processing Stats

File Path                                            PID  Runtime      # DAGs    # Errors  Last Runtime    Last Run
-------------------------------------------------  -----  ---------  --------  ----------  --------------  -------------------
/opt/airflow/dags/clickstream_clean_events_dag.py   8236  0.04s             1           0  0.33s           2026-08-13T10:31:19
/opt/airflow/dags/hello_airflow.py                  8239  0.02s             1           0  0.32s           2026-08-13T10:31:19
================================================================================
[2026-08-13T10:32:20.287+0000] {manager.py:878} INFO - 
================================================================================
DAG File Processing Stats

File Path                                          PID    Runtime      # DAGs    # Errors  Last Runtime    Last Run
-------------------------------------------------  -----  ---------  --------  ----------  --------------  -------------------
/opt/airflow/dags/hello_airflow.py                                          1           0  0.47s           2026-08-13T10:31:50
/opt/airflow/dags/clickstream_clean_events_dag.py                           1           0  0.42s           2026-08-13T10:31:50
================================================================================
[2026-08-13T10:32:50.379+0000] {manager.py:878} INFO - 
================================================================================
DAG File Processing Stats

File Path                                          PID    Runtime      # DAGs    # Errors  Last Runtime    Last Run
-------------------------------------------------  -----  ---------  --------  ----------  --------------  -------------------
/opt/airflow/dags/hello_airflow.py                                          1           0  0.40s           2026-08-13T10:32:21
/opt/airflow/dags/clickstream_clean_events_dag.py                           1           0  0.40s           2026-08-13T10:32:21
================================================================================
[2026-08-13T10:33:20.698+0000] {manager.py:878} INFO - 
================================================================================
DAG File Processing Stats

File Path                                          PID    Runtime      # DAGs    # Errors  Last Runtime    Last Run
-------------------------------------------------  -----  ---------  --------  ----------  --------------  -------------------
/opt/airflow/dags/clickstream_clean_events_dag.py                           1           0  0.39s           2026-08-13T10:32:51
/opt/airflow/dags/hello_airflow.py                                          1           0  0.37s           2026-08-13T10:32:51
================================================================================
[2026-08-13T10:33:40.527+0000] {manager.py:737} INFO - Searching for files in /opt/airflow/dags
[2026-08-13T10:33:40.667+0000] {manager.py:740} INFO - There are 2 files in /opt/airflow/dags
[2026-08-13T10:33:50.838+0000] {manager.py:878} INFO - 
================================================================================
DAG File Processing Stats

File Path                                          PID    Runtime      # DAGs    # Errors  Last Runtime    Last Run
-------------------------------------------------  -----  ---------  --------  ----------  --------------  -------------------
/opt/airflow/dags/clickstream_clean_events_dag.py                           1           0  0.27s           2026-08-13T10:33:22
/opt/airflow/dags/hello_airflow.py                                          1           0  0.27s           2026-08-13T10:33:22
================================================================================
[2026-08-13T10:34:21.107+0000] {manager.py:878} INFO - 
================================================================================
DAG File Processing Stats

File Path                                          PID    Runtime      # DAGs    # Errors  Last Runtime    Last Run
-------------------------------------------------  -----  ---------  --------  ----------  --------------  -------------------
/opt/airflow/dags/clickstream_clean_events_dag.py                           1           0  0.18s           2026-08-13T10:33:53
/opt/airflow/dags/hello_airflow.py                                          1           0  0.17s           2026-08-13T10:33:53
================================================================================
[2026-08-13T10:34:51.446+0000] {manager.py:878} INFO - 
================================================================================
DAG File Processing Stats

File Path                                          PID    Runtime      # DAGs    # Errors  Last Runtime    Last Run
-------------------------------------------------  -----  ---------  --------  ----------  --------------  -------------------
/opt/airflow/dags/clickstream_clean_events_dag.py                           1           0  0.18s           2026-08-13T10:34:23
/opt/airflow/dags/hello_airflow.py                                          1           0  0.17s           2026-08-13T10:34:23
================================================================================
[2026-08-13T10:35:21.875+0000] {manager.py:878} INFO - 
================================================================================
DAG File Processing Stats

File Path                                          PID    Runtime      # DAGs    # Errors  Last Runtime    Last Run
-------------------------------------------------  -----  ---------  --------  ----------  --------------  -------------------
/opt/airflow/dags/hello_airflow.py                                          1           0  0.16s           2026-08-13T10:34:53
/opt/airflow/dags/clickstream_clean_events_dag.py                           1           0  0.16s           2026-08-13T10:34:53
================================================================================
[2026-08-13T10:35:52.148+0000] {manager.py:878} INFO - 
================================================================================
DAG File Processing Stats

File Path                                          PID    Runtime      # DAGs    # Errors  Last Runtime    Last Run
-------------------------------------------------  -----  ---------  --------  ----------  --------------  -------------------
/opt/airflow/dags/clickstream_clean_events_dag.py                           1           0  0.22s           2026-08-13T10:35:24
/opt/airflow/dags/hello_airflow.py                                          1           0  0.19s           2026-08-13T10:35:24
================================================================================
[2026-08-13T10:36:22.629+0000] {manager.py:878} INFO - 
================================================================================
DAG File Processing Stats

File Path                                          PID    Runtime      # DAGs    # Errors  Last Runtime    Last Run
-------------------------------------------------  -----  ---------  --------  ----------  --------------  -------------------
/opt/airflow/dags/clickstream_clean_events_dag.py                           1           0  0.22s           2026-08-13T10:35:54
/opt/airflow/dags/hello_airflow.py                                          1           0  0.21s           2026-08-13T10:35:54
================================================================================
[2026-08-13T10:36:53.277+0000] {manager.py:878} INFO - 
================================================================================
DAG File Processing Stats

File Path                                          PID    Runtime      # DAGs    # Errors  Last Runtime    Last Run
-------------------------------------------------  -----  ---------  --------  ----------  --------------  -------------------
/opt/airflow/dags/clickstream_clean_events_dag.py                           1           0  0.37s           2026-08-13T10:36:25
/opt/airflow/dags/hello_airflow.py                                          1           0  0.35s           2026-08-13T10:36:25
================================================================================
[2026-08-13T10:37:24.091+0000] {manager.py:878} INFO - 
================================================================================
DAG File Processing Stats

File Path                                          PID    Runtime      # DAGs    # Errors  Last Runtime    Last Run
-------------------------------------------------  -----  ---------  --------  ----------  --------------  -------------------
/opt/airflow/dags/clickstream_clean_events_dag.py                           1           0  0.51s           2026-08-13T10:36:55
/opt/airflow/dags/hello_airflow.py                                          1           0  0.51s           2026-08-13T10:36:55
================================================================================
[2026-08-13T10:37:54.399+0000] {manager.py:878} INFO - 
================================================================================
DAG File Processing Stats

File Path                                          PID    Runtime      # DAGs    # Errors  Last Runtime    Last Run
-------------------------------------------------  -----  ---------  --------  ----------  --------------  -------------------
/opt/airflow/dags/clickstream_clean_events_dag.py                           1           0  0.46s           2026-08-13T10:37:26
/opt/airflow/dags/hello_airflow.py                                          1           0  0.44s           2026-08-13T10:37:26
================================================================================
[2026-08-13T10:38:25.348+0000] {manager.py:878} INFO - 
================================================================================
DAG File Processing Stats

File Path                                          PID    Runtime      # DAGs    # Errors  Last Runtime    Last Run
-------------------------------------------------  -----  ---------  --------  ----------  --------------  -------------------
/opt/airflow/dags/clickstream_clean_events_dag.py                           1           0  0.31s           2026-08-13T10:37:57
/opt/airflow/dags/hello_airflow.py                                          1           0  0.29s           2026-08-13T10:37:57
================================================================================
[2026-08-13T10:38:41.042+0000] {manager.py:737} INFO - Searching for files in /opt/airflow/dags
[2026-08-13T10:38:41.077+0000] {manager.py:740} INFO - There are 2 files in /opt/airflow/dags
[2026-08-13T10:38:56.214+0000] {manager.py:878} INFO - 
================================================================================
DAG File Processing Stats

File Path                                          PID    Runtime      # DAGs    # Errors  Last Runtime    Last Run
-------------------------------------------------  -----  ---------  --------  ----------  --------------  -------------------
/opt/airflow/dags/clickstream_clean_events_dag.py                           1           0  0.26s           2026-08-13T10:38:27
/opt/airflow/dags/hello_airflow.py                                          1           0  0.25s           2026-08-13T10:38:27
================================================================================
[2026-08-13T10:39:26.545+0000] {manager.py:878} INFO - 
================================================================================
DAG File Processing Stats

File Path                                          PID    Runtime      # DAGs    # Errors  Last Runtime    Last Run
-------------------------------------------------  -----  ---------  --------  ----------  --------------  -------------------
/opt/airflow/dags/clickstream_clean_events_dag.py                           1           0  0.22s           2026-08-13T10:38:58
/opt/airflow/dags/hello_airflow.py                                          1           0  0.21s           2026-08-13T10:38:58
================================================================================
[2026-08-13T10:39:57.057+0000] {manager.py:878} INFO - 
================================================================================
DAG File Processing Stats

File Path                                          PID    Runtime      # DAGs    # Errors  Last Runtime    Last Run
-------------------------------------------------  -----  ---------  --------  ----------  --------------  -------------------
/opt/airflow/dags/clickstream_clean_events_dag.py                           1           0  0.26s           2026-08-13T10:39:28
/opt/airflow/dags/hello_airflow.py                                          1           0  0.25s           2026-08-13T10:39:28
================================================================================
[2026-08-13T10:40:27.522+0000] {manager.py:878} INFO - 
================================================================================
DAG File Processing Stats

File Path                                          PID    Runtime      # DAGs    # Errors  Last Runtime    Last Run
-------------------------------------------------  -----  ---------  --------  ----------  --------------  -------------------
/opt/airflow/dags/clickstream_clean_events_dag.py                           1           0  0.21s           2026-08-13T10:39:59
/opt/airflow/dags/hello_airflow.py                                          1           0  0.20s           2026-08-13T10:39:59
================================================================================
[2026-08-13T10:40:57.844+0000] {manager.py:878} INFO - 
================================================================================
DAG File Processing Stats

File Path                                          PID    Runtime      # DAGs    # Errors  Last Runtime    Last Run
-------------------------------------------------  -----  ---------  --------  ----------  --------------  -------------------
/opt/airflow/dags/clickstream_clean_events_dag.py                           1           0  0.23s           2026-08-13T10:40:29
/opt/airflow/dags/hello_airflow.py                                          1           0  0.22s           2026-08-13T10:40:29
================================================================================
[2026-08-13T10:41:28.321+0000] {manager.py:878} INFO - 
================================================================================
DAG File Processing Stats

File Path                                          PID    Runtime      # DAGs    # Errors  Last Runtime    Last Run
-------------------------------------------------  -----  ---------  --------  ----------  --------------  -------------------
/opt/airflow/dags/hello_airflow.py                                          1           0  0.22s           2026-08-13T10:41:00
/opt/airflow/dags/clickstream_clean_events_dag.py                           1           0  0.21s           2026-08-13T10:41:00
================================================================================
[2026-08-13T10:41:59.115+0000] {manager.py:878} INFO - 
================================================================================
DAG File Processing Stats

File Path                                          PID    Runtime      # DAGs    # Errors  Last Runtime    Last Run
-------------------------------------------------  -----  ---------  --------  ----------  --------------  -------------------
/opt/airflow/dags/hello_airflow.py                                          1           0  0.37s           2026-08-13T10:41:30
/opt/airflow/dags/clickstream_clean_events_dag.py                           1           0  0.36s           2026-08-13T10:41:30
================================================================================
[2026-08-13T10:42:29.410+0000] {manager.py:878} INFO - 
================================================================================
DAG File Processing Stats

File Path                                          PID    Runtime      # DAGs    # Errors  Last Runtime    Last Run
-------------------------------------------------  -----  ---------  --------  ----------  --------------  -------------------
/opt/airflow/dags/clickstream_clean_events_dag.py                           1           0  0.30s           2026-08-13T10:42:01
/opt/airflow/dags/hello_airflow.py                                          1           0  0.29s           2026-08-13T10:42:01
================================================================================
[2026-08-13T10:42:59.877+0000] {manager.py:878} INFO - 
================================================================================
DAG File Processing Stats

File Path                                          PID    Runtime      # DAGs    # Errors  Last Runtime    Last Run
-------------------------------------------------  -----  ---------  --------  ----------  --------------  -------------------
/opt/airflow/dags/clickstream_clean_events_dag.py                           1           0  0.11s           2026-08-13T10:42:31
/opt/airflow/dags/hello_airflow.py                                          1           0  0.10s           2026-08-13T10:42:31
================================================================================
[2026-08-13T10:43:29.955+0000] {manager.py:878} INFO - 
================================================================================
DAG File Processing Stats

File Path                                          PID    Runtime      # DAGs    # Errors  Last Runtime    Last Run
-------------------------------------------------  -----  ---------  --------  ----------  --------------  -------------------
/opt/airflow/dags/clickstream_clean_events_dag.py                           1           0  0.10s           2026-08-13T10:43:01
/opt/airflow/dags/hello_airflow.py                                          1           0  0.10s           2026-08-13T10:43:02
================================================================================
[2026-08-13T10:43:41.436+0000] {manager.py:737} INFO - Searching for files in /opt/airflow/dags
[2026-08-13T10:43:41.499+0000] {manager.py:740} INFO - There are 2 files in /opt/airflow/dags
[2026-08-13T10:44:00.673+0000] {manager.py:878} INFO - 
================================================================================
DAG File Processing Stats

File Path                                          PID    Runtime      # DAGs    # Errors  Last Runtime    Last Run
-------------------------------------------------  -----  ---------  --------  ----------  --------------  -------------------
/opt/airflow/dags/clickstream_clean_events_dag.py                           1           0  1.47s           2026-08-13T10:43:33
/opt/airflow/dags/hello_airflow.py                                          1           0  1.34s           2026-08-13T10:43:33
================================================================================
[2026-08-13T10:44:31.105+0000] {manager.py:878} INFO - 
================================================================================
DAG File Processing Stats

File Path                                          PID    Runtime      # DAGs    # Errors  Last Runtime    Last Run
-------------------------------------------------  -----  ---------  --------  ----------  --------------  -------------------
/opt/airflow/dags/clickstream_clean_events_dag.py                           1           0  0.21s           2026-08-13T10:44:03
/opt/airflow/dags/hello_airflow.py                                          1           0  0.20s           2026-08-13T10:44:03
================================================================================
[2026-08-13T10:45:02.019+0000] {manager.py:878} INFO - 
================================================================================
DAG File Processing Stats

File Path                                          PID    Runtime      # DAGs    # Errors  Last Runtime    Last Run
-------------------------------------------------  -----  ---------  --------  ----------  --------------  -------------------
/opt/airflow/dags/clickstream_clean_events_dag.py                           1           0  0.50s           2026-08-13T10:44:34
/opt/airflow/dags/hello_airflow.py                                          1           0  0.50s           2026-08-13T10:44:34
================================================================================
[2026-08-13T10:45:32.570+0000] {manager.py:878} INFO - 
================================================================================
DAG File Processing Stats

File Path                                          PID    Runtime      # DAGs    # Errors  Last Runtime    Last Run
-------------------------------------------------  -----  ---------  --------  ----------  --------------  -------------------
/opt/airflow/dags/clickstream_clean_events_dag.py                           1           0  0.24s           2026-08-13T10:45:05
/opt/airflow/dags/hello_airflow.py                                          1           0  0.24s           2026-08-13T10:45:05
================================================================================
[2026-08-13T10:46:02.937+0000] {manager.py:878} INFO - 
================================================================================
DAG File Processing Stats

File Path                                          PID    Runtime      # DAGs    # Errors  Last Runtime    Last Run
-------------------------------------------------  -----  ---------  --------  ----------  --------------  -------------------
/opt/airflow/dags/clickstream_clean_events_dag.py                           1           0  0.25s           2026-08-13T10:45:35
/opt/airflow/dags/hello_airflow.py                                          1           0  0.25s           2026-08-13T10:45:35
================================================================================
[2026-08-13T10:46:32.986+0000] {manager.py:878} INFO - 
================================================================================
DAG File Processing Stats

File Path                                          PID    Runtime      # DAGs    # Errors  Last Runtime    Last Run
-------------------------------------------------  -----  ---------  --------  ----------  --------------  -------------------
/opt/airflow/dags/clickstream_clean_events_dag.py                           1           0  1.35s           2026-08-13T10:46:07
/opt/airflow/dags/hello_airflow.py                                          1           0  1.21s           2026-08-13T10:46:07
================================================================================
[2026-08-13T10:47:03.499+0000] {manager.py:878} INFO - 
================================================================================
DAG File Processing Stats

File Path                                          PID    Runtime      # DAGs    # Errors  Last Runtime    Last Run
-------------------------------------------------  -----  ---------  --------  ----------  --------------  -------------------
/opt/airflow/dags/clickstream_clean_events_dag.py                           1           0  0.18s           2026-08-13T10:46:38
/opt/airflow/dags/hello_airflow.py                                          1           0  0.18s           2026-08-13T10:46:38
================================================================================
[2026-08-13T10:47:34.208+0000] {manager.py:878} INFO - 
================================================================================
DAG File Processing Stats

File Path                                          PID    Runtime      # DAGs    # Errors  Last Runtime    Last Run
-------------------------------------------------  -----  ---------  --------  ----------  --------------  -------------------
/opt/airflow/dags/clickstream_clean_events_dag.py                           1           0  0.23s           2026-08-13T10:47:08
/opt/airflow/dags/hello_airflow.py                                          1           0  0.20s           2026-08-13T10:47:08
================================================================================
[2026-08-13T10:48:04.439+0000] {manager.py:878} INFO - 
================================================================================
DAG File Processing Stats

File Path                                          PID    Runtime      # DAGs    # Errors  Last Runtime    Last Run
-------------------------------------------------  -----  ---------  --------  ----------  --------------  -------------------
/opt/airflow/dags/clickstream_clean_events_dag.py                           1           0  0.12s           2026-08-13T10:47:39
/opt/airflow/dags/hello_airflow.py                                          1           0  0.12s           2026-08-13T10:47:39
================================================================================
[2026-08-13T10:48:34.751+0000] {manager.py:878} INFO - 
================================================================================
DAG File Processing Stats

File Path                                          PID    Runtime      # DAGs    # Errors  Last Runtime    Last Run
-------------------------------------------------  -----  ---------  --------  ----------  --------------  -------------------
/opt/airflow/dags/clickstream_clean_events_dag.py                           1           0  0.14s           2026-08-13T10:48:09
/opt/airflow/dags/hello_airflow.py                                          1           0  0.13s           2026-08-13T10:48:09
================================================================================
[2026-08-13T10:48:41.989+0000] {manager.py:737} INFO - Searching for files in /opt/airflow/dags
[2026-08-13T10:48:42.027+0000] {manager.py:740} INFO - There are 2 files in /opt/airflow/dags
[2026-08-13T10:49:05.204+0000] {manager.py:878} INFO - 
================================================================================
DAG File Processing Stats

File Path                                          PID    Runtime      # DAGs    # Errors  Last Runtime    Last Run
-------------------------------------------------  -----  ---------  --------  ----------  --------------  -------------------
/opt/airflow/dags/clickstream_clean_events_dag.py                           1           0  0.18s           2026-08-13T10:48:39
/opt/airflow/dags/hello_airflow.py                                          1           0  0.17s           2026-08-13T10:48:39
================================================================================
[2026-08-13T10:49:35.441+0000] {manager.py:878} INFO - 
================================================================================
DAG File Processing Stats

File Path                                          PID    Runtime      # DAGs    # Errors  Last Runtime    Last Run
-------------------------------------------------  -----  ---------  --------  ----------  --------------  -------------------
/opt/airflow/dags/clickstream_clean_events_dag.py                           1           0  0.17s           2026-08-13T10:49:10
/opt/airflow/dags/hello_airflow.py                                          1           0  0.16s           2026-08-13T10:49:10
================================================================================
[2026-08-13T10:50:05.786+0000] {manager.py:878} INFO - 
================================================================================
DAG File Processing Stats

File Path                                          PID    Runtime      # DAGs    # Errors  Last Runtime    Last Run
-------------------------------------------------  -----  ---------  --------  ----------  --------------  -------------------
/opt/airflow/dags/clickstream_clean_events_dag.py                           1           0  0.20s           2026-08-13T10:49:40
/opt/airflow/dags/hello_airflow.py                                          1           0  0.18s           2026-08-13T10:49:40
================================================================================
[2026-08-13T10:50:36.038+0000] {manager.py:878} INFO - 
================================================================================
DAG File Processing Stats

File Path                                          PID    Runtime      # DAGs    # Errors  Last Runtime    Last Run
-------------------------------------------------  -----  ---------  --------  ----------  --------------  -------------------
/opt/airflow/dags/clickstream_clean_events_dag.py                           1           0  0.15s           2026-08-13T10:50:10
/opt/airflow/dags/hello_airflow.py                                          1           0  0.15s           2026-08-13T10:50:10
================================================================================
[2026-08-13T10:51:06.392+0000] {manager.py:878} INFO - 
================================================================================
DAG File Processing Stats

File Path                                          PID    Runtime      # DAGs    # Errors  Last Runtime    Last Run
-------------------------------------------------  -----  ---------  --------  ----------  --------------  -------------------
/opt/airflow/dags/clickstream_clean_events_dag.py                           1           0  0.16s           2026-08-13T10:50:41
/opt/airflow/dags/hello_airflow.py                                          1           0  0.15s           2026-08-13T10:50:41
================================================================================
[2026-08-13T10:51:36.792+0000] {manager.py:878} INFO - 
================================================================================
DAG File Processing Stats

File Path                                          PID    Runtime      # DAGs    # Errors  Last Runtime    Last Run
-------------------------------------------------  -----  ---------  --------  ----------  --------------  -------------------
/opt/airflow/dags/clickstream_clean_events_dag.py                           1           0  0.16s           2026-08-13T10:51:11
/opt/airflow/dags/hello_airflow.py                                          1           0  0.14s           2026-08-13T10:51:11
================================================================================
[2026-08-13T10:52:07.294+0000] {manager.py:878} INFO - 
================================================================================
DAG File Processing Stats

File Path                                          PID    Runtime      # DAGs    # Errors  Last Runtime    Last Run
-------------------------------------------------  -----  ---------  --------  ----------  --------------  -------------------
/opt/airflow/dags/hello_airflow.py                                          1           0  0.27s           2026-08-13T10:51:42
/opt/airflow/dags/clickstream_clean_events_dag.py                           1           0  0.25s           2026-08-13T10:51:42
================================================================================
[2026-08-13T10:52:37.550+0000] {manager.py:878} INFO - 
================================================================================
DAG File Processing Stats

File Path                                          PID    Runtime      # DAGs    # Errors  Last Runtime    Last Run
-------------------------------------------------  -----  ---------  --------  ----------  --------------  -------------------
/opt/airflow/dags/clickstream_clean_events_dag.py                           1           0  0.11s           2026-08-13T10:52:12
/opt/airflow/dags/hello_airflow.py                                          1           0  0.10s           2026-08-13T10:52:12
================================================================================
[2026-08-13T10:53:07.813+0000] {manager.py:878} INFO - 
================================================================================
DAG File Processing Stats

File Path                                          PID    Runtime      # DAGs    # Errors  Last Runtime    Last Run
-------------------------------------------------  -----  ---------  --------  ----------  --------------  -------------------
/opt/airflow/dags/clickstream_clean_events_dag.py                           1           0  0.13s           2026-08-13T10:52:42
/opt/airflow/dags/hello_airflow.py                                          1           0  0.13s           2026-08-13T10:52:42
================================================================================
[2026-08-13T10:53:38.213+0000] {manager.py:878} INFO - 
================================================================================
DAG File Processing Stats

File Path                                          PID    Runtime      # DAGs    # Errors  Last Runtime    Last Run
-------------------------------------------------  -----  ---------  --------  ----------  --------------  -------------------
/opt/airflow/dags/hello_airflow.py                                          1           0  0.10s           2026-08-13T10:53:12
/opt/airflow/dags/clickstream_clean_events_dag.py                           1           0  0.09s           2026-08-13T10:53:12
================================================================================
[2026-08-13T10:53:42.241+0000] {manager.py:737} INFO - Searching for files in /opt/airflow/dags
[2026-08-13T10:53:42.267+0000] {manager.py:740} INFO - There are 2 files in /opt/airflow/dags
[2026-08-13T10:54:08.609+0000] {manager.py:878} INFO - 
================================================================================
DAG File Processing Stats

File Path                                          PID    Runtime      # DAGs    # Errors  Last Runtime    Last Run
-------------------------------------------------  -----  ---------  --------  ----------  --------------  -------------------
/opt/airflow/dags/hello_airflow.py                                          1           0  0.19s           2026-08-13T10:53:43
/opt/airflow/dags/clickstream_clean_events_dag.py                           1           0  0.19s           2026-08-13T10:53:43
================================================================================
[2026-08-13T10:54:39.084+0000] {manager.py:878} INFO - 
================================================================================
DAG File Processing Stats

File Path                                          PID    Runtime      # DAGs    # Errors  Last Runtime    Last Run
-------------------------------------------------  -----  ---------  --------  ----------  --------------  -------------------
/opt/airflow/dags/clickstream_clean_events_dag.py                           1           0  0.14s           2026-08-13T10:54:13
/opt/airflow/dags/hello_airflow.py                                          1           0  0.14s           2026-08-13T10:54:13
================================================================================
[2026-08-13T10:55:09.350+0000] {manager.py:878} INFO - 
================================================================================
DAG File Processing Stats

File Path                                          PID    Runtime      # DAGs    # Errors  Last Runtime    Last Run
-------------------------------------------------  -----  ---------  --------  ----------  --------------  -------------------
/opt/airflow/dags/clickstream_clean_events_dag.py                           1           0  0.10s           2026-08-13T10:54:44
/opt/airflow/dags/hello_airflow.py                                          1           0  0.09s           2026-08-13T10:54:44
================================================================================
[2026-08-13T10:55:39.717+0000] {manager.py:878} INFO - 
================================================================================
DAG File Processing Stats

File Path                                          PID    Runtime      # DAGs    # Errors  Last Runtime    Last Run
-------------------------------------------------  -----  ---------  --------  ----------  --------------  -------------------
/opt/airflow/dags/hello_airflow.py                                          1           0  0.14s           2026-08-13T10:55:14
/opt/airflow/dags/clickstream_clean_events_dag.py                           1           0  0.13s           2026-08-13T10:55:14
================================================================================
[2026-08-13T10:56:09.967+0000] {manager.py:878} INFO - 
================================================================================
DAG File Processing Stats

File Path                                          PID    Runtime      # DAGs    # Errors  Last Runtime    Last Run
-------------------------------------------------  -----  ---------  --------  ----------  --------------  -------------------
/opt/airflow/dags/clickstream_clean_events_dag.py                           1           0  0.11s           2026-08-13T10:55:44
/opt/airflow/dags/hello_airflow.py                                          1           0  0.10s           2026-08-13T10:55:44
================================================================================
[2026-08-13T10:56:40.232+0000] {manager.py:878} INFO - 
================================================================================
DAG File Processing Stats

File Path                                          PID    Runtime      # DAGs    # Errors  Last Runtime    Last Run
-------------------------------------------------  -----  ---------  --------  ----------  --------------  -------------------
/opt/airflow/dags/clickstream_clean_events_dag.py                           1           0  0.10s           2026-08-13T10:56:15
/opt/airflow/dags/hello_airflow.py                                          1           0  0.10s           2026-08-13T10:56:15
================================================================================
[2026-08-13T10:57:10.460+0000] {manager.py:878} INFO - 
================================================================================
DAG File Processing Stats

File Path                                          PID    Runtime      # DAGs    # Errors  Last Runtime    Last Run
-------------------------------------------------  -----  ---------  --------  ----------  --------------  -------------------
/opt/airflow/dags/clickstream_clean_events_dag.py                           1           0  0.17s           2026-08-13T10:56:45
/opt/airflow/dags/hello_airflow.py                                          1           0  0.16s           2026-08-13T10:56:45
================================================================================
[2026-08-13T10:57:40.684+0000] {manager.py:878} INFO - 
================================================================================
DAG File Processing Stats

File Path                                          PID    Runtime      # DAGs    # Errors  Last Runtime    Last Run
-------------------------------------------------  -----  ---------  --------  ----------  --------------  -------------------
/opt/airflow/dags/clickstream_clean_events_dag.py                           1           0  0.11s           2026-08-13T10:57:15
/opt/airflow/dags/hello_airflow.py                                          1           0  0.10s           2026-08-13T10:57:15
================================================================================
[2026-08-13T10:58:11.061+0000] {manager.py:878} INFO - 
================================================================================
DAG File Processing Stats

File Path                                          PID    Runtime      # DAGs    # Errors  Last Runtime    Last Run
-------------------------------------------------  -----  ---------  --------  ----------  --------------  -------------------
/opt/airflow/dags/hello_airflow.py                                          1           0  0.15s           2026-08-13T10:57:45
/opt/airflow/dags/clickstream_clean_events_dag.py                           1           0  0.15s           2026-08-13T10:57:45
================================================================================
[2026-08-13T10:58:41.320+0000] {manager.py:878} INFO - 
================================================================================
DAG File Processing Stats

File Path                                          PID    Runtime      # DAGs    # Errors  Last Runtime    Last Run
-------------------------------------------------  -----  ---------  --------  ----------  --------------  -------------------
/opt/airflow/dags/clickstream_clean_events_dag.py                           1           0  0.11s           2026-08-13T10:58:16
/opt/airflow/dags/hello_airflow.py                                          1           0  0.10s           2026-08-13T10:58:16
================================================================================
[2026-08-13T10:58:42.328+0000] {manager.py:737} INFO - Searching for files in /opt/airflow/dags
[2026-08-13T10:58:42.361+0000] {manager.py:740} INFO - There are 2 files in /opt/airflow/dags
[2026-08-13T10:59:11.718+0000] {manager.py:878} INFO - 
================================================================================
DAG File Processing Stats

File Path                                          PID    Runtime      # DAGs    # Errors  Last Runtime    Last Run
-------------------------------------------------  -----  ---------  --------  ----------  --------------  -------------------
/opt/airflow/dags/hello_airflow.py                                          1           0  0.10s           2026-08-13T10:58:46
/opt/airflow/dags/clickstream_clean_events_dag.py                           1           0  0.09s           2026-08-13T10:58:46
================================================================================
[2026-08-13T10:59:41.984+0000] {manager.py:878} INFO - 
================================================================================
DAG File Processing Stats

File Path                                          PID    Runtime      # DAGs    # Errors  Last Runtime    Last Run
-------------------------------------------------  -----  ---------  --------  ----------  --------------  -------------------
/opt/airflow/dags/clickstream_clean_events_dag.py                           1           0  0.18s           2026-08-13T10:59:16
/opt/airflow/dags/hello_airflow.py                                          1           0  0.17s           2026-08-13T10:59:16
================================================================================
[2026-08-13T11:00:12.326+0000] {manager.py:878} INFO - 
================================================================================
DAG File Processing Stats

File Path                                          PID    Runtime      # DAGs    # Errors  Last Runtime    Last Run
-------------------------------------------------  -----  ---------  --------  ----------  --------------  -------------------
/opt/airflow/dags/clickstream_clean_events_dag.py                           1           0  0.10s           2026-08-13T10:59:47
/opt/airflow/dags/hello_airflow.py                                          1           0  0.10s           2026-08-13T10:59:47
================================================================================
[2026-08-13T11:00:42.670+0000] {manager.py:878} INFO - 
================================================================================
DAG File Processing Stats

File Path                                          PID    Runtime      # DAGs    # Errors  Last Runtime    Last Run
-------------------------------------------------  -----  ---------  --------  ----------  --------------  -------------------
/opt/airflow/dags/clickstream_clean_events_dag.py                           1           0  0.11s           2026-08-13T11:00:17
/opt/airflow/dags/hello_airflow.py                                          1           0  0.11s           2026-08-13T11:00:17
================================================================================
[2026-08-13T11:01:12.931+0000] {manager.py:878} INFO - 
================================================================================
DAG File Processing Stats

File Path                                          PID    Runtime      # DAGs    # Errors  Last Runtime    Last Run
-------------------------------------------------  -----  ---------  --------  ----------  --------------  -------------------
/opt/airflow/dags/clickstream_clean_events_dag.py                           1           0  0.11s           2026-08-13T11:00:47
/opt/airflow/dags/hello_airflow.py                                          1           0  0.10s           2026-08-13T11:00:47
================================================================================
[2026-08-13T11:01:43.220+0000] {manager.py:878} INFO - 
================================================================================
DAG File Processing Stats

File Path                                          PID    Runtime      # DAGs    # Errors  Last Runtime    Last Run
-------------------------------------------------  -----  ---------  --------  ----------  --------------  -------------------
/opt/airflow/dags/clickstream_clean_events_dag.py                           1           0  0.11s           2026-08-13T11:01:18
/opt/airflow/dags/hello_airflow.py                                          1           0  0.10s           2026-08-13T11:01:18
================================================================================
[2026-08-13T11:02:13.607+0000] {manager.py:878} INFO - 
================================================================================
DAG File Processing Stats

File Path                                          PID    Runtime      # DAGs    # Errors  Last Runtime    Last Run
-------------------------------------------------  -----  ---------  --------  ----------  --------------  -------------------
/opt/airflow/dags/clickstream_clean_events_dag.py                           1           0  0.14s           2026-08-13T11:01:48
/opt/airflow/dags/hello_airflow.py                                          1           0  0.14s           2026-08-13T11:01:48
================================================================================
[2026-08-13T11:02:43.866+0000] {manager.py:878} INFO - 
================================================================================
DAG File Processing Stats

File Path                                          PID    Runtime      # DAGs    # Errors  Last Runtime    Last Run
-------------------------------------------------  -----  ---------  --------  ----------  --------------  -------------------
/opt/airflow/dags/clickstream_clean_events_dag.py                           1           0  0.10s           2026-08-13T11:02:18
/opt/airflow/dags/hello_airflow.py                                          1           0  0.09s           2026-08-13T11:02:18
================================================================================
[2026-08-13T11:03:14.315+0000] {manager.py:878} INFO - 
================================================================================
DAG File Processing Stats

File Path                                          PID    Runtime      # DAGs    # Errors  Last Runtime    Last Run
-------------------------------------------------  -----  ---------  --------  ----------  --------------  -------------------
/opt/airflow/dags/clickstream_clean_events_dag.py                           1           0  0.20s           2026-08-13T11:02:49
/opt/airflow/dags/hello_airflow.py                                          1           0  0.19s           2026-08-13T11:02:49
================================================================================
[2026-08-13T11:03:42.553+0000] {manager.py:737} INFO - Searching for files in /opt/airflow/dags
[2026-08-13T11:03:42.587+0000] {manager.py:740} INFO - There are 2 files in /opt/airflow/dags
[2026-08-13T11:03:44.614+0000] {manager.py:878} INFO - 
================================================================================
DAG File Processing Stats

File Path                                          PID    Runtime      # DAGs    # Errors  Last Runtime    Last Run
-------------------------------------------------  -----  ---------  --------  ----------  --------------  -------------------
/opt/airflow/dags/clickstream_clean_events_dag.py                           1           0  0.11s           2026-08-13T11:03:19
/opt/airflow/dags/hello_airflow.py                                          1           0  0.09s           2026-08-13T11:03:19
================================================================================
[2026-08-13T11:04:14.948+0000] {manager.py:878} INFO - 
================================================================================
DAG File Processing Stats

File Path                                          PID    Runtime      # DAGs    # Errors  Last Runtime    Last Run
-------------------------------------------------  -----  ---------  --------  ----------  --------------  -------------------
/opt/airflow/dags/hello_airflow.py                                          1           0  0.11s           2026-08-13T11:03:49
/opt/airflow/dags/clickstream_clean_events_dag.py                           1           0  0.10s           2026-08-13T11:03:49
================================================================================
[2026-08-13T11:04:45.309+0000] {manager.py:878} INFO - 
================================================================================
DAG File Processing Stats

File Path                                          PID    Runtime      # DAGs    # Errors  Last Runtime    Last Run
-------------------------------------------------  -----  ---------  --------  ----------  --------------  -------------------
/opt/airflow/dags/clickstream_clean_events_dag.py                           1           0  0.12s           2026-08-13T11:04:20
/opt/airflow/dags/hello_airflow.py                                          1           0  0.11s           2026-08-13T11:04:20
================================================================================
[2026-08-13T11:05:15.557+0000] {manager.py:878} INFO - 
================================================================================
DAG File Processing Stats

File Path                                          PID    Runtime      # DAGs    # Errors  Last Runtime    Last Run
-------------------------------------------------  -----  ---------  --------  ----------  --------------  -------------------
/opt/airflow/dags/clickstream_clean_events_dag.py                           1           0  0.10s           2026-08-13T11:04:50
/opt/airflow/dags/hello_airflow.py                                          1           0  0.10s           2026-08-13T11:04:50
================================================================================
[2026-08-13T11:05:45.845+0000] {manager.py:878} INFO - 
================================================================================
DAG File Processing Stats

File Path                                          PID    Runtime      # DAGs    # Errors  Last Runtime    Last Run
-------------------------------------------------  -----  ---------  --------  ----------  --------------  -------------------
/opt/airflow/dags/clickstream_clean_events_dag.py                           1           0  0.18s           2026-08-13T11:05:20
/opt/airflow/dags/hello_airflow.py                                          1           0  0.17s           2026-08-13T11:05:20
================================================================================
[2026-08-13T11:06:16.173+0000] {manager.py:878} INFO - 
================================================================================
DAG File Processing Stats

File Path                                          PID    Runtime      # DAGs    # Errors  Last Runtime    Last Run
-------------------------------------------------  -----  ---------  --------  ----------  --------------  -------------------
/opt/airflow/dags/clickstream_clean_events_dag.py                           1           0  0.11s           2026-08-13T11:05:51
/opt/airflow/dags/hello_airflow.py                                          1           0  0.10s           2026-08-13T11:05:51
================================================================================
[2026-08-13T11:06:46.438+0000] {manager.py:878} INFO - 
================================================================================
DAG File Processing Stats

File Path                                          PID    Runtime      # DAGs    # Errors  Last Runtime    Last Run
-------------------------------------------------  -----  ---------  --------  ----------  --------------  -------------------
/opt/airflow/dags/clickstream_clean_events_dag.py                           1           0  0.31s           2026-08-13T11:06:21
/opt/airflow/dags/hello_airflow.py                                          1           0  0.28s           2026-08-13T11:06:21
================================================================================
[2026-08-13T11:07:17.030+0000] {manager.py:878} INFO - 
================================================================================
DAG File Processing Stats

File Path                                          PID    Runtime      # DAGs    # Errors  Last Runtime    Last Run
-------------------------------------------------  -----  ---------  --------  ----------  --------------  -------------------
/opt/airflow/dags/clickstream_clean_events_dag.py                           1           0  0.10s           2026-08-13T11:06:51
/opt/airflow/dags/hello_airflow.py                                          1           0  0.10s           2026-08-13T11:06:51
================================================================================
[2026-08-13T11:07:47.275+0000] {manager.py:878} INFO - 
================================================================================
DAG File Processing Stats

File Path                                          PID    Runtime      # DAGs    # Errors  Last Runtime    Last Run
-------------------------------------------------  -----  ---------  --------  ----------  --------------  -------------------
/opt/airflow/dags/clickstream_clean_events_dag.py                           1           0  0.11s           2026-08-13T11:07:22
/opt/airflow/dags/hello_airflow.py                                          1           0  0.10s           2026-08-13T11:07:22
================================================================================
[2026-08-13T11:08:17.524+0000] {manager.py:878} INFO - 
================================================================================
DAG File Processing Stats

File Path                                          PID    Runtime      # DAGs    # Errors  Last Runtime    Last Run
-------------------------------------------------  -----  ---------  --------  ----------  --------------  -------------------
/opt/airflow/dags/clickstream_clean_events_dag.py                           1           0  0.11s           2026-08-13T11:07:52
/opt/airflow/dags/hello_airflow.py                                          1           0  0.10s           2026-08-13T11:07:52
================================================================================
[2026-08-13T11:08:42.820+0000] {manager.py:737} INFO - Searching for files in /opt/airflow/dags
[2026-08-13T11:08:42.853+0000] {manager.py:740} INFO - There are 2 files in /opt/airflow/dags
[2026-08-13T11:08:47.899+0000] {manager.py:878} INFO - 
================================================================================
DAG File Processing Stats

File Path                                          PID    Runtime      # DAGs    # Errors  Last Runtime    Last Run
-------------------------------------------------  -----  ---------  --------  ----------  --------------  -------------------
/opt/airflow/dags/clickstream_clean_events_dag.py                           1           0  0.11s           2026-08-13T11:08:22
/opt/airflow/dags/hello_airflow.py                                          1           0  0.11s           2026-08-13T11:08:22
================================================================================
[2026-08-13T11:09:18.156+0000] {manager.py:878} INFO - 
================================================================================
DAG File Processing Stats

File Path                                          PID    Runtime      # DAGs    # Errors  Last Runtime    Last Run
-------------------------------------------------  -----  ---------  --------  ----------  --------------  -------------------
/opt/airflow/dags/clickstream_clean_events_dag.py                           1           0  0.17s           2026-08-13T11:08:53
/opt/airflow/dags/hello_airflow.py                                          1           0  0.15s           2026-08-13T11:08:53
================================================================================
[2026-08-13T11:09:48.527+0000] {manager.py:878} INFO - 
================================================================================
DAG File Processing Stats

File Path                                          PID    Runtime      # DAGs    # Errors  Last Runtime    Last Run
-------------------------------------------------  -----  ---------  --------  ----------  --------------  -------------------
/opt/airflow/dags/clickstream_clean_events_dag.py                           1           0  0.10s           2026-08-13T11:09:23
/opt/airflow/dags/hello_airflow.py                                          1           0  0.10s           2026-08-13T11:09:23
================================================================================
[2026-08-13T11:10:18.950+0000] {manager.py:878} INFO - 
================================================================================
DAG File Processing Stats

File Path                                          PID    Runtime      # DAGs    # Errors  Last Runtime    Last Run
-------------------------------------------------  -----  ---------  --------  ----------  --------------  -------------------
/opt/airflow/dags/clickstream_clean_events_dag.py                           1           0  0.14s           2026-08-13T11:09:53
/opt/airflow/dags/hello_airflow.py                                          1           0  0.13s           2026-08-13T11:09:53
================================================================================
[2026-08-13T11:10:49.279+0000] {manager.py:878} INFO - 
================================================================================
DAG File Processing Stats

File Path                                          PID    Runtime      # DAGs    # Errors  Last Runtime    Last Run
-------------------------------------------------  -----  ---------  --------  ----------  --------------  -------------------
/opt/airflow/dags/clickstream_clean_events_dag.py                           1           0  0.19s           2026-08-13T11:10:24
/opt/airflow/dags/hello_airflow.py                                          1           0  0.17s           2026-08-13T11:10:24
================================================================================
[2026-08-13T11:11:19.521+0000] {manager.py:878} INFO - 
================================================================================
DAG File Processing Stats

File Path                                          PID    Runtime      # DAGs    # Errors  Last Runtime    Last Run
-------------------------------------------------  -----  ---------  --------  ----------  --------------  -------------------
/opt/airflow/dags/clickstream_clean_events_dag.py                           1           0  0.11s           2026-08-13T11:10:54
/opt/airflow/dags/hello_airflow.py                                          1           0  0.10s           2026-08-13T11:10:54
================================================================================
[2026-08-13T11:11:49.857+0000] {manager.py:878} INFO - 
================================================================================
DAG File Processing Stats

File Path                                          PID    Runtime      # DAGs    # Errors  Last Runtime    Last Run
-------------------------------------------------  -----  ---------  --------  ----------  --------------  -------------------
/opt/airflow/dags/hello_airflow.py                                          1           0  0.10s           2026-08-13T11:11:24
/opt/airflow/dags/clickstream_clean_events_dag.py                           1           0  0.09s           2026-08-13T11:11:24
================================================================================
[2026-08-13T11:12:20.137+0000] {manager.py:878} INFO - 
================================================================================
DAG File Processing Stats

File Path                                          PID    Runtime      # DAGs    # Errors  Last Runtime    Last Run
-------------------------------------------------  -----  ---------  --------  ----------  --------------  -------------------
/opt/airflow/dags/clickstream_clean_events_dag.py                           1           0  0.27s           2026-08-13T11:11:55
/opt/airflow/dags/hello_airflow.py                                          1           0  0.23s           2026-08-13T11:11:55
================================================================================
[2026-08-13T11:12:50.477+0000] {manager.py:878} INFO - 
================================================================================
DAG File Processing Stats

File Path                                          PID    Runtime      # DAGs    # Errors  Last Runtime    Last Run
-------------------------------------------------  -----  ---------  --------  ----------  --------------  -------------------
/opt/airflow/dags/clickstream_clean_events_dag.py                           1           0  0.10s           2026-08-13T11:12:25
/opt/airflow/dags/hello_airflow.py                                          1           0  0.10s           2026-08-13T11:12:25
================================================================================
[2026-08-13T11:13:20.783+0000] {manager.py:878} INFO - 
================================================================================
DAG File Processing Stats

File Path                                          PID    Runtime      # DAGs    # Errors  Last Runtime    Last Run
-------------------------------------------------  -----  ---------  --------  ----------  --------------  -------------------
/opt/airflow/dags/clickstream_clean_events_dag.py                           1           0  0.13s           2026-08-13T11:12:55
/opt/airflow/dags/hello_airflow.py                                          1           0  0.12s           2026-08-13T11:12:55
================================================================================
[2026-08-13T11:13:43.082+0000] {manager.py:737} INFO - Searching for files in /opt/airflow/dags
[2026-08-13T11:13:43.109+0000] {manager.py:740} INFO - There are 2 files in /opt/airflow/dags
[2026-08-13T11:13:51.183+0000] {manager.py:878} INFO - 
================================================================================
DAG File Processing Stats

File Path                                          PID    Runtime      # DAGs    # Errors  Last Runtime    Last Run
-------------------------------------------------  -----  ---------  --------  ----------  --------------  -------------------
/opt/airflow/dags/clickstream_clean_events_dag.py                           1           0  0.12s           2026-08-13T11:13:25
/opt/airflow/dags/hello_airflow.py                                          1           0  0.12s           2026-08-13T11:13:25
================================================================================
[2026-08-13T11:14:21.846+0000] {manager.py:878} INFO - 
================================================================================
DAG File Processing Stats

File Path                                          PID    Runtime      # DAGs    # Errors  Last Runtime    Last Run
-------------------------------------------------  -----  ---------  --------  ----------  --------------  -------------------
/opt/airflow/dags/clickstream_clean_events_dag.py                           1           0  0.13s           2026-08-13T11:13:56
/opt/airflow/dags/hello_airflow.py                                          1           0  0.12s           2026-08-13T11:13:56
================================================================================
[2026-08-13T11:14:52.255+0000] {manager.py:878} INFO - 
================================================================================
DAG File Processing Stats

File Path                                          PID    Runtime      # DAGs    # Errors  Last Runtime    Last Run
-------------------------------------------------  -----  ---------  --------  ----------  --------------  -------------------
/opt/airflow/dags/clickstream_clean_events_dag.py                           1           0  0.30s           2026-08-13T11:14:27
/opt/airflow/dags/hello_airflow.py                                          1           0  0.27s           2026-08-13T11:14:27
================================================================================
[2026-08-20T06:39:23.925+0000] {manager.py:470} INFO - Processing files using up to 2 processes at a time 
[2026-08-20T06:39:23.927+0000] {manager.py:471} INFO - Process each file at most once every 30 seconds
[2026-08-20T06:39:23.929+0000] {manager.py:472} INFO - Checking for new files in /opt/airflow/dags every 300 seconds
[2026-08-20T06:39:23.931+0000] {manager.py:737} INFO - Searching for files in /opt/airflow/dags
[2026-08-20T06:39:24.015+0000] {manager.py:740} INFO - There are 2 files in /opt/airflow/dags
[2026-08-20T06:39:30.364+0000] {manager.py:878} INFO - 
================================================================================
DAG File Processing Stats

File Path                                          PID    Runtime      # DAGs    # Errors  Last Runtime    Last Run
-------------------------------------------------  -----  ---------  --------  ----------  --------------  -------------------
/opt/airflow/dags/clickstream_clean_events_dag.py                           1           0  0.27s           2026-08-20T06:39:24
/opt/airflow/dags/hello_airflow.py                                          1           0  0.21s           2026-08-20T06:39:24
================================================================================
[2026-08-20T06:40:00.657+0000] {manager.py:878} INFO - 
================================================================================
DAG File Processing Stats

File Path                                          PID    Runtime      # DAGs    # Errors  Last Runtime    Last Run
-------------------------------------------------  -----  ---------  --------  ----------  --------------  -------------------
/opt/airflow/dags/clickstream_clean_events_dag.py                           1           0  0.13s           2026-08-20T06:39:54
/opt/airflow/dags/hello_airflow.py                                          1           0  0.11s           2026-08-20T06:39:54
================================================================================
[2026-08-20T06:40:31.310+0000] {manager.py:878} INFO - 
================================================================================
DAG File Processing Stats

File Path                                          PID    Runtime      # DAGs    # Errors  Last Runtime    Last Run
-------------------------------------------------  -----  ---------  --------  ----------  --------------  -------------------
/opt/airflow/dags/hello_airflow.py                                          1           0  1.02s           2026-08-20T06:40:26
/opt/airflow/dags/clickstream_clean_events_dag.py                           1           0  0.91s           2026-08-20T06:40:26
================================================================================
[2026-08-20T06:41:01.460+0000] {manager.py:878} INFO - 
================================================================================
DAG File Processing Stats

File Path                                          PID    Runtime      # DAGs    # Errors  Last Runtime    Last Run
-------------------------------------------------  -----  ---------  --------  ----------  --------------  -------------------
/opt/airflow/dags/hello_airflow.py                                          1           0  1.82s           2026-08-20T06:40:58
/opt/airflow/dags/clickstream_clean_events_dag.py                           1           0  1.63s           2026-08-20T06:40:58
================================================================================
[2026-08-20T06:41:31.540+0000] {manager.py:878} INFO - 
================================================================================
DAG File Processing Stats

File Path                                          PID    Runtime      # DAGs    # Errors  Last Runtime    Last Run
-------------------------------------------------  -----  ---------  --------  ----------  --------------  -------------------
/opt/airflow/dags/hello_airflow.py                                          1           0  0.12s           2026-08-20T06:41:29
/opt/airflow/dags/clickstream_clean_events_dag.py                           1           0  0.11s           2026-08-20T06:41:28
================================================================================
[2026-08-20T06:42:01.792+0000] {manager.py:878} INFO - 
================================================================================
DAG File Processing Stats

File Path                                          PID    Runtime      # DAGs    # Errors  Last Runtime    Last Run
-------------------------------------------------  -----  ---------  --------  ----------  --------------  -------------------
/opt/airflow/dags/clickstream_clean_events_dag.py                           1           0  0.12s           2026-08-20T06:41:58
/opt/airflow/dags/hello_airflow.py                                          1           0  0.11s           2026-08-20T06:41:59
================================================================================
[2026-08-20T06:42:32.129+0000] {manager.py:878} INFO - 
================================================================================
DAG File Processing Stats

File Path                                          PID    Runtime      # DAGs    # Errors  Last Runtime    Last Run
-------------------------------------------------  -----  ---------  --------  ----------  --------------  -------------------
/opt/airflow/dags/hello_airflow.py                                          1           0  0.13s           2026-08-20T06:42:30
/opt/airflow/dags/clickstream_clean_events_dag.py                           1           0  0.11s           2026-08-20T06:42:29
================================================================================
[2026-08-20T06:43:02.464+0000] {manager.py:878} INFO - 
================================================================================
DAG File Processing Stats

File Path                                          PID    Runtime      # DAGs    # Errors  Last Runtime    Last Run
-------------------------------------------------  -----  ---------  --------  ----------  --------------  -------------------
/opt/airflow/dags/clickstream_clean_events_dag.py                           1           0  0.14s           2026-08-20T06:42:59
/opt/airflow/dags/hello_airflow.py                                          1           0  0.11s           2026-08-20T06:43:00
================================================================================
[2026-08-20T06:43:32.791+0000] {manager.py:878} INFO - 
================================================================================
DAG File Processing Stats

File Path                                          PID    Runtime      # DAGs    # Errors  Last Runtime    Last Run
-------------------------------------------------  -----  ---------  --------  ----------  --------------  -------------------
/opt/airflow/dags/clickstream_clean_events_dag.py                           1           0  0.10s           2026-08-20T06:43:29
/opt/airflow/dags/hello_airflow.py                                          1           0  0.09s           2026-08-20T06:43:30
================================================================================
[2026-08-20T06:44:03.104+0000] {manager.py:878} INFO - 
================================================================================
DAG File Processing Stats

File Path                                          PID    Runtime      # DAGs    # Errors  Last Runtime    Last Run
-------------------------------------------------  -----  ---------  --------  ----------  --------------  -------------------
/opt/airflow/dags/hello_airflow.py                                          1           0  0.11s           2026-08-20T06:44:01
/opt/airflow/dags/clickstream_clean_events_dag.py                           1           0  0.10s           2026-08-20T06:44:00
================================================================================
[2026-08-20T06:44:24.254+0000] {manager.py:737} INFO - Searching for files in /opt/airflow/dags
[2026-08-20T06:44:24.281+0000] {manager.py:740} INFO - There are 2 files in /opt/airflow/dags
[2026-08-20T06:44:32.013+0000] {manager.py:452} INFO - Exiting gracefully upon receiving signal 15
[2026-08-20T06:45:02.363+0000] {manager.py:470} INFO - Processing files using up to 2 processes at a time 
[2026-08-20T06:45:02.366+0000] {manager.py:471} INFO - Process each file at most once every 30 seconds
[2026-08-20T06:45:02.368+0000] {manager.py:472} INFO - Checking for new files in /opt/airflow/dags every 300 seconds
[2026-08-20T06:45:02.369+0000] {manager.py:737} INFO - Searching for files in /opt/airflow/dags
[2026-08-20T06:45:02.412+0000] {manager.py:740} INFO - There are 2 files in /opt/airflow/dags
[2026-08-20T06:45:02.650+0000] {manager.py:878} INFO - 
================================================================================
DAG File Processing Stats

File Path                                            PID  Runtime      # DAGs    # Errors  Last Runtime    Last Run
-------------------------------------------------  -----  ---------  --------  ----------  --------------  ----------
/opt/airflow/dags/clickstream_clean_events_dag.py    172  0.15s             0           0
/opt/airflow/dags/hello_airflow.py                   175  0.09s             0           0
================================================================================
[2026-08-20T06:45:32.991+0000] {manager.py:878} INFO - 
================================================================================
DAG File Processing Stats

File Path                                            PID  Runtime      # DAGs    # Errors  Last Runtime    Last Run
-------------------------------------------------  -----  ---------  --------  ----------  --------------  -------------------
/opt/airflow/dags/clickstream_clean_events_dag.py    196  0.02s             1           0  0.28s           2026-08-20T06:45:02
/opt/airflow/dags/hello_airflow.py                   199  0.00s             1           0  0.23s           2026-08-20T06:45:02
================================================================================
[2026-08-20T06:46:03.211+0000] {manager.py:878} INFO - 
================================================================================
DAG File Processing Stats

File Path                                          PID    Runtime      # DAGs    # Errors  Last Runtime    Last Run
-------------------------------------------------  -----  ---------  --------  ----------  --------------  -------------------
/opt/airflow/dags/clickstream_clean_events_dag.py                           1           0  0.51s           2026-08-20T06:45:33
/opt/airflow/dags/hello_airflow.py                                          1           0  0.50s           2026-08-20T06:45:33
================================================================================
[2026-08-20T06:46:33.914+0000] {manager.py:878} INFO - 
================================================================================
DAG File Processing Stats

File Path                                            PID  Runtime      # DAGs    # Errors  Last Runtime    Last Run
-------------------------------------------------  -----  ---------  --------  ----------  --------------  -------------------
/opt/airflow/dags/clickstream_clean_events_dag.py    307  0.02s             1           0  0.13s           2026-08-20T06:46:03
/opt/airflow/dags/hello_airflow.py                   310  0.01s             1           0  0.11s           2026-08-20T06:46:03
================================================================================
[2026-08-20T06:47:04.280+0000] {manager.py:878} INFO - 
================================================================================
DAG File Processing Stats

File Path                                            PID  Runtime      # DAGs    # Errors  Last Runtime    Last Run
-------------------------------------------------  -----  ---------  --------  ----------  --------------  -------------------
/opt/airflow/dags/hello_airflow.py                   528  0.01s             1           0  0.16s           2026-08-20T06:46:34
/opt/airflow/dags/clickstream_clean_events_dag.py    525  0.02s             1           0  0.15s           2026-08-20T06:46:34
================================================================================
[2026-08-20T06:47:34.507+0000] {manager.py:878} INFO - 
================================================================================
DAG File Processing Stats

File Path                                            PID  Runtime      # DAGs    # Errors  Last Runtime    Last Run
-------------------------------------------------  -----  ---------  --------  ----------  --------------  -------------------
/opt/airflow/dags/clickstream_clean_events_dag.py    549  0.02s             1           0  0.12s           2026-08-20T06:47:04
/opt/airflow/dags/hello_airflow.py                   552  0.01s             1           0  0.11s           2026-08-20T06:47:04
================================================================================
[2026-08-20T06:48:04.828+0000] {manager.py:878} INFO - 
================================================================================
DAG File Processing Stats

File Path                                            PID  Runtime      # DAGs    # Errors  Last Runtime    Last Run
-------------------------------------------------  -----  ---------  --------  ----------  --------------  -------------------
/opt/airflow/dags/clickstream_clean_events_dag.py    580  0.02s             1           0  0.12s           2026-08-20T06:47:34
/opt/airflow/dags/hello_airflow.py                   583  0.01s             1           0  0.11s           2026-08-20T06:47:34
================================================================================
[2026-08-20T06:48:35.056+0000] {manager.py:878} INFO - 
================================================================================
DAG File Processing Stats

File Path                                            PID  Runtime      # DAGs    # Errors  Last Runtime    Last Run
-------------------------------------------------  -----  ---------  --------  ----------  --------------  -------------------
/opt/airflow/dags/clickstream_clean_events_dag.py    612  0.02s             1           0  0.13s           2026-08-20T06:48:04
/opt/airflow/dags/hello_airflow.py                   615  0.01s             1           0  0.12s           2026-08-20T06:48:04
================================================================================
[2026-08-20T06:49:05.389+0000] {manager.py:878} INFO - 
================================================================================
DAG File Processing Stats

File Path                                            PID  Runtime      # DAGs    # Errors  Last Runtime    Last Run
-------------------------------------------------  -----  ---------  --------  ----------  --------------  -------------------
/opt/airflow/dags/clickstream_clean_events_dag.py    636  0.02s             1           0  0.12s           2026-08-20T06:48:35
/opt/airflow/dags/hello_airflow.py                   639  0.01s             1           0  0.11s           2026-08-20T06:48:35
================================================================================
[2026-08-20T06:49:35.744+0000] {manager.py:878} INFO - 
================================================================================
DAG File Processing Stats

File Path                                            PID  Runtime      # DAGs    # Errors  Last Runtime    Last Run
-------------------------------------------------  -----  ---------  --------  ----------  --------------  -------------------
/opt/airflow/dags/clickstream_clean_events_dag.py    667  0.03s             1           0  0.13s           2026-08-20T06:49:05
/opt/airflow/dags/hello_airflow.py                   670  0.01s             1           0  0.13s           2026-08-20T06:49:05
================================================================================
[2026-08-20T06:50:03.089+0000] {manager.py:737} INFO - Searching for files in /opt/airflow/dags
[2026-08-20T06:50:03.112+0000] {manager.py:740} INFO - There are 2 files in /opt/airflow/dags
[2026-08-20T06:50:06.175+0000] {manager.py:878} INFO - 
================================================================================
DAG File Processing Stats

File Path                                            PID  Runtime      # DAGs    # Errors  Last Runtime    Last Run
-------------------------------------------------  -----  ---------  --------  ----------  --------------  -------------------
/opt/airflow/dags/clickstream_clean_events_dag.py    691  0.02s             1           0  0.16s           2026-08-20T06:49:35
/opt/airflow/dags/hello_airflow.py                   694  0.01s             1           0  0.15s           2026-08-20T06:49:35
================================================================================
[2026-08-20T06:50:36.437+0000] {manager.py:878} INFO - 
================================================================================
DAG File Processing Stats

File Path                                            PID  Runtime      # DAGs    # Errors  Last Runtime    Last Run
-------------------------------------------------  -----  ---------  --------  ----------  --------------  -------------------
/opt/airflow/dags/clickstream_clean_events_dag.py    722  0.02s             1           0  0.13s           2026-08-20T06:50:06
/opt/airflow/dags/hello_airflow.py                   725  0.01s             1           0  0.11s           2026-08-20T06:50:06
================================================================================
[2026-08-20T06:51:06.708+0000] {manager.py:878} INFO - 
================================================================================
DAG File Processing Stats

File Path                                            PID  Runtime      # DAGs    # Errors  Last Runtime    Last Run
-------------------------------------------------  -----  ---------  --------  ----------  --------------  -------------------
/opt/airflow/dags/hello_airflow.py                   756  0.01s             1           0  0.15s           2026-08-20T06:50:36
/opt/airflow/dags/clickstream_clean_events_dag.py    753  0.02s             1           0  0.14s           2026-08-20T06:50:36
================================================================================
[2026-08-20T06:51:37.056+0000] {manager.py:878} INFO - 
================================================================================
DAG File Processing Stats

File Path                                            PID  Runtime      # DAGs    # Errors  Last Runtime    Last Run
-------------------------------------------------  -----  ---------  --------  ----------  --------------  -------------------
/opt/airflow/dags/clickstream_clean_events_dag.py    778  0.02s             1           0  0.15s           2026-08-20T06:51:06
/opt/airflow/dags/hello_airflow.py                   781  0.01s             1           0  0.14s           2026-08-20T06:51:06
================================================================================
[2026-08-20T06:52:07.514+0000] {manager.py:878} INFO - 
================================================================================
DAG File Processing Stats

File Path                                            PID  Runtime      # DAGs    # Errors  Last Runtime    Last Run
-------------------------------------------------  -----  ---------  --------  ----------  --------------  -------------------
/opt/airflow/dags/clickstream_clean_events_dag.py    809  0.02s             1           0  0.17s           2026-08-20T06:51:37
/opt/airflow/dags/hello_airflow.py                   812  0.01s             1           0  0.17s           2026-08-20T06:51:37
================================================================================
[2026-08-20T06:52:37.837+0000] {manager.py:878} INFO - 
================================================================================
DAG File Processing Stats

File Path                                            PID  Runtime      # DAGs    # Errors  Last Runtime    Last Run
-------------------------------------------------  -----  ---------  --------  ----------  --------------  -------------------
/opt/airflow/dags/clickstream_clean_events_dag.py    833  0.02s             1           0  0.14s           2026-08-20T06:52:07
/opt/airflow/dags/hello_airflow.py                   836  0.01s             1           0  0.11s           2026-08-20T06:52:07
================================================================================
[2026-08-20T06:53:08.140+0000] {manager.py:878} INFO - 
================================================================================
DAG File Processing Stats

File Path                                            PID  Runtime      # DAGs    # Errors  Last Runtime    Last Run
-------------------------------------------------  -----  ---------  --------  ----------  --------------  -------------------
/opt/airflow/dags/clickstream_clean_events_dag.py    864  0.02s             1           0  0.12s           2026-08-20T06:52:37
/opt/airflow/dags/hello_airflow.py                   867  0.00s             1           0  0.10s           2026-08-20T06:52:37
================================================================================
[2026-08-20T06:53:38.484+0000] {manager.py:878} INFO - 
================================================================================
DAG File Processing Stats

File Path                                            PID  Runtime      # DAGs    # Errors  Last Runtime    Last Run
-------------------------------------------------  -----  ---------  --------  ----------  --------------  -------------------
/opt/airflow/dags/clickstream_clean_events_dag.py    888  0.02s             1           0  0.12s           2026-08-20T06:53:08
/opt/airflow/dags/hello_airflow.py                   891  0.00s             1           0  0.12s           2026-08-20T06:53:08
================================================================================
[2026-08-20T06:54:08.823+0000] {manager.py:878} INFO - 
================================================================================
DAG File Processing Stats

File Path                                            PID  Runtime      # DAGs    # Errors  Last Runtime    Last Run
-------------------------------------------------  -----  ---------  --------  ----------  --------------  -------------------
/opt/airflow/dags/clickstream_clean_events_dag.py    919  0.02s             1           0  0.12s           2026-08-20T06:53:38
/opt/airflow/dags/hello_airflow.py                   922  0.01s             1           0  0.12s           2026-08-20T06:53:38
================================================================================
[2026-08-20T06:54:39.075+0000] {manager.py:878} INFO - 
================================================================================
DAG File Processing Stats

File Path                                            PID  Runtime      # DAGs    # Errors  Last Runtime    Last Run
-------------------------------------------------  -----  ---------  --------  ----------  --------------  -------------------
/opt/airflow/dags/clickstream_clean_events_dag.py    950  0.02s             1           0  0.12s           2026-08-20T06:54:08
/opt/airflow/dags/hello_airflow.py                   953  0.01s             1           0  0.12s           2026-08-20T06:54:08
================================================================================
[2026-08-20T06:55:03.286+0000] {manager.py:737} INFO - Searching for files in /opt/airflow/dags
[2026-08-20T06:55:03.333+0000] {manager.py:740} INFO - There are 2 files in /opt/airflow/dags
[2026-08-20T06:55:09.419+0000] {manager.py:878} INFO - 
================================================================================
DAG File Processing Stats

File Path                                            PID  Runtime      # DAGs    # Errors  Last Runtime    Last Run
-------------------------------------------------  -----  ---------  --------  ----------  --------------  -------------------
/opt/airflow/dags/clickstream_clean_events_dag.py    974  0.02s             1           0  0.15s           2026-08-20T06:54:39
/opt/airflow/dags/hello_airflow.py                   977  0.00s             1           0  0.14s           2026-08-20T06:54:39
================================================================================
[2026-08-20T06:55:31.642+0000] {manager.py:452} INFO - Exiting gracefully upon receiving signal 15
[2026-08-20T11:40:55.026+0000] {manager.py:470} INFO - Processing files using up to 2 processes at a time 
[2026-08-20T11:40:55.027+0000] {manager.py:471} INFO - Process each file at most once every 30 seconds
[2026-08-20T11:40:55.028+0000] {manager.py:472} INFO - Checking for new files in /opt/airflow/dags every 300 seconds
[2026-08-20T11:40:55.029+0000] {manager.py:737} INFO - Searching for files in /opt/airflow/dags
[2026-08-20T11:40:55.071+0000] {manager.py:740} INFO - There are 3 files in /opt/airflow/dags
[2026-08-20T11:41:14.543+0000] {manager.py:878} INFO - 
================================================================================
DAG File Processing Stats

File Path                                          PID    Runtime      # DAGs    # Errors  Last Runtime    Last Run
-------------------------------------------------  -----  ---------  --------  ----------  --------------  -------------------
/opt/airflow/dags/clickstream_clean_events_dag.py                           1           0  0.28s           2026-08-20T11:40:55
/opt/airflow/dags/clickstream_pipeline_dag.py                               1           0  0.27s           2026-08-20T11:40:55
/opt/airflow/dags/hello_airflow.py                                          1           0  0.11s           2026-08-20T11:40:55
================================================================================
[2026-08-20T11:41:17.568+0000] {manager.py:1128} WARNING - Skipping processing of missing file: /opt/airflow/dags/clickstream_clean_events_dag.py
[2026-08-20T11:41:44.858+0000] {manager.py:878} INFO - 
================================================================================
DAG File Processing Stats

File Path                                      PID    Runtime      # DAGs    # Errors  Last Runtime    Last Run
---------------------------------------------  -----  ---------  --------  ----------  --------------  -------------------
/opt/airflow/dags/hello_airflow.py                                      1           0  0.15s           2026-08-20T11:41:25
/opt/airflow/dags/clickstream_pipeline_dag.py                           1           0  0.11s           2026-08-20T11:41:25
================================================================================
[2026-08-20T11:41:48.190+0000] {manager.py:452} INFO - Exiting gracefully upon receiving signal 15
[2026-08-20T11:42:11.665+0000] {manager.py:470} INFO - Processing files using up to 2 processes at a time 
[2026-08-20T11:42:11.666+0000] {manager.py:471} INFO - Process each file at most once every 30 seconds
[2026-08-20T11:42:11.667+0000] {manager.py:472} INFO - Checking for new files in /opt/airflow/dags every 300 seconds
[2026-08-20T11:42:11.668+0000] {manager.py:737} INFO - Searching for files in /opt/airflow/dags
[2026-08-20T11:42:11.691+0000] {manager.py:740} INFO - There are 2 files in /opt/airflow/dags
[2026-08-20T11:42:11.799+0000] {manager.py:878} INFO - 
================================================================================
DAG File Processing Stats

File Path                                        PID  Runtime      # DAGs    # Errors  Last Runtime    Last Run
---------------------------------------------  -----  ---------  --------  ----------  --------------  ----------
/opt/airflow/dags/clickstream_pipeline_dag.py    165  0.07s             0           0
/opt/airflow/dags/hello_airflow.py               168  0.04s             0           0
================================================================================
[2026-08-20T11:42:42.044+0000] {manager.py:878} INFO - 
================================================================================
DAG File Processing Stats

File Path                                        PID  Runtime      # DAGs    # Errors  Last Runtime    Last Run
---------------------------------------------  -----  ---------  --------  ----------  --------------  -------------------
/opt/airflow/dags/clickstream_pipeline_dag.py    196  0.02s             1           0  0.12s           2026-08-20T11:42:11
/opt/airflow/dags/hello_airflow.py               199  0.01s             1           0  0.10s           2026-08-20T11:42:11
================================================================================
[2026-08-20T11:43:12.247+0000] {manager.py:878} INFO - 
================================================================================
DAG File Processing Stats

File Path                                      PID    Runtime      # DAGs    # Errors  Last Runtime    Last Run
---------------------------------------------  -----  ---------  --------  ----------  --------------  -------------------
/opt/airflow/dags/clickstream_pipeline_dag.py                           1           0  0.29s           2026-08-20T11:42:42
/opt/airflow/dags/hello_airflow.py                                      1           0  0.28s           2026-08-20T11:42:42
================================================================================
[2026-08-20T11:43:42.733+0000] {manager.py:878} INFO - 
================================================================================
DAG File Processing Stats

File Path                                        PID  Runtime      # DAGs    # Errors  Last Runtime    Last Run
---------------------------------------------  -----  ---------  --------  ----------  --------------  -------------------
/opt/airflow/dags/clickstream_pipeline_dag.py    253  0.02s             1           0  0.10s           2026-08-20T11:43:12
/opt/airflow/dags/hello_airflow.py               256  0.00s             1           0  0.10s           2026-08-20T11:43:12
================================================================================
[2026-08-20T11:44:13.072+0000] {manager.py:878} INFO - 
================================================================================
DAG File Processing Stats

File Path                                        PID  Runtime      # DAGs    # Errors  Last Runtime    Last Run
---------------------------------------------  -----  ---------  --------  ----------  --------------  -------------------
/opt/airflow/dags/clickstream_pipeline_dag.py    613  0.02s             1           0  0.11s           2026-08-20T11:43:42
/opt/airflow/dags/hello_airflow.py               616  0.01s             1           0  0.11s           2026-08-20T11:43:42
================================================================================
[2026-08-20T11:44:43.585+0000] {manager.py:878} INFO - 
================================================================================
DAG File Processing Stats

File Path                                        PID  Runtime      # DAGs    # Errors  Last Runtime    Last Run
---------------------------------------------  -----  ---------  --------  ----------  --------------  -------------------
/opt/airflow/dags/clickstream_pipeline_dag.py    811  0.04s             1           0  0.20s           2026-08-20T11:44:13
/opt/airflow/dags/hello_airflow.py               814  0.01s             1           0  0.16s           2026-08-20T11:44:13
================================================================================
[2026-08-20T11:45:14.098+0000] {manager.py:878} INFO - 
================================================================================
DAG File Processing Stats

File Path                                        PID  Runtime      # DAGs    # Errors  Last Runtime    Last Run
---------------------------------------------  -----  ---------  --------  ----------  --------------  -------------------
/opt/airflow/dags/hello_airflow.py               923  0.01s             1           0  0.30s           2026-08-20T11:44:43
/opt/airflow/dags/clickstream_pipeline_dag.py    920  0.02s             1           0  0.30s           2026-08-20T11:44:43
================================================================================
[2026-08-20T11:45:44.550+0000] {manager.py:878} INFO - 
================================================================================
DAG File Processing Stats

File Path                                        PID  Runtime      # DAGs    # Errors  Last Runtime    Last Run
---------------------------------------------  -----  ---------  --------  ----------  --------------  -------------------
/opt/airflow/dags/hello_airflow.py              1025  0.00s             1           0  0.25s           2026-08-20T11:45:14
/opt/airflow/dags/clickstream_pipeline_dag.py   1022  0.02s             1           0  0.23s           2026-08-20T11:45:14
================================================================================
[2026-08-20T11:46:14.880+0000] {manager.py:878} INFO - 
================================================================================
DAG File Processing Stats

File Path                                        PID  Runtime      # DAGs    # Errors  Last Runtime    Last Run
---------------------------------------------  -----  ---------  --------  ----------  --------------  -------------------
/opt/airflow/dags/clickstream_pipeline_dag.py   1046  0.01s             1           0  0.10s           2026-08-20T11:45:44
/opt/airflow/dags/hello_airflow.py              1049  0.00s             1           0  0.10s           2026-08-20T11:45:44
================================================================================
[2026-08-20T11:46:45.123+0000] {manager.py:878} INFO - 
================================================================================
DAG File Processing Stats

File Path                                        PID  Runtime      # DAGs    # Errors  Last Runtime    Last Run
---------------------------------------------  -----  ---------  --------  ----------  --------------  -------------------
/opt/airflow/dags/clickstream_pipeline_dag.py   1077  0.02s             1           0  0.10s           2026-08-20T11:46:14
/opt/airflow/dags/hello_airflow.py              1080  0.00s             1           0  0.09s           2026-08-20T11:46:14
================================================================================
[2026-08-20T11:47:12.325+0000] {manager.py:737} INFO - Searching for files in /opt/airflow/dags
[2026-08-20T11:47:12.357+0000] {manager.py:740} INFO - There are 2 files in /opt/airflow/dags
[2026-08-20T11:47:15.402+0000] {manager.py:878} INFO - 
================================================================================
DAG File Processing Stats

File Path                                        PID  Runtime      # DAGs    # Errors  Last Runtime    Last Run
---------------------------------------------  -----  ---------  --------  ----------  --------------  -------------------
/opt/airflow/dags/clickstream_pipeline_dag.py   1108  0.01s             1           0  0.10s           2026-08-20T11:46:45
/opt/airflow/dags/hello_airflow.py              1111  0.00s             1           0  0.09s           2026-08-20T11:46:45
================================================================================
[2026-08-20T11:47:45.640+0000] {manager.py:878} INFO - 
================================================================================
DAG File Processing Stats

File Path                                        PID  Runtime      # DAGs    # Errors  Last Runtime    Last Run
---------------------------------------------  -----  ---------  --------  ----------  --------------  -------------------
/opt/airflow/dags/clickstream_pipeline_dag.py   1132  0.01s             1           0  0.12s           2026-08-20T11:47:15
/opt/airflow/dags/hello_airflow.py              1135  0.00s             1           0  0.11s           2026-08-20T11:47:15
================================================================================
[2026-08-20T11:48:15.931+0000] {manager.py:878} INFO - 
================================================================================
DAG File Processing Stats

File Path                                        PID  Runtime      # DAGs    # Errors  Last Runtime    Last Run
---------------------------------------------  -----  ---------  --------  ----------  --------------  -------------------
/opt/airflow/dags/hello_airflow.py              1167  0.00s             1           0  0.09s           2026-08-20T11:47:45
/opt/airflow/dags/clickstream_pipeline_dag.py   1164  0.01s             1           0  0.09s           2026-08-20T11:47:45
================================================================================
[2026-08-20T11:48:46.201+0000] {manager.py:878} INFO - 
================================================================================
DAG File Processing Stats

File Path                                        PID  Runtime      # DAGs    # Errors  Last Runtime    Last Run
---------------------------------------------  -----  ---------  --------  ----------  --------------  -------------------
/opt/airflow/dags/clickstream_pipeline_dag.py   1188  0.01s             1           0  0.09s           2026-08-20T11:48:16
/opt/airflow/dags/hello_airflow.py              1191  0.00s             1           0  0.09s           2026-08-20T11:48:16
================================================================================
[2026-08-20T11:49:16.424+0000] {manager.py:878} INFO - 
================================================================================
DAG File Processing Stats

File Path                                        PID  Runtime      # DAGs    # Errors  Last Runtime    Last Run
---------------------------------------------  -----  ---------  --------  ----------  --------------  -------------------
/opt/airflow/dags/clickstream_pipeline_dag.py   1219  0.01s             1           0  0.11s           2026-08-20T11:48:46
/opt/airflow/dags/hello_airflow.py              1222  0.00s             1           0  0.09s           2026-08-20T11:48:46
================================================================================
[2026-08-20T11:49:46.686+0000] {manager.py:878} INFO - 
================================================================================
DAG File Processing Stats

File Path                                        PID  Runtime      # DAGs    # Errors  Last Runtime    Last Run
---------------------------------------------  -----  ---------  --------  ----------  --------------  -------------------
/opt/airflow/dags/clickstream_pipeline_dag.py   1250  0.01s             1           0  0.11s           2026-08-20T11:49:16
/opt/airflow/dags/hello_airflow.py              1253  0.00s             1           0  0.10s           2026-08-20T11:49:16
================================================================================
[2026-08-20T11:50:16.909+0000] {manager.py:878} INFO - 
================================================================================
DAG File Processing Stats

File Path                                        PID  Runtime      # DAGs    # Errors  Last Runtime    Last Run
---------------------------------------------  -----  ---------  --------  ----------  --------------  -------------------
/opt/airflow/dags/clickstream_pipeline_dag.py   1275  0.02s             1           0  0.11s           2026-08-20T11:49:46
/opt/airflow/dags/hello_airflow.py              1278  0.00s             1           0  0.10s           2026-08-20T11:49:46
================================================================================
[2026-08-20T11:50:47.232+0000] {manager.py:878} INFO - 
================================================================================
DAG File Processing Stats

File Path                                        PID  Runtime      # DAGs    # Errors  Last Runtime    Last Run
---------------------------------------------  -----  ---------  --------  ----------  --------------  -------------------
/opt/airflow/dags/hello_airflow.py              1309  0.00s             1           0  0.09s           2026-08-20T11:50:16
/opt/airflow/dags/clickstream_pipeline_dag.py   1306  0.01s             1           0  0.09s           2026-08-20T11:50:16
================================================================================
[2026-08-20T11:51:17.492+0000] {manager.py:878} INFO - 
================================================================================
DAG File Processing Stats

File Path                                        PID  Runtime      # DAGs    # Errors  Last Runtime    Last Run
---------------------------------------------  -----  ---------  --------  ----------  --------------  -------------------
/opt/airflow/dags/clickstream_pipeline_dag.py   1337  0.02s             1           0  0.10s           2026-08-20T11:50:47
/opt/airflow/dags/hello_airflow.py              1340  0.01s             1           0  0.09s           2026-08-20T11:50:47
================================================================================
[2026-08-20T11:51:47.742+0000] {manager.py:878} INFO - 
================================================================================
DAG File Processing Stats

File Path                                        PID  Runtime      # DAGs    # Errors  Last Runtime    Last Run
---------------------------------------------  -----  ---------  --------  ----------  --------------  -------------------
/opt/airflow/dags/clickstream_pipeline_dag.py   1361  0.01s             1           0  0.11s           2026-08-20T11:51:17
/opt/airflow/dags/hello_airflow.py              1364  0.00s             1           0  0.10s           2026-08-20T11:51:17
================================================================================
[2026-08-20T11:52:12.947+0000] {manager.py:737} INFO - Searching for files in /opt/airflow/dags
[2026-08-20T11:52:12.983+0000] {manager.py:740} INFO - There are 2 files in /opt/airflow/dags
[2026-08-20T11:52:18.056+0000] {manager.py:878} INFO - 
================================================================================
DAG File Processing Stats

File Path                                        PID  Runtime      # DAGs    # Errors  Last Runtime    Last Run
---------------------------------------------  -----  ---------  --------  ----------  --------------  -------------------
/opt/airflow/dags/clickstream_pipeline_dag.py   1392  0.02s             1           0  0.11s           2026-08-20T11:51:47
/opt/airflow/dags/hello_airflow.py              1395  0.00s             1           0  0.10s           2026-08-20T11:51:47
================================================================================
[2026-08-20T11:52:48.313+0000] {manager.py:878} INFO - 
================================================================================
DAG File Processing Stats

File Path                                        PID  Runtime      # DAGs    # Errors  Last Runtime    Last Run
---------------------------------------------  -----  ---------  --------  ----------  --------------  -------------------
/opt/airflow/dags/clickstream_pipeline_dag.py   1416  0.02s             1           0  0.10s           2026-08-20T11:52:18
/opt/airflow/dags/hello_airflow.py              1419  0.00s             1           0  0.09s           2026-08-20T11:52:18
================================================================================
[2026-08-20T11:53:18.642+0000] {manager.py:878} INFO - 
================================================================================
DAG File Processing Stats

File Path                                        PID  Runtime      # DAGs    # Errors  Last Runtime    Last Run
---------------------------------------------  -----  ---------  --------  ----------  --------------  -------------------
/opt/airflow/dags/clickstream_pipeline_dag.py   1447  0.01s             1           0  0.10s           2026-08-20T11:52:48
/opt/airflow/dags/hello_airflow.py              1450  0.00s             1           0  0.10s           2026-08-20T11:52:48
================================================================================
[2026-08-20T11:53:48.879+0000] {manager.py:878} INFO - 
================================================================================
DAG File Processing Stats

File Path                                        PID  Runtime      # DAGs    # Errors  Last Runtime    Last Run
---------------------------------------------  -----  ---------  --------  ----------  --------------  -------------------
/opt/airflow/dags/clickstream_pipeline_dag.py   1479  0.02s             1           0  0.10s           2026-08-20T11:53:18
/opt/airflow/dags/hello_airflow.py              1482  0.00s             1           0  0.09s           2026-08-20T11:53:18
================================================================================
[2026-08-20T11:54:19.151+0000] {manager.py:878} INFO - 
================================================================================
DAG File Processing Stats

File Path                                        PID  Runtime      # DAGs    # Errors  Last Runtime    Last Run
---------------------------------------------  -----  ---------  --------  ----------  --------------  -------------------
/opt/airflow/dags/clickstream_pipeline_dag.py   1503  0.02s             1           0  0.10s           2026-08-20T11:53:48
/opt/airflow/dags/hello_airflow.py              1506  0.01s             1           0  0.09s           2026-08-20T11:53:48
================================================================================
[2026-08-20T11:54:49.393+0000] {manager.py:878} INFO - 
================================================================================
DAG File Processing Stats

File Path                                        PID  Runtime      # DAGs    # Errors  Last Runtime    Last Run
---------------------------------------------  -----  ---------  --------  ----------  --------------  -------------------
/opt/airflow/dags/clickstream_pipeline_dag.py   1534  0.02s             1           0  0.15s           2026-08-20T11:54:19
/opt/airflow/dags/hello_airflow.py              1537  0.01s             1           0  0.14s           2026-08-20T11:54:19
================================================================================
[2026-08-20T11:55:19.715+0000] {manager.py:878} INFO - 
================================================================================
DAG File Processing Stats

File Path                                        PID  Runtime      # DAGs    # Errors  Last Runtime    Last Run
---------------------------------------------  -----  ---------  --------  ----------  --------------  -------------------
/opt/airflow/dags/clickstream_pipeline_dag.py   1566  0.01s             1           0  0.12s           2026-08-20T11:54:49
/opt/airflow/dags/hello_airflow.py              1569  0.00s             1           0  0.10s           2026-08-20T11:54:49
================================================================================
[2026-08-20T11:55:50.062+0000] {manager.py:878} INFO - 
================================================================================
DAG File Processing Stats

File Path                                        PID  Runtime      # DAGs    # Errors  Last Runtime    Last Run
---------------------------------------------  -----  ---------  --------  ----------  --------------  -------------------
/opt/airflow/dags/clickstream_pipeline_dag.py   1590  0.02s             1           0  0.10s           2026-08-20T11:55:19
/opt/airflow/dags/hello_airflow.py              1593  0.00s             1           0  0.10s           2026-08-20T11:55:19
================================================================================
[2026-08-20T11:56:20.320+0000] {manager.py:878} INFO - 
================================================================================
DAG File Processing Stats

File Path                                        PID  Runtime      # DAGs    # Errors  Last Runtime    Last Run
---------------------------------------------  -----  ---------  --------  ----------  --------------  -------------------
/opt/airflow/dags/clickstream_pipeline_dag.py   1621  0.01s             1           0  0.10s           2026-08-20T11:55:50
/opt/airflow/dags/hello_airflow.py              1624  0.00s             1           0  0.09s           2026-08-20T11:55:50
================================================================================
[2026-08-20T11:56:50.569+0000] {manager.py:878} INFO - 
================================================================================
DAG File Processing Stats

File Path                                        PID  Runtime      # DAGs    # Errors  Last Runtime    Last Run
---------------------------------------------  -----  ---------  --------  ----------  --------------  -------------------
/opt/airflow/dags/clickstream_pipeline_dag.py   1652  0.01s             1           0  0.10s           2026-08-20T11:56:20
/opt/airflow/dags/hello_airflow.py              1655  0.00s             1           0  0.10s           2026-08-20T11:56:20
================================================================================
[2026-08-20T11:57:13.744+0000] {manager.py:737} INFO - Searching for files in /opt/airflow/dags
[2026-08-20T11:57:13.769+0000] {manager.py:740} INFO - There are 2 files in /opt/airflow/dags
[2026-08-20T11:57:20.858+0000] {manager.py:878} INFO - 
================================================================================
DAG File Processing Stats

File Path                                        PID  Runtime      # DAGs    # Errors  Last Runtime    Last Run
---------------------------------------------  -----  ---------  --------  ----------  --------------  -------------------
/opt/airflow/dags/clickstream_pipeline_dag.py   1676  0.01s             1           0  0.10s           2026-08-20T11:56:50
/opt/airflow/dags/hello_airflow.py              1679  0.00s             1           0  0.10s           2026-08-20T11:56:50
================================================================================
[2026-08-20T11:57:51.191+0000] {manager.py:878} INFO - 
================================================================================
DAG File Processing Stats

File Path                                        PID  Runtime      # DAGs    # Errors  Last Runtime    Last Run
---------------------------------------------  -----  ---------  --------  ----------  --------------  -------------------
/opt/airflow/dags/clickstream_pipeline_dag.py   1707  0.01s             1           0  0.10s           2026-08-20T11:57:20
/opt/airflow/dags/hello_airflow.py              1710  0.00s             1           0  0.09s           2026-08-20T11:57:20
================================================================================
[2026-08-20T11:58:21.428+0000] {manager.py:878} INFO - 
================================================================================
DAG File Processing Stats

File Path                                        PID  Runtime      # DAGs    # Errors  Last Runtime    Last Run
---------------------------------------------  -----  ---------  --------  ----------  --------------  -------------------
/opt/airflow/dags/clickstream_pipeline_dag.py   1738  0.01s             1           0  0.11s           2026-08-20T11:57:51
/opt/airflow/dags/hello_airflow.py              1741  0.00s             1           0  0.09s           2026-08-20T11:57:51
================================================================================
[2026-08-20T11:58:51.681+0000] {manager.py:878} INFO - 
================================================================================
DAG File Processing Stats

File Path                                        PID  Runtime      # DAGs    # Errors  Last Runtime    Last Run
---------------------------------------------  -----  ---------  --------  ----------  --------------  -------------------
/opt/airflow/dags/clickstream_pipeline_dag.py   1762  0.01s             1           0  0.13s           2026-08-20T11:58:21
/opt/airflow/dags/hello_airflow.py              1765  0.00s             1           0  0.11s           2026-08-20T11:58:21
================================================================================
[2026-08-20T11:59:21.956+0000] {manager.py:878} INFO - 
================================================================================
DAG File Processing Stats

File Path                                        PID  Runtime      # DAGs    # Errors  Last Runtime    Last Run
---------------------------------------------  -----  ---------  --------  ----------  --------------  -------------------
/opt/airflow/dags/clickstream_pipeline_dag.py   1793  0.01s             1           0  0.11s           2026-08-20T11:58:51
/opt/airflow/dags/hello_airflow.py              1796  0.00s             1           0  0.10s           2026-08-20T11:58:51
================================================================================
[2026-08-20T11:59:52.186+0000] {manager.py:878} INFO - 
================================================================================
DAG File Processing Stats

File Path                                        PID  Runtime      # DAGs    # Errors  Last Runtime    Last Run
---------------------------------------------  -----  ---------  --------  ----------  --------------  -------------------
/opt/airflow/dags/clickstream_pipeline_dag.py   1818  0.01s             1           0  0.10s           2026-08-20T11:59:22
/opt/airflow/dags/hello_airflow.py              1821  0.00s             1           0  0.09s           2026-08-20T11:59:22
================================================================================
[2026-08-20T12:00:22.463+0000] {manager.py:878} INFO - 
================================================================================
DAG File Processing Stats

File Path                                        PID  Runtime      # DAGs    # Errors  Last Runtime    Last Run
---------------------------------------------  -----  ---------  --------  ----------  --------------  -------------------
/opt/airflow/dags/clickstream_pipeline_dag.py   1849  0.01s             1           0  0.10s           2026-08-20T11:59:52
/opt/airflow/dags/hello_airflow.py              1852  0.00s             1           0  0.09s           2026-08-20T11:59:52
================================================================================
[2026-08-20T12:00:52.701+0000] {manager.py:878} INFO - 
================================================================================
DAG File Processing Stats

File Path                                        PID  Runtime      # DAGs    # Errors  Last Runtime    Last Run
---------------------------------------------  -----  ---------  --------  ----------  --------------  -------------------
/opt/airflow/dags/clickstream_pipeline_dag.py   1880  0.02s             1           0  0.09s           2026-08-20T12:00:22
/opt/airflow/dags/hello_airflow.py              1883  0.00s             1           0  0.08s           2026-08-20T12:00:22
================================================================================
[2026-08-20T12:01:23.027+0000] {manager.py:878} INFO - 
================================================================================
DAG File Processing Stats

File Path                                        PID  Runtime      # DAGs    # Errors  Last Runtime    Last Run
---------------------------------------------  -----  ---------  --------  ----------  --------------  -------------------
/opt/airflow/dags/clickstream_pipeline_dag.py   1904  0.02s             1           0  0.10s           2026-08-20T12:00:52
/opt/airflow/dags/hello_airflow.py              1907  0.00s             1           0  0.09s           2026-08-20T12:00:52
================================================================================
[2026-08-20T12:01:53.265+0000] {manager.py:878} INFO - 
================================================================================
DAG File Processing Stats

File Path                                        PID  Runtime      # DAGs    # Errors  Last Runtime    Last Run
---------------------------------------------  -----  ---------  --------  ----------  --------------  -------------------
/opt/airflow/dags/clickstream_pipeline_dag.py   1936  0.02s             1           0  0.10s           2026-08-20T12:01:23
/opt/airflow/dags/hello_airflow.py              1939  0.01s             1           0  0.09s           2026-08-20T12:01:23
================================================================================
[2026-08-20T12:02:14.439+0000] {manager.py:737} INFO - Searching for files in /opt/airflow/dags
[2026-08-20T12:02:14.475+0000] {manager.py:740} INFO - There are 2 files in /opt/airflow/dags
[2026-08-20T12:02:23.568+0000] {manager.py:878} INFO - 
================================================================================
DAG File Processing Stats

File Path                                        PID  Runtime      # DAGs    # Errors  Last Runtime    Last Run
---------------------------------------------  -----  ---------  --------  ----------  --------------  -------------------
/opt/airflow/dags/clickstream_pipeline_dag.py   1967  0.01s             1           0  0.10s           2026-08-20T12:01:53
/opt/airflow/dags/hello_airflow.py              1970  0.00s             1           0  0.10s           2026-08-20T12:01:53
================================================================================
[2026-08-20T12:02:53.913+0000] {manager.py:878} INFO - 
================================================================================
DAG File Processing Stats

File Path                                        PID  Runtime      # DAGs    # Errors  Last Runtime    Last Run
---------------------------------------------  -----  ---------  --------  ----------  --------------  -------------------
/opt/airflow/dags/hello_airflow.py              1994  0.00s             1           0  0.10s           2026-08-20T12:02:23
/opt/airflow/dags/clickstream_pipeline_dag.py   1991  0.01s             1           0  0.10s           2026-08-20T12:02:23
================================================================================
[2026-08-20T12:03:24.221+0000] {manager.py:878} INFO - 
================================================================================
DAG File Processing Stats

File Path                                        PID  Runtime      # DAGs    # Errors  Last Runtime    Last Run
---------------------------------------------  -----  ---------  --------  ----------  --------------  -------------------
/opt/airflow/dags/clickstream_pipeline_dag.py   2022  0.02s             1           0  0.09s           2026-08-20T12:02:53
/opt/airflow/dags/hello_airflow.py              2025  0.00s             1           0  0.09s           2026-08-20T12:02:53
================================================================================
[2026-08-20T12:03:54.453+0000] {manager.py:878} INFO - 
================================================================================
DAG File Processing Stats

File Path                                        PID  Runtime      # DAGs    # Errors  Last Runtime    Last Run
---------------------------------------------  -----  ---------  --------  ----------  --------------  -------------------
/opt/airflow/dags/clickstream_pipeline_dag.py   2053  0.01s             1           0  0.10s           2026-08-20T12:03:24
/opt/airflow/dags/hello_airflow.py              2056  0.00s             1           0  0.09s           2026-08-20T12:03:24
================================================================================
[2026-08-20T12:04:24.732+0000] {manager.py:878} INFO - 
================================================================================
DAG File Processing Stats

File Path                                        PID  Runtime      # DAGs    # Errors  Last Runtime    Last Run
---------------------------------------------  -----  ---------  --------  ----------  --------------  -------------------
/opt/airflow/dags/clickstream_pipeline_dag.py   2077  0.01s             1           0  0.12s           2026-08-20T12:03:54
/opt/airflow/dags/hello_airflow.py              2080  0.00s             1           0  0.10s           2026-08-20T12:03:54
================================================================================
[2026-08-20T12:04:55.038+0000] {manager.py:878} INFO - 
================================================================================
DAG File Processing Stats

File Path                                        PID  Runtime      # DAGs    # Errors  Last Runtime    Last Run
---------------------------------------------  -----  ---------  --------  ----------  --------------  -------------------
/opt/airflow/dags/clickstream_pipeline_dag.py   2109  0.01s             1           0  0.09s           2026-08-20T12:04:24
/opt/airflow/dags/hello_airflow.py              2112  0.00s             1           0  0.09s           2026-08-20T12:04:24
================================================================================
[2026-08-20T12:27:14.503+0000] {manager.py:737} INFO - Searching for files in /opt/airflow/dags
[2026-08-20T12:27:14.525+0000] {manager.py:740} INFO - There are 2 files in /opt/airflow/dags
[2026-08-20T12:27:17.580+0000] {manager.py:878} INFO - 
================================================================================
DAG File Processing Stats

File Path                                      PID    Runtime      # DAGs    # Errors  Last Runtime    Last Run
---------------------------------------------  -----  ---------  --------  ----------  --------------  -------------------
/opt/airflow/dags/clickstream_pipeline_dag.py                           1           0  0.11s           2026-08-20T12:27:14
/opt/airflow/dags/hello_airflow.py                                      1           0  0.10s           2026-08-20T12:27:14
================================================================================
[2026-08-20T12:27:47.900+0000] {manager.py:878} INFO - 
================================================================================
DAG File Processing Stats

File Path                                      PID    Runtime      # DAGs    # Errors  Last Runtime    Last Run
---------------------------------------------  -----  ---------  --------  ----------  --------------  -------------------
/opt/airflow/dags/clickstream_pipeline_dag.py                           1           0  0.09s           2026-08-20T12:27:44
/opt/airflow/dags/hello_airflow.py                                      1           0  0.09s           2026-08-20T12:27:44
================================================================================
[2026-08-20T12:28:18.224+0000] {manager.py:878} INFO - 
================================================================================
DAG File Processing Stats

File Path                                      PID    Runtime      # DAGs    # Errors  Last Runtime    Last Run
---------------------------------------------  -----  ---------  --------  ----------  --------------  -------------------
/opt/airflow/dags/clickstream_pipeline_dag.py                           1           0  0.11s           2026-08-20T12:28:15
/opt/airflow/dags/hello_airflow.py                                      1           0  0.10s           2026-08-20T12:28:15
================================================================================
[2026-08-20T12:28:48.541+0000] {manager.py:878} INFO - 
================================================================================
DAG File Processing Stats

File Path                                      PID    Runtime      # DAGs    # Errors  Last Runtime    Last Run
---------------------------------------------  -----  ---------  --------  ----------  --------------  -------------------
/opt/airflow/dags/hello_airflow.py                                      1           0  0.10s           2026-08-20T12:28:45
/opt/airflow/dags/clickstream_pipeline_dag.py                           1           0  0.10s           2026-08-20T12:28:45
================================================================================
[2026-08-20T12:29:18.801+0000] {manager.py:878} INFO - 
================================================================================
DAG File Processing Stats

File Path                                      PID    Runtime      # DAGs    # Errors  Last Runtime    Last Run
---------------------------------------------  -----  ---------  --------  ----------  --------------  -------------------
/opt/airflow/dags/clickstream_pipeline_dag.py                           1           0  0.10s           2026-08-20T12:29:15
/opt/airflow/dags/hello_airflow.py                                      1           0  0.10s           2026-08-20T12:29:15
================================================================================
[2026-08-20T12:29:49.167+0000] {manager.py:878} INFO - 
================================================================================
DAG File Processing Stats

File Path                                      PID    Runtime      # DAGs    # Errors  Last Runtime    Last Run
---------------------------------------------  -----  ---------  --------  ----------  --------------  -------------------
/opt/airflow/dags/hello_airflow.py                                      1           0  0.14s           2026-08-20T12:29:46
/opt/airflow/dags/clickstream_pipeline_dag.py                           1           0  0.13s           2026-08-20T12:29:46
================================================================================
[2026-08-20T12:30:19.384+0000] {manager.py:878} INFO - 
================================================================================
DAG File Processing Stats

File Path                                      PID    Runtime      # DAGs    # Errors  Last Runtime    Last Run
---------------------------------------------  -----  ---------  --------  ----------  --------------  -------------------
/opt/airflow/dags/clickstream_pipeline_dag.py                           1           0  0.14s           2026-08-20T12:30:16
/opt/airflow/dags/hello_airflow.py                                      1           0  0.13s           2026-08-20T12:30:16
================================================================================
[2026-08-20T12:30:49.676+0000] {manager.py:878} INFO - 
================================================================================
DAG File Processing Stats

File Path                                      PID    Runtime      # DAGs    # Errors  Last Runtime    Last Run
---------------------------------------------  -----  ---------  --------  ----------  --------------  -------------------
/opt/airflow/dags/clickstream_pipeline_dag.py                           1           0  0.15s           2026-08-20T12:30:46
/opt/airflow/dags/hello_airflow.py                                      1           0  0.14s           2026-08-20T12:30:46
================================================================================
[2026-08-20T12:31:19.953+0000] {manager.py:878} INFO - 
================================================================================
DAG File Processing Stats

File Path                                      PID    Runtime      # DAGs    # Errors  Last Runtime    Last Run
---------------------------------------------  -----  ---------  --------  ----------  --------------  -------------------
/opt/airflow/dags/clickstream_pipeline_dag.py                           1           0  0.13s           2026-08-20T12:31:16
/opt/airflow/dags/hello_airflow.py                                      1           0  0.12s           2026-08-20T12:31:17
================================================================================
[2026-08-20T12:31:50.224+0000] {manager.py:878} INFO - 
================================================================================
DAG File Processing Stats

File Path                                      PID    Runtime      # DAGs    # Errors  Last Runtime    Last Run
---------------------------------------------  -----  ---------  --------  ----------  --------------  -------------------
/opt/airflow/dags/clickstream_pipeline_dag.py                           1           0  0.13s           2026-08-20T12:31:47
/opt/airflow/dags/hello_airflow.py                                      1           0  0.11s           2026-08-20T12:31:47
================================================================================
[2026-08-20T12:32:15.401+0000] {manager.py:737} INFO - Searching for files in /opt/airflow/dags
[2026-08-20T12:32:15.426+0000] {manager.py:740} INFO - There are 2 files in /opt/airflow/dags
[2026-08-20T12:32:20.610+0000] {manager.py:878} INFO - 
================================================================================
DAG File Processing Stats

File Path                                      PID    Runtime      # DAGs    # Errors  Last Runtime    Last Run
---------------------------------------------  -----  ---------  --------  ----------  --------------  -------------------
/opt/airflow/dags/clickstream_pipeline_dag.py                           1           0  0.13s           2026-08-20T12:32:17
/opt/airflow/dags/hello_airflow.py                                      1           0  0.12s           2026-08-20T12:32:17
================================================================================
[2026-08-20T12:32:50.974+0000] {manager.py:878} INFO - 
================================================================================
DAG File Processing Stats

File Path                                      PID    Runtime      # DAGs    # Errors  Last Runtime    Last Run
---------------------------------------------  -----  ---------  --------  ----------  --------------  -------------------
/opt/airflow/dags/clickstream_pipeline_dag.py                           1           0  0.13s           2026-08-20T12:32:47
/opt/airflow/dags/hello_airflow.py                                      1           0  0.13s           2026-08-20T12:32:47
================================================================================
[2026-08-20T12:33:21.308+0000] {manager.py:878} INFO - 
================================================================================
DAG File Processing Stats

File Path                                      PID    Runtime      # DAGs    # Errors  Last Runtime    Last Run
---------------------------------------------  -----  ---------  --------  ----------  --------------  -------------------
/opt/airflow/dags/clickstream_pipeline_dag.py                           1           0  0.13s           2026-08-20T12:33:18
/opt/airflow/dags/hello_airflow.py                                      1           0  0.12s           2026-08-20T12:33:18
================================================================================
[2026-08-20T12:33:51.663+0000] {manager.py:878} INFO - 
================================================================================
DAG File Processing Stats

File Path                                      PID    Runtime      # DAGs    # Errors  Last Runtime    Last Run
---------------------------------------------  -----  ---------  --------  ----------  --------------  -------------------
/opt/airflow/dags/clickstream_pipeline_dag.py                           1           0  0.12s           2026-08-20T12:33:48
/opt/airflow/dags/hello_airflow.py                                      1           0  0.12s           2026-08-20T12:33:48
================================================================================
[2026-08-20T12:34:21.945+0000] {manager.py:878} INFO - 
================================================================================
DAG File Processing Stats

File Path                                      PID    Runtime      # DAGs    # Errors  Last Runtime    Last Run
---------------------------------------------  -----  ---------  --------  ----------  --------------  -------------------
/opt/airflow/dags/clickstream_pipeline_dag.py                           1           0  0.13s           2026-08-20T12:34:19
/opt/airflow/dags/hello_airflow.py                                      1           0  0.11s           2026-08-20T12:34:19
================================================================================
[2026-08-20T12:34:52.301+0000] {manager.py:878} INFO - 
================================================================================
DAG File Processing Stats

File Path                                      PID    Runtime      # DAGs    # Errors  Last Runtime    Last Run
---------------------------------------------  -----  ---------  --------  ----------  --------------  -------------------
/opt/airflow/dags/clickstream_pipeline_dag.py                           1           0  0.12s           2026-08-20T12:34:49
/opt/airflow/dags/hello_airflow.py                                      1           0  0.12s           2026-08-20T12:34:49
================================================================================
[2026-08-20T12:35:22.676+0000] {manager.py:878} INFO - 
================================================================================
DAG File Processing Stats

File Path                                      PID    Runtime      # DAGs    # Errors  Last Runtime    Last Run
---------------------------------------------  -----  ---------  --------  ----------  --------------  -------------------
/opt/airflow/dags/clickstream_pipeline_dag.py                           1           0  0.13s           2026-08-20T12:35:19
/opt/airflow/dags/hello_airflow.py                                      1           0  0.13s           2026-08-20T12:35:19
================================================================================
[2026-08-20T12:35:53.027+0000] {manager.py:878} INFO - 
================================================================================
DAG File Processing Stats

File Path                                      PID    Runtime      # DAGs    # Errors  Last Runtime    Last Run
---------------------------------------------  -----  ---------  --------  ----------  --------------  -------------------
/opt/airflow/dags/clickstream_pipeline_dag.py                           1           0  0.12s           2026-08-20T12:35:50
/opt/airflow/dags/hello_airflow.py                                      1           0  0.11s           2026-08-20T12:35:50
================================================================================
[2026-08-20T12:36:23.301+0000] {manager.py:878} INFO - 
================================================================================
DAG File Processing Stats

File Path                                      PID    Runtime      # DAGs    # Errors  Last Runtime    Last Run
---------------------------------------------  -----  ---------  --------  ----------  --------------  -------------------
/opt/airflow/dags/clickstream_pipeline_dag.py                           1           0  0.16s           2026-08-20T12:36:20
/opt/airflow/dags/hello_airflow.py                                      1           0  0.14s           2026-08-20T12:36:20
================================================================================
[2026-08-20T12:36:53.582+0000] {manager.py:878} INFO - 
================================================================================
DAG File Processing Stats

File Path                                      PID    Runtime      # DAGs    # Errors  Last Runtime    Last Run
---------------------------------------------  -----  ---------  --------  ----------  --------------  -------------------
/opt/airflow/dags/clickstream_pipeline_dag.py                           1           0  0.12s           2026-08-20T12:36:50
/opt/airflow/dags/hello_airflow.py                                      1           0  0.11s           2026-08-20T12:36:50
================================================================================
[2026-08-20T12:37:15.730+0000] {manager.py:737} INFO - Searching for files in /opt/airflow/dags
[2026-08-20T12:37:15.757+0000] {manager.py:740} INFO - There are 2 files in /opt/airflow/dags
[2026-08-20T12:37:23.877+0000] {manager.py:878} INFO - 
================================================================================
DAG File Processing Stats

File Path                                      PID    Runtime      # DAGs    # Errors  Last Runtime    Last Run
---------------------------------------------  -----  ---------  --------  ----------  --------------  -------------------
/opt/airflow/dags/clickstream_pipeline_dag.py                           1           0  0.14s           2026-08-20T12:37:20
/opt/airflow/dags/hello_airflow.py                                      1           0  0.13s           2026-08-20T12:37:20
================================================================================
[2026-08-20T12:37:54.161+0000] {manager.py:878} INFO - 
================================================================================
DAG File Processing Stats

File Path                                      PID    Runtime      # DAGs    # Errors  Last Runtime    Last Run
---------------------------------------------  -----  ---------  --------  ----------  --------------  -------------------
/opt/airflow/dags/clickstream_pipeline_dag.py                           1           0  0.13s           2026-08-20T12:37:51
/opt/airflow/dags/hello_airflow.py                                      1           0  0.12s           2026-08-20T12:37:51
================================================================================
[2026-08-20T12:38:24.429+0000] {manager.py:878} INFO - 
================================================================================
DAG File Processing Stats

File Path                                      PID    Runtime      # DAGs    # Errors  Last Runtime    Last Run
---------------------------------------------  -----  ---------  --------  ----------  --------------  -------------------
/opt/airflow/dags/clickstream_pipeline_dag.py                           1           0  0.14s           2026-08-20T12:38:21
/opt/airflow/dags/hello_airflow.py                                      1           0  0.13s           2026-08-20T12:38:21
================================================================================
[2026-08-20T12:38:54.725+0000] {manager.py:878} INFO - 
================================================================================
DAG File Processing Stats

File Path                                      PID    Runtime      # DAGs    # Errors  Last Runtime    Last Run
---------------------------------------------  -----  ---------  --------  ----------  --------------  -------------------
/opt/airflow/dags/clickstream_pipeline_dag.py                           1           0  0.12s           2026-08-20T12:38:51
/opt/airflow/dags/hello_airflow.py                                      1           0  0.11s           2026-08-20T12:38:51
================================================================================
[2026-08-20T12:39:25.074+0000] {manager.py:878} INFO - 
================================================================================
DAG File Processing Stats

File Path                                      PID    Runtime      # DAGs    # Errors  Last Runtime    Last Run
---------------------------------------------  -----  ---------  --------  ----------  --------------  -------------------
/opt/airflow/dags/clickstream_pipeline_dag.py                           1           0  0.12s           2026-08-20T12:39:22
/opt/airflow/dags/hello_airflow.py                                      1           0  0.12s           2026-08-20T12:39:22
================================================================================
[2026-08-20T12:39:55.445+0000] {manager.py:878} INFO - 
================================================================================
DAG File Processing Stats

File Path                                      PID    Runtime      # DAGs    # Errors  Last Runtime    Last Run
---------------------------------------------  -----  ---------  --------  ----------  --------------  -------------------
/opt/airflow/dags/clickstream_pipeline_dag.py                           1           0  0.12s           2026-08-20T12:39:52
/opt/airflow/dags/hello_airflow.py                                      1           0  0.12s           2026-08-20T12:39:52
================================================================================
[2026-08-20T12:40:25.691+0000] {manager.py:878} INFO - 
================================================================================
DAG File Processing Stats

File Path                                      PID    Runtime      # DAGs    # Errors  Last Runtime    Last Run
---------------------------------------------  -----  ---------  --------  ----------  --------------  -------------------
/opt/airflow/dags/clickstream_pipeline_dag.py                           1           0  0.12s           2026-08-20T12:40:22
/opt/airflow/dags/hello_airflow.py                                      1           0  0.12s           2026-08-20T12:40:22
================================================================================
[2026-08-20T12:40:56.054+0000] {manager.py:878} INFO - 
================================================================================
DAG File Processing Stats

File Path                                      PID    Runtime      # DAGs    # Errors  Last Runtime    Last Run
---------------------------------------------  -----  ---------  --------  ----------  --------------  -------------------
/opt/airflow/dags/clickstream_pipeline_dag.py                           1           0  0.13s           2026-08-20T12:40:53
/opt/airflow/dags/hello_airflow.py                                      1           0  0.13s           2026-08-20T12:40:53
================================================================================
[2026-08-20T12:41:26.284+0000] {manager.py:878} INFO - 
================================================================================
DAG File Processing Stats

File Path                                      PID    Runtime      # DAGs    # Errors  Last Runtime    Last Run
---------------------------------------------  -----  ---------  --------  ----------  --------------  -------------------
/opt/airflow/dags/clickstream_pipeline_dag.py                           1           0  0.12s           2026-08-20T12:41:23
/opt/airflow/dags/hello_airflow.py                                      1           0  0.11s           2026-08-20T12:41:23
================================================================================
[2026-08-20T12:41:56.560+0000] {manager.py:878} INFO - 
================================================================================
DAG File Processing Stats

File Path                                      PID    Runtime      # DAGs    # Errors  Last Runtime    Last Run
---------------------------------------------  -----  ---------  --------  ----------  --------------  -------------------
/opt/airflow/dags/clickstream_pipeline_dag.py                           1           0  0.14s           2026-08-20T12:41:53
/opt/airflow/dags/hello_airflow.py                                      1           0  0.13s           2026-08-20T12:41:53
================================================================================
[2026-08-20T12:42:15.755+0000] {manager.py:737} INFO - Searching for files in /opt/airflow/dags
[2026-08-20T12:42:15.783+0000] {manager.py:740} INFO - There are 2 files in /opt/airflow/dags
[2026-08-20T12:42:26.893+0000] {manager.py:878} INFO - 
================================================================================
DAG File Processing Stats

File Path                                      PID    Runtime      # DAGs    # Errors  Last Runtime    Last Run
---------------------------------------------  -----  ---------  --------  ----------  --------------  -------------------
/opt/airflow/dags/clickstream_pipeline_dag.py                           1           0  0.12s           2026-08-20T12:42:23
/opt/airflow/dags/hello_airflow.py                                      1           0  0.12s           2026-08-20T12:42:23
================================================================================
[2026-08-20T12:42:57.136+0000] {manager.py:878} INFO - 
================================================================================
DAG File Processing Stats

File Path                                      PID    Runtime      # DAGs    # Errors  Last Runtime    Last Run
---------------------------------------------  -----  ---------  --------  ----------  --------------  -------------------
/opt/airflow/dags/clickstream_pipeline_dag.py                           1           0  0.14s           2026-08-20T12:42:54
/opt/airflow/dags/hello_airflow.py                                      1           0  0.12s           2026-08-20T12:42:54
================================================================================
[2026-08-20T12:43:27.499+0000] {manager.py:878} INFO - 
================================================================================
DAG File Processing Stats

File Path                                      PID    Runtime      # DAGs    # Errors  Last Runtime    Last Run
---------------------------------------------  -----  ---------  --------  ----------  --------------  -------------------
/opt/airflow/dags/clickstream_pipeline_dag.py                           1           0  0.13s           2026-08-20T12:43:24
/opt/airflow/dags/hello_airflow.py                                      1           0  0.12s           2026-08-20T12:43:24
================================================================================
[2026-08-20T12:43:57.843+0000] {manager.py:878} INFO - 
================================================================================
DAG File Processing Stats

File Path                                      PID    Runtime      # DAGs    # Errors  Last Runtime    Last Run
---------------------------------------------  -----  ---------  --------  ----------  --------------  -------------------
/opt/airflow/dags/clickstream_pipeline_dag.py                           1           0  0.13s           2026-08-20T12:43:54
/opt/airflow/dags/hello_airflow.py                                      1           0  0.12s           2026-08-20T12:43:54
================================================================================
[2026-08-20T12:44:28.108+0000] {manager.py:878} INFO - 
================================================================================
DAG File Processing Stats

File Path                                      PID    Runtime      # DAGs    # Errors  Last Runtime    Last Run
---------------------------------------------  -----  ---------  --------  ----------  --------------  -------------------
/opt/airflow/dags/clickstream_pipeline_dag.py                           1           0  0.12s           2026-08-20T12:44:25
/opt/airflow/dags/hello_airflow.py                                      1           0  0.11s           2026-08-20T12:44:25
================================================================================
[2026-08-20T12:44:58.377+0000] {manager.py:878} INFO - 
================================================================================
DAG File Processing Stats

File Path                                      PID    Runtime      # DAGs    # Errors  Last Runtime    Last Run
---------------------------------------------  -----  ---------  --------  ----------  --------------  -------------------
/opt/airflow/dags/clickstream_pipeline_dag.py                           1           0  0.12s           2026-08-20T12:44:55
/opt/airflow/dags/hello_airflow.py                                      1           0  0.11s           2026-08-20T12:44:55
================================================================================
[2026-08-20T12:45:28.714+0000] {manager.py:878} INFO - 
================================================================================
DAG File Processing Stats

File Path                                      PID    Runtime      # DAGs    # Errors  Last Runtime    Last Run
---------------------------------------------  -----  ---------  --------  ----------  --------------  -------------------
/opt/airflow/dags/clickstream_pipeline_dag.py                           1           0  0.12s           2026-08-20T12:45:25
/opt/airflow/dags/hello_airflow.py                                      1           0  0.11s           2026-08-20T12:45:25
================================================================================
[2026-08-20T12:45:58.953+0000] {manager.py:878} INFO - 
================================================================================
DAG File Processing Stats

File Path                                      PID    Runtime      # DAGs    # Errors  Last Runtime    Last Run
---------------------------------------------  -----  ---------  --------  ----------  --------------  -------------------
/opt/airflow/dags/clickstream_pipeline_dag.py                           1           0  0.13s           2026-08-20T12:45:56
/opt/airflow/dags/hello_airflow.py                                      1           0  0.12s           2026-08-20T12:45:56
================================================================================
[2026-08-20T12:46:29.315+0000] {manager.py:878} INFO - 
================================================================================
DAG File Processing Stats

File Path                                      PID    Runtime      # DAGs    # Errors  Last Runtime    Last Run
---------------------------------------------  -----  ---------  --------  ----------  --------------  -------------------
/opt/airflow/dags/clickstream_pipeline_dag.py                           1           0  0.13s           2026-08-20T12:46:26
/opt/airflow/dags/hello_airflow.py                                      1           0  0.12s           2026-08-20T12:46:26
================================================================================
[2026-08-20T12:46:59.660+0000] {manager.py:878} INFO - 
================================================================================
DAG File Processing Stats

File Path                                      PID    Runtime      # DAGs    # Errors  Last Runtime    Last Run
---------------------------------------------  -----  ---------  --------  ----------  --------------  -------------------
/opt/airflow/dags/clickstream_pipeline_dag.py                           1           0  0.12s           2026-08-20T12:46:56
/opt/airflow/dags/hello_airflow.py                                      1           0  0.11s           2026-08-20T12:46:56
================================================================================
[2026-08-20T12:47:15.782+0000] {manager.py:737} INFO - Searching for files in /opt/airflow/dags
[2026-08-20T12:47:15.806+0000] {manager.py:740} INFO - There are 2 files in /opt/airflow/dags
[2026-08-20T12:47:29.940+0000] {manager.py:878} INFO - 
================================================================================
DAG File Processing Stats

File Path                                      PID    Runtime      # DAGs    # Errors  Last Runtime    Last Run
---------------------------------------------  -----  ---------  --------  ----------  --------------  -------------------
/opt/airflow/dags/clickstream_pipeline_dag.py                           1           0  0.15s           2026-08-20T12:47:27
/opt/airflow/dags/hello_airflow.py                                      1           0  0.14s           2026-08-20T12:47:27
================================================================================
[2026-08-20T12:48:00.272+0000] {manager.py:878} INFO - 
================================================================================
DAG File Processing Stats

File Path                                      PID    Runtime      # DAGs    # Errors  Last Runtime    Last Run
---------------------------------------------  -----  ---------  --------  ----------  --------------  -------------------
/opt/airflow/dags/hello_airflow.py                                      1           0  0.14s           2026-08-20T12:47:57
/opt/airflow/dags/clickstream_pipeline_dag.py                           1           0  0.13s           2026-08-20T12:47:57
================================================================================
[2026-08-20T12:48:30.591+0000] {manager.py:878} INFO - 
================================================================================
DAG File Processing Stats

File Path                                      PID    Runtime      # DAGs    # Errors  Last Runtime    Last Run
---------------------------------------------  -----  ---------  --------  ----------  --------------  -------------------
/opt/airflow/dags/clickstream_pipeline_dag.py                           1           0  0.12s           2026-08-20T12:48:27
/opt/airflow/dags/hello_airflow.py                                      1           0  0.11s           2026-08-20T12:48:27
================================================================================
[2026-08-20T12:49:00.942+0000] {manager.py:878} INFO - 
================================================================================
DAG File Processing Stats

File Path                                      PID    Runtime      # DAGs    # Errors  Last Runtime    Last Run
---------------------------------------------  -----  ---------  --------  ----------  --------------  -------------------
/opt/airflow/dags/clickstream_pipeline_dag.py                           1           0  0.12s           2026-08-20T12:48:57
/opt/airflow/dags/hello_airflow.py                                      1           0  0.12s           2026-08-20T12:48:57
================================================================================
[2026-08-20T12:49:31.299+0000] {manager.py:878} INFO - 
================================================================================
DAG File Processing Stats

File Path                                      PID    Runtime      # DAGs    # Errors  Last Runtime    Last Run
---------------------------------------------  -----  ---------  --------  ----------  --------------  -------------------
/opt/airflow/dags/clickstream_pipeline_dag.py                           1           0  0.13s           2026-08-20T12:49:28
/opt/airflow/dags/hello_airflow.py                                      1           0  0.13s           2026-08-20T12:49:28
================================================================================
[2026-08-20T12:50:01.634+0000] {manager.py:878} INFO - 
================================================================================
DAG File Processing Stats

File Path                                      PID    Runtime      # DAGs    # Errors  Last Runtime    Last Run
---------------------------------------------  -----  ---------  --------  ----------  --------------  -------------------
/opt/airflow/dags/clickstream_pipeline_dag.py                           1           0  0.12s           2026-08-20T12:49:58
/opt/airflow/dags/hello_airflow.py                                      1           0  0.12s           2026-08-20T12:49:58
================================================================================
[2026-08-20T12:50:31.891+0000] {manager.py:878} INFO - 
================================================================================
DAG File Processing Stats

File Path                                      PID    Runtime      # DAGs    # Errors  Last Runtime    Last Run
---------------------------------------------  -----  ---------  --------  ----------  --------------  -------------------
/opt/airflow/dags/clickstream_pipeline_dag.py                           1           0  0.14s           2026-08-20T12:50:28
/opt/airflow/dags/hello_airflow.py                                      1           0  0.12s           2026-08-20T12:50:28
================================================================================
[2026-08-20T12:51:02.257+0000] {manager.py:878} INFO - 
================================================================================
DAG File Processing Stats

File Path                                      PID    Runtime      # DAGs    # Errors  Last Runtime    Last Run
---------------------------------------------  -----  ---------  --------  ----------  --------------  -------------------
/opt/airflow/dags/clickstream_pipeline_dag.py                           1           0  0.13s           2026-08-20T12:50:59
/opt/airflow/dags/hello_airflow.py                                      1           0  0.12s           2026-08-20T12:50:59
================================================================================
[2026-08-20T12:51:32.608+0000] {manager.py:878} INFO - 
================================================================================
DAG File Processing Stats

File Path                                      PID    Runtime      # DAGs    # Errors  Last Runtime    Last Run
---------------------------------------------  -----  ---------  --------  ----------  --------------  -------------------
/opt/airflow/dags/clickstream_pipeline_dag.py                           1           0  0.13s           2026-08-20T12:51:29
/opt/airflow/dags/hello_airflow.py                                      1           0  0.13s           2026-08-20T12:51:29
================================================================================
[2026-08-20T12:52:02.957+0000] {manager.py:878} INFO - 
================================================================================
DAG File Processing Stats

File Path                                      PID    Runtime      # DAGs    # Errors  Last Runtime    Last Run
---------------------------------------------  -----  ---------  --------  ----------  --------------  -------------------
/opt/airflow/dags/clickstream_pipeline_dag.py                           1           0  0.11s           2026-08-20T12:51:59
/opt/airflow/dags/hello_airflow.py                                      1           0  0.10s           2026-08-20T12:51:59
================================================================================
[2026-08-20T12:52:16.041+0000] {manager.py:737} INFO - Searching for files in /opt/airflow/dags
[2026-08-20T12:52:16.085+0000] {manager.py:740} INFO - There are 2 files in /opt/airflow/dags
[2026-08-20T12:52:33.258+0000] {manager.py:878} INFO - 
================================================================================
DAG File Processing Stats

File Path                                      PID    Runtime      # DAGs    # Errors  Last Runtime    Last Run
---------------------------------------------  -----  ---------  --------  ----------  --------------  -------------------
/opt/airflow/dags/clickstream_pipeline_dag.py                           1           0  0.17s           2026-08-20T12:52:30
/opt/airflow/dags/hello_airflow.py                                      1           0  0.15s           2026-08-20T12:52:30
================================================================================
[2026-08-20T12:53:03.555+0000] {manager.py:878} INFO - 
================================================================================
DAG File Processing Stats

File Path                                      PID    Runtime      # DAGs    # Errors  Last Runtime    Last Run
---------------------------------------------  -----  ---------  --------  ----------  --------------  -------------------
/opt/airflow/dags/clickstream_pipeline_dag.py                           1           0  0.16s           2026-08-20T12:53:00
/opt/airflow/dags/hello_airflow.py                                      1           0  0.14s           2026-08-20T12:53:00
================================================================================
[2026-08-20T12:53:03.667+0000] {manager.py:452} INFO - Exiting gracefully upon receiving signal 15
[2026-08-20T13:07:37.991+0000] {manager.py:470} INFO - Processing files using up to 2 processes at a time 
[2026-08-20T13:07:37.992+0000] {manager.py:471} INFO - Process each file at most once every 30 seconds
[2026-08-20T13:07:37.995+0000] {manager.py:472} INFO - Checking for new files in /opt/airflow/dags every 300 seconds
[2026-08-20T13:07:37.996+0000] {manager.py:737} INFO - Searching for files in /opt/airflow/dags
[2026-08-20T13:07:38.102+0000] {manager.py:740} INFO - There are 2 files in /opt/airflow/dags
[2026-08-20T13:07:53.747+0000] {manager.py:878} INFO - 
================================================================================
DAG File Processing Stats

File Path                                      PID    Runtime      # DAGs    # Errors  Last Runtime    Last Run
---------------------------------------------  -----  ---------  --------  ----------  --------------  -------------------
/opt/airflow/dags/clickstream_pipeline_dag.py                           1           0  0.61s           2026-08-20T13:07:38
/opt/airflow/dags/hello_airflow.py                                      1           0  0.34s           2026-08-20T13:07:38
================================================================================
[2026-08-20T13:08:23.327+0000] {manager.py:452} INFO - Exiting gracefully upon receiving signal 15
[2026-08-20T13:09:10.041+0000] {manager.py:470} INFO - Processing files using up to 2 processes at a time 
[2026-08-20T13:09:10.043+0000] {manager.py:471} INFO - Process each file at most once every 30 seconds
[2026-08-20T13:09:10.045+0000] {manager.py:472} INFO - Checking for new files in /opt/airflow/dags every 300 seconds
[2026-08-20T13:09:10.047+0000] {manager.py:737} INFO - Searching for files in /opt/airflow/dags
[2026-08-20T13:09:10.091+0000] {manager.py:740} INFO - There are 2 files in /opt/airflow/dags
[2026-08-20T13:09:10.358+0000] {manager.py:878} INFO - 
================================================================================
DAG File Processing Stats

File Path                                        PID  Runtime      # DAGs    # Errors  Last Runtime    Last Run
---------------------------------------------  -----  ---------  --------  ----------  --------------  ----------
/opt/airflow/dags/clickstream_pipeline_dag.py    172  0.15s             0           0
/opt/airflow/dags/hello_airflow.py               175  0.09s             0           0
================================================================================
[2026-08-20T13:09:40.601+0000] {manager.py:878} INFO - 
================================================================================
DAG File Processing Stats

File Path                                        PID  Runtime      # DAGs    # Errors  Last Runtime    Last Run
---------------------------------------------  -----  ---------  --------  ----------  --------------  -------------------
/opt/airflow/dags/clickstream_pipeline_dag.py    196  0.01s             1           0  0.32s           2026-08-20T13:09:10
/opt/airflow/dags/hello_airflow.py               199  0.00s             1           0  0.26s           2026-08-20T13:09:10
================================================================================
[2026-08-20T13:10:10.936+0000] {manager.py:878} INFO - 
================================================================================
DAG File Processing Stats

File Path                                        PID  Runtime      # DAGs    # Errors  Last Runtime    Last Run
---------------------------------------------  -----  ---------  --------  ----------  --------------  -------------------
/opt/airflow/dags/clickstream_pipeline_dag.py    227  0.02s             1           0  0.31s           2026-08-20T13:09:40
/opt/airflow/dags/hello_airflow.py               230  0.01s             1           0  0.30s           2026-08-20T13:09:40
================================================================================
[2026-08-20T13:10:41.262+0000] {manager.py:878} INFO - 
================================================================================
DAG File Processing Stats

File Path                                        PID  Runtime      # DAGs    # Errors  Last Runtime    Last Run
---------------------------------------------  -----  ---------  --------  ----------  --------------  -------------------
/opt/airflow/dags/clickstream_pipeline_dag.py    258  0.01s             1           0  0.16s           2026-08-20T13:10:11
/opt/airflow/dags/hello_airflow.py               261  0.00s             1           0  0.15s           2026-08-20T13:10:11
================================================================================
[2026-08-20T13:11:11.593+0000] {manager.py:878} INFO - 
================================================================================
DAG File Processing Stats

File Path                                        PID  Runtime      # DAGs    # Errors  Last Runtime    Last Run
---------------------------------------------  -----  ---------  --------  ----------  --------------  -------------------
/opt/airflow/dags/clickstream_pipeline_dag.py    283  0.02s             1           0  0.12s           2026-08-20T13:10:41
/opt/airflow/dags/hello_airflow.py               286  0.01s             1           0  0.12s           2026-08-20T13:10:41
================================================================================
[2026-08-20T13:11:41.928+0000] {manager.py:878} INFO - 
================================================================================
DAG File Processing Stats

File Path                                        PID  Runtime      # DAGs    # Errors  Last Runtime    Last Run
---------------------------------------------  -----  ---------  --------  ----------  --------------  -------------------
/opt/airflow/dags/clickstream_pipeline_dag.py    314  0.03s             1           0  0.12s           2026-08-20T13:11:11
/opt/airflow/dags/hello_airflow.py               317  0.01s             1           0  0.11s           2026-08-20T13:11:11
================================================================================
[2026-08-20T13:12:12.196+0000] {manager.py:878} INFO - 
================================================================================
DAG File Processing Stats

File Path                                        PID  Runtime      # DAGs    # Errors  Last Runtime    Last Run
---------------------------------------------  -----  ---------  --------  ----------  --------------  -------------------
/opt/airflow/dags/clickstream_pipeline_dag.py    467  0.03s             1           0  0.16s           2026-08-20T13:11:42
/opt/airflow/dags/hello_airflow.py               470  0.01s             1           0  0.14s           2026-08-20T13:11:42
================================================================================
[2026-08-20T13:12:42.659+0000] {manager.py:878} INFO - 
================================================================================
DAG File Processing Stats

File Path                                        PID  Runtime      # DAGs    # Errors  Last Runtime    Last Run
---------------------------------------------  -----  ---------  --------  ----------  --------------  -------------------
/opt/airflow/dags/clickstream_pipeline_dag.py    799  0.06s             1           0  0.18s           2026-08-20T13:12:12
/opt/airflow/dags/hello_airflow.py               802  0.02s             1           0  0.17s           2026-08-20T13:12:12
================================================================================
[2026-08-20T13:13:13.273+0000] {manager.py:878} INFO - 
================================================================================
DAG File Processing Stats

File Path                                        PID  Runtime      # DAGs    # Errors  Last Runtime    Last Run
---------------------------------------------  -----  ---------  --------  ----------  --------------  -------------------
/opt/airflow/dags/hello_airflow.py               890  0.01s             1           0  0.39s           2026-08-20T13:12:43
/opt/airflow/dags/clickstream_pipeline_dag.py    887  0.02s             1           0  0.37s           2026-08-20T13:12:42
================================================================================
[2026-08-20T13:13:43.551+0000] {manager.py:878} INFO - 
================================================================================
DAG File Processing Stats

File Path                                        PID  Runtime      # DAGs    # Errors  Last Runtime    Last Run
---------------------------------------------  -----  ---------  --------  ----------  --------------  -------------------
/opt/airflow/dags/clickstream_pipeline_dag.py   1231  0.03s             1           0  0.16s           2026-08-20T13:13:13
/opt/airflow/dags/hello_airflow.py              1234  0.01s             1           0  0.14s           2026-08-20T13:13:13
================================================================================
[2026-08-20T13:14:10.959+0000] {manager.py:737} INFO - Searching for files in /opt/airflow/dags
[2026-08-20T13:14:10.985+0000] {manager.py:740} INFO - There are 2 files in /opt/airflow/dags
[2026-08-20T13:14:14.048+0000] {manager.py:878} INFO - 
================================================================================
DAG File Processing Stats

File Path                                        PID  Runtime      # DAGs    # Errors  Last Runtime    Last Run
---------------------------------------------  -----  ---------  --------  ----------  --------------  -------------------
/opt/airflow/dags/clickstream_pipeline_dag.py   1372  0.02s             1           0  0.26s           2026-08-20T13:13:43
/opt/airflow/dags/hello_airflow.py              1375  0.01s             1           0  0.23s           2026-08-20T13:13:43
================================================================================
[2026-08-20T13:14:44.420+0000] {manager.py:878} INFO - 
================================================================================
DAG File Processing Stats

File Path                                        PID  Runtime      # DAGs    # Errors  Last Runtime    Last Run
---------------------------------------------  -----  ---------  --------  ----------  --------------  -------------------
/opt/airflow/dags/clickstream_pipeline_dag.py   1404  0.02s             1           0  0.13s           2026-08-20T13:14:14
/opt/airflow/dags/hello_airflow.py              1407  0.01s             1           0  0.12s           2026-08-20T13:14:14
================================================================================
[2026-08-20T13:15:14.643+0000] {manager.py:878} INFO - 
================================================================================
DAG File Processing Stats

File Path                                        PID  Runtime      # DAGs    # Errors  Last Runtime    Last Run
---------------------------------------------  -----  ---------  --------  ----------  --------------  -------------------
/opt/airflow/dags/clickstream_pipeline_dag.py   1428  0.02s             1           0  0.14s           2026-08-20T13:14:44
/opt/airflow/dags/hello_airflow.py              1431  0.01s             1           0  0.13s           2026-08-20T13:14:44
================================================================================
[2026-08-20T13:15:44.947+0000] {manager.py:878} INFO - 
================================================================================
DAG File Processing Stats

File Path                                        PID  Runtime      # DAGs    # Errors  Last Runtime    Last Run
---------------------------------------------  -----  ---------  --------  ----------  --------------  -------------------
/opt/airflow/dags/clickstream_pipeline_dag.py   1459  0.02s             1           0  0.14s           2026-08-20T13:15:14
/opt/airflow/dags/hello_airflow.py              1462  0.01s             1           0  0.13s           2026-08-20T13:15:14
================================================================================
[2026-08-20T13:16:15.187+0000] {manager.py:878} INFO - 
================================================================================
DAG File Processing Stats

File Path                                        PID  Runtime      # DAGs    # Errors  Last Runtime    Last Run
---------------------------------------------  -----  ---------  --------  ----------  --------------  -------------------
/opt/airflow/dags/clickstream_pipeline_dag.py   1490  0.02s             1           0  0.15s           2026-08-20T13:15:45
/opt/airflow/dags/hello_airflow.py              1493  0.00s             1           0  0.14s           2026-08-20T13:15:45
================================================================================
[2026-08-20T13:16:45.537+0000] {manager.py:878} INFO - 
================================================================================
DAG File Processing Stats

File Path                                        PID  Runtime      # DAGs    # Errors  Last Runtime    Last Run
---------------------------------------------  -----  ---------  --------  ----------  --------------  -------------------
/opt/airflow/dags/hello_airflow.py              1517  0.00s             1           0  0.14s           2026-08-20T13:16:15
/opt/airflow/dags/clickstream_pipeline_dag.py   1514  0.02s             1           0  0.13s           2026-08-20T13:16:15
================================================================================
[2026-08-20T13:17:15.781+0000] {manager.py:878} INFO - 
================================================================================
DAG File Processing Stats

File Path                                        PID  Runtime      # DAGs    # Errors  Last Runtime    Last Run
---------------------------------------------  -----  ---------  --------  ----------  --------------  -------------------
/opt/airflow/dags/clickstream_pipeline_dag.py   1545  0.02s             1           0  0.13s           2026-08-20T13:16:45
/opt/airflow/dags/hello_airflow.py              1548  0.01s             1           0  0.12s           2026-08-20T13:16:45
================================================================================
[2026-08-20T13:17:46.067+0000] {manager.py:878} INFO - 
================================================================================
DAG File Processing Stats

File Path                                        PID  Runtime      # DAGs    # Errors  Last Runtime    Last Run
---------------------------------------------  -----  ---------  --------  ----------  --------------  -------------------
/opt/airflow/dags/clickstream_pipeline_dag.py   1570  0.02s             1           0  0.14s           2026-08-20T13:17:15
/opt/airflow/dags/hello_airflow.py              1573  0.00s             1           0  0.12s           2026-08-20T13:17:15
================================================================================
[2026-08-20T13:18:16.286+0000] {manager.py:878} INFO - 
================================================================================
DAG File Processing Stats

File Path                                        PID  Runtime      # DAGs    # Errors  Last Runtime    Last Run
---------------------------------------------  -----  ---------  --------  ----------  --------------  -------------------
/opt/airflow/dags/clickstream_pipeline_dag.py   1601  0.02s             1           0  0.13s           2026-08-20T13:17:46
/opt/airflow/dags/hello_airflow.py              1604  0.00s             1           0  0.11s           2026-08-20T13:17:46
================================================================================
[2026-08-20T13:18:46.594+0000] {manager.py:878} INFO - 
================================================================================
DAG File Processing Stats

File Path                                        PID  Runtime      # DAGs    # Errors  Last Runtime    Last Run
---------------------------------------------  -----  ---------  --------  ----------  --------------  -------------------
/opt/airflow/dags/hello_airflow.py              1628  0.00s             1           0  0.11s           2026-08-20T13:18:16
/opt/airflow/dags/clickstream_pipeline_dag.py   1625  0.02s             1           0  0.11s           2026-08-20T13:18:16
================================================================================
[2026-08-20T13:19:11.764+0000] {manager.py:737} INFO - Searching for files in /opt/airflow/dags
[2026-08-20T13:19:11.794+0000] {manager.py:740} INFO - There are 2 files in /opt/airflow/dags
[2026-08-20T13:19:16.864+0000] {manager.py:878} INFO - 
================================================================================
DAG File Processing Stats

File Path                                        PID  Runtime      # DAGs    # Errors  Last Runtime    Last Run
---------------------------------------------  -----  ---------  --------  ----------  --------------  -------------------
/opt/airflow/dags/clickstream_pipeline_dag.py   1656  0.02s             1           0  0.14s           2026-08-20T13:18:46
/opt/airflow/dags/hello_airflow.py              1659  0.00s             1           0  0.14s           2026-08-20T13:18:46
================================================================================
[2026-08-20T13:19:47.106+0000] {manager.py:878} INFO - 
================================================================================
DAG File Processing Stats

File Path                                        PID  Runtime      # DAGs    # Errors  Last Runtime    Last Run
---------------------------------------------  -----  ---------  --------  ----------  --------------  -------------------
/opt/airflow/dags/clickstream_pipeline_dag.py   1687  0.02s             1           0  0.12s           2026-08-20T13:19:16
/opt/airflow/dags/hello_airflow.py              1690  0.01s             1           0  0.11s           2026-08-20T13:19:16
================================================================================
[2026-08-20T13:20:17.389+0000] {manager.py:878} INFO - 
================================================================================
DAG File Processing Stats

File Path                                        PID  Runtime      # DAGs    # Errors  Last Runtime    Last Run
---------------------------------------------  -----  ---------  --------  ----------  --------------  -------------------
/opt/airflow/dags/clickstream_pipeline_dag.py   1711  0.02s             1           0  0.14s           2026-08-20T13:19:47
/opt/airflow/dags/hello_airflow.py              1714  0.01s             1           0  0.13s           2026-08-20T13:19:47
================================================================================
[2026-08-20T13:20:47.649+0000] {manager.py:878} INFO - 
================================================================================
DAG File Processing Stats

File Path                                        PID  Runtime      # DAGs    # Errors  Last Runtime    Last Run
---------------------------------------------  -----  ---------  --------  ----------  --------------  -------------------
/opt/airflow/dags/clickstream_pipeline_dag.py   1742  0.02s             1           0  0.13s           2026-08-20T13:20:17
/opt/airflow/dags/hello_airflow.py              1745  0.01s             1           0  0.11s           2026-08-20T13:20:17
================================================================================
[2026-08-20T13:21:17.921+0000] {manager.py:878} INFO - 
================================================================================
DAG File Processing Stats

File Path                                        PID  Runtime      # DAGs    # Errors  Last Runtime    Last Run
---------------------------------------------  -----  ---------  --------  ----------  --------------  -------------------
/opt/airflow/dags/clickstream_pipeline_dag.py   1766  0.02s             1           0  0.12s           2026-08-20T13:20:47
/opt/airflow/dags/hello_airflow.py              1769  0.01s             1           0  0.12s           2026-08-20T13:20:47
================================================================================
[2026-08-20T13:21:48.179+0000] {manager.py:878} INFO - 
================================================================================
DAG File Processing Stats

File Path                                        PID  Runtime      # DAGs    # Errors  Last Runtime    Last Run
---------------------------------------------  -----  ---------  --------  ----------  --------------  -------------------
/opt/airflow/dags/clickstream_pipeline_dag.py   1797  0.02s             1           0  0.13s           2026-08-20T13:21:18
/opt/airflow/dags/hello_airflow.py              1800  0.01s             1           0  0.12s           2026-08-20T13:21:18
================================================================================
[2026-08-20T13:22:18.453+0000] {manager.py:878} INFO - 
================================================================================
DAG File Processing Stats

File Path                                        PID  Runtime      # DAGs    # Errors  Last Runtime    Last Run
---------------------------------------------  -----  ---------  --------  ----------  --------------  -------------------
/opt/airflow/dags/clickstream_pipeline_dag.py   1828  0.02s             1           0  0.13s           2026-08-20T13:21:48
/opt/airflow/dags/hello_airflow.py              1831  0.01s             1           0  0.12s           2026-08-20T13:21:48
================================================================================
[2026-08-20T13:22:48.683+0000] {manager.py:878} INFO - 
================================================================================
DAG File Processing Stats

File Path                                        PID  Runtime      # DAGs    # Errors  Last Runtime    Last Run
---------------------------------------------  -----  ---------  --------  ----------  --------------  -------------------
/opt/airflow/dags/clickstream_pipeline_dag.py   1853  0.02s             1           0  0.15s           2026-08-20T13:22:18
/opt/airflow/dags/hello_airflow.py              1856  0.01s             1           0  0.14s           2026-08-20T13:22:18
================================================================================
[2026-08-20T13:23:19.011+0000] {manager.py:878} INFO - 
================================================================================
DAG File Processing Stats

File Path                                        PID  Runtime      # DAGs    # Errors  Last Runtime    Last Run
---------------------------------------------  -----  ---------  --------  ----------  --------------  -------------------
/opt/airflow/dags/clickstream_pipeline_dag.py   1884  0.03s             1           0  0.12s           2026-08-20T13:22:48
/opt/airflow/dags/hello_airflow.py              1887  0.01s             1           0  0.11s           2026-08-20T13:22:48
================================================================================
[2026-08-20T13:23:49.410+0000] {manager.py:878} INFO - 
================================================================================
DAG File Processing Stats

File Path                                        PID  Runtime      # DAGs    # Errors  Last Runtime    Last Run
---------------------------------------------  -----  ---------  --------  ----------  --------------  -------------------
/opt/airflow/dags/clickstream_pipeline_dag.py   2320  0.02s             1           0  0.30s           2026-08-20T13:23:19
/opt/airflow/dags/hello_airflow.py              2323  0.01s             1           0  0.16s           2026-08-20T13:23:19
================================================================================
[2026-08-20T13:24:11.841+0000] {manager.py:737} INFO - Searching for files in /opt/airflow/dags
[2026-08-20T13:24:11.904+0000] {manager.py:740} INFO - There are 2 files in /opt/airflow/dags
[2026-08-20T13:24:20.014+0000] {manager.py:878} INFO - 
================================================================================
DAG File Processing Stats

File Path                                        PID  Runtime      # DAGs    # Errors  Last Runtime    Last Run
---------------------------------------------  -----  ---------  --------  ----------  --------------  -------------------
/opt/airflow/dags/clickstream_pipeline_dag.py   2431  0.02s             1           0  0.34s           2026-08-20T13:23:49
/opt/airflow/dags/hello_airflow.py              2434  0.01s             1           0  0.26s           2026-08-20T13:23:49
================================================================================
[2026-08-20T13:24:50.488+0000] {manager.py:878} INFO - 
================================================================================
DAG File Processing Stats

File Path                                        PID  Runtime      # DAGs    # Errors  Last Runtime    Last Run
---------------------------------------------  -----  ---------  --------  ----------  --------------  -------------------
/opt/airflow/dags/clickstream_pipeline_dag.py   2694  0.03s             1           0  0.25s           2026-08-20T13:24:20
/opt/airflow/dags/hello_airflow.py              2697  0.01s             1           0  0.20s           2026-08-20T13:24:20
================================================================================
[2026-08-20T13:25:20.980+0000] {manager.py:878} INFO - 
================================================================================
DAG File Processing Stats

File Path                                        PID  Runtime      # DAGs    # Errors  Last Runtime    Last Run
---------------------------------------------  -----  ---------  --------  ----------  --------------  -------------------
/opt/airflow/dags/clickstream_pipeline_dag.py   2904  0.02s             1           0  0.29s           2026-08-20T13:24:50
/opt/airflow/dags/hello_airflow.py              2907  0.00s             1           0  0.24s           2026-08-20T13:24:50
================================================================================
[2026-08-20T13:25:51.327+0000] {manager.py:878} INFO - 
================================================================================
DAG File Processing Stats

File Path                                        PID  Runtime      # DAGs    # Errors  Last Runtime    Last Run
---------------------------------------------  -----  ---------  --------  ----------  --------------  -------------------
/opt/airflow/dags/clickstream_pipeline_dag.py   2928  0.02s             1           0  0.15s           2026-08-20T13:25:21
/opt/airflow/dags/hello_airflow.py              2931  0.01s             1           0  0.12s           2026-08-20T13:25:21
================================================================================
[2026-08-20T13:26:21.661+0000] {manager.py:878} INFO - 
================================================================================
DAG File Processing Stats

File Path                                        PID  Runtime      # DAGs    # Errors  Last Runtime    Last Run
---------------------------------------------  -----  ---------  --------  ----------  --------------  -------------------
/opt/airflow/dags/clickstream_pipeline_dag.py   2959  0.02s             1           0  0.16s           2026-08-20T13:25:51
/opt/airflow/dags/hello_airflow.py              2962  0.00s             1           0  0.12s           2026-08-20T13:25:51
================================================================================
[2026-08-20T13:26:52.049+0000] {manager.py:878} INFO - 
================================================================================
DAG File Processing Stats

File Path                                        PID  Runtime      # DAGs    # Errors  Last Runtime    Last Run
---------------------------------------------  -----  ---------  --------  ----------  --------------  -------------------
/opt/airflow/dags/clickstream_pipeline_dag.py   2990  0.03s             1           0  0.17s           2026-08-20T13:26:21
/opt/airflow/dags/hello_airflow.py              2993  0.01s             1           0  0.15s           2026-08-20T13:26:21
================================================================================
[2026-08-20T13:27:22.418+0000] {manager.py:878} INFO - 
================================================================================
DAG File Processing Stats

File Path                                        PID  Runtime      # DAGs    # Errors  Last Runtime    Last Run
---------------------------------------------  -----  ---------  --------  ----------  --------------  -------------------
/opt/airflow/dags/clickstream_pipeline_dag.py   3014  0.02s             1           0  0.18s           2026-08-20T13:26:52
/opt/airflow/dags/hello_airflow.py              3017  0.00s             1           0  0.15s           2026-08-20T13:26:52
================================================================================
[2026-08-20T13:27:52.764+0000] {manager.py:878} INFO - 
================================================================================
DAG File Processing Stats

File Path                                        PID  Runtime      # DAGs    # Errors  Last Runtime    Last Run
---------------------------------------------  -----  ---------  --------  ----------  --------------  -------------------
/opt/airflow/dags/clickstream_pipeline_dag.py   3045  0.02s             1           0  0.16s           2026-08-20T13:27:22
/opt/airflow/dags/hello_airflow.py              3048  0.01s             1           0  0.12s           2026-08-20T13:27:22
================================================================================
[2026-08-20T13:28:23.124+0000] {manager.py:878} INFO - 
================================================================================
DAG File Processing Stats

File Path                                        PID  Runtime      # DAGs    # Errors  Last Runtime    Last Run
---------------------------------------------  -----  ---------  --------  ----------  --------------  -------------------
/opt/airflow/dags/clickstream_pipeline_dag.py   3070  0.02s             1           0  0.17s           2026-08-20T13:27:52
/opt/airflow/dags/hello_airflow.py              3073  0.01s             1           0  0.14s           2026-08-20T13:27:52
================================================================================
[2026-08-20T13:28:53.469+0000] {manager.py:878} INFO - 
================================================================================
DAG File Processing Stats

File Path                                        PID  Runtime      # DAGs    # Errors  Last Runtime    Last Run
---------------------------------------------  -----  ---------  --------  ----------  --------------  -------------------
/opt/airflow/dags/clickstream_pipeline_dag.py   3101  0.02s             1           0  0.15s           2026-08-20T13:28:23
/opt/airflow/dags/hello_airflow.py              3104  0.00s             1           0  0.12s           2026-08-20T13:28:23
================================================================================
[2026-08-20T13:29:12.702+0000] {manager.py:737} INFO - Searching for files in /opt/airflow/dags
[2026-08-20T13:29:12.741+0000] {manager.py:740} INFO - There are 2 files in /opt/airflow/dags
[2026-08-20T13:29:23.854+0000] {manager.py:878} INFO - 
================================================================================
DAG File Processing Stats

File Path                                        PID  Runtime      # DAGs    # Errors  Last Runtime    Last Run
---------------------------------------------  -----  ---------  --------  ----------  --------------  -------------------
/opt/airflow/dags/clickstream_pipeline_dag.py   3125  0.02s             1           0  0.16s           2026-08-20T13:28:53
/opt/airflow/dags/hello_airflow.py              3128  0.01s             1           0  0.12s           2026-08-20T13:28:53
================================================================================
[2026-08-20T13:29:54.207+0000] {manager.py:878} INFO - 
================================================================================
DAG File Processing Stats

File Path                                        PID  Runtime      # DAGs    # Errors  Last Runtime    Last Run
---------------------------------------------  -----  ---------  --------  ----------  --------------  -------------------
/opt/airflow/dags/clickstream_pipeline_dag.py   3156  0.02s             1           0  0.18s           2026-08-20T13:29:24
/opt/airflow/dags/hello_airflow.py              3159  0.01s             1           0  0.15s           2026-08-20T13:29:23
================================================================================
[2026-08-20T13:30:24.557+0000] {manager.py:878} INFO - 
================================================================================
DAG File Processing Stats

File Path                                        PID  Runtime      # DAGs    # Errors  Last Runtime    Last Run
---------------------------------------------  -----  ---------  --------  ----------  --------------  -------------------
/opt/airflow/dags/clickstream_pipeline_dag.py   3181  0.02s             1           0  0.17s           2026-08-20T13:29:54
/opt/airflow/dags/hello_airflow.py              3184  0.00s             1           0  0.13s           2026-08-20T13:29:54
================================================================================
[2026-08-20T13:30:54.900+0000] {manager.py:878} INFO - 
================================================================================
DAG File Processing Stats

File Path                                        PID  Runtime      # DAGs    # Errors  Last Runtime    Last Run
---------------------------------------------  -----  ---------  --------  ----------  --------------  -------------------
/opt/airflow/dags/clickstream_pipeline_dag.py   3212  0.01s             1           0  0.15s           2026-08-20T13:30:24
/opt/airflow/dags/hello_airflow.py              3215  0.00s             1           0  0.12s           2026-08-20T13:30:24
================================================================================
[2026-08-20T13:31:25.268+0000] {manager.py:878} INFO - 
================================================================================
DAG File Processing Stats

File Path                                        PID  Runtime      # DAGs    # Errors  Last Runtime    Last Run
---------------------------------------------  -----  ---------  --------  ----------  --------------  -------------------
/opt/airflow/dags/clickstream_pipeline_dag.py   3244  0.02s             1           0  0.14s           2026-08-20T13:30:55
/opt/airflow/dags/hello_airflow.py              3247  0.01s             1           0  0.12s           2026-08-20T13:30:55
================================================================================
[2026-08-20T13:31:55.657+0000] {manager.py:878} INFO - 
================================================================================
DAG File Processing Stats

File Path                                        PID  Runtime      # DAGs    # Errors  Last Runtime    Last Run
---------------------------------------------  -----  ---------  --------  ----------  --------------  -------------------
/opt/airflow/dags/clickstream_pipeline_dag.py   3267  0.02s             1           0  0.18s           2026-08-20T13:31:25
/opt/airflow/dags/hello_airflow.py              3270  0.01s             1           0  0.15s           2026-08-20T13:31:25
================================================================================
[2026-08-20T13:32:26.004+0000] {manager.py:878} INFO - 
================================================================================
DAG File Processing Stats

File Path                                        PID  Runtime      # DAGs    # Errors  Last Runtime    Last Run
---------------------------------------------  -----  ---------  --------  ----------  --------------  -------------------
/opt/airflow/dags/clickstream_pipeline_dag.py   3298  0.03s             1           0  0.16s           2026-08-20T13:31:55
/opt/airflow/dags/hello_airflow.py              3301  0.01s             1           0  0.12s           2026-08-20T13:31:55
================================================================================
[2026-08-20T13:32:56.342+0000] {manager.py:878} INFO - 
================================================================================
DAG File Processing Stats

File Path                                        PID  Runtime      # DAGs    # Errors  Last Runtime    Last Run
---------------------------------------------  -----  ---------  --------  ----------  --------------  -------------------
/opt/airflow/dags/clickstream_pipeline_dag.py   3322  0.02s             1           0  0.17s           2026-08-20T13:32:26
/opt/airflow/dags/hello_airflow.py              3325  0.00s             1           0  0.14s           2026-08-20T13:32:26
================================================================================
[2026-08-20T13:33:26.720+0000] {manager.py:878} INFO - 
================================================================================
DAG File Processing Stats

File Path                                        PID  Runtime      # DAGs    # Errors  Last Runtime    Last Run
---------------------------------------------  -----  ---------  --------  ----------  --------------  -------------------
/opt/airflow/dags/clickstream_pipeline_dag.py   3353  0.02s             1           0  0.17s           2026-08-20T13:32:56
/opt/airflow/dags/hello_airflow.py              3356  0.01s             1           0  0.15s           2026-08-20T13:32:56
================================================================================
[2026-08-20T13:33:57.155+0000] {manager.py:878} INFO - 
================================================================================
DAG File Processing Stats

File Path                                        PID  Runtime      # DAGs    # Errors  Last Runtime    Last Run
---------------------------------------------  -----  ---------  --------  ----------  --------------  -------------------
/opt/airflow/dags/clickstream_pipeline_dag.py   3377  0.02s             1           0  0.17s           2026-08-20T13:33:26
/opt/airflow/dags/hello_airflow.py              3380  0.01s             1           0  0.14s           2026-08-20T13:33:26
================================================================================
[2026-08-20T13:34:13.387+0000] {manager.py:737} INFO - Searching for files in /opt/airflow/dags
[2026-08-20T13:34:13.425+0000] {manager.py:740} INFO - There are 2 files in /opt/airflow/dags
[2026-08-20T13:34:27.668+0000] {manager.py:878} INFO - 
================================================================================
DAG File Processing Stats

File Path                                        PID  Runtime      # DAGs    # Errors  Last Runtime    Last Run
---------------------------------------------  -----  ---------  --------  ----------  --------------  -------------------
/opt/airflow/dags/clickstream_pipeline_dag.py   3636  0.08s             1           0  0.18s           2026-08-20T13:33:57
/opt/airflow/dags/hello_airflow.py              3642  0.01s             1           0  0.14s           2026-08-20T13:33:57
================================================================================
[2026-08-20T13:34:58.206+0000] {manager.py:878} INFO - 
================================================================================
DAG File Processing Stats

File Path                                        PID  Runtime      # DAGs    # Errors  Last Runtime    Last Run
---------------------------------------------  -----  ---------  --------  ----------  --------------  -------------------
/opt/airflow/dags/clickstream_pipeline_dag.py   3887  0.03s             1           0  0.33s           2026-08-20T13:34:27
/opt/airflow/dags/hello_airflow.py              3890  0.01s             1           0  0.25s           2026-08-20T13:34:27
================================================================================
[2026-08-20T13:35:28.805+0000] {manager.py:878} INFO - 
================================================================================
DAG File Processing Stats

File Path                                        PID  Runtime      # DAGs    # Errors  Last Runtime    Last Run
---------------------------------------------  -----  ---------  --------  ----------  --------------  -------------------
/opt/airflow/dags/clickstream_pipeline_dag.py   3972  0.02s             1           0  0.39s           2026-08-20T13:34:58
/opt/airflow/dags/hello_airflow.py              3975  0.01s             1           0  0.33s           2026-08-20T13:34:58
================================================================================
[2026-08-20T13:35:59.244+0000] {manager.py:878} INFO - 
================================================================================
DAG File Processing Stats

File Path                                        PID  Runtime      # DAGs    # Errors  Last Runtime    Last Run
---------------------------------------------  -----  ---------  --------  ----------  --------------  -------------------
/opt/airflow/dags/clickstream_pipeline_dag.py   4003  0.04s             1           0  0.21s           2026-08-20T13:35:28
/opt/airflow/dags/hello_airflow.py              4006  0.01s             1           0  0.17s           2026-08-20T13:35:28
================================================================================
[2026-08-20T13:36:29.782+0000] {manager.py:878} INFO - 
================================================================================
DAG File Processing Stats

File Path                                        PID  Runtime      # DAGs    # Errors  Last Runtime    Last Run
---------------------------------------------  -----  ---------  --------  ----------  --------------  -------------------
/opt/airflow/dags/clickstream_pipeline_dag.py   4026  0.04s             1           0  0.36s           2026-08-20T13:35:59
/opt/airflow/dags/hello_airflow.py              4029  0.01s             1           0  0.26s           2026-08-20T13:35:59
================================================================================
[2026-08-20T13:37:00.217+0000] {manager.py:878} INFO - 
================================================================================
DAG File Processing Stats

File Path                                        PID  Runtime      # DAGs    # Errors  Last Runtime    Last Run
---------------------------------------------  -----  ---------  --------  ----------  --------------  -------------------
/opt/airflow/dags/clickstream_pipeline_dag.py   4050  0.02s             1           0  0.24s           2026-08-20T13:36:29
/opt/airflow/dags/hello_airflow.py              4053  0.01s             1           0  0.18s           2026-08-20T13:36:29
================================================================================
[2026-08-20T13:37:30.791+0000] {manager.py:878} INFO - 
================================================================================
DAG File Processing Stats

File Path                                        PID  Runtime      # DAGs    # Errors  Last Runtime    Last Run
---------------------------------------------  -----  ---------  --------  ----------  --------------  -------------------
/opt/airflow/dags/clickstream_pipeline_dag.py   4228  0.04s             1           0  0.19s           2026-08-20T13:37:00
/opt/airflow/dags/hello_airflow.py              4231  0.01s             1           0  0.16s           2026-08-20T13:37:00
================================================================================
[2026-08-20T13:38:01.322+0000] {manager.py:878} INFO - 
================================================================================
DAG File Processing Stats

File Path                                        PID  Runtime      # DAGs    # Errors  Last Runtime    Last Run
---------------------------------------------  -----  ---------  --------  ----------  --------------  -------------------
/opt/airflow/dags/clickstream_pipeline_dag.py   4436  0.04s             1           0  0.33s           2026-08-20T13:37:31
/opt/airflow/dags/hello_airflow.py              4439  0.02s             1           0  0.24s           2026-08-20T13:37:31
================================================================================
[2026-08-20T13:38:31.837+0000] {manager.py:878} INFO - 
================================================================================
DAG File Processing Stats

File Path                                        PID  Runtime      # DAGs    # Errors  Last Runtime    Last Run
---------------------------------------------  -----  ---------  --------  ----------  --------------  -------------------
/opt/airflow/dags/clickstream_pipeline_dag.py   4480  0.03s             1           0  0.30s           2026-08-20T13:38:01
/opt/airflow/dags/hello_airflow.py              4483  0.01s             1           0  0.25s           2026-08-20T13:38:01
================================================================================
[2026-08-20T13:39:02.364+0000] {manager.py:878} INFO - 
================================================================================
DAG File Processing Stats

File Path                                        PID  Runtime      # DAGs    # Errors  Last Runtime    Last Run
---------------------------------------------  -----  ---------  --------  ----------  --------------  -------------------
/opt/airflow/dags/clickstream_pipeline_dag.py   4522  0.03s             1           0  0.28s           2026-08-20T13:38:32
/opt/airflow/dags/hello_airflow.py              4525  0.01s             1           0  0.23s           2026-08-20T13:38:32
================================================================================
[2026-08-20T13:39:13.713+0000] {manager.py:737} INFO - Searching for files in /opt/airflow/dags
[2026-08-20T13:39:13.767+0000] {manager.py:740} INFO - There are 2 files in /opt/airflow/dags
[2026-08-20T13:39:32.989+0000] {manager.py:878} INFO - 
================================================================================
DAG File Processing Stats

File Path                                        PID  Runtime      # DAGs    # Errors  Last Runtime    Last Run
---------------------------------------------  -----  ---------  --------  ----------  --------------  -------------------
/opt/airflow/dags/clickstream_pipeline_dag.py   4619  0.03s             1           0  0.31s           2026-08-20T13:39:02
/opt/airflow/dags/hello_airflow.py              4622  0.01s             1           0  0.25s           2026-08-20T13:39:02
================================================================================
[2026-08-20T13:40:03.471+0000] {manager.py:878} INFO - 
================================================================================
DAG File Processing Stats

File Path                                        PID  Runtime      # DAGs    # Errors  Last Runtime    Last Run
---------------------------------------------  -----  ---------  --------  ----------  --------------  -------------------
/opt/airflow/dags/clickstream_pipeline_dag.py   4651  0.02s             1           0  0.24s           2026-08-20T13:39:33
/opt/airflow/dags/hello_airflow.py              4654  0.01s             1           0  0.19s           2026-08-20T13:39:33
================================================================================
[2026-08-20T13:40:33.961+0000] {manager.py:878} INFO - 
================================================================================
DAG File Processing Stats

File Path                                        PID  Runtime      # DAGs    # Errors  Last Runtime    Last Run
---------------------------------------------  -----  ---------  --------  ----------  --------------  -------------------
/opt/airflow/dags/clickstream_pipeline_dag.py   4675  0.02s             1           0  0.20s           2026-08-20T13:40:03
/opt/airflow/dags/hello_airflow.py              4678  0.01s             1           0  0.16s           2026-08-20T13:40:03
================================================================================
[2026-08-20T13:41:04.419+0000] {manager.py:878} INFO - 
================================================================================
DAG File Processing Stats

File Path                                        PID  Runtime      # DAGs    # Errors  Last Runtime    Last Run
---------------------------------------------  -----  ---------  --------  ----------  --------------  -------------------
/opt/airflow/dags/clickstream_pipeline_dag.py   4706  0.03s             1           0  0.19s           2026-08-20T13:40:34
/opt/airflow/dags/hello_airflow.py              4709  0.01s             1           0  0.16s           2026-08-20T13:40:34
================================================================================
[2026-08-20T13:41:34.897+0000] {manager.py:878} INFO - 
================================================================================
DAG File Processing Stats

File Path                                        PID  Runtime      # DAGs    # Errors  Last Runtime    Last Run
---------------------------------------------  -----  ---------  --------  ----------  --------------  -------------------
/opt/airflow/dags/clickstream_pipeline_dag.py   4730  0.03s             1           0  0.24s           2026-08-20T13:41:04
/opt/airflow/dags/hello_airflow.py              4733  0.01s             1           0  0.21s           2026-08-20T13:41:04
================================================================================
[2026-08-20T13:42:05.401+0000] {manager.py:878} INFO - 
================================================================================
DAG File Processing Stats

File Path                                        PID  Runtime      # DAGs    # Errors  Last Runtime    Last Run
---------------------------------------------  -----  ---------  --------  ----------  --------------  -------------------
/opt/airflow/dags/clickstream_pipeline_dag.py   4761  0.03s             1           0  0.26s           2026-08-20T13:41:35
/opt/airflow/dags/hello_airflow.py              4764  0.01s             1           0  0.21s           2026-08-20T13:41:35
================================================================================
[2026-08-20T13:42:35.934+0000] {manager.py:878} INFO - 
================================================================================
DAG File Processing Stats

File Path                                        PID  Runtime      # DAGs    # Errors  Last Runtime    Last Run
---------------------------------------------  -----  ---------  --------  ----------  --------------  -------------------
/opt/airflow/dags/clickstream_pipeline_dag.py   4785  0.03s             1           0  0.26s           2026-08-20T13:42:05
/opt/airflow/dags/hello_airflow.py              4788  0.01s             1           0  0.23s           2026-08-20T13:42:05
================================================================================
[2026-08-20T13:43:06.418+0000] {manager.py:878} INFO - 
================================================================================
DAG File Processing Stats

File Path                                        PID  Runtime      # DAGs    # Errors  Last Runtime    Last Run
---------------------------------------------  -----  ---------  --------  ----------  --------------  -------------------
/opt/airflow/dags/clickstream_pipeline_dag.py   4816  0.03s             1           0  0.24s           2026-08-20T13:42:36
/opt/airflow/dags/hello_airflow.py              4819  0.01s             1           0  0.20s           2026-08-20T13:42:36
================================================================================
[2026-08-20T13:43:36.901+0000] {manager.py:878} INFO - 
================================================================================
DAG File Processing Stats

File Path                                        PID  Runtime      # DAGs    # Errors  Last Runtime    Last Run
---------------------------------------------  -----  ---------  --------  ----------  --------------  -------------------
/opt/airflow/dags/clickstream_pipeline_dag.py   4841  0.02s             1           0  0.25s           2026-08-20T13:43:06
/opt/airflow/dags/hello_airflow.py              4844  0.01s             1           0  0.19s           2026-08-20T13:43:06
================================================================================
[2026-08-20T13:44:07.363+0000] {manager.py:878} INFO - 
================================================================================
DAG File Processing Stats

File Path                                        PID  Runtime      # DAGs    # Errors  Last Runtime    Last Run
---------------------------------------------  -----  ---------  --------  ----------  --------------  -------------------
/opt/airflow/dags/clickstream_pipeline_dag.py   4865  0.03s             1           0  0.20s           2026-08-20T13:43:37
/opt/airflow/dags/hello_airflow.py              4868  0.01s             1           0  0.16s           2026-08-20T13:43:37
================================================================================
[2026-08-20T13:44:14.622+0000] {manager.py:737} INFO - Searching for files in /opt/airflow/dags
[2026-08-20T13:44:14.670+0000] {manager.py:740} INFO - There are 2 files in /opt/airflow/dags
[2026-08-20T13:44:37.922+0000] {manager.py:878} INFO - 
================================================================================
DAG File Processing Stats

File Path                                        PID  Runtime      # DAGs    # Errors  Last Runtime    Last Run
---------------------------------------------  -----  ---------  --------  ----------  --------------  -------------------
/opt/airflow/dags/clickstream_pipeline_dag.py   4896  0.02s             1           0  0.26s           2026-08-20T13:44:07
/opt/airflow/dags/hello_airflow.py              4899  0.01s             1           0  0.20s           2026-08-20T13:44:07
================================================================================
[2026-08-20T13:45:08.409+0000] {manager.py:878} INFO - 
================================================================================
DAG File Processing Stats

File Path                                        PID  Runtime      # DAGs    # Errors  Last Runtime    Last Run
---------------------------------------------  -----  ---------  --------  ----------  --------------  -------------------
/opt/airflow/dags/clickstream_pipeline_dag.py   4920  0.03s             1           0  0.23s           2026-08-20T13:44:38
/opt/airflow/dags/hello_airflow.py              4923  0.01s             1           0  0.19s           2026-08-20T13:44:38
================================================================================
[2026-08-20T13:45:38.896+0000] {manager.py:878} INFO - 
================================================================================
DAG File Processing Stats

File Path                                        PID  Runtime      # DAGs    # Errors  Last Runtime    Last Run
---------------------------------------------  -----  ---------  --------  ----------  --------------  -------------------
/opt/airflow/dags/clickstream_pipeline_dag.py   4951  0.03s             1           0  0.24s           2026-08-20T13:45:08
/opt/airflow/dags/hello_airflow.py              4954  0.01s             1           0  0.19s           2026-08-20T13:45:08
================================================================================
[2026-08-20T13:46:09.425+0000] {manager.py:878} INFO - 
================================================================================
DAG File Processing Stats

File Path                                        PID  Runtime      # DAGs    # Errors  Last Runtime    Last Run
---------------------------------------------  -----  ---------  --------  ----------  --------------  -------------------
/opt/airflow/dags/clickstream_pipeline_dag.py   4975  0.04s             1           0  0.26s           2026-08-20T13:45:39
/opt/airflow/dags/hello_airflow.py              4978  0.01s             1           0  0.22s           2026-08-20T13:45:39
================================================================================
[2026-08-20T13:46:39.915+0000] {manager.py:878} INFO - 
================================================================================
DAG File Processing Stats

File Path                                        PID  Runtime      # DAGs    # Errors  Last Runtime    Last Run
---------------------------------------------  -----  ---------  --------  ----------  --------------  -------------------
/opt/airflow/dags/clickstream_pipeline_dag.py   5006  0.03s             1           0  0.26s           2026-08-20T13:46:09
/opt/airflow/dags/hello_airflow.py              5009  0.01s             1           0  0.20s           2026-08-20T13:46:09
================================================================================
[2026-08-20T13:47:10.435+0000] {manager.py:878} INFO - 
================================================================================
DAG File Processing Stats

File Path                                        PID  Runtime      # DAGs    # Errors  Last Runtime    Last Run
---------------------------------------------  -----  ---------  --------  ----------  --------------  -------------------
/opt/airflow/dags/clickstream_pipeline_dag.py   5031  0.02s             1           0  0.26s           2026-08-20T13:46:40
/opt/airflow/dags/hello_airflow.py              5034  0.01s             1           0  0.21s           2026-08-20T13:46:40
================================================================================
[2026-08-20T13:47:41.006+0000] {manager.py:878} INFO - 
================================================================================
DAG File Processing Stats

File Path                                        PID  Runtime      # DAGs    # Errors  Last Runtime    Last Run
---------------------------------------------  -----  ---------  --------  ----------  --------------  -------------------
/opt/airflow/dags/clickstream_pipeline_dag.py   5055  0.03s             1           0  0.30s           2026-08-20T13:47:10
/opt/airflow/dags/hello_airflow.py              5058  0.01s             1           0  0.24s           2026-08-20T13:47:10
================================================================================
[2026-08-20T13:48:11.480+0000] {manager.py:878} INFO - 
================================================================================
DAG File Processing Stats

File Path                                        PID  Runtime      # DAGs    # Errors  Last Runtime    Last Run
---------------------------------------------  -----  ---------  --------  ----------  --------------  -------------------
/opt/airflow/dags/clickstream_pipeline_dag.py   5086  0.02s             1           0  0.25s           2026-08-20T13:47:41
/opt/airflow/dags/hello_airflow.py              5089  0.01s             1           0  0.20s           2026-08-20T13:47:41
================================================================================
[2026-08-20T13:48:41.972+0000] {manager.py:878} INFO - 
================================================================================
DAG File Processing Stats

File Path                                        PID  Runtime      # DAGs    # Errors  Last Runtime    Last Run
---------------------------------------------  -----  ---------  --------  ----------  --------------  -------------------
/opt/airflow/dags/clickstream_pipeline_dag.py   5110  0.02s             1           0  0.23s           2026-08-20T13:48:11
/opt/airflow/dags/hello_airflow.py              5113  0.01s             1           0  0.19s           2026-08-20T13:48:11
================================================================================
[2026-08-20T13:49:12.491+0000] {manager.py:878} INFO - 
================================================================================
DAG File Processing Stats

File Path                                        PID  Runtime      # DAGs    # Errors  Last Runtime    Last Run
---------------------------------------------  -----  ---------  --------  ----------  --------------  -------------------
/opt/airflow/dags/clickstream_pipeline_dag.py   5141  0.03s             1           0  0.24s           2026-08-20T13:48:42
/opt/airflow/dags/hello_airflow.py              5144  0.01s             1           0  0.19s           2026-08-20T13:48:42
================================================================================
[2026-08-20T13:49:14.701+0000] {manager.py:737} INFO - Searching for files in /opt/airflow/dags
[2026-08-20T13:49:14.747+0000] {manager.py:740} INFO - There are 2 files in /opt/airflow/dags
[2026-08-20T13:49:43.070+0000] {manager.py:878} INFO - 
================================================================================
DAG File Processing Stats

File Path                                        PID  Runtime      # DAGs    # Errors  Last Runtime    Last Run
---------------------------------------------  -----  ---------  --------  ----------  --------------  -------------------
/opt/airflow/dags/clickstream_pipeline_dag.py   5165  0.02s             1           0  0.25s           2026-08-20T13:49:12
/opt/airflow/dags/hello_airflow.py              5168  0.01s             1           0  0.20s           2026-08-20T13:49:12
================================================================================
[2026-08-20T13:50:13.565+0000] {manager.py:878} INFO - 
================================================================================
DAG File Processing Stats

File Path                                        PID  Runtime      # DAGs    # Errors  Last Runtime    Last Run
---------------------------------------------  -----  ---------  --------  ----------  --------------  -------------------
/opt/airflow/dags/clickstream_pipeline_dag.py   5198  0.04s             1           0  0.21s           2026-08-20T13:49:43
/opt/airflow/dags/hello_airflow.py              5201  0.01s             1           0  0.18s           2026-08-20T13:49:43
================================================================================
[2026-08-20T13:50:44.147+0000] {manager.py:878} INFO - 
================================================================================
DAG File Processing Stats

File Path                                        PID  Runtime      # DAGs    # Errors  Last Runtime    Last Run
---------------------------------------------  -----  ---------  --------  ----------  --------------  -------------------
/opt/airflow/dags/clickstream_pipeline_dag.py   5222  0.02s             1           0  0.30s           2026-08-20T13:50:13
/opt/airflow/dags/hello_airflow.py              5225  0.01s             1           0  0.27s           2026-08-20T13:50:13
================================================================================
[2026-08-20T13:51:14.633+0000] {manager.py:878} INFO - 
================================================================================
DAG File Processing Stats

File Path                                        PID  Runtime      # DAGs    # Errors  Last Runtime    Last Run
---------------------------------------------  -----  ---------  --------  ----------  --------------  -------------------
/opt/airflow/dags/clickstream_pipeline_dag.py   5246  0.02s             1           0  0.23s           2026-08-20T13:50:44
/opt/airflow/dags/hello_airflow.py              5249  0.01s             1           0  0.16s           2026-08-20T13:50:44
================================================================================
[2026-08-20T13:51:45.143+0000] {manager.py:878} INFO - 
================================================================================
DAG File Processing Stats

File Path                                        PID  Runtime      # DAGs    # Errors  Last Runtime    Last Run
---------------------------------------------  -----  ---------  --------  ----------  --------------  -------------------
/opt/airflow/dags/clickstream_pipeline_dag.py   5277  0.03s             1           0  0.23s           2026-08-20T13:51:14
/opt/airflow/dags/hello_airflow.py              5280  0.01s             1           0  0.18s           2026-08-20T13:51:14
================================================================================
[2026-08-20T13:52:15.636+0000] {manager.py:878} INFO - 
================================================================================
DAG File Processing Stats

File Path                                        PID  Runtime      # DAGs    # Errors  Last Runtime    Last Run
---------------------------------------------  -----  ---------  --------  ----------  --------------  -------------------
/opt/airflow/dags/clickstream_pipeline_dag.py   5301  0.02s             1           0  0.22s           2026-08-20T13:51:45
/opt/airflow/dags/hello_airflow.py              5304  0.01s             1           0  0.18s           2026-08-20T13:51:45
================================================================================
[2026-08-20T13:52:46.108+0000] {manager.py:878} INFO - 
================================================================================
DAG File Processing Stats

File Path                                        PID  Runtime      # DAGs    # Errors  Last Runtime    Last Run
---------------------------------------------  -----  ---------  --------  ----------  --------------  -------------------
/opt/airflow/dags/clickstream_pipeline_dag.py   5332  0.03s             1           0  0.20s           2026-08-20T13:52:15
/opt/airflow/dags/hello_airflow.py              5335  0.01s             1           0  0.16s           2026-08-20T13:52:15
================================================================================
[2026-08-20T13:53:16.651+0000] {manager.py:878} INFO - 
================================================================================
DAG File Processing Stats

File Path                                        PID  Runtime      # DAGs    # Errors  Last Runtime    Last Run
---------------------------------------------  -----  ---------  --------  ----------  --------------  -------------------
/opt/airflow/dags/clickstream_pipeline_dag.py   5356  0.03s             1           0  0.25s           2026-08-20T13:52:46
/opt/airflow/dags/hello_airflow.py              5359  0.01s             1           0  0.20s           2026-08-20T13:52:46
================================================================================
[2026-08-20T13:53:47.207+0000] {manager.py:878} INFO - 
================================================================================
DAG File Processing Stats

File Path                                        PID  Runtime      # DAGs    # Errors  Last Runtime    Last Run
---------------------------------------------  -----  ---------  --------  ----------  --------------  -------------------
/opt/airflow/dags/clickstream_pipeline_dag.py   5387  0.03s             1           0  0.29s           2026-08-20T13:53:16
/opt/airflow/dags/hello_airflow.py              5390  0.01s             1           0  0.23s           2026-08-20T13:53:16
================================================================================
[2026-08-20T13:54:15.695+0000] {manager.py:737} INFO - Searching for files in /opt/airflow/dags
[2026-08-20T13:54:15.748+0000] {manager.py:740} INFO - There are 2 files in /opt/airflow/dags
[2026-08-20T13:54:17.833+0000] {manager.py:878} INFO - 
================================================================================
DAG File Processing Stats

File Path                                        PID  Runtime      # DAGs    # Errors  Last Runtime    Last Run
---------------------------------------------  -----  ---------  --------  ----------  --------------  -------------------
/opt/airflow/dags/clickstream_pipeline_dag.py   5411  0.03s             1           0  0.31s           2026-08-20T13:53:47
/opt/airflow/dags/hello_airflow.py              5414  0.01s             1           0  0.25s           2026-08-20T13:53:47
================================================================================
[2026-08-20T13:54:28.081+0000] {manager.py:452} INFO - Exiting gracefully upon receiving signal 15
[2026-08-21T07:32:55.467+0000] {manager.py:470} INFO - Processing files using up to 2 processes at a time 
[2026-08-21T07:32:55.469+0000] {manager.py:471} INFO - Process each file at most once every 30 seconds
[2026-08-21T07:32:55.470+0000] {manager.py:472} INFO - Checking for new files in /opt/airflow/dags every 300 seconds
[2026-08-21T07:32:55.472+0000] {manager.py:737} INFO - Searching for files in /opt/airflow/dags
[2026-08-21T07:32:55.623+0000] {manager.py:740} INFO - There are 2 files in /opt/airflow/dags
[2026-08-21T07:33:02.157+0000] {manager.py:878} INFO - 
================================================================================
DAG File Processing Stats

File Path                                      PID    Runtime      # DAGs    # Errors  Last Runtime    Last Run
---------------------------------------------  -----  ---------  --------  ----------  --------------  -------------------
/opt/airflow/dags/clickstream_pipeline_dag.py                           1           0  0.36s           2026-08-21T07:32:56
/opt/airflow/dags/hello_airflow.py                                      1           0  0.31s           2026-08-21T07:32:56
================================================================================
[2026-08-21T07:33:32.815+0000] {manager.py:878} INFO - 
================================================================================
DAG File Processing Stats

File Path                                      PID    Runtime      # DAGs    # Errors  Last Runtime    Last Run
---------------------------------------------  -----  ---------  --------  ----------  --------------  -------------------
/opt/airflow/dags/clickstream_pipeline_dag.py                           1           0  0.34s           2026-08-21T07:33:26
/opt/airflow/dags/hello_airflow.py                                      1           0  0.26s           2026-08-21T07:33:26
================================================================================
[2026-08-21T07:34:03.275+0000] {manager.py:878} INFO - 
================================================================================
DAG File Processing Stats

File Path                                      PID    Runtime      # DAGs    # Errors  Last Runtime    Last Run
---------------------------------------------  -----  ---------  --------  ----------  --------------  -------------------
/opt/airflow/dags/clickstream_pipeline_dag.py                           1           0  0.25s           2026-08-21T07:33:57
/opt/airflow/dags/hello_airflow.py                                      1           0  0.22s           2026-08-21T07:33:57
================================================================================
[2026-08-21T07:34:33.782+0000] {manager.py:878} INFO - 
================================================================================
DAG File Processing Stats

File Path                                      PID    Runtime      # DAGs    # Errors  Last Runtime    Last Run
---------------------------------------------  -----  ---------  --------  ----------  --------------  -------------------
/opt/airflow/dags/clickstream_pipeline_dag.py                           1           0  0.28s           2026-08-21T07:34:27
/opt/airflow/dags/hello_airflow.py                                      1           0  0.23s           2026-08-21T07:34:27
================================================================================
[2026-08-21T07:35:04.189+0000] {manager.py:878} INFO - 
================================================================================
DAG File Processing Stats

File Path                                      PID    Runtime      # DAGs    # Errors  Last Runtime    Last Run
---------------------------------------------  -----  ---------  --------  ----------  --------------  -------------------
/opt/airflow/dags/clickstream_pipeline_dag.py                           1           0  0.23s           2026-08-21T07:34:58
/opt/airflow/dags/hello_airflow.py                                      1           0  0.18s           2026-08-21T07:34:58
================================================================================
[2026-08-21T07:35:34.562+0000] {manager.py:878} INFO - 
================================================================================
DAG File Processing Stats

File Path                                      PID    Runtime      # DAGs    # Errors  Last Runtime    Last Run
---------------------------------------------  -----  ---------  --------  ----------  --------------  -------------------
/opt/airflow/dags/clickstream_pipeline_dag.py                           1           0  0.18s           2026-08-21T07:35:28
/opt/airflow/dags/hello_airflow.py                                      1           0  0.14s           2026-08-21T07:35:28
================================================================================
[2026-08-21T07:36:05.096+0000] {manager.py:878} INFO - 
================================================================================
DAG File Processing Stats

File Path                                      PID    Runtime      # DAGs    # Errors  Last Runtime    Last Run
---------------------------------------------  -----  ---------  --------  ----------  --------------  -------------------
/opt/airflow/dags/clickstream_pipeline_dag.py                           1           0  0.46s           2026-08-21T07:35:59
/opt/airflow/dags/hello_airflow.py                                      1           0  0.30s           2026-08-21T07:35:59
================================================================================
[2026-08-21T07:36:35.620+0000] {manager.py:878} INFO - 
================================================================================
DAG File Processing Stats

File Path                                      PID    Runtime      # DAGs    # Errors  Last Runtime    Last Run
---------------------------------------------  -----  ---------  --------  ----------  --------------  -------------------
/opt/airflow/dags/clickstream_pipeline_dag.py                           1           0  0.29s           2026-08-21T07:36:29
/opt/airflow/dags/hello_airflow.py                                      1           0  0.24s           2026-08-21T07:36:29
================================================================================
[2026-08-21T07:37:05.989+0000] {manager.py:878} INFO - 
================================================================================
DAG File Processing Stats

File Path                                      PID    Runtime      # DAGs    # Errors  Last Runtime    Last Run
---------------------------------------------  -----  ---------  --------  ----------  --------------  -------------------
/opt/airflow/dags/clickstream_pipeline_dag.py                           1           0  0.20s           2026-08-21T07:36:59
/opt/airflow/dags/hello_airflow.py                                      1           0  0.16s           2026-08-21T07:36:59
================================================================================
[2026-08-21T07:37:36.448+0000] {manager.py:878} INFO - 
================================================================================
DAG File Processing Stats

File Path                                      PID    Runtime      # DAGs    # Errors  Last Runtime    Last Run
---------------------------------------------  -----  ---------  --------  ----------  --------------  -------------------
/opt/airflow/dags/clickstream_pipeline_dag.py                           1           0  0.30s           2026-08-21T07:37:30
/opt/airflow/dags/hello_airflow.py                                      1           0  0.25s           2026-08-21T07:37:30
================================================================================
[2026-08-21T07:37:55.582+0000] {manager.py:737} INFO - Searching for files in /opt/airflow/dags
[2026-08-21T07:37:55.770+0000] {manager.py:740} INFO - There are 2 files in /opt/airflow/dags
[2026-08-21T07:38:07.337+0000] {manager.py:878} INFO - 
================================================================================
DAG File Processing Stats

File Path                                      PID    Runtime      # DAGs    # Errors  Last Runtime    Last Run
---------------------------------------------  -----  ---------  --------  ----------  --------------  -------------------
/opt/airflow/dags/clickstream_pipeline_dag.py                           1           0  0.35s           2026-08-21T07:38:01
/opt/airflow/dags/hello_airflow.py                                      1           0  0.28s           2026-08-21T07:38:01
================================================================================
[2026-08-21T07:38:37.790+0000] {manager.py:878} INFO - 
================================================================================
DAG File Processing Stats

File Path                                      PID    Runtime      # DAGs    # Errors  Last Runtime    Last Run
---------------------------------------------  -----  ---------  --------  ----------  --------------  -------------------
/opt/airflow/dags/clickstream_pipeline_dag.py                           1           0  0.14s           2026-08-21T07:38:31
/opt/airflow/dags/hello_airflow.py                                      1           0  0.11s           2026-08-21T07:38:31
================================================================================
