[2026-08-13T07:06:14.475+0000] {processor.py:161} INFO - Started process (PID=171) to work on /opt/airflow/dags/clickstream_clean_events_dag.py
[2026-08-13T07:06:14.476+0000] {processor.py:830} INFO - Processing file /opt/airflow/dags/clickstream_clean_events_dag.py for tasks to queue
[2026-08-13T07:06:14.479+0000] {logging_mixin.py:188} INFO - [2026-08-13T07:06:14.479+0000] {dagbag.py:545} INFO - Filling up the DagBag from /opt/airflow/dags/clickstream_clean_events_dag.py
[2026-08-13T07:06:14.501+0000] {processor.py:840} INFO - DAG(s) 'clickstream_clean_events' retrieved from /opt/airflow/dags/clickstream_clean_events_dag.py
[2026-08-13T07:06:14.561+0000] {logging_mixin.py:188} INFO - [2026-08-13T07:06:14.561+0000] {dag.py:3089} INFO - Sync 1 DAGs
[2026-08-13T07:06:14.575+0000] {logging_mixin.py:188} INFO - [2026-08-13T07:06:14.575+0000] {dag.py:3947} INFO - Setting next_dagrun for clickstream_clean_events to None, run_after=None
[2026-08-13T07:06:14.596+0000] {processor.py:183} INFO - Processing /opt/airflow/dags/clickstream_clean_events_dag.py took 0.133 seconds
[2026-08-13T07:06:44.682+0000] {processor.py:161} INFO - Started process (PID=195) to work on /opt/airflow/dags/clickstream_clean_events_dag.py
[2026-08-13T07:06:44.683+0000] {processor.py:830} INFO - Processing file /opt/airflow/dags/clickstream_clean_events_dag.py for tasks to queue
[2026-08-13T07:06:44.686+0000] {logging_mixin.py:188} INFO - [2026-08-13T07:06:44.686+0000] {dagbag.py:545} INFO - Filling up the DagBag from /opt/airflow/dags/clickstream_clean_events_dag.py
[2026-08-13T07:06:44.707+0000] {processor.py:840} INFO - DAG(s) 'clickstream_clean_events' retrieved from /opt/airflow/dags/clickstream_clean_events_dag.py
[2026-08-13T07:06:44.743+0000] {logging_mixin.py:188} INFO - [2026-08-13T07:06:44.743+0000] {dag.py:3089} INFO - Sync 1 DAGs
[2026-08-13T07:06:44.760+0000] {logging_mixin.py:188} INFO - [2026-08-13T07:06:44.759+0000] {dag.py:3947} INFO - Setting next_dagrun for clickstream_clean_events to None, run_after=None
[2026-08-13T07:06:44.781+0000] {processor.py:183} INFO - Processing /opt/airflow/dags/clickstream_clean_events_dag.py took 0.107 seconds
[2026-08-13T07:07:15.325+0000] {processor.py:161} INFO - Started process (PID=226) to work on /opt/airflow/dags/clickstream_clean_events_dag.py
[2026-08-13T07:07:15.326+0000] {processor.py:830} INFO - Processing file /opt/airflow/dags/clickstream_clean_events_dag.py for tasks to queue
[2026-08-13T07:07:15.328+0000] {logging_mixin.py:188} INFO - [2026-08-13T07:07:15.328+0000] {dagbag.py:545} INFO - Filling up the DagBag from /opt/airflow/dags/clickstream_clean_events_dag.py
[2026-08-13T07:07:15.342+0000] {processor.py:840} INFO - DAG(s) 'clickstream_clean_events' retrieved from /opt/airflow/dags/clickstream_clean_events_dag.py
[2026-08-13T07:07:15.369+0000] {logging_mixin.py:188} INFO - [2026-08-13T07:07:15.369+0000] {dag.py:3089} INFO - Sync 1 DAGs
[2026-08-13T07:07:15.381+0000] {logging_mixin.py:188} INFO - [2026-08-13T07:07:15.380+0000] {dag.py:3947} INFO - Setting next_dagrun for clickstream_clean_events to None, run_after=None
[2026-08-13T07:07:15.399+0000] {processor.py:183} INFO - Processing /opt/airflow/dags/clickstream_clean_events_dag.py took 0.080 seconds
[2026-08-13T07:07:46.289+0000] {processor.py:161} INFO - Started process (PID=250) to work on /opt/airflow/dags/clickstream_clean_events_dag.py
[2026-08-13T07:07:46.291+0000] {processor.py:830} INFO - Processing file /opt/airflow/dags/clickstream_clean_events_dag.py for tasks to queue
[2026-08-13T07:07:46.294+0000] {logging_mixin.py:188} INFO - [2026-08-13T07:07:46.293+0000] {dagbag.py:545} INFO - Filling up the DagBag from /opt/airflow/dags/clickstream_clean_events_dag.py
[2026-08-13T07:07:46.308+0000] {processor.py:840} INFO - DAG(s) 'clickstream_clean_events' retrieved from /opt/airflow/dags/clickstream_clean_events_dag.py
[2026-08-13T07:07:46.334+0000] {logging_mixin.py:188} INFO - [2026-08-13T07:07:46.334+0000] {dag.py:3089} INFO - Sync 1 DAGs
[2026-08-13T07:07:46.347+0000] {logging_mixin.py:188} INFO - [2026-08-13T07:07:46.347+0000] {dag.py:3947} INFO - Setting next_dagrun for clickstream_clean_events to None, run_after=None
[2026-08-13T07:07:46.374+0000] {processor.py:183} INFO - Processing /opt/airflow/dags/clickstream_clean_events_dag.py took 0.095 seconds
[2026-08-13T07:08:16.831+0000] {processor.py:161} INFO - Started process (PID=281) to work on /opt/airflow/dags/clickstream_clean_events_dag.py
[2026-08-13T07:08:16.834+0000] {processor.py:830} INFO - Processing file /opt/airflow/dags/clickstream_clean_events_dag.py for tasks to queue
[2026-08-13T07:08:16.838+0000] {logging_mixin.py:188} INFO - [2026-08-13T07:08:16.837+0000] {dagbag.py:545} INFO - Filling up the DagBag from /opt/airflow/dags/clickstream_clean_events_dag.py
[2026-08-13T07:08:16.868+0000] {processor.py:840} INFO - DAG(s) 'clickstream_clean_events' retrieved from /opt/airflow/dags/clickstream_clean_events_dag.py
[2026-08-13T07:08:16.924+0000] {logging_mixin.py:188} INFO - [2026-08-13T07:08:16.924+0000] {dag.py:3089} INFO - Sync 1 DAGs
[2026-08-13T07:08:16.950+0000] {logging_mixin.py:188} INFO - [2026-08-13T07:08:16.950+0000] {dag.py:3947} INFO - Setting next_dagrun for clickstream_clean_events to None, run_after=None
[2026-08-13T07:08:16.984+0000] {processor.py:183} INFO - Processing /opt/airflow/dags/clickstream_clean_events_dag.py took 0.165 seconds
[2026-08-13T07:08:47.334+0000] {processor.py:161} INFO - Started process (PID=305) to work on /opt/airflow/dags/clickstream_clean_events_dag.py
[2026-08-13T07:08:47.335+0000] {processor.py:830} INFO - Processing file /opt/airflow/dags/clickstream_clean_events_dag.py for tasks to queue
[2026-08-13T07:08:47.337+0000] {logging_mixin.py:188} INFO - [2026-08-13T07:08:47.337+0000] {dagbag.py:545} INFO - Filling up the DagBag from /opt/airflow/dags/clickstream_clean_events_dag.py
[2026-08-13T07:08:47.353+0000] {processor.py:840} INFO - DAG(s) 'clickstream_clean_events' retrieved from /opt/airflow/dags/clickstream_clean_events_dag.py
[2026-08-13T07:08:47.380+0000] {logging_mixin.py:188} INFO - [2026-08-13T07:08:47.380+0000] {dag.py:3089} INFO - Sync 1 DAGs
[2026-08-13T07:08:47.395+0000] {logging_mixin.py:188} INFO - [2026-08-13T07:08:47.395+0000] {dag.py:3947} INFO - Setting next_dagrun for clickstream_clean_events to None, run_after=None
[2026-08-13T07:08:47.416+0000] {processor.py:183} INFO - Processing /opt/airflow/dags/clickstream_clean_events_dag.py took 0.090 seconds
[2026-08-13T07:09:17.574+0000] {processor.py:161} INFO - Started process (PID=329) to work on /opt/airflow/dags/clickstream_clean_events_dag.py
[2026-08-13T07:09:17.575+0000] {processor.py:830} INFO - Processing file /opt/airflow/dags/clickstream_clean_events_dag.py for tasks to queue
[2026-08-13T07:09:17.577+0000] {logging_mixin.py:188} INFO - [2026-08-13T07:09:17.577+0000] {dagbag.py:545} INFO - Filling up the DagBag from /opt/airflow/dags/clickstream_clean_events_dag.py
[2026-08-13T07:09:17.596+0000] {processor.py:840} INFO - DAG(s) 'clickstream_clean_events' retrieved from /opt/airflow/dags/clickstream_clean_events_dag.py
[2026-08-13T07:09:17.632+0000] {logging_mixin.py:188} INFO - [2026-08-13T07:09:17.631+0000] {dag.py:3089} INFO - Sync 1 DAGs
[2026-08-13T07:09:17.648+0000] {logging_mixin.py:188} INFO - [2026-08-13T07:09:17.647+0000] {dag.py:3947} INFO - Setting next_dagrun for clickstream_clean_events to None, run_after=None
[2026-08-13T07:09:17.674+0000] {processor.py:183} INFO - Processing /opt/airflow/dags/clickstream_clean_events_dag.py took 0.107 seconds
[2026-08-13T07:09:47.918+0000] {processor.py:161} INFO - Started process (PID=360) to work on /opt/airflow/dags/clickstream_clean_events_dag.py
[2026-08-13T07:09:47.919+0000] {processor.py:830} INFO - Processing file /opt/airflow/dags/clickstream_clean_events_dag.py for tasks to queue
[2026-08-13T07:09:47.921+0000] {logging_mixin.py:188} INFO - [2026-08-13T07:09:47.921+0000] {dagbag.py:545} INFO - Filling up the DagBag from /opt/airflow/dags/clickstream_clean_events_dag.py
[2026-08-13T07:09:47.935+0000] {processor.py:840} INFO - DAG(s) 'clickstream_clean_events' retrieved from /opt/airflow/dags/clickstream_clean_events_dag.py
[2026-08-13T07:09:47.960+0000] {logging_mixin.py:188} INFO - [2026-08-13T07:09:47.960+0000] {dag.py:3089} INFO - Sync 1 DAGs
[2026-08-13T07:09:47.971+0000] {logging_mixin.py:188} INFO - [2026-08-13T07:09:47.971+0000] {dag.py:3947} INFO - Setting next_dagrun for clickstream_clean_events to None, run_after=None
[2026-08-13T07:09:47.990+0000] {processor.py:183} INFO - Processing /opt/airflow/dags/clickstream_clean_events_dag.py took 0.078 seconds
[2026-08-13T07:10:18.183+0000] {processor.py:161} INFO - Started process (PID=385) to work on /opt/airflow/dags/clickstream_clean_events_dag.py
[2026-08-13T07:10:18.184+0000] {processor.py:830} INFO - Processing file /opt/airflow/dags/clickstream_clean_events_dag.py for tasks to queue
[2026-08-13T07:10:18.187+0000] {logging_mixin.py:188} INFO - [2026-08-13T07:10:18.186+0000] {dagbag.py:545} INFO - Filling up the DagBag from /opt/airflow/dags/clickstream_clean_events_dag.py
[2026-08-13T07:10:18.202+0000] {processor.py:840} INFO - DAG(s) 'clickstream_clean_events' retrieved from /opt/airflow/dags/clickstream_clean_events_dag.py
[2026-08-13T07:10:18.230+0000] {logging_mixin.py:188} INFO - [2026-08-13T07:10:18.229+0000] {dag.py:3089} INFO - Sync 1 DAGs
[2026-08-13T07:10:18.241+0000] {logging_mixin.py:188} INFO - [2026-08-13T07:10:18.241+0000] {dag.py:3947} INFO - Setting next_dagrun for clickstream_clean_events to None, run_after=None
[2026-08-13T07:10:18.263+0000] {processor.py:183} INFO - Processing /opt/airflow/dags/clickstream_clean_events_dag.py took 0.087 seconds
[2026-08-13T07:10:48.419+0000] {processor.py:161} INFO - Started process (PID=417) to work on /opt/airflow/dags/clickstream_clean_events_dag.py
[2026-08-13T07:10:48.420+0000] {processor.py:830} INFO - Processing file /opt/airflow/dags/clickstream_clean_events_dag.py for tasks to queue
[2026-08-13T07:10:48.423+0000] {logging_mixin.py:188} INFO - [2026-08-13T07:10:48.423+0000] {dagbag.py:545} INFO - Filling up the DagBag from /opt/airflow/dags/clickstream_clean_events_dag.py
[2026-08-13T07:10:48.442+0000] {processor.py:840} INFO - DAG(s) 'clickstream_clean_events' retrieved from /opt/airflow/dags/clickstream_clean_events_dag.py
[2026-08-13T07:10:48.475+0000] {logging_mixin.py:188} INFO - [2026-08-13T07:10:48.475+0000] {dag.py:3089} INFO - Sync 1 DAGs
[2026-08-13T07:10:48.493+0000] {logging_mixin.py:188} INFO - [2026-08-13T07:10:48.493+0000] {dag.py:3947} INFO - Setting next_dagrun for clickstream_clean_events to None, run_after=None
[2026-08-13T07:10:48.518+0000] {processor.py:183} INFO - Processing /opt/airflow/dags/clickstream_clean_events_dag.py took 0.109 seconds
[2026-08-13T07:11:18.812+0000] {processor.py:161} INFO - Started process (PID=441) to work on /opt/airflow/dags/clickstream_clean_events_dag.py
[2026-08-13T07:11:18.813+0000] {processor.py:830} INFO - Processing file /opt/airflow/dags/clickstream_clean_events_dag.py for tasks to queue
[2026-08-13T07:11:18.816+0000] {logging_mixin.py:188} INFO - [2026-08-13T07:11:18.816+0000] {dagbag.py:545} INFO - Filling up the DagBag from /opt/airflow/dags/clickstream_clean_events_dag.py
[2026-08-13T07:11:18.832+0000] {processor.py:840} INFO - DAG(s) 'clickstream_clean_events' retrieved from /opt/airflow/dags/clickstream_clean_events_dag.py
[2026-08-13T07:11:18.859+0000] {logging_mixin.py:188} INFO - [2026-08-13T07:11:18.859+0000] {dag.py:3089} INFO - Sync 1 DAGs
[2026-08-13T07:11:18.871+0000] {logging_mixin.py:188} INFO - [2026-08-13T07:11:18.871+0000] {dag.py:3947} INFO - Setting next_dagrun for clickstream_clean_events to None, run_after=None
[2026-08-13T07:11:18.890+0000] {processor.py:183} INFO - Processing /opt/airflow/dags/clickstream_clean_events_dag.py took 0.085 seconds
[2026-08-13T07:11:49.042+0000] {processor.py:161} INFO - Started process (PID=472) to work on /opt/airflow/dags/clickstream_clean_events_dag.py
[2026-08-13T07:11:49.043+0000] {processor.py:830} INFO - Processing file /opt/airflow/dags/clickstream_clean_events_dag.py for tasks to queue
[2026-08-13T07:11:49.045+0000] {logging_mixin.py:188} INFO - [2026-08-13T07:11:49.045+0000] {dagbag.py:545} INFO - Filling up the DagBag from /opt/airflow/dags/clickstream_clean_events_dag.py
[2026-08-13T07:11:49.060+0000] {processor.py:840} INFO - DAG(s) 'clickstream_clean_events' retrieved from /opt/airflow/dags/clickstream_clean_events_dag.py
[2026-08-13T07:11:49.086+0000] {logging_mixin.py:188} INFO - [2026-08-13T07:11:49.086+0000] {dag.py:3089} INFO - Sync 1 DAGs
[2026-08-13T07:11:49.098+0000] {logging_mixin.py:188} INFO - [2026-08-13T07:11:49.097+0000] {dag.py:3947} INFO - Setting next_dagrun for clickstream_clean_events to None, run_after=None
[2026-08-13T07:11:49.117+0000] {processor.py:183} INFO - Processing /opt/airflow/dags/clickstream_clean_events_dag.py took 0.081 seconds
[2026-08-13T07:12:19.344+0000] {processor.py:161} INFO - Started process (PID=496) to work on /opt/airflow/dags/clickstream_clean_events_dag.py
[2026-08-13T07:12:19.345+0000] {processor.py:830} INFO - Processing file /opt/airflow/dags/clickstream_clean_events_dag.py for tasks to queue
[2026-08-13T07:12:19.347+0000] {logging_mixin.py:188} INFO - [2026-08-13T07:12:19.347+0000] {dagbag.py:545} INFO - Filling up the DagBag from /opt/airflow/dags/clickstream_clean_events_dag.py
[2026-08-13T07:12:19.360+0000] {processor.py:840} INFO - DAG(s) 'clickstream_clean_events' retrieved from /opt/airflow/dags/clickstream_clean_events_dag.py
[2026-08-13T07:12:19.386+0000] {logging_mixin.py:188} INFO - [2026-08-13T07:12:19.385+0000] {dag.py:3089} INFO - Sync 1 DAGs
[2026-08-13T07:12:19.398+0000] {logging_mixin.py:188} INFO - [2026-08-13T07:12:19.398+0000] {dag.py:3947} INFO - Setting next_dagrun for clickstream_clean_events to None, run_after=None
[2026-08-13T07:12:19.417+0000] {processor.py:183} INFO - Processing /opt/airflow/dags/clickstream_clean_events_dag.py took 0.080 seconds
[2026-08-13T07:12:49.667+0000] {processor.py:161} INFO - Started process (PID=527) to work on /opt/airflow/dags/clickstream_clean_events_dag.py
[2026-08-13T07:12:49.669+0000] {processor.py:830} INFO - Processing file /opt/airflow/dags/clickstream_clean_events_dag.py for tasks to queue
[2026-08-13T07:12:49.671+0000] {logging_mixin.py:188} INFO - [2026-08-13T07:12:49.671+0000] {dagbag.py:545} INFO - Filling up the DagBag from /opt/airflow/dags/clickstream_clean_events_dag.py
[2026-08-13T07:12:49.686+0000] {processor.py:840} INFO - DAG(s) 'clickstream_clean_events' retrieved from /opt/airflow/dags/clickstream_clean_events_dag.py
[2026-08-13T07:12:49.713+0000] {logging_mixin.py:188} INFO - [2026-08-13T07:12:49.713+0000] {dag.py:3089} INFO - Sync 1 DAGs
[2026-08-13T07:12:49.724+0000] {logging_mixin.py:188} INFO - [2026-08-13T07:12:49.724+0000] {dag.py:3947} INFO - Setting next_dagrun for clickstream_clean_events to None, run_after=None
[2026-08-13T07:12:49.742+0000] {processor.py:183} INFO - Processing /opt/airflow/dags/clickstream_clean_events_dag.py took 0.082 seconds
[2026-08-13T07:13:19.990+0000] {processor.py:161} INFO - Started process (PID=551) to work on /opt/airflow/dags/clickstream_clean_events_dag.py
[2026-08-13T07:13:19.991+0000] {processor.py:830} INFO - Processing file /opt/airflow/dags/clickstream_clean_events_dag.py for tasks to queue
[2026-08-13T07:13:19.993+0000] {logging_mixin.py:188} INFO - [2026-08-13T07:13:19.993+0000] {dagbag.py:545} INFO - Filling up the DagBag from /opt/airflow/dags/clickstream_clean_events_dag.py
[2026-08-13T07:13:20.008+0000] {processor.py:840} INFO - DAG(s) 'clickstream_clean_events' retrieved from /opt/airflow/dags/clickstream_clean_events_dag.py
[2026-08-13T07:13:20.036+0000] {logging_mixin.py:188} INFO - [2026-08-13T07:13:20.035+0000] {dag.py:3089} INFO - Sync 1 DAGs
[2026-08-13T07:13:20.050+0000] {logging_mixin.py:188} INFO - [2026-08-13T07:13:20.049+0000] {dag.py:3947} INFO - Setting next_dagrun for clickstream_clean_events to None, run_after=None
[2026-08-13T07:13:20.069+0000] {processor.py:183} INFO - Processing /opt/airflow/dags/clickstream_clean_events_dag.py took 0.085 seconds
[2026-08-13T07:13:50.218+0000] {processor.py:161} INFO - Started process (PID=582) to work on /opt/airflow/dags/clickstream_clean_events_dag.py
[2026-08-13T07:13:50.219+0000] {processor.py:830} INFO - Processing file /opt/airflow/dags/clickstream_clean_events_dag.py for tasks to queue
[2026-08-13T07:13:50.221+0000] {logging_mixin.py:188} INFO - [2026-08-13T07:13:50.221+0000] {dagbag.py:545} INFO - Filling up the DagBag from /opt/airflow/dags/clickstream_clean_events_dag.py
[2026-08-13T07:13:50.236+0000] {processor.py:840} INFO - DAG(s) 'clickstream_clean_events' retrieved from /opt/airflow/dags/clickstream_clean_events_dag.py
[2026-08-13T07:13:50.266+0000] {logging_mixin.py:188} INFO - [2026-08-13T07:13:50.266+0000] {dag.py:3089} INFO - Sync 1 DAGs
[2026-08-13T07:13:50.277+0000] {logging_mixin.py:188} INFO - [2026-08-13T07:13:50.277+0000] {dag.py:3947} INFO - Setting next_dagrun for clickstream_clean_events to None, run_after=None
[2026-08-13T07:13:50.296+0000] {processor.py:183} INFO - Processing /opt/airflow/dags/clickstream_clean_events_dag.py took 0.084 seconds
[2026-08-13T07:14:20.538+0000] {processor.py:161} INFO - Started process (PID=606) to work on /opt/airflow/dags/clickstream_clean_events_dag.py
[2026-08-13T07:14:20.539+0000] {processor.py:830} INFO - Processing file /opt/airflow/dags/clickstream_clean_events_dag.py for tasks to queue
[2026-08-13T07:14:20.542+0000] {logging_mixin.py:188} INFO - [2026-08-13T07:14:20.541+0000] {dagbag.py:545} INFO - Filling up the DagBag from /opt/airflow/dags/clickstream_clean_events_dag.py
[2026-08-13T07:14:20.557+0000] {processor.py:840} INFO - DAG(s) 'clickstream_clean_events' retrieved from /opt/airflow/dags/clickstream_clean_events_dag.py
[2026-08-13T07:14:20.583+0000] {logging_mixin.py:188} INFO - [2026-08-13T07:14:20.583+0000] {dag.py:3089} INFO - Sync 1 DAGs
[2026-08-13T07:14:20.596+0000] {logging_mixin.py:188} INFO - [2026-08-13T07:14:20.595+0000] {dag.py:3947} INFO - Setting next_dagrun for clickstream_clean_events to None, run_after=None
[2026-08-13T07:14:20.615+0000] {processor.py:183} INFO - Processing /opt/airflow/dags/clickstream_clean_events_dag.py took 0.085 seconds
[2026-08-13T07:14:50.785+0000] {processor.py:161} INFO - Started process (PID=638) to work on /opt/airflow/dags/clickstream_clean_events_dag.py
[2026-08-13T07:14:50.786+0000] {processor.py:830} INFO - Processing file /opt/airflow/dags/clickstream_clean_events_dag.py for tasks to queue
[2026-08-13T07:14:50.788+0000] {logging_mixin.py:188} INFO - [2026-08-13T07:14:50.787+0000] {dagbag.py:545} INFO - Filling up the DagBag from /opt/airflow/dags/clickstream_clean_events_dag.py
[2026-08-13T07:14:50.802+0000] {processor.py:840} INFO - DAG(s) 'clickstream_clean_events' retrieved from /opt/airflow/dags/clickstream_clean_events_dag.py
[2026-08-13T07:14:50.833+0000] {logging_mixin.py:188} INFO - [2026-08-13T07:14:50.833+0000] {dag.py:3089} INFO - Sync 1 DAGs
[2026-08-13T07:14:50.848+0000] {logging_mixin.py:188} INFO - [2026-08-13T07:14:50.847+0000] {dag.py:3947} INFO - Setting next_dagrun for clickstream_clean_events to None, run_after=None
[2026-08-13T07:14:50.868+0000] {processor.py:183} INFO - Processing /opt/airflow/dags/clickstream_clean_events_dag.py took 0.087 seconds
[2026-08-13T07:15:21.048+0000] {processor.py:161} INFO - Started process (PID=662) to work on /opt/airflow/dags/clickstream_clean_events_dag.py
[2026-08-13T07:15:21.049+0000] {processor.py:830} INFO - Processing file /opt/airflow/dags/clickstream_clean_events_dag.py for tasks to queue
[2026-08-13T07:15:21.051+0000] {logging_mixin.py:188} INFO - [2026-08-13T07:15:21.051+0000] {dagbag.py:545} INFO - Filling up the DagBag from /opt/airflow/dags/clickstream_clean_events_dag.py
[2026-08-13T07:15:21.068+0000] {processor.py:840} INFO - DAG(s) 'clickstream_clean_events' retrieved from /opt/airflow/dags/clickstream_clean_events_dag.py
[2026-08-13T07:15:21.096+0000] {logging_mixin.py:188} INFO - [2026-08-13T07:15:21.095+0000] {dag.py:3089} INFO - Sync 1 DAGs
[2026-08-13T07:15:21.108+0000] {logging_mixin.py:188} INFO - [2026-08-13T07:15:21.107+0000] {dag.py:3947} INFO - Setting next_dagrun for clickstream_clean_events to None, run_after=None
[2026-08-13T07:15:21.127+0000] {processor.py:183} INFO - Processing /opt/airflow/dags/clickstream_clean_events_dag.py took 0.086 seconds
[2026-08-13T07:15:51.378+0000] {processor.py:161} INFO - Started process (PID=693) to work on /opt/airflow/dags/clickstream_clean_events_dag.py
[2026-08-13T07:15:51.379+0000] {processor.py:830} INFO - Processing file /opt/airflow/dags/clickstream_clean_events_dag.py for tasks to queue
[2026-08-13T07:15:51.382+0000] {logging_mixin.py:188} INFO - [2026-08-13T07:15:51.381+0000] {dagbag.py:545} INFO - Filling up the DagBag from /opt/airflow/dags/clickstream_clean_events_dag.py
[2026-08-13T07:15:51.396+0000] {processor.py:840} INFO - DAG(s) 'clickstream_clean_events' retrieved from /opt/airflow/dags/clickstream_clean_events_dag.py
[2026-08-13T07:15:51.423+0000] {logging_mixin.py:188} INFO - [2026-08-13T07:15:51.422+0000] {dag.py:3089} INFO - Sync 1 DAGs
[2026-08-13T07:15:51.434+0000] {logging_mixin.py:188} INFO - [2026-08-13T07:15:51.434+0000] {dag.py:3947} INFO - Setting next_dagrun for clickstream_clean_events to None, run_after=None
[2026-08-13T07:15:51.454+0000] {processor.py:183} INFO - Processing /opt/airflow/dags/clickstream_clean_events_dag.py took 0.083 seconds
[2026-08-13T07:16:21.735+0000] {processor.py:161} INFO - Started process (PID=717) to work on /opt/airflow/dags/clickstream_clean_events_dag.py
[2026-08-13T07:16:21.736+0000] {processor.py:830} INFO - Processing file /opt/airflow/dags/clickstream_clean_events_dag.py for tasks to queue
[2026-08-13T07:16:21.739+0000] {logging_mixin.py:188} INFO - [2026-08-13T07:16:21.738+0000] {dagbag.py:545} INFO - Filling up the DagBag from /opt/airflow/dags/clickstream_clean_events_dag.py
[2026-08-13T07:16:21.757+0000] {processor.py:840} INFO - DAG(s) 'clickstream_clean_events' retrieved from /opt/airflow/dags/clickstream_clean_events_dag.py
[2026-08-13T07:16:21.789+0000] {logging_mixin.py:188} INFO - [2026-08-13T07:16:21.789+0000] {dag.py:3089} INFO - Sync 1 DAGs
[2026-08-13T07:16:21.804+0000] {logging_mixin.py:188} INFO - [2026-08-13T07:16:21.804+0000] {dag.py:3947} INFO - Setting next_dagrun for clickstream_clean_events to None, run_after=None
[2026-08-13T07:16:21.827+0000] {processor.py:183} INFO - Processing /opt/airflow/dags/clickstream_clean_events_dag.py took 0.099 seconds
[2026-08-13T07:16:52.076+0000] {processor.py:161} INFO - Started process (PID=748) to work on /opt/airflow/dags/clickstream_clean_events_dag.py
[2026-08-13T07:16:52.077+0000] {processor.py:830} INFO - Processing file /opt/airflow/dags/clickstream_clean_events_dag.py for tasks to queue
[2026-08-13T07:16:52.080+0000] {logging_mixin.py:188} INFO - [2026-08-13T07:16:52.079+0000] {dagbag.py:545} INFO - Filling up the DagBag from /opt/airflow/dags/clickstream_clean_events_dag.py
[2026-08-13T07:16:52.097+0000] {processor.py:840} INFO - DAG(s) 'clickstream_clean_events' retrieved from /opt/airflow/dags/clickstream_clean_events_dag.py
[2026-08-13T07:16:52.124+0000] {logging_mixin.py:188} INFO - [2026-08-13T07:16:52.124+0000] {dag.py:3089} INFO - Sync 1 DAGs
[2026-08-13T07:16:52.139+0000] {logging_mixin.py:188} INFO - [2026-08-13T07:16:52.139+0000] {dag.py:3947} INFO - Setting next_dagrun for clickstream_clean_events to None, run_after=None
[2026-08-13T07:16:52.158+0000] {processor.py:183} INFO - Processing /opt/airflow/dags/clickstream_clean_events_dag.py took 0.092 seconds
[2026-08-13T07:17:22.308+0000] {processor.py:161} INFO - Started process (PID=772) to work on /opt/airflow/dags/clickstream_clean_events_dag.py
[2026-08-13T07:17:22.310+0000] {processor.py:830} INFO - Processing file /opt/airflow/dags/clickstream_clean_events_dag.py for tasks to queue
[2026-08-13T07:17:22.312+0000] {logging_mixin.py:188} INFO - [2026-08-13T07:17:22.312+0000] {dagbag.py:545} INFO - Filling up the DagBag from /opt/airflow/dags/clickstream_clean_events_dag.py
[2026-08-13T07:17:22.330+0000] {processor.py:840} INFO - DAG(s) 'clickstream_clean_events' retrieved from /opt/airflow/dags/clickstream_clean_events_dag.py
[2026-08-13T07:17:22.369+0000] {logging_mixin.py:188} INFO - [2026-08-13T07:17:22.369+0000] {dag.py:3089} INFO - Sync 1 DAGs
[2026-08-13T07:17:22.382+0000] {logging_mixin.py:188} INFO - [2026-08-13T07:17:22.382+0000] {dag.py:3947} INFO - Setting next_dagrun for clickstream_clean_events to None, run_after=None
[2026-08-13T07:17:22.403+0000] {processor.py:183} INFO - Processing /opt/airflow/dags/clickstream_clean_events_dag.py took 0.102 seconds
[2026-08-13T07:17:52.686+0000] {processor.py:161} INFO - Started process (PID=803) to work on /opt/airflow/dags/clickstream_clean_events_dag.py
[2026-08-13T07:17:52.689+0000] {processor.py:830} INFO - Processing file /opt/airflow/dags/clickstream_clean_events_dag.py for tasks to queue
[2026-08-13T07:17:52.695+0000] {logging_mixin.py:188} INFO - [2026-08-13T07:17:52.694+0000] {dagbag.py:545} INFO - Filling up the DagBag from /opt/airflow/dags/clickstream_clean_events_dag.py
[2026-08-13T07:17:52.742+0000] {processor.py:840} INFO - DAG(s) 'clickstream_clean_events' retrieved from /opt/airflow/dags/clickstream_clean_events_dag.py
[2026-08-13T07:17:52.810+0000] {logging_mixin.py:188} INFO - [2026-08-13T07:17:52.809+0000] {dag.py:3089} INFO - Sync 1 DAGs
[2026-08-13T07:17:52.842+0000] {logging_mixin.py:188} INFO - [2026-08-13T07:17:52.841+0000] {dag.py:3947} INFO - Setting next_dagrun for clickstream_clean_events to None, run_after=None
[2026-08-13T07:17:52.895+0000] {processor.py:183} INFO - Processing /opt/airflow/dags/clickstream_clean_events_dag.py took 0.230 seconds
[2026-08-13T07:18:23.140+0000] {processor.py:161} INFO - Started process (PID=827) to work on /opt/airflow/dags/clickstream_clean_events_dag.py
[2026-08-13T07:18:23.142+0000] {processor.py:830} INFO - Processing file /opt/airflow/dags/clickstream_clean_events_dag.py for tasks to queue
[2026-08-13T07:18:23.144+0000] {logging_mixin.py:188} INFO - [2026-08-13T07:18:23.144+0000] {dagbag.py:545} INFO - Filling up the DagBag from /opt/airflow/dags/clickstream_clean_events_dag.py
[2026-08-13T07:18:23.160+0000] {processor.py:840} INFO - DAG(s) 'clickstream_clean_events' retrieved from /opt/airflow/dags/clickstream_clean_events_dag.py
[2026-08-13T07:18:23.186+0000] {logging_mixin.py:188} INFO - [2026-08-13T07:18:23.186+0000] {dag.py:3089} INFO - Sync 1 DAGs
[2026-08-13T07:18:23.198+0000] {logging_mixin.py:188} INFO - [2026-08-13T07:18:23.198+0000] {dag.py:3947} INFO - Setting next_dagrun for clickstream_clean_events to None, run_after=None
[2026-08-13T07:18:23.215+0000] {processor.py:183} INFO - Processing /opt/airflow/dags/clickstream_clean_events_dag.py took 0.083 seconds
[2026-08-13T07:18:53.357+0000] {processor.py:161} INFO - Started process (PID=858) to work on /opt/airflow/dags/clickstream_clean_events_dag.py
[2026-08-13T07:18:53.358+0000] {processor.py:830} INFO - Processing file /opt/airflow/dags/clickstream_clean_events_dag.py for tasks to queue
[2026-08-13T07:18:53.360+0000] {logging_mixin.py:188} INFO - [2026-08-13T07:18:53.360+0000] {dagbag.py:545} INFO - Filling up the DagBag from /opt/airflow/dags/clickstream_clean_events_dag.py
[2026-08-13T07:18:53.375+0000] {processor.py:840} INFO - DAG(s) 'clickstream_clean_events' retrieved from /opt/airflow/dags/clickstream_clean_events_dag.py
[2026-08-13T07:18:53.402+0000] {logging_mixin.py:188} INFO - [2026-08-13T07:18:53.401+0000] {dag.py:3089} INFO - Sync 1 DAGs
[2026-08-13T07:18:53.414+0000] {logging_mixin.py:188} INFO - [2026-08-13T07:18:53.414+0000] {dag.py:3947} INFO - Setting next_dagrun for clickstream_clean_events to None, run_after=None
[2026-08-13T07:18:53.434+0000] {processor.py:183} INFO - Processing /opt/airflow/dags/clickstream_clean_events_dag.py took 0.084 seconds
[2026-08-13T07:19:23.635+0000] {processor.py:161} INFO - Started process (PID=882) to work on /opt/airflow/dags/clickstream_clean_events_dag.py
[2026-08-13T07:19:23.637+0000] {processor.py:830} INFO - Processing file /opt/airflow/dags/clickstream_clean_events_dag.py for tasks to queue
[2026-08-13T07:19:23.639+0000] {logging_mixin.py:188} INFO - [2026-08-13T07:19:23.639+0000] {dagbag.py:545} INFO - Filling up the DagBag from /opt/airflow/dags/clickstream_clean_events_dag.py
[2026-08-13T07:19:23.654+0000] {processor.py:840} INFO - DAG(s) 'clickstream_clean_events' retrieved from /opt/airflow/dags/clickstream_clean_events_dag.py
[2026-08-13T07:19:23.685+0000] {logging_mixin.py:188} INFO - [2026-08-13T07:19:23.685+0000] {dag.py:3089} INFO - Sync 1 DAGs
[2026-08-13T07:19:23.697+0000] {logging_mixin.py:188} INFO - [2026-08-13T07:19:23.697+0000] {dag.py:3947} INFO - Setting next_dagrun for clickstream_clean_events to None, run_after=None
[2026-08-13T07:19:23.718+0000] {processor.py:183} INFO - Processing /opt/airflow/dags/clickstream_clean_events_dag.py took 0.090 seconds
[2026-08-13T07:19:53.847+0000] {processor.py:161} INFO - Started process (PID=913) to work on /opt/airflow/dags/clickstream_clean_events_dag.py
[2026-08-13T07:19:53.848+0000] {processor.py:830} INFO - Processing file /opt/airflow/dags/clickstream_clean_events_dag.py for tasks to queue
[2026-08-13T07:19:53.852+0000] {logging_mixin.py:188} INFO - [2026-08-13T07:19:53.851+0000] {dagbag.py:545} INFO - Filling up the DagBag from /opt/airflow/dags/clickstream_clean_events_dag.py
[2026-08-13T07:19:53.870+0000] {processor.py:840} INFO - DAG(s) 'clickstream_clean_events' retrieved from /opt/airflow/dags/clickstream_clean_events_dag.py
[2026-08-13T07:19:53.902+0000] {logging_mixin.py:188} INFO - [2026-08-13T07:19:53.902+0000] {dag.py:3089} INFO - Sync 1 DAGs
[2026-08-13T07:19:53.915+0000] {logging_mixin.py:188} INFO - [2026-08-13T07:19:53.915+0000] {dag.py:3947} INFO - Setting next_dagrun for clickstream_clean_events to None, run_after=None
[2026-08-13T07:19:53.938+0000] {processor.py:183} INFO - Processing /opt/airflow/dags/clickstream_clean_events_dag.py took 0.098 seconds
[2026-08-13T07:20:24.090+0000] {processor.py:161} INFO - Started process (PID=937) to work on /opt/airflow/dags/clickstream_clean_events_dag.py
[2026-08-13T07:20:24.091+0000] {processor.py:830} INFO - Processing file /opt/airflow/dags/clickstream_clean_events_dag.py for tasks to queue
[2026-08-13T07:20:24.094+0000] {logging_mixin.py:188} INFO - [2026-08-13T07:20:24.093+0000] {dagbag.py:545} INFO - Filling up the DagBag from /opt/airflow/dags/clickstream_clean_events_dag.py
[2026-08-13T07:20:24.109+0000] {processor.py:840} INFO - DAG(s) 'clickstream_clean_events' retrieved from /opt/airflow/dags/clickstream_clean_events_dag.py
[2026-08-13T07:20:24.139+0000] {logging_mixin.py:188} INFO - [2026-08-13T07:20:24.138+0000] {dag.py:3089} INFO - Sync 1 DAGs
[2026-08-13T07:20:24.153+0000] {logging_mixin.py:188} INFO - [2026-08-13T07:20:24.153+0000] {dag.py:3947} INFO - Setting next_dagrun for clickstream_clean_events to None, run_after=None
[2026-08-13T07:20:24.173+0000] {processor.py:183} INFO - Processing /opt/airflow/dags/clickstream_clean_events_dag.py took 0.090 seconds
[2026-08-13T07:20:54.309+0000] {processor.py:161} INFO - Started process (PID=962) to work on /opt/airflow/dags/clickstream_clean_events_dag.py
[2026-08-13T07:20:54.310+0000] {processor.py:830} INFO - Processing file /opt/airflow/dags/clickstream_clean_events_dag.py for tasks to queue
[2026-08-13T07:20:54.312+0000] {logging_mixin.py:188} INFO - [2026-08-13T07:20:54.312+0000] {dagbag.py:545} INFO - Filling up the DagBag from /opt/airflow/dags/clickstream_clean_events_dag.py
[2026-08-13T07:20:54.326+0000] {processor.py:840} INFO - DAG(s) 'clickstream_clean_events' retrieved from /opt/airflow/dags/clickstream_clean_events_dag.py
[2026-08-13T07:20:54.356+0000] {logging_mixin.py:188} INFO - [2026-08-13T07:20:54.356+0000] {dag.py:3089} INFO - Sync 1 DAGs
[2026-08-13T07:20:54.370+0000] {logging_mixin.py:188} INFO - [2026-08-13T07:20:54.370+0000] {dag.py:3947} INFO - Setting next_dagrun for clickstream_clean_events to None, run_after=None
[2026-08-13T07:20:54.392+0000] {processor.py:183} INFO - Processing /opt/airflow/dags/clickstream_clean_events_dag.py took 0.093 seconds
[2026-08-13T07:21:24.672+0000] {processor.py:161} INFO - Started process (PID=993) to work on /opt/airflow/dags/clickstream_clean_events_dag.py
[2026-08-13T07:21:24.674+0000] {processor.py:830} INFO - Processing file /opt/airflow/dags/clickstream_clean_events_dag.py for tasks to queue
[2026-08-13T07:21:24.677+0000] {logging_mixin.py:188} INFO - [2026-08-13T07:21:24.677+0000] {dagbag.py:545} INFO - Filling up the DagBag from /opt/airflow/dags/clickstream_clean_events_dag.py
[2026-08-13T07:21:24.701+0000] {processor.py:840} INFO - DAG(s) 'clickstream_clean_events' retrieved from /opt/airflow/dags/clickstream_clean_events_dag.py
[2026-08-13T07:21:24.737+0000] {logging_mixin.py:188} INFO - [2026-08-13T07:21:24.736+0000] {dag.py:3089} INFO - Sync 1 DAGs
[2026-08-13T07:21:24.753+0000] {logging_mixin.py:188} INFO - [2026-08-13T07:21:24.753+0000] {dag.py:3947} INFO - Setting next_dagrun for clickstream_clean_events to None, run_after=None
[2026-08-13T07:21:24.785+0000] {processor.py:183} INFO - Processing /opt/airflow/dags/clickstream_clean_events_dag.py took 0.122 seconds
[2026-08-13T07:21:54.894+0000] {processor.py:161} INFO - Started process (PID=1017) to work on /opt/airflow/dags/clickstream_clean_events_dag.py
[2026-08-13T07:21:54.895+0000] {processor.py:830} INFO - Processing file /opt/airflow/dags/clickstream_clean_events_dag.py for tasks to queue
[2026-08-13T07:21:54.897+0000] {logging_mixin.py:188} INFO - [2026-08-13T07:21:54.897+0000] {dagbag.py:545} INFO - Filling up the DagBag from /opt/airflow/dags/clickstream_clean_events_dag.py
[2026-08-13T07:21:54.912+0000] {processor.py:840} INFO - DAG(s) 'clickstream_clean_events' retrieved from /opt/airflow/dags/clickstream_clean_events_dag.py
[2026-08-13T07:21:54.941+0000] {logging_mixin.py:188} INFO - [2026-08-13T07:21:54.941+0000] {dag.py:3089} INFO - Sync 1 DAGs
[2026-08-13T07:21:54.953+0000] {logging_mixin.py:188} INFO - [2026-08-13T07:21:54.953+0000] {dag.py:3947} INFO - Setting next_dagrun for clickstream_clean_events to None, run_after=None
[2026-08-13T07:21:54.976+0000] {processor.py:183} INFO - Processing /opt/airflow/dags/clickstream_clean_events_dag.py took 0.088 seconds
[2026-08-13T07:22:25.197+0000] {processor.py:161} INFO - Started process (PID=1049) to work on /opt/airflow/dags/clickstream_clean_events_dag.py
[2026-08-13T07:22:25.198+0000] {processor.py:830} INFO - Processing file /opt/airflow/dags/clickstream_clean_events_dag.py for tasks to queue
[2026-08-13T07:22:25.200+0000] {logging_mixin.py:188} INFO - [2026-08-13T07:22:25.200+0000] {dagbag.py:545} INFO - Filling up the DagBag from /opt/airflow/dags/clickstream_clean_events_dag.py
[2026-08-13T07:22:25.216+0000] {processor.py:840} INFO - DAG(s) 'clickstream_clean_events' retrieved from /opt/airflow/dags/clickstream_clean_events_dag.py
[2026-08-13T07:22:25.246+0000] {logging_mixin.py:188} INFO - [2026-08-13T07:22:25.246+0000] {dag.py:3089} INFO - Sync 1 DAGs
[2026-08-13T07:22:25.257+0000] {logging_mixin.py:188} INFO - [2026-08-13T07:22:25.256+0000] {dag.py:3947} INFO - Setting next_dagrun for clickstream_clean_events to None, run_after=None
[2026-08-13T07:22:25.281+0000] {processor.py:183} INFO - Processing /opt/airflow/dags/clickstream_clean_events_dag.py took 0.091 seconds
[2026-08-13T07:22:55.514+0000] {processor.py:161} INFO - Started process (PID=1073) to work on /opt/airflow/dags/clickstream_clean_events_dag.py
[2026-08-13T07:22:55.515+0000] {processor.py:830} INFO - Processing file /opt/airflow/dags/clickstream_clean_events_dag.py for tasks to queue
[2026-08-13T07:22:55.518+0000] {logging_mixin.py:188} INFO - [2026-08-13T07:22:55.518+0000] {dagbag.py:545} INFO - Filling up the DagBag from /opt/airflow/dags/clickstream_clean_events_dag.py
[2026-08-13T07:22:55.534+0000] {processor.py:840} INFO - DAG(s) 'clickstream_clean_events' retrieved from /opt/airflow/dags/clickstream_clean_events_dag.py
[2026-08-13T07:22:55.564+0000] {logging_mixin.py:188} INFO - [2026-08-13T07:22:55.564+0000] {dag.py:3089} INFO - Sync 1 DAGs
[2026-08-13T07:22:55.577+0000] {logging_mixin.py:188} INFO - [2026-08-13T07:22:55.577+0000] {dag.py:3947} INFO - Setting next_dagrun for clickstream_clean_events to None, run_after=None
[2026-08-13T07:22:55.601+0000] {processor.py:183} INFO - Processing /opt/airflow/dags/clickstream_clean_events_dag.py took 0.095 seconds
[2026-08-13T07:23:25.728+0000] {processor.py:161} INFO - Started process (PID=1104) to work on /opt/airflow/dags/clickstream_clean_events_dag.py
[2026-08-13T07:23:25.730+0000] {processor.py:830} INFO - Processing file /opt/airflow/dags/clickstream_clean_events_dag.py for tasks to queue
[2026-08-13T07:23:25.733+0000] {logging_mixin.py:188} INFO - [2026-08-13T07:23:25.732+0000] {dagbag.py:545} INFO - Filling up the DagBag from /opt/airflow/dags/clickstream_clean_events_dag.py
[2026-08-13T07:23:25.751+0000] {processor.py:840} INFO - DAG(s) 'clickstream_clean_events' retrieved from /opt/airflow/dags/clickstream_clean_events_dag.py
[2026-08-13T07:23:25.784+0000] {logging_mixin.py:188} INFO - [2026-08-13T07:23:25.784+0000] {dag.py:3089} INFO - Sync 1 DAGs
[2026-08-13T07:23:25.799+0000] {logging_mixin.py:188} INFO - [2026-08-13T07:23:25.798+0000] {dag.py:3947} INFO - Setting next_dagrun for clickstream_clean_events to None, run_after=None
[2026-08-13T07:23:25.822+0000] {processor.py:183} INFO - Processing /opt/airflow/dags/clickstream_clean_events_dag.py took 0.103 seconds
[2026-08-13T07:23:56.075+0000] {processor.py:161} INFO - Started process (PID=1128) to work on /opt/airflow/dags/clickstream_clean_events_dag.py
[2026-08-13T07:23:56.076+0000] {processor.py:830} INFO - Processing file /opt/airflow/dags/clickstream_clean_events_dag.py for tasks to queue
[2026-08-13T07:23:56.078+0000] {logging_mixin.py:188} INFO - [2026-08-13T07:23:56.078+0000] {dagbag.py:545} INFO - Filling up the DagBag from /opt/airflow/dags/clickstream_clean_events_dag.py
[2026-08-13T07:23:56.094+0000] {processor.py:840} INFO - DAG(s) 'clickstream_clean_events' retrieved from /opt/airflow/dags/clickstream_clean_events_dag.py
[2026-08-13T07:23:56.122+0000] {logging_mixin.py:188} INFO - [2026-08-13T07:23:56.122+0000] {dag.py:3089} INFO - Sync 1 DAGs
[2026-08-13T07:23:56.135+0000] {logging_mixin.py:188} INFO - [2026-08-13T07:23:56.135+0000] {dag.py:3947} INFO - Setting next_dagrun for clickstream_clean_events to None, run_after=None
[2026-08-13T07:23:56.154+0000] {processor.py:183} INFO - Processing /opt/airflow/dags/clickstream_clean_events_dag.py took 0.087 seconds
[2026-08-13T07:24:26.283+0000] {processor.py:161} INFO - Started process (PID=1160) to work on /opt/airflow/dags/clickstream_clean_events_dag.py
[2026-08-13T07:24:26.284+0000] {processor.py:830} INFO - Processing file /opt/airflow/dags/clickstream_clean_events_dag.py for tasks to queue
[2026-08-13T07:24:26.286+0000] {logging_mixin.py:188} INFO - [2026-08-13T07:24:26.286+0000] {dagbag.py:545} INFO - Filling up the DagBag from /opt/airflow/dags/clickstream_clean_events_dag.py
[2026-08-13T07:24:26.308+0000] {processor.py:840} INFO - DAG(s) 'clickstream_clean_events' retrieved from /opt/airflow/dags/clickstream_clean_events_dag.py
[2026-08-13T07:24:26.341+0000] {logging_mixin.py:188} INFO - [2026-08-13T07:24:26.340+0000] {dag.py:3089} INFO - Sync 1 DAGs
[2026-08-13T07:24:26.356+0000] {logging_mixin.py:188} INFO - [2026-08-13T07:24:26.356+0000] {dag.py:3947} INFO - Setting next_dagrun for clickstream_clean_events to None, run_after=None
[2026-08-13T07:24:26.379+0000] {processor.py:183} INFO - Processing /opt/airflow/dags/clickstream_clean_events_dag.py took 0.103 seconds
[2026-08-13T07:24:56.645+0000] {processor.py:161} INFO - Started process (PID=1184) to work on /opt/airflow/dags/clickstream_clean_events_dag.py
[2026-08-13T07:24:56.647+0000] {processor.py:830} INFO - Processing file /opt/airflow/dags/clickstream_clean_events_dag.py for tasks to queue
[2026-08-13T07:24:56.649+0000] {logging_mixin.py:188} INFO - [2026-08-13T07:24:56.649+0000] {dagbag.py:545} INFO - Filling up the DagBag from /opt/airflow/dags/clickstream_clean_events_dag.py
[2026-08-13T07:24:56.665+0000] {processor.py:840} INFO - DAG(s) 'clickstream_clean_events' retrieved from /opt/airflow/dags/clickstream_clean_events_dag.py
[2026-08-13T07:24:56.691+0000] {logging_mixin.py:188} INFO - [2026-08-13T07:24:56.691+0000] {dag.py:3089} INFO - Sync 1 DAGs
[2026-08-13T07:24:56.703+0000] {logging_mixin.py:188} INFO - [2026-08-13T07:24:56.703+0000] {dag.py:3947} INFO - Setting next_dagrun for clickstream_clean_events to None, run_after=None
[2026-08-13T07:24:56.722+0000] {processor.py:183} INFO - Processing /opt/airflow/dags/clickstream_clean_events_dag.py took 0.084 seconds
[2026-08-13T07:25:26.903+0000] {processor.py:161} INFO - Started process (PID=1215) to work on /opt/airflow/dags/clickstream_clean_events_dag.py
[2026-08-13T07:25:26.905+0000] {processor.py:830} INFO - Processing file /opt/airflow/dags/clickstream_clean_events_dag.py for tasks to queue
[2026-08-13T07:25:26.907+0000] {logging_mixin.py:188} INFO - [2026-08-13T07:25:26.906+0000] {dagbag.py:545} INFO - Filling up the DagBag from /opt/airflow/dags/clickstream_clean_events_dag.py
[2026-08-13T07:25:26.924+0000] {processor.py:840} INFO - DAG(s) 'clickstream_clean_events' retrieved from /opt/airflow/dags/clickstream_clean_events_dag.py
[2026-08-13T07:25:26.953+0000] {logging_mixin.py:188} INFO - [2026-08-13T07:25:26.953+0000] {dag.py:3089} INFO - Sync 1 DAGs
[2026-08-13T07:25:26.970+0000] {logging_mixin.py:188} INFO - [2026-08-13T07:25:26.970+0000] {dag.py:3947} INFO - Setting next_dagrun for clickstream_clean_events to None, run_after=None
[2026-08-13T07:25:26.992+0000] {processor.py:183} INFO - Processing /opt/airflow/dags/clickstream_clean_events_dag.py took 0.096 seconds
[2026-08-13T07:25:57.182+0000] {processor.py:161} INFO - Started process (PID=1239) to work on /opt/airflow/dags/clickstream_clean_events_dag.py
[2026-08-13T07:25:57.183+0000] {processor.py:830} INFO - Processing file /opt/airflow/dags/clickstream_clean_events_dag.py for tasks to queue
[2026-08-13T07:25:57.185+0000] {logging_mixin.py:188} INFO - [2026-08-13T07:25:57.185+0000] {dagbag.py:545} INFO - Filling up the DagBag from /opt/airflow/dags/clickstream_clean_events_dag.py
[2026-08-13T07:25:57.200+0000] {processor.py:840} INFO - DAG(s) 'clickstream_clean_events' retrieved from /opt/airflow/dags/clickstream_clean_events_dag.py
[2026-08-13T07:25:57.228+0000] {logging_mixin.py:188} INFO - [2026-08-13T07:25:57.228+0000] {dag.py:3089} INFO - Sync 1 DAGs
[2026-08-13T07:25:57.240+0000] {logging_mixin.py:188} INFO - [2026-08-13T07:25:57.239+0000] {dag.py:3947} INFO - Setting next_dagrun for clickstream_clean_events to None, run_after=None
[2026-08-13T07:25:57.260+0000] {processor.py:183} INFO - Processing /opt/airflow/dags/clickstream_clean_events_dag.py took 0.085 seconds
[2026-08-13T07:26:27.447+0000] {processor.py:161} INFO - Started process (PID=1270) to work on /opt/airflow/dags/clickstream_clean_events_dag.py
[2026-08-13T07:26:27.448+0000] {processor.py:830} INFO - Processing file /opt/airflow/dags/clickstream_clean_events_dag.py for tasks to queue
[2026-08-13T07:26:27.451+0000] {logging_mixin.py:188} INFO - [2026-08-13T07:26:27.450+0000] {dagbag.py:545} INFO - Filling up the DagBag from /opt/airflow/dags/clickstream_clean_events_dag.py
[2026-08-13T07:26:27.469+0000] {processor.py:840} INFO - DAG(s) 'clickstream_clean_events' retrieved from /opt/airflow/dags/clickstream_clean_events_dag.py
[2026-08-13T07:26:27.498+0000] {logging_mixin.py:188} INFO - [2026-08-13T07:26:27.498+0000] {dag.py:3089} INFO - Sync 1 DAGs
[2026-08-13T07:26:27.510+0000] {logging_mixin.py:188} INFO - [2026-08-13T07:26:27.510+0000] {dag.py:3947} INFO - Setting next_dagrun for clickstream_clean_events to None, run_after=None
[2026-08-13T07:26:27.531+0000] {processor.py:183} INFO - Processing /opt/airflow/dags/clickstream_clean_events_dag.py took 0.090 seconds
[2026-08-13T07:26:57.708+0000] {processor.py:161} INFO - Started process (PID=1295) to work on /opt/airflow/dags/clickstream_clean_events_dag.py
[2026-08-13T07:26:57.710+0000] {processor.py:830} INFO - Processing file /opt/airflow/dags/clickstream_clean_events_dag.py for tasks to queue
[2026-08-13T07:26:57.713+0000] {logging_mixin.py:188} INFO - [2026-08-13T07:26:57.713+0000] {dagbag.py:545} INFO - Filling up the DagBag from /opt/airflow/dags/clickstream_clean_events_dag.py
[2026-08-13T07:26:57.730+0000] {processor.py:840} INFO - DAG(s) 'clickstream_clean_events' retrieved from /opt/airflow/dags/clickstream_clean_events_dag.py
[2026-08-13T07:26:57.757+0000] {logging_mixin.py:188} INFO - [2026-08-13T07:26:57.757+0000] {dag.py:3089} INFO - Sync 1 DAGs
[2026-08-13T07:26:57.769+0000] {logging_mixin.py:188} INFO - [2026-08-13T07:26:57.768+0000] {dag.py:3947} INFO - Setting next_dagrun for clickstream_clean_events to None, run_after=None
[2026-08-13T07:26:57.800+0000] {processor.py:183} INFO - Processing /opt/airflow/dags/clickstream_clean_events_dag.py took 0.100 seconds
[2026-08-13T07:27:27.934+0000] {processor.py:161} INFO - Started process (PID=1326) to work on /opt/airflow/dags/clickstream_clean_events_dag.py
[2026-08-13T07:27:27.936+0000] {processor.py:830} INFO - Processing file /opt/airflow/dags/clickstream_clean_events_dag.py for tasks to queue
[2026-08-13T07:27:27.939+0000] {logging_mixin.py:188} INFO - [2026-08-13T07:27:27.938+0000] {dagbag.py:545} INFO - Filling up the DagBag from /opt/airflow/dags/clickstream_clean_events_dag.py
[2026-08-13T07:27:27.955+0000] {processor.py:840} INFO - DAG(s) 'clickstream_clean_events' retrieved from /opt/airflow/dags/clickstream_clean_events_dag.py
[2026-08-13T07:27:27.985+0000] {logging_mixin.py:188} INFO - [2026-08-13T07:27:27.985+0000] {dag.py:3089} INFO - Sync 1 DAGs
[2026-08-13T07:27:27.998+0000] {logging_mixin.py:188} INFO - [2026-08-13T07:27:27.997+0000] {dag.py:3947} INFO - Setting next_dagrun for clickstream_clean_events to None, run_after=None
[2026-08-13T07:27:28.016+0000] {processor.py:183} INFO - Processing /opt/airflow/dags/clickstream_clean_events_dag.py took 0.088 seconds
[2026-08-13T07:27:58.254+0000] {processor.py:161} INFO - Started process (PID=1350) to work on /opt/airflow/dags/clickstream_clean_events_dag.py
[2026-08-13T07:27:58.256+0000] {processor.py:830} INFO - Processing file /opt/airflow/dags/clickstream_clean_events_dag.py for tasks to queue
[2026-08-13T07:27:58.259+0000] {logging_mixin.py:188} INFO - [2026-08-13T07:27:58.258+0000] {dagbag.py:545} INFO - Filling up the DagBag from /opt/airflow/dags/clickstream_clean_events_dag.py
[2026-08-13T07:27:58.273+0000] {processor.py:840} INFO - DAG(s) 'clickstream_clean_events' retrieved from /opt/airflow/dags/clickstream_clean_events_dag.py
[2026-08-13T07:27:58.300+0000] {logging_mixin.py:188} INFO - [2026-08-13T07:27:58.300+0000] {dag.py:3089} INFO - Sync 1 DAGs
[2026-08-13T07:27:58.312+0000] {logging_mixin.py:188} INFO - [2026-08-13T07:27:58.312+0000] {dag.py:3947} INFO - Setting next_dagrun for clickstream_clean_events to None, run_after=None
[2026-08-13T07:27:58.330+0000] {processor.py:183} INFO - Processing /opt/airflow/dags/clickstream_clean_events_dag.py took 0.083 seconds
[2026-08-13T07:28:28.494+0000] {processor.py:161} INFO - Started process (PID=1381) to work on /opt/airflow/dags/clickstream_clean_events_dag.py
[2026-08-13T07:28:28.496+0000] {processor.py:830} INFO - Processing file /opt/airflow/dags/clickstream_clean_events_dag.py for tasks to queue
[2026-08-13T07:28:28.499+0000] {logging_mixin.py:188} INFO - [2026-08-13T07:28:28.499+0000] {dagbag.py:545} INFO - Filling up the DagBag from /opt/airflow/dags/clickstream_clean_events_dag.py
[2026-08-13T07:28:28.516+0000] {processor.py:840} INFO - DAG(s) 'clickstream_clean_events' retrieved from /opt/airflow/dags/clickstream_clean_events_dag.py
[2026-08-13T07:28:28.547+0000] {logging_mixin.py:188} INFO - [2026-08-13T07:28:28.547+0000] {dag.py:3089} INFO - Sync 1 DAGs
[2026-08-13T07:28:28.561+0000] {logging_mixin.py:188} INFO - [2026-08-13T07:28:28.560+0000] {dag.py:3947} INFO - Setting next_dagrun for clickstream_clean_events to None, run_after=None
[2026-08-13T07:28:28.582+0000] {processor.py:183} INFO - Processing /opt/airflow/dags/clickstream_clean_events_dag.py took 0.097 seconds
[2026-08-13T07:28:58.764+0000] {processor.py:161} INFO - Started process (PID=1405) to work on /opt/airflow/dags/clickstream_clean_events_dag.py
[2026-08-13T07:28:58.765+0000] {processor.py:830} INFO - Processing file /opt/airflow/dags/clickstream_clean_events_dag.py for tasks to queue
[2026-08-13T07:28:58.768+0000] {logging_mixin.py:188} INFO - [2026-08-13T07:28:58.767+0000] {dagbag.py:545} INFO - Filling up the DagBag from /opt/airflow/dags/clickstream_clean_events_dag.py
[2026-08-13T07:28:58.783+0000] {processor.py:840} INFO - DAG(s) 'clickstream_clean_events' retrieved from /opt/airflow/dags/clickstream_clean_events_dag.py
[2026-08-13T07:28:58.812+0000] {logging_mixin.py:188} INFO - [2026-08-13T07:28:58.812+0000] {dag.py:3089} INFO - Sync 1 DAGs
[2026-08-13T07:28:58.825+0000] {logging_mixin.py:188} INFO - [2026-08-13T07:28:58.825+0000] {dag.py:3947} INFO - Setting next_dagrun for clickstream_clean_events to None, run_after=None
[2026-08-13T07:28:58.844+0000] {processor.py:183} INFO - Processing /opt/airflow/dags/clickstream_clean_events_dag.py took 0.086 seconds
[2026-08-13T07:29:29.093+0000] {processor.py:161} INFO - Started process (PID=1436) to work on /opt/airflow/dags/clickstream_clean_events_dag.py
[2026-08-13T07:29:29.094+0000] {processor.py:830} INFO - Processing file /opt/airflow/dags/clickstream_clean_events_dag.py for tasks to queue
[2026-08-13T07:29:29.096+0000] {logging_mixin.py:188} INFO - [2026-08-13T07:29:29.096+0000] {dagbag.py:545} INFO - Filling up the DagBag from /opt/airflow/dags/clickstream_clean_events_dag.py
[2026-08-13T07:29:29.111+0000] {processor.py:840} INFO - DAG(s) 'clickstream_clean_events' retrieved from /opt/airflow/dags/clickstream_clean_events_dag.py
[2026-08-13T07:29:29.142+0000] {logging_mixin.py:188} INFO - [2026-08-13T07:29:29.142+0000] {dag.py:3089} INFO - Sync 1 DAGs
[2026-08-13T07:29:29.153+0000] {logging_mixin.py:188} INFO - [2026-08-13T07:29:29.152+0000] {dag.py:3947} INFO - Setting next_dagrun for clickstream_clean_events to None, run_after=None
[2026-08-13T07:29:29.170+0000] {processor.py:183} INFO - Processing /opt/airflow/dags/clickstream_clean_events_dag.py took 0.084 seconds
[2026-08-13T07:29:59.337+0000] {processor.py:161} INFO - Started process (PID=1460) to work on /opt/airflow/dags/clickstream_clean_events_dag.py
[2026-08-13T07:29:59.338+0000] {processor.py:830} INFO - Processing file /opt/airflow/dags/clickstream_clean_events_dag.py for tasks to queue
[2026-08-13T07:29:59.339+0000] {logging_mixin.py:188} INFO - [2026-08-13T07:29:59.339+0000] {dagbag.py:545} INFO - Filling up the DagBag from /opt/airflow/dags/clickstream_clean_events_dag.py
[2026-08-13T07:29:59.353+0000] {processor.py:840} INFO - DAG(s) 'clickstream_clean_events' retrieved from /opt/airflow/dags/clickstream_clean_events_dag.py
[2026-08-13T07:29:59.377+0000] {logging_mixin.py:188} INFO - [2026-08-13T07:29:59.377+0000] {dag.py:3089} INFO - Sync 1 DAGs
[2026-08-13T07:29:59.388+0000] {logging_mixin.py:188} INFO - [2026-08-13T07:29:59.388+0000] {dag.py:3947} INFO - Setting next_dagrun for clickstream_clean_events to None, run_after=None
[2026-08-13T07:29:59.406+0000] {processor.py:183} INFO - Processing /opt/airflow/dags/clickstream_clean_events_dag.py took 0.075 seconds
[2026-08-13T07:30:29.605+0000] {processor.py:161} INFO - Started process (PID=1491) to work on /opt/airflow/dags/clickstream_clean_events_dag.py
[2026-08-13T07:30:29.606+0000] {processor.py:830} INFO - Processing file /opt/airflow/dags/clickstream_clean_events_dag.py for tasks to queue
[2026-08-13T07:30:29.608+0000] {logging_mixin.py:188} INFO - [2026-08-13T07:30:29.608+0000] {dagbag.py:545} INFO - Filling up the DagBag from /opt/airflow/dags/clickstream_clean_events_dag.py
[2026-08-13T07:30:29.622+0000] {processor.py:840} INFO - DAG(s) 'clickstream_clean_events' retrieved from /opt/airflow/dags/clickstream_clean_events_dag.py
[2026-08-13T07:30:29.647+0000] {logging_mixin.py:188} INFO - [2026-08-13T07:30:29.647+0000] {dag.py:3089} INFO - Sync 1 DAGs
[2026-08-13T07:30:29.659+0000] {logging_mixin.py:188} INFO - [2026-08-13T07:30:29.659+0000] {dag.py:3947} INFO - Setting next_dagrun for clickstream_clean_events to None, run_after=None
[2026-08-13T07:30:29.678+0000] {processor.py:183} INFO - Processing /opt/airflow/dags/clickstream_clean_events_dag.py took 0.078 seconds
[2026-08-13T07:30:59.951+0000] {processor.py:161} INFO - Started process (PID=1515) to work on /opt/airflow/dags/clickstream_clean_events_dag.py
[2026-08-13T07:30:59.953+0000] {processor.py:830} INFO - Processing file /opt/airflow/dags/clickstream_clean_events_dag.py for tasks to queue
[2026-08-13T07:30:59.955+0000] {logging_mixin.py:188} INFO - [2026-08-13T07:30:59.955+0000] {dagbag.py:545} INFO - Filling up the DagBag from /opt/airflow/dags/clickstream_clean_events_dag.py
[2026-08-13T07:30:59.972+0000] {processor.py:840} INFO - DAG(s) 'clickstream_clean_events' retrieved from /opt/airflow/dags/clickstream_clean_events_dag.py
[2026-08-13T07:31:00.008+0000] {logging_mixin.py:188} INFO - [2026-08-13T07:31:00.007+0000] {dag.py:3089} INFO - Sync 1 DAGs
[2026-08-13T07:31:00.022+0000] {logging_mixin.py:188} INFO - [2026-08-13T07:31:00.021+0000] {dag.py:3947} INFO - Setting next_dagrun for clickstream_clean_events to None, run_after=None
[2026-08-13T07:31:00.042+0000] {processor.py:183} INFO - Processing /opt/airflow/dags/clickstream_clean_events_dag.py took 0.100 seconds
[2026-08-13T07:31:30.209+0000] {processor.py:161} INFO - Started process (PID=1546) to work on /opt/airflow/dags/clickstream_clean_events_dag.py
[2026-08-13T07:31:30.210+0000] {processor.py:830} INFO - Processing file /opt/airflow/dags/clickstream_clean_events_dag.py for tasks to queue
[2026-08-13T07:31:30.212+0000] {logging_mixin.py:188} INFO - [2026-08-13T07:31:30.211+0000] {dagbag.py:545} INFO - Filling up the DagBag from /opt/airflow/dags/clickstream_clean_events_dag.py
[2026-08-13T07:31:30.225+0000] {processor.py:840} INFO - DAG(s) 'clickstream_clean_events' retrieved from /opt/airflow/dags/clickstream_clean_events_dag.py
[2026-08-13T07:31:30.251+0000] {logging_mixin.py:188} INFO - [2026-08-13T07:31:30.251+0000] {dag.py:3089} INFO - Sync 1 DAGs
[2026-08-13T07:31:30.263+0000] {logging_mixin.py:188} INFO - [2026-08-13T07:31:30.262+0000] {dag.py:3947} INFO - Setting next_dagrun for clickstream_clean_events to None, run_after=None
[2026-08-13T07:31:30.282+0000] {processor.py:183} INFO - Processing /opt/airflow/dags/clickstream_clean_events_dag.py took 0.078 seconds
[2026-08-13T07:32:00.547+0000] {processor.py:161} INFO - Started process (PID=1570) to work on /opt/airflow/dags/clickstream_clean_events_dag.py
[2026-08-13T07:32:00.548+0000] {processor.py:830} INFO - Processing file /opt/airflow/dags/clickstream_clean_events_dag.py for tasks to queue
[2026-08-13T07:32:00.550+0000] {logging_mixin.py:188} INFO - [2026-08-13T07:32:00.550+0000] {dagbag.py:545} INFO - Filling up the DagBag from /opt/airflow/dags/clickstream_clean_events_dag.py
[2026-08-13T07:32:00.563+0000] {processor.py:840} INFO - DAG(s) 'clickstream_clean_events' retrieved from /opt/airflow/dags/clickstream_clean_events_dag.py
[2026-08-13T07:32:00.588+0000] {logging_mixin.py:188} INFO - [2026-08-13T07:32:00.588+0000] {dag.py:3089} INFO - Sync 1 DAGs
[2026-08-13T07:32:00.600+0000] {logging_mixin.py:188} INFO - [2026-08-13T07:32:00.599+0000] {dag.py:3947} INFO - Setting next_dagrun for clickstream_clean_events to None, run_after=None
[2026-08-13T07:32:00.616+0000] {processor.py:183} INFO - Processing /opt/airflow/dags/clickstream_clean_events_dag.py took 0.075 seconds
[2026-08-13T07:32:30.883+0000] {processor.py:161} INFO - Started process (PID=1602) to work on /opt/airflow/dags/clickstream_clean_events_dag.py
[2026-08-13T07:32:30.884+0000] {processor.py:830} INFO - Processing file /opt/airflow/dags/clickstream_clean_events_dag.py for tasks to queue
[2026-08-13T07:32:30.887+0000] {logging_mixin.py:188} INFO - [2026-08-13T07:32:30.886+0000] {dagbag.py:545} INFO - Filling up the DagBag from /opt/airflow/dags/clickstream_clean_events_dag.py
[2026-08-13T07:32:30.901+0000] {processor.py:840} INFO - DAG(s) 'clickstream_clean_events' retrieved from /opt/airflow/dags/clickstream_clean_events_dag.py
[2026-08-13T07:32:30.927+0000] {logging_mixin.py:188} INFO - [2026-08-13T07:32:30.927+0000] {dag.py:3089} INFO - Sync 1 DAGs
[2026-08-13T07:32:30.940+0000] {logging_mixin.py:188} INFO - [2026-08-13T07:32:30.939+0000] {dag.py:3947} INFO - Setting next_dagrun for clickstream_clean_events to None, run_after=None
[2026-08-13T07:32:30.958+0000] {processor.py:183} INFO - Processing /opt/airflow/dags/clickstream_clean_events_dag.py took 0.082 seconds
[2026-08-13T07:33:01.208+0000] {processor.py:161} INFO - Started process (PID=1626) to work on /opt/airflow/dags/clickstream_clean_events_dag.py
[2026-08-13T07:33:01.209+0000] {processor.py:830} INFO - Processing file /opt/airflow/dags/clickstream_clean_events_dag.py for tasks to queue
[2026-08-13T07:33:01.211+0000] {logging_mixin.py:188} INFO - [2026-08-13T07:33:01.211+0000] {dagbag.py:545} INFO - Filling up the DagBag from /opt/airflow/dags/clickstream_clean_events_dag.py
[2026-08-13T07:33:01.227+0000] {processor.py:840} INFO - DAG(s) 'clickstream_clean_events' retrieved from /opt/airflow/dags/clickstream_clean_events_dag.py
[2026-08-13T07:33:01.255+0000] {logging_mixin.py:188} INFO - [2026-08-13T07:33:01.254+0000] {dag.py:3089} INFO - Sync 1 DAGs
[2026-08-13T07:33:01.271+0000] {logging_mixin.py:188} INFO - [2026-08-13T07:33:01.271+0000] {dag.py:3947} INFO - Setting next_dagrun for clickstream_clean_events to None, run_after=None
[2026-08-13T07:33:01.294+0000] {processor.py:183} INFO - Processing /opt/airflow/dags/clickstream_clean_events_dag.py took 0.093 seconds
[2026-08-13T07:33:31.445+0000] {processor.py:161} INFO - Started process (PID=1657) to work on /opt/airflow/dags/clickstream_clean_events_dag.py
[2026-08-13T07:33:31.446+0000] {processor.py:830} INFO - Processing file /opt/airflow/dags/clickstream_clean_events_dag.py for tasks to queue
[2026-08-13T07:33:31.448+0000] {logging_mixin.py:188} INFO - [2026-08-13T07:33:31.448+0000] {dagbag.py:545} INFO - Filling up the DagBag from /opt/airflow/dags/clickstream_clean_events_dag.py
[2026-08-13T07:33:31.462+0000] {processor.py:840} INFO - DAG(s) 'clickstream_clean_events' retrieved from /opt/airflow/dags/clickstream_clean_events_dag.py
[2026-08-13T07:33:31.490+0000] {logging_mixin.py:188} INFO - [2026-08-13T07:33:31.490+0000] {dag.py:3089} INFO - Sync 1 DAGs
[2026-08-13T07:33:31.502+0000] {logging_mixin.py:188} INFO - [2026-08-13T07:33:31.502+0000] {dag.py:3947} INFO - Setting next_dagrun for clickstream_clean_events to None, run_after=None
[2026-08-13T07:33:31.522+0000] {processor.py:183} INFO - Processing /opt/airflow/dags/clickstream_clean_events_dag.py took 0.081 seconds
[2026-08-13T07:34:01.745+0000] {processor.py:161} INFO - Started process (PID=1681) to work on /opt/airflow/dags/clickstream_clean_events_dag.py
[2026-08-13T07:34:01.746+0000] {processor.py:830} INFO - Processing file /opt/airflow/dags/clickstream_clean_events_dag.py for tasks to queue
[2026-08-13T07:34:01.748+0000] {logging_mixin.py:188} INFO - [2026-08-13T07:34:01.748+0000] {dagbag.py:545} INFO - Filling up the DagBag from /opt/airflow/dags/clickstream_clean_events_dag.py
[2026-08-13T07:34:01.764+0000] {processor.py:840} INFO - DAG(s) 'clickstream_clean_events' retrieved from /opt/airflow/dags/clickstream_clean_events_dag.py
[2026-08-13T07:34:01.791+0000] {logging_mixin.py:188} INFO - [2026-08-13T07:34:01.791+0000] {dag.py:3089} INFO - Sync 1 DAGs
[2026-08-13T07:34:01.804+0000] {logging_mixin.py:188} INFO - [2026-08-13T07:34:01.803+0000] {dag.py:3947} INFO - Setting next_dagrun for clickstream_clean_events to None, run_after=None
[2026-08-13T07:34:01.823+0000] {processor.py:183} INFO - Processing /opt/airflow/dags/clickstream_clean_events_dag.py took 0.086 seconds
[2026-08-13T07:34:32.072+0000] {processor.py:161} INFO - Started process (PID=1712) to work on /opt/airflow/dags/clickstream_clean_events_dag.py
[2026-08-13T07:34:32.073+0000] {processor.py:830} INFO - Processing file /opt/airflow/dags/clickstream_clean_events_dag.py for tasks to queue
[2026-08-13T07:34:32.075+0000] {logging_mixin.py:188} INFO - [2026-08-13T07:34:32.075+0000] {dagbag.py:545} INFO - Filling up the DagBag from /opt/airflow/dags/clickstream_clean_events_dag.py
[2026-08-13T07:34:32.089+0000] {processor.py:840} INFO - DAG(s) 'clickstream_clean_events' retrieved from /opt/airflow/dags/clickstream_clean_events_dag.py
[2026-08-13T07:34:32.115+0000] {logging_mixin.py:188} INFO - [2026-08-13T07:34:32.115+0000] {dag.py:3089} INFO - Sync 1 DAGs
[2026-08-13T07:34:32.128+0000] {logging_mixin.py:188} INFO - [2026-08-13T07:34:32.127+0000] {dag.py:3947} INFO - Setting next_dagrun for clickstream_clean_events to None, run_after=None
[2026-08-13T07:34:32.147+0000] {processor.py:183} INFO - Processing /opt/airflow/dags/clickstream_clean_events_dag.py took 0.084 seconds
[2026-08-13T07:35:02.298+0000] {processor.py:161} INFO - Started process (PID=1736) to work on /opt/airflow/dags/clickstream_clean_events_dag.py
[2026-08-13T07:35:02.299+0000] {processor.py:830} INFO - Processing file /opt/airflow/dags/clickstream_clean_events_dag.py for tasks to queue
[2026-08-13T07:35:02.301+0000] {logging_mixin.py:188} INFO - [2026-08-13T07:35:02.301+0000] {dagbag.py:545} INFO - Filling up the DagBag from /opt/airflow/dags/clickstream_clean_events_dag.py
[2026-08-13T07:35:02.315+0000] {processor.py:840} INFO - DAG(s) 'clickstream_clean_events' retrieved from /opt/airflow/dags/clickstream_clean_events_dag.py
[2026-08-13T07:35:02.344+0000] {logging_mixin.py:188} INFO - [2026-08-13T07:35:02.344+0000] {dag.py:3089} INFO - Sync 1 DAGs
[2026-08-13T07:35:02.357+0000] {logging_mixin.py:188} INFO - [2026-08-13T07:35:02.356+0000] {dag.py:3947} INFO - Setting next_dagrun for clickstream_clean_events to None, run_after=None
[2026-08-13T07:35:02.378+0000] {processor.py:183} INFO - Processing /opt/airflow/dags/clickstream_clean_events_dag.py took 0.085 seconds
[2026-08-13T07:35:32.591+0000] {processor.py:161} INFO - Started process (PID=1767) to work on /opt/airflow/dags/clickstream_clean_events_dag.py
[2026-08-13T07:35:32.593+0000] {processor.py:830} INFO - Processing file /opt/airflow/dags/clickstream_clean_events_dag.py for tasks to queue
[2026-08-13T07:35:32.595+0000] {logging_mixin.py:188} INFO - [2026-08-13T07:35:32.595+0000] {dagbag.py:545} INFO - Filling up the DagBag from /opt/airflow/dags/clickstream_clean_events_dag.py
[2026-08-13T07:35:32.608+0000] {processor.py:840} INFO - DAG(s) 'clickstream_clean_events' retrieved from /opt/airflow/dags/clickstream_clean_events_dag.py
[2026-08-13T07:35:32.633+0000] {logging_mixin.py:188} INFO - [2026-08-13T07:35:32.633+0000] {dag.py:3089} INFO - Sync 1 DAGs
[2026-08-13T07:35:32.645+0000] {logging_mixin.py:188} INFO - [2026-08-13T07:35:32.645+0000] {dag.py:3947} INFO - Setting next_dagrun for clickstream_clean_events to None, run_after=None
[2026-08-13T07:35:32.664+0000] {processor.py:183} INFO - Processing /opt/airflow/dags/clickstream_clean_events_dag.py took 0.078 seconds
[2026-08-13T07:36:02.926+0000] {processor.py:161} INFO - Started process (PID=1791) to work on /opt/airflow/dags/clickstream_clean_events_dag.py
[2026-08-13T07:36:02.927+0000] {processor.py:830} INFO - Processing file /opt/airflow/dags/clickstream_clean_events_dag.py for tasks to queue
[2026-08-13T07:36:02.929+0000] {logging_mixin.py:188} INFO - [2026-08-13T07:36:02.929+0000] {dagbag.py:545} INFO - Filling up the DagBag from /opt/airflow/dags/clickstream_clean_events_dag.py
[2026-08-13T07:36:02.943+0000] {processor.py:840} INFO - DAG(s) 'clickstream_clean_events' retrieved from /opt/airflow/dags/clickstream_clean_events_dag.py
[2026-08-13T07:36:02.967+0000] {logging_mixin.py:188} INFO - [2026-08-13T07:36:02.967+0000] {dag.py:3089} INFO - Sync 1 DAGs
[2026-08-13T07:36:02.979+0000] {logging_mixin.py:188} INFO - [2026-08-13T07:36:02.978+0000] {dag.py:3947} INFO - Setting next_dagrun for clickstream_clean_events to None, run_after=None
[2026-08-13T07:36:02.997+0000] {processor.py:183} INFO - Processing /opt/airflow/dags/clickstream_clean_events_dag.py took 0.078 seconds
[2026-08-13T07:36:33.177+0000] {processor.py:161} INFO - Started process (PID=1822) to work on /opt/airflow/dags/clickstream_clean_events_dag.py
[2026-08-13T07:36:33.179+0000] {processor.py:830} INFO - Processing file /opt/airflow/dags/clickstream_clean_events_dag.py for tasks to queue
[2026-08-13T07:36:33.184+0000] {logging_mixin.py:188} INFO - [2026-08-13T07:36:33.184+0000] {dagbag.py:545} INFO - Filling up the DagBag from /opt/airflow/dags/clickstream_clean_events_dag.py
[2026-08-13T07:36:33.199+0000] {processor.py:840} INFO - DAG(s) 'clickstream_clean_events' retrieved from /opt/airflow/dags/clickstream_clean_events_dag.py
[2026-08-13T07:36:33.226+0000] {logging_mixin.py:188} INFO - [2026-08-13T07:36:33.226+0000] {dag.py:3089} INFO - Sync 1 DAGs
[2026-08-13T07:36:33.238+0000] {logging_mixin.py:188} INFO - [2026-08-13T07:36:33.238+0000] {dag.py:3947} INFO - Setting next_dagrun for clickstream_clean_events to None, run_after=None
[2026-08-13T07:36:33.261+0000] {processor.py:183} INFO - Processing /opt/airflow/dags/clickstream_clean_events_dag.py took 0.090 seconds
[2026-08-13T07:37:03.480+0000] {processor.py:161} INFO - Started process (PID=1846) to work on /opt/airflow/dags/clickstream_clean_events_dag.py
[2026-08-13T07:37:03.482+0000] {processor.py:830} INFO - Processing file /opt/airflow/dags/clickstream_clean_events_dag.py for tasks to queue
[2026-08-13T07:37:03.485+0000] {logging_mixin.py:188} INFO - [2026-08-13T07:37:03.485+0000] {dagbag.py:545} INFO - Filling up the DagBag from /opt/airflow/dags/clickstream_clean_events_dag.py
[2026-08-13T07:37:03.501+0000] {processor.py:840} INFO - DAG(s) 'clickstream_clean_events' retrieved from /opt/airflow/dags/clickstream_clean_events_dag.py
[2026-08-13T07:37:03.530+0000] {logging_mixin.py:188} INFO - [2026-08-13T07:37:03.530+0000] {dag.py:3089} INFO - Sync 1 DAGs
[2026-08-13T07:37:03.543+0000] {logging_mixin.py:188} INFO - [2026-08-13T07:37:03.543+0000] {dag.py:3947} INFO - Setting next_dagrun for clickstream_clean_events to None, run_after=None
[2026-08-13T07:37:03.563+0000] {processor.py:183} INFO - Processing /opt/airflow/dags/clickstream_clean_events_dag.py took 0.090 seconds
[2026-08-13T07:37:33.693+0000] {processor.py:161} INFO - Started process (PID=1878) to work on /opt/airflow/dags/clickstream_clean_events_dag.py
[2026-08-13T07:37:33.694+0000] {processor.py:830} INFO - Processing file /opt/airflow/dags/clickstream_clean_events_dag.py for tasks to queue
[2026-08-13T07:37:33.697+0000] {logging_mixin.py:188} INFO - [2026-08-13T07:37:33.697+0000] {dagbag.py:545} INFO - Filling up the DagBag from /opt/airflow/dags/clickstream_clean_events_dag.py
[2026-08-13T07:37:33.710+0000] {processor.py:840} INFO - DAG(s) 'clickstream_clean_events' retrieved from /opt/airflow/dags/clickstream_clean_events_dag.py
[2026-08-13T07:37:33.734+0000] {logging_mixin.py:188} INFO - [2026-08-13T07:37:33.734+0000] {dag.py:3089} INFO - Sync 1 DAGs
[2026-08-13T07:37:33.746+0000] {logging_mixin.py:188} INFO - [2026-08-13T07:37:33.745+0000] {dag.py:3947} INFO - Setting next_dagrun for clickstream_clean_events to None, run_after=None
[2026-08-13T07:37:33.765+0000] {processor.py:183} INFO - Processing /opt/airflow/dags/clickstream_clean_events_dag.py took 0.076 seconds
[2026-08-13T07:38:04.032+0000] {processor.py:161} INFO - Started process (PID=1902) to work on /opt/airflow/dags/clickstream_clean_events_dag.py
[2026-08-13T07:38:04.033+0000] {processor.py:830} INFO - Processing file /opt/airflow/dags/clickstream_clean_events_dag.py for tasks to queue
[2026-08-13T07:38:04.035+0000] {logging_mixin.py:188} INFO - [2026-08-13T07:38:04.035+0000] {dagbag.py:545} INFO - Filling up the DagBag from /opt/airflow/dags/clickstream_clean_events_dag.py
[2026-08-13T07:38:04.048+0000] {processor.py:840} INFO - DAG(s) 'clickstream_clean_events' retrieved from /opt/airflow/dags/clickstream_clean_events_dag.py
[2026-08-13T07:38:04.072+0000] {logging_mixin.py:188} INFO - [2026-08-13T07:38:04.072+0000] {dag.py:3089} INFO - Sync 1 DAGs
[2026-08-13T07:38:04.083+0000] {logging_mixin.py:188} INFO - [2026-08-13T07:38:04.083+0000] {dag.py:3947} INFO - Setting next_dagrun for clickstream_clean_events to None, run_after=None
[2026-08-13T07:38:04.102+0000] {processor.py:183} INFO - Processing /opt/airflow/dags/clickstream_clean_events_dag.py took 0.075 seconds
[2026-08-13T07:38:34.353+0000] {processor.py:161} INFO - Started process (PID=1933) to work on /opt/airflow/dags/clickstream_clean_events_dag.py
[2026-08-13T07:38:34.355+0000] {processor.py:830} INFO - Processing file /opt/airflow/dags/clickstream_clean_events_dag.py for tasks to queue
[2026-08-13T07:38:34.357+0000] {logging_mixin.py:188} INFO - [2026-08-13T07:38:34.357+0000] {dagbag.py:545} INFO - Filling up the DagBag from /opt/airflow/dags/clickstream_clean_events_dag.py
[2026-08-13T07:38:34.370+0000] {processor.py:840} INFO - DAG(s) 'clickstream_clean_events' retrieved from /opt/airflow/dags/clickstream_clean_events_dag.py
[2026-08-13T07:38:34.397+0000] {logging_mixin.py:188} INFO - [2026-08-13T07:38:34.397+0000] {dag.py:3089} INFO - Sync 1 DAGs
[2026-08-13T07:38:34.409+0000] {logging_mixin.py:188} INFO - [2026-08-13T07:38:34.409+0000] {dag.py:3947} INFO - Setting next_dagrun for clickstream_clean_events to None, run_after=None
[2026-08-13T07:38:34.429+0000] {processor.py:183} INFO - Processing /opt/airflow/dags/clickstream_clean_events_dag.py took 0.083 seconds
[2026-08-13T07:39:04.590+0000] {processor.py:161} INFO - Started process (PID=1957) to work on /opt/airflow/dags/clickstream_clean_events_dag.py
[2026-08-13T07:39:04.591+0000] {processor.py:830} INFO - Processing file /opt/airflow/dags/clickstream_clean_events_dag.py for tasks to queue
[2026-08-13T07:39:04.594+0000] {logging_mixin.py:188} INFO - [2026-08-13T07:39:04.593+0000] {dagbag.py:545} INFO - Filling up the DagBag from /opt/airflow/dags/clickstream_clean_events_dag.py
[2026-08-13T07:39:04.608+0000] {processor.py:840} INFO - DAG(s) 'clickstream_clean_events' retrieved from /opt/airflow/dags/clickstream_clean_events_dag.py
[2026-08-13T07:39:04.639+0000] {logging_mixin.py:188} INFO - [2026-08-13T07:39:04.638+0000] {dag.py:3089} INFO - Sync 1 DAGs
[2026-08-13T07:39:04.653+0000] {logging_mixin.py:188} INFO - [2026-08-13T07:39:04.653+0000] {dag.py:3947} INFO - Setting next_dagrun for clickstream_clean_events to None, run_after=None
[2026-08-13T07:39:04.674+0000] {processor.py:183} INFO - Processing /opt/airflow/dags/clickstream_clean_events_dag.py took 0.090 seconds
[2026-08-13T07:39:34.843+0000] {processor.py:161} INFO - Started process (PID=1989) to work on /opt/airflow/dags/clickstream_clean_events_dag.py
[2026-08-13T07:39:34.844+0000] {processor.py:830} INFO - Processing file /opt/airflow/dags/clickstream_clean_events_dag.py for tasks to queue
[2026-08-13T07:39:34.846+0000] {logging_mixin.py:188} INFO - [2026-08-13T07:39:34.845+0000] {dagbag.py:545} INFO - Filling up the DagBag from /opt/airflow/dags/clickstream_clean_events_dag.py
[2026-08-13T07:39:34.861+0000] {processor.py:840} INFO - DAG(s) 'clickstream_clean_events' retrieved from /opt/airflow/dags/clickstream_clean_events_dag.py
[2026-08-13T07:39:34.889+0000] {logging_mixin.py:188} INFO - [2026-08-13T07:39:34.889+0000] {dag.py:3089} INFO - Sync 1 DAGs
[2026-08-13T07:39:34.903+0000] {logging_mixin.py:188} INFO - [2026-08-13T07:39:34.903+0000] {dag.py:3947} INFO - Setting next_dagrun for clickstream_clean_events to None, run_after=None
[2026-08-13T07:39:34.922+0000] {processor.py:183} INFO - Processing /opt/airflow/dags/clickstream_clean_events_dag.py took 0.087 seconds
[2026-08-13T07:40:05.085+0000] {processor.py:161} INFO - Started process (PID=2013) to work on /opt/airflow/dags/clickstream_clean_events_dag.py
[2026-08-13T07:40:05.086+0000] {processor.py:830} INFO - Processing file /opt/airflow/dags/clickstream_clean_events_dag.py for tasks to queue
[2026-08-13T07:40:05.088+0000] {logging_mixin.py:188} INFO - [2026-08-13T07:40:05.088+0000] {dagbag.py:545} INFO - Filling up the DagBag from /opt/airflow/dags/clickstream_clean_events_dag.py
[2026-08-13T07:40:05.103+0000] {processor.py:840} INFO - DAG(s) 'clickstream_clean_events' retrieved from /opt/airflow/dags/clickstream_clean_events_dag.py
[2026-08-13T07:40:05.128+0000] {logging_mixin.py:188} INFO - [2026-08-13T07:40:05.128+0000] {dag.py:3089} INFO - Sync 1 DAGs
[2026-08-13T07:40:05.140+0000] {logging_mixin.py:188} INFO - [2026-08-13T07:40:05.139+0000] {dag.py:3947} INFO - Setting next_dagrun for clickstream_clean_events to None, run_after=None
[2026-08-13T07:40:05.159+0000] {processor.py:183} INFO - Processing /opt/airflow/dags/clickstream_clean_events_dag.py took 0.081 seconds
[2026-08-13T07:40:35.310+0000] {processor.py:161} INFO - Started process (PID=2045) to work on /opt/airflow/dags/clickstream_clean_events_dag.py
[2026-08-13T07:40:35.311+0000] {processor.py:830} INFO - Processing file /opt/airflow/dags/clickstream_clean_events_dag.py for tasks to queue
[2026-08-13T07:40:35.313+0000] {logging_mixin.py:188} INFO - [2026-08-13T07:40:35.312+0000] {dagbag.py:545} INFO - Filling up the DagBag from /opt/airflow/dags/clickstream_clean_events_dag.py
[2026-08-13T07:40:35.328+0000] {processor.py:840} INFO - DAG(s) 'clickstream_clean_events' retrieved from /opt/airflow/dags/clickstream_clean_events_dag.py
[2026-08-13T07:40:35.353+0000] {logging_mixin.py:188} INFO - [2026-08-13T07:40:35.353+0000] {dag.py:3089} INFO - Sync 1 DAGs
[2026-08-13T07:40:35.364+0000] {logging_mixin.py:188} INFO - [2026-08-13T07:40:35.364+0000] {dag.py:3947} INFO - Setting next_dagrun for clickstream_clean_events to None, run_after=None
[2026-08-13T07:40:35.382+0000] {processor.py:183} INFO - Processing /opt/airflow/dags/clickstream_clean_events_dag.py took 0.080 seconds
[2026-08-13T07:41:05.587+0000] {processor.py:161} INFO - Started process (PID=2069) to work on /opt/airflow/dags/clickstream_clean_events_dag.py
[2026-08-13T07:41:05.588+0000] {processor.py:830} INFO - Processing file /opt/airflow/dags/clickstream_clean_events_dag.py for tasks to queue
[2026-08-13T07:41:05.591+0000] {logging_mixin.py:188} INFO - [2026-08-13T07:41:05.591+0000] {dagbag.py:545} INFO - Filling up the DagBag from /opt/airflow/dags/clickstream_clean_events_dag.py
[2026-08-13T07:41:05.606+0000] {processor.py:840} INFO - DAG(s) 'clickstream_clean_events' retrieved from /opt/airflow/dags/clickstream_clean_events_dag.py
[2026-08-13T07:41:05.633+0000] {logging_mixin.py:188} INFO - [2026-08-13T07:41:05.633+0000] {dag.py:3089} INFO - Sync 1 DAGs
[2026-08-13T07:41:05.645+0000] {logging_mixin.py:188} INFO - [2026-08-13T07:41:05.645+0000] {dag.py:3947} INFO - Setting next_dagrun for clickstream_clean_events to None, run_after=None
[2026-08-13T07:41:05.665+0000] {processor.py:183} INFO - Processing /opt/airflow/dags/clickstream_clean_events_dag.py took 0.085 seconds
[2026-08-13T07:41:35.921+0000] {processor.py:161} INFO - Started process (PID=2100) to work on /opt/airflow/dags/clickstream_clean_events_dag.py
[2026-08-13T07:41:35.923+0000] {processor.py:830} INFO - Processing file /opt/airflow/dags/clickstream_clean_events_dag.py for tasks to queue
[2026-08-13T07:41:35.925+0000] {logging_mixin.py:188} INFO - [2026-08-13T07:41:35.925+0000] {dagbag.py:545} INFO - Filling up the DagBag from /opt/airflow/dags/clickstream_clean_events_dag.py
[2026-08-13T07:41:35.940+0000] {processor.py:840} INFO - DAG(s) 'clickstream_clean_events' retrieved from /opt/airflow/dags/clickstream_clean_events_dag.py
[2026-08-13T07:41:35.970+0000] {logging_mixin.py:188} INFO - [2026-08-13T07:41:35.970+0000] {dag.py:3089} INFO - Sync 1 DAGs
[2026-08-13T07:41:35.982+0000] {logging_mixin.py:188} INFO - [2026-08-13T07:41:35.982+0000] {dag.py:3947} INFO - Setting next_dagrun for clickstream_clean_events to None, run_after=None
[2026-08-13T07:41:36.001+0000] {processor.py:183} INFO - Processing /opt/airflow/dags/clickstream_clean_events_dag.py took 0.087 seconds
[2026-08-13T07:42:06.135+0000] {processor.py:161} INFO - Started process (PID=2124) to work on /opt/airflow/dags/clickstream_clean_events_dag.py
[2026-08-13T07:42:06.135+0000] {processor.py:830} INFO - Processing file /opt/airflow/dags/clickstream_clean_events_dag.py for tasks to queue
[2026-08-13T07:42:06.137+0000] {logging_mixin.py:188} INFO - [2026-08-13T07:42:06.137+0000] {dagbag.py:545} INFO - Filling up the DagBag from /opt/airflow/dags/clickstream_clean_events_dag.py
[2026-08-13T07:42:06.150+0000] {processor.py:840} INFO - DAG(s) 'clickstream_clean_events' retrieved from /opt/airflow/dags/clickstream_clean_events_dag.py
[2026-08-13T07:42:06.176+0000] {logging_mixin.py:188} INFO - [2026-08-13T07:42:06.176+0000] {dag.py:3089} INFO - Sync 1 DAGs
[2026-08-13T07:42:06.190+0000] {logging_mixin.py:188} INFO - [2026-08-13T07:42:06.189+0000] {dag.py:3947} INFO - Setting next_dagrun for clickstream_clean_events to None, run_after=None
[2026-08-13T07:42:06.209+0000] {processor.py:183} INFO - Processing /opt/airflow/dags/clickstream_clean_events_dag.py took 0.080 seconds
[2026-08-13T07:42:36.443+0000] {processor.py:161} INFO - Started process (PID=2155) to work on /opt/airflow/dags/clickstream_clean_events_dag.py
[2026-08-13T07:42:36.444+0000] {processor.py:830} INFO - Processing file /opt/airflow/dags/clickstream_clean_events_dag.py for tasks to queue
[2026-08-13T07:42:36.447+0000] {logging_mixin.py:188} INFO - [2026-08-13T07:42:36.446+0000] {dagbag.py:545} INFO - Filling up the DagBag from /opt/airflow/dags/clickstream_clean_events_dag.py
[2026-08-13T07:42:36.461+0000] {processor.py:840} INFO - DAG(s) 'clickstream_clean_events' retrieved from /opt/airflow/dags/clickstream_clean_events_dag.py
[2026-08-13T07:42:36.488+0000] {logging_mixin.py:188} INFO - [2026-08-13T07:42:36.488+0000] {dag.py:3089} INFO - Sync 1 DAGs
[2026-08-13T07:42:36.499+0000] {logging_mixin.py:188} INFO - [2026-08-13T07:42:36.499+0000] {dag.py:3947} INFO - Setting next_dagrun for clickstream_clean_events to None, run_after=None
[2026-08-13T07:42:36.519+0000] {processor.py:183} INFO - Processing /opt/airflow/dags/clickstream_clean_events_dag.py took 0.084 seconds
[2026-08-13T07:43:06.688+0000] {processor.py:161} INFO - Started process (PID=2179) to work on /opt/airflow/dags/clickstream_clean_events_dag.py
[2026-08-13T07:43:06.689+0000] {processor.py:830} INFO - Processing file /opt/airflow/dags/clickstream_clean_events_dag.py for tasks to queue
[2026-08-13T07:43:06.691+0000] {logging_mixin.py:188} INFO - [2026-08-13T07:43:06.691+0000] {dagbag.py:545} INFO - Filling up the DagBag from /opt/airflow/dags/clickstream_clean_events_dag.py
[2026-08-13T07:43:06.703+0000] {processor.py:840} INFO - DAG(s) 'clickstream_clean_events' retrieved from /opt/airflow/dags/clickstream_clean_events_dag.py
[2026-08-13T07:43:06.731+0000] {logging_mixin.py:188} INFO - [2026-08-13T07:43:06.730+0000] {dag.py:3089} INFO - Sync 1 DAGs
[2026-08-13T07:43:06.743+0000] {logging_mixin.py:188} INFO - [2026-08-13T07:43:06.742+0000] {dag.py:3947} INFO - Setting next_dagrun for clickstream_clean_events to None, run_after=None
[2026-08-13T07:43:06.763+0000] {processor.py:183} INFO - Processing /opt/airflow/dags/clickstream_clean_events_dag.py took 0.081 seconds
[2026-08-13T07:43:37.030+0000] {processor.py:161} INFO - Started process (PID=2211) to work on /opt/airflow/dags/clickstream_clean_events_dag.py
[2026-08-13T07:43:37.031+0000] {processor.py:830} INFO - Processing file /opt/airflow/dags/clickstream_clean_events_dag.py for tasks to queue
[2026-08-13T07:43:37.033+0000] {logging_mixin.py:188} INFO - [2026-08-13T07:43:37.033+0000] {dagbag.py:545} INFO - Filling up the DagBag from /opt/airflow/dags/clickstream_clean_events_dag.py
[2026-08-13T07:43:37.049+0000] {processor.py:840} INFO - DAG(s) 'clickstream_clean_events' retrieved from /opt/airflow/dags/clickstream_clean_events_dag.py
[2026-08-13T07:43:37.078+0000] {logging_mixin.py:188} INFO - [2026-08-13T07:43:37.078+0000] {dag.py:3089} INFO - Sync 1 DAGs
[2026-08-13T07:43:37.089+0000] {logging_mixin.py:188} INFO - [2026-08-13T07:43:37.089+0000] {dag.py:3947} INFO - Setting next_dagrun for clickstream_clean_events to None, run_after=None
[2026-08-13T07:43:37.107+0000] {processor.py:183} INFO - Processing /opt/airflow/dags/clickstream_clean_events_dag.py took 0.084 seconds
[2026-08-13T07:44:07.277+0000] {processor.py:161} INFO - Started process (PID=2235) to work on /opt/airflow/dags/clickstream_clean_events_dag.py
[2026-08-13T07:44:07.278+0000] {processor.py:830} INFO - Processing file /opt/airflow/dags/clickstream_clean_events_dag.py for tasks to queue
[2026-08-13T07:44:07.280+0000] {logging_mixin.py:188} INFO - [2026-08-13T07:44:07.280+0000] {dagbag.py:545} INFO - Filling up the DagBag from /opt/airflow/dags/clickstream_clean_events_dag.py
[2026-08-13T07:44:07.296+0000] {processor.py:840} INFO - DAG(s) 'clickstream_clean_events' retrieved from /opt/airflow/dags/clickstream_clean_events_dag.py
[2026-08-13T07:44:07.320+0000] {logging_mixin.py:188} INFO - [2026-08-13T07:44:07.320+0000] {dag.py:3089} INFO - Sync 1 DAGs
[2026-08-13T07:44:07.332+0000] {logging_mixin.py:188} INFO - [2026-08-13T07:44:07.332+0000] {dag.py:3947} INFO - Setting next_dagrun for clickstream_clean_events to None, run_after=None
[2026-08-13T07:44:07.350+0000] {processor.py:183} INFO - Processing /opt/airflow/dags/clickstream_clean_events_dag.py took 0.078 seconds
[2026-08-13T07:44:37.609+0000] {processor.py:161} INFO - Started process (PID=2266) to work on /opt/airflow/dags/clickstream_clean_events_dag.py
[2026-08-13T07:44:37.610+0000] {processor.py:830} INFO - Processing file /opt/airflow/dags/clickstream_clean_events_dag.py for tasks to queue
[2026-08-13T07:44:37.612+0000] {logging_mixin.py:188} INFO - [2026-08-13T07:44:37.612+0000] {dagbag.py:545} INFO - Filling up the DagBag from /opt/airflow/dags/clickstream_clean_events_dag.py
[2026-08-13T07:44:37.627+0000] {processor.py:840} INFO - DAG(s) 'clickstream_clean_events' retrieved from /opt/airflow/dags/clickstream_clean_events_dag.py
[2026-08-13T07:44:37.653+0000] {logging_mixin.py:188} INFO - [2026-08-13T07:44:37.652+0000] {dag.py:3089} INFO - Sync 1 DAGs
[2026-08-13T07:44:37.664+0000] {logging_mixin.py:188} INFO - [2026-08-13T07:44:37.664+0000] {dag.py:3947} INFO - Setting next_dagrun for clickstream_clean_events to None, run_after=None
[2026-08-13T07:44:37.684+0000] {processor.py:183} INFO - Processing /opt/airflow/dags/clickstream_clean_events_dag.py took 0.081 seconds
[2026-08-13T07:45:07.966+0000] {processor.py:161} INFO - Started process (PID=2291) to work on /opt/airflow/dags/clickstream_clean_events_dag.py
[2026-08-13T07:45:07.967+0000] {processor.py:830} INFO - Processing file /opt/airflow/dags/clickstream_clean_events_dag.py for tasks to queue
[2026-08-13T07:45:07.969+0000] {logging_mixin.py:188} INFO - [2026-08-13T07:45:07.968+0000] {dagbag.py:545} INFO - Filling up the DagBag from /opt/airflow/dags/clickstream_clean_events_dag.py
[2026-08-13T07:45:07.982+0000] {processor.py:840} INFO - DAG(s) 'clickstream_clean_events' retrieved from /opt/airflow/dags/clickstream_clean_events_dag.py
[2026-08-13T07:45:08.006+0000] {logging_mixin.py:188} INFO - [2026-08-13T07:45:08.005+0000] {dag.py:3089} INFO - Sync 1 DAGs
[2026-08-13T07:45:08.017+0000] {logging_mixin.py:188} INFO - [2026-08-13T07:45:08.016+0000] {dag.py:3947} INFO - Setting next_dagrun for clickstream_clean_events to None, run_after=None
[2026-08-13T07:45:08.034+0000] {processor.py:183} INFO - Processing /opt/airflow/dags/clickstream_clean_events_dag.py took 0.075 seconds
[2026-08-13T07:45:38.270+0000] {processor.py:161} INFO - Started process (PID=2322) to work on /opt/airflow/dags/clickstream_clean_events_dag.py
[2026-08-13T07:45:38.272+0000] {processor.py:830} INFO - Processing file /opt/airflow/dags/clickstream_clean_events_dag.py for tasks to queue
[2026-08-13T07:45:38.275+0000] {logging_mixin.py:188} INFO - [2026-08-13T07:45:38.274+0000] {dagbag.py:545} INFO - Filling up the DagBag from /opt/airflow/dags/clickstream_clean_events_dag.py
[2026-08-13T07:45:38.293+0000] {processor.py:840} INFO - DAG(s) 'clickstream_clean_events' retrieved from /opt/airflow/dags/clickstream_clean_events_dag.py
[2026-08-13T07:45:38.327+0000] {logging_mixin.py:188} INFO - [2026-08-13T07:45:38.326+0000] {dag.py:3089} INFO - Sync 1 DAGs
[2026-08-13T07:45:38.345+0000] {logging_mixin.py:188} INFO - [2026-08-13T07:45:38.345+0000] {dag.py:3947} INFO - Setting next_dagrun for clickstream_clean_events to None, run_after=None
[2026-08-13T07:45:38.365+0000] {processor.py:183} INFO - Processing /opt/airflow/dags/clickstream_clean_events_dag.py took 0.103 seconds
[2026-08-13T07:46:08.496+0000] {processor.py:161} INFO - Started process (PID=2346) to work on /opt/airflow/dags/clickstream_clean_events_dag.py
[2026-08-13T07:46:08.498+0000] {processor.py:830} INFO - Processing file /opt/airflow/dags/clickstream_clean_events_dag.py for tasks to queue
[2026-08-13T07:46:08.501+0000] {logging_mixin.py:188} INFO - [2026-08-13T07:46:08.500+0000] {dagbag.py:545} INFO - Filling up the DagBag from /opt/airflow/dags/clickstream_clean_events_dag.py
[2026-08-13T07:46:08.523+0000] {processor.py:840} INFO - DAG(s) 'clickstream_clean_events' retrieved from /opt/airflow/dags/clickstream_clean_events_dag.py
[2026-08-13T07:46:08.568+0000] {logging_mixin.py:188} INFO - [2026-08-13T07:46:08.568+0000] {dag.py:3089} INFO - Sync 1 DAGs
[2026-08-13T07:46:08.588+0000] {logging_mixin.py:188} INFO - [2026-08-13T07:46:08.588+0000] {dag.py:3947} INFO - Setting next_dagrun for clickstream_clean_events to None, run_after=None
[2026-08-13T07:46:08.620+0000] {processor.py:183} INFO - Processing /opt/airflow/dags/clickstream_clean_events_dag.py took 0.133 seconds
[2026-08-13T07:46:38.933+0000] {processor.py:161} INFO - Started process (PID=2371) to work on /opt/airflow/dags/clickstream_clean_events_dag.py
[2026-08-13T07:46:38.935+0000] {processor.py:830} INFO - Processing file /opt/airflow/dags/clickstream_clean_events_dag.py for tasks to queue
[2026-08-13T07:46:38.938+0000] {logging_mixin.py:188} INFO - [2026-08-13T07:46:38.938+0000] {dagbag.py:545} INFO - Filling up the DagBag from /opt/airflow/dags/clickstream_clean_events_dag.py
[2026-08-13T07:46:38.962+0000] {processor.py:840} INFO - DAG(s) 'clickstream_clean_events' retrieved from /opt/airflow/dags/clickstream_clean_events_dag.py
[2026-08-13T07:46:39.002+0000] {logging_mixin.py:188} INFO - [2026-08-13T07:46:39.002+0000] {dag.py:3089} INFO - Sync 1 DAGs
[2026-08-13T07:46:39.022+0000] {logging_mixin.py:188} INFO - [2026-08-13T07:46:39.022+0000] {dag.py:3947} INFO - Setting next_dagrun for clickstream_clean_events to None, run_after=None
[2026-08-13T07:46:39.059+0000] {processor.py:183} INFO - Processing /opt/airflow/dags/clickstream_clean_events_dag.py took 0.137 seconds
[2026-08-13T07:47:09.164+0000] {processor.py:161} INFO - Started process (PID=2395) to work on /opt/airflow/dags/clickstream_clean_events_dag.py
[2026-08-13T07:47:09.166+0000] {processor.py:830} INFO - Processing file /opt/airflow/dags/clickstream_clean_events_dag.py for tasks to queue
[2026-08-13T07:47:09.169+0000] {logging_mixin.py:188} INFO - [2026-08-13T07:47:09.169+0000] {dagbag.py:545} INFO - Filling up the DagBag from /opt/airflow/dags/clickstream_clean_events_dag.py
[2026-08-13T07:47:09.192+0000] {processor.py:840} INFO - DAG(s) 'clickstream_clean_events' retrieved from /opt/airflow/dags/clickstream_clean_events_dag.py
[2026-08-13T07:47:09.237+0000] {logging_mixin.py:188} INFO - [2026-08-13T07:47:09.236+0000] {dag.py:3089} INFO - Sync 1 DAGs
[2026-08-13T07:47:09.259+0000] {logging_mixin.py:188} INFO - [2026-08-13T07:47:09.258+0000] {dag.py:3947} INFO - Setting next_dagrun for clickstream_clean_events to None, run_after=None
[2026-08-13T07:47:09.293+0000] {processor.py:183} INFO - Processing /opt/airflow/dags/clickstream_clean_events_dag.py took 0.138 seconds
[2026-08-13T07:47:39.526+0000] {processor.py:161} INFO - Started process (PID=2426) to work on /opt/airflow/dags/clickstream_clean_events_dag.py
[2026-08-13T07:47:39.528+0000] {processor.py:830} INFO - Processing file /opt/airflow/dags/clickstream_clean_events_dag.py for tasks to queue
[2026-08-13T07:47:39.534+0000] {logging_mixin.py:188} INFO - [2026-08-13T07:47:39.533+0000] {dagbag.py:545} INFO - Filling up the DagBag from /opt/airflow/dags/clickstream_clean_events_dag.py
[2026-08-13T07:47:39.560+0000] {processor.py:840} INFO - DAG(s) 'clickstream_clean_events' retrieved from /opt/airflow/dags/clickstream_clean_events_dag.py
[2026-08-13T07:47:39.604+0000] {logging_mixin.py:188} INFO - [2026-08-13T07:47:39.604+0000] {dag.py:3089} INFO - Sync 1 DAGs
[2026-08-13T07:47:39.625+0000] {logging_mixin.py:188} INFO - [2026-08-13T07:47:39.625+0000] {dag.py:3947} INFO - Setting next_dagrun for clickstream_clean_events to None, run_after=None
[2026-08-13T07:47:39.662+0000] {processor.py:183} INFO - Processing /opt/airflow/dags/clickstream_clean_events_dag.py took 0.147 seconds
[2026-08-13T07:48:09.906+0000] {processor.py:161} INFO - Started process (PID=2450) to work on /opt/airflow/dags/clickstream_clean_events_dag.py
[2026-08-13T07:48:09.908+0000] {processor.py:830} INFO - Processing file /opt/airflow/dags/clickstream_clean_events_dag.py for tasks to queue
[2026-08-13T07:48:09.911+0000] {logging_mixin.py:188} INFO - [2026-08-13T07:48:09.911+0000] {dagbag.py:545} INFO - Filling up the DagBag from /opt/airflow/dags/clickstream_clean_events_dag.py
[2026-08-13T07:48:09.928+0000] {processor.py:840} INFO - DAG(s) 'clickstream_clean_events' retrieved from /opt/airflow/dags/clickstream_clean_events_dag.py
[2026-08-13T07:48:09.958+0000] {logging_mixin.py:188} INFO - [2026-08-13T07:48:09.958+0000] {dag.py:3089} INFO - Sync 1 DAGs
[2026-08-13T07:48:09.972+0000] {logging_mixin.py:188} INFO - [2026-08-13T07:48:09.972+0000] {dag.py:3947} INFO - Setting next_dagrun for clickstream_clean_events to None, run_after=None
[2026-08-13T07:48:09.993+0000] {processor.py:183} INFO - Processing /opt/airflow/dags/clickstream_clean_events_dag.py took 0.097 seconds
[2026-08-13T07:48:40.149+0000] {processor.py:161} INFO - Started process (PID=2475) to work on /opt/airflow/dags/clickstream_clean_events_dag.py
[2026-08-13T07:48:40.150+0000] {processor.py:830} INFO - Processing file /opt/airflow/dags/clickstream_clean_events_dag.py for tasks to queue
[2026-08-13T07:48:40.153+0000] {logging_mixin.py:188} INFO - [2026-08-13T07:48:40.152+0000] {dagbag.py:545} INFO - Filling up the DagBag from /opt/airflow/dags/clickstream_clean_events_dag.py
[2026-08-13T07:48:40.167+0000] {processor.py:840} INFO - DAG(s) 'clickstream_clean_events' retrieved from /opt/airflow/dags/clickstream_clean_events_dag.py
[2026-08-13T07:48:40.195+0000] {logging_mixin.py:188} INFO - [2026-08-13T07:48:40.195+0000] {dag.py:3089} INFO - Sync 1 DAGs
[2026-08-13T07:48:40.208+0000] {logging_mixin.py:188} INFO - [2026-08-13T07:48:40.207+0000] {dag.py:3947} INFO - Setting next_dagrun for clickstream_clean_events to None, run_after=None
[2026-08-13T07:48:40.226+0000] {processor.py:183} INFO - Processing /opt/airflow/dags/clickstream_clean_events_dag.py took 0.084 seconds
[2026-08-13T07:49:10.484+0000] {processor.py:161} INFO - Started process (PID=2507) to work on /opt/airflow/dags/clickstream_clean_events_dag.py
[2026-08-13T07:49:10.486+0000] {processor.py:830} INFO - Processing file /opt/airflow/dags/clickstream_clean_events_dag.py for tasks to queue
[2026-08-13T07:49:10.488+0000] {logging_mixin.py:188} INFO - [2026-08-13T07:49:10.488+0000] {dagbag.py:545} INFO - Filling up the DagBag from /opt/airflow/dags/clickstream_clean_events_dag.py
[2026-08-13T07:49:10.503+0000] {processor.py:840} INFO - DAG(s) 'clickstream_clean_events' retrieved from /opt/airflow/dags/clickstream_clean_events_dag.py
[2026-08-13T07:49:10.530+0000] {logging_mixin.py:188} INFO - [2026-08-13T07:49:10.530+0000] {dag.py:3089} INFO - Sync 1 DAGs
[2026-08-13T07:49:10.543+0000] {logging_mixin.py:188} INFO - [2026-08-13T07:49:10.542+0000] {dag.py:3947} INFO - Setting next_dagrun for clickstream_clean_events to None, run_after=None
[2026-08-13T07:49:10.562+0000] {processor.py:183} INFO - Processing /opt/airflow/dags/clickstream_clean_events_dag.py took 0.087 seconds
[2026-08-13T07:49:40.736+0000] {processor.py:161} INFO - Started process (PID=2531) to work on /opt/airflow/dags/clickstream_clean_events_dag.py
[2026-08-13T07:49:40.737+0000] {processor.py:830} INFO - Processing file /opt/airflow/dags/clickstream_clean_events_dag.py for tasks to queue
[2026-08-13T07:49:40.740+0000] {logging_mixin.py:188} INFO - [2026-08-13T07:49:40.740+0000] {dagbag.py:545} INFO - Filling up the DagBag from /opt/airflow/dags/clickstream_clean_events_dag.py
[2026-08-13T07:49:40.756+0000] {processor.py:840} INFO - DAG(s) 'clickstream_clean_events' retrieved from /opt/airflow/dags/clickstream_clean_events_dag.py
[2026-08-13T07:49:40.782+0000] {logging_mixin.py:188} INFO - [2026-08-13T07:49:40.782+0000] {dag.py:3089} INFO - Sync 1 DAGs
[2026-08-13T07:49:40.796+0000] {logging_mixin.py:188} INFO - [2026-08-13T07:49:40.795+0000] {dag.py:3947} INFO - Setting next_dagrun for clickstream_clean_events to None, run_after=None
[2026-08-13T07:49:40.813+0000] {processor.py:183} INFO - Processing /opt/airflow/dags/clickstream_clean_events_dag.py took 0.083 seconds
[2026-08-13T07:50:11.050+0000] {processor.py:161} INFO - Started process (PID=2562) to work on /opt/airflow/dags/clickstream_clean_events_dag.py
[2026-08-13T07:50:11.052+0000] {processor.py:830} INFO - Processing file /opt/airflow/dags/clickstream_clean_events_dag.py for tasks to queue
[2026-08-13T07:50:11.058+0000] {logging_mixin.py:188} INFO - [2026-08-13T07:50:11.057+0000] {dagbag.py:545} INFO - Filling up the DagBag from /opt/airflow/dags/clickstream_clean_events_dag.py
[2026-08-13T07:50:11.083+0000] {processor.py:840} INFO - DAG(s) 'clickstream_clean_events' retrieved from /opt/airflow/dags/clickstream_clean_events_dag.py
[2026-08-13T07:50:11.126+0000] {logging_mixin.py:188} INFO - [2026-08-13T07:50:11.126+0000] {dag.py:3089} INFO - Sync 1 DAGs
[2026-08-13T07:50:11.144+0000] {logging_mixin.py:188} INFO - [2026-08-13T07:50:11.144+0000] {dag.py:3947} INFO - Setting next_dagrun for clickstream_clean_events to None, run_after=None
[2026-08-13T07:50:11.173+0000] {processor.py:183} INFO - Processing /opt/airflow/dags/clickstream_clean_events_dag.py took 0.135 seconds
[2026-08-13T07:50:41.516+0000] {processor.py:161} INFO - Started process (PID=2586) to work on /opt/airflow/dags/clickstream_clean_events_dag.py
[2026-08-13T07:50:41.519+0000] {processor.py:830} INFO - Processing file /opt/airflow/dags/clickstream_clean_events_dag.py for tasks to queue
[2026-08-13T07:50:41.527+0000] {logging_mixin.py:188} INFO - [2026-08-13T07:50:41.526+0000] {dagbag.py:545} INFO - Filling up the DagBag from /opt/airflow/dags/clickstream_clean_events_dag.py
[2026-08-13T07:50:41.570+0000] {processor.py:840} INFO - DAG(s) 'clickstream_clean_events' retrieved from /opt/airflow/dags/clickstream_clean_events_dag.py
[2026-08-13T07:50:41.649+0000] {logging_mixin.py:188} INFO - [2026-08-13T07:50:41.649+0000] {dag.py:3089} INFO - Sync 1 DAGs
[2026-08-13T07:50:41.694+0000] {logging_mixin.py:188} INFO - [2026-08-13T07:50:41.694+0000] {dag.py:3947} INFO - Setting next_dagrun for clickstream_clean_events to None, run_after=None
[2026-08-13T07:50:41.753+0000] {processor.py:183} INFO - Processing /opt/airflow/dags/clickstream_clean_events_dag.py took 0.266 seconds
[2026-08-13T07:51:12.078+0000] {processor.py:161} INFO - Started process (PID=2610) to work on /opt/airflow/dags/clickstream_clean_events_dag.py
[2026-08-13T07:51:12.079+0000] {processor.py:830} INFO - Processing file /opt/airflow/dags/clickstream_clean_events_dag.py for tasks to queue
[2026-08-13T07:51:12.082+0000] {logging_mixin.py:188} INFO - [2026-08-13T07:51:12.082+0000] {dagbag.py:545} INFO - Filling up the DagBag from /opt/airflow/dags/clickstream_clean_events_dag.py
[2026-08-13T07:51:12.103+0000] {processor.py:840} INFO - DAG(s) 'clickstream_clean_events' retrieved from /opt/airflow/dags/clickstream_clean_events_dag.py
[2026-08-13T07:51:12.137+0000] {logging_mixin.py:188} INFO - [2026-08-13T07:51:12.136+0000] {dag.py:3089} INFO - Sync 1 DAGs
[2026-08-13T07:51:12.154+0000] {logging_mixin.py:188} INFO - [2026-08-13T07:51:12.154+0000] {dag.py:3947} INFO - Setting next_dagrun for clickstream_clean_events to None, run_after=None
[2026-08-13T07:51:12.182+0000] {processor.py:183} INFO - Processing /opt/airflow/dags/clickstream_clean_events_dag.py took 0.113 seconds
[2026-08-13T07:51:42.369+0000] {processor.py:161} INFO - Started process (PID=2634) to work on /opt/airflow/dags/clickstream_clean_events_dag.py
[2026-08-13T07:51:42.370+0000] {processor.py:830} INFO - Processing file /opt/airflow/dags/clickstream_clean_events_dag.py for tasks to queue
[2026-08-13T07:51:42.373+0000] {logging_mixin.py:188} INFO - [2026-08-13T07:51:42.372+0000] {dagbag.py:545} INFO - Filling up the DagBag from /opt/airflow/dags/clickstream_clean_events_dag.py
[2026-08-13T07:51:42.388+0000] {processor.py:840} INFO - DAG(s) 'clickstream_clean_events' retrieved from /opt/airflow/dags/clickstream_clean_events_dag.py
[2026-08-13T07:51:42.418+0000] {logging_mixin.py:188} INFO - [2026-08-13T07:51:42.418+0000] {dag.py:3089} INFO - Sync 1 DAGs
[2026-08-13T07:51:42.434+0000] {logging_mixin.py:188} INFO - [2026-08-13T07:51:42.434+0000] {dag.py:3947} INFO - Setting next_dagrun for clickstream_clean_events to None, run_after=None
[2026-08-13T07:51:42.455+0000] {processor.py:183} INFO - Processing /opt/airflow/dags/clickstream_clean_events_dag.py took 0.091 seconds
[2026-08-13T07:52:12.737+0000] {processor.py:161} INFO - Started process (PID=2658) to work on /opt/airflow/dags/clickstream_clean_events_dag.py
[2026-08-13T07:52:12.739+0000] {processor.py:830} INFO - Processing file /opt/airflow/dags/clickstream_clean_events_dag.py for tasks to queue
[2026-08-13T07:52:12.741+0000] {logging_mixin.py:188} INFO - [2026-08-13T07:52:12.741+0000] {dagbag.py:545} INFO - Filling up the DagBag from /opt/airflow/dags/clickstream_clean_events_dag.py
[2026-08-13T07:52:12.756+0000] {processor.py:840} INFO - DAG(s) 'clickstream_clean_events' retrieved from /opt/airflow/dags/clickstream_clean_events_dag.py
[2026-08-13T07:52:12.782+0000] {logging_mixin.py:188} INFO - [2026-08-13T07:52:12.782+0000] {dag.py:3089} INFO - Sync 1 DAGs
[2026-08-13T07:52:12.793+0000] {logging_mixin.py:188} INFO - [2026-08-13T07:52:12.793+0000] {dag.py:3947} INFO - Setting next_dagrun for clickstream_clean_events to None, run_after=None
[2026-08-13T07:52:12.811+0000] {processor.py:183} INFO - Processing /opt/airflow/dags/clickstream_clean_events_dag.py took 0.080 seconds
[2026-08-13T07:52:43.170+0000] {processor.py:161} INFO - Started process (PID=2689) to work on /opt/airflow/dags/clickstream_clean_events_dag.py
[2026-08-13T07:52:43.173+0000] {processor.py:830} INFO - Processing file /opt/airflow/dags/clickstream_clean_events_dag.py for tasks to queue
[2026-08-13T07:52:43.178+0000] {logging_mixin.py:188} INFO - [2026-08-13T07:52:43.177+0000] {dagbag.py:545} INFO - Filling up the DagBag from /opt/airflow/dags/clickstream_clean_events_dag.py
[2026-08-13T07:52:43.221+0000] {processor.py:840} INFO - DAG(s) 'clickstream_clean_events' retrieved from /opt/airflow/dags/clickstream_clean_events_dag.py
[2026-08-13T07:52:43.300+0000] {logging_mixin.py:188} INFO - [2026-08-13T07:52:43.299+0000] {dag.py:3089} INFO - Sync 1 DAGs
[2026-08-13T07:52:43.342+0000] {logging_mixin.py:188} INFO - [2026-08-13T07:52:43.341+0000] {dag.py:3947} INFO - Setting next_dagrun for clickstream_clean_events to None, run_after=None
[2026-08-13T07:52:43.396+0000] {processor.py:183} INFO - Processing /opt/airflow/dags/clickstream_clean_events_dag.py took 0.247 seconds
[2026-08-13T07:53:13.626+0000] {processor.py:161} INFO - Started process (PID=2706) to work on /opt/airflow/dags/clickstream_clean_events_dag.py
[2026-08-13T07:53:13.634+0000] {processor.py:830} INFO - Processing file /opt/airflow/dags/clickstream_clean_events_dag.py for tasks to queue
[2026-08-13T07:53:13.657+0000] {logging_mixin.py:188} INFO - [2026-08-13T07:53:13.654+0000] {dagbag.py:545} INFO - Filling up the DagBag from /opt/airflow/dags/clickstream_clean_events_dag.py
[2026-08-13T07:53:13.816+0000] {processor.py:840} INFO - DAG(s) 'clickstream_clean_events' retrieved from /opt/airflow/dags/clickstream_clean_events_dag.py
[2026-08-13T07:53:13.987+0000] {logging_mixin.py:188} INFO - [2026-08-13T07:53:13.985+0000] {dag.py:3089} INFO - Sync 1 DAGs
[2026-08-13T07:53:14.069+0000] {logging_mixin.py:188} INFO - [2026-08-13T07:53:14.057+0000] {dag.py:3947} INFO - Setting next_dagrun for clickstream_clean_events to None, run_after=None
[2026-08-13T07:53:14.269+0000] {processor.py:183} INFO - Processing /opt/airflow/dags/clickstream_clean_events_dag.py took 0.691 seconds
[2026-08-13T07:53:44.677+0000] {processor.py:161} INFO - Started process (PID=2731) to work on /opt/airflow/dags/clickstream_clean_events_dag.py
[2026-08-13T07:53:44.687+0000] {processor.py:830} INFO - Processing file /opt/airflow/dags/clickstream_clean_events_dag.py for tasks to queue
[2026-08-13T07:53:44.707+0000] {logging_mixin.py:188} INFO - [2026-08-13T07:53:44.704+0000] {dagbag.py:545} INFO - Filling up the DagBag from /opt/airflow/dags/clickstream_clean_events_dag.py
[2026-08-13T07:53:45.178+0000] {processor.py:840} INFO - DAG(s) 'clickstream_clean_events' retrieved from /opt/airflow/dags/clickstream_clean_events_dag.py
[2026-08-13T07:53:45.657+0000] {logging_mixin.py:188} INFO - [2026-08-13T07:53:45.655+0000] {dag.py:3089} INFO - Sync 1 DAGs
[2026-08-13T07:53:45.898+0000] {logging_mixin.py:188} INFO - [2026-08-13T07:53:45.897+0000] {dag.py:3947} INFO - Setting next_dagrun for clickstream_clean_events to None, run_after=None
[2026-08-13T07:53:46.219+0000] {processor.py:183} INFO - Processing /opt/airflow/dags/clickstream_clean_events_dag.py took 1.615 seconds
[2026-08-13T07:54:16.967+0000] {processor.py:161} INFO - Started process (PID=2755) to work on /opt/airflow/dags/clickstream_clean_events_dag.py
[2026-08-13T07:54:16.985+0000] {processor.py:830} INFO - Processing file /opt/airflow/dags/clickstream_clean_events_dag.py for tasks to queue
[2026-08-13T07:54:17.003+0000] {logging_mixin.py:188} INFO - [2026-08-13T07:54:17.001+0000] {dagbag.py:545} INFO - Filling up the DagBag from /opt/airflow/dags/clickstream_clean_events_dag.py
[2026-08-13T07:54:17.166+0000] {processor.py:840} INFO - DAG(s) 'clickstream_clean_events' retrieved from /opt/airflow/dags/clickstream_clean_events_dag.py
[2026-08-13T07:54:17.417+0000] {logging_mixin.py:188} INFO - [2026-08-13T07:54:17.413+0000] {dag.py:3089} INFO - Sync 1 DAGs
[2026-08-13T07:54:17.568+0000] {logging_mixin.py:188} INFO - [2026-08-13T07:54:17.567+0000] {dag.py:3947} INFO - Setting next_dagrun for clickstream_clean_events to None, run_after=None
[2026-08-13T07:54:17.735+0000] {processor.py:183} INFO - Processing /opt/airflow/dags/clickstream_clean_events_dag.py took 0.824 seconds
[2026-08-13T07:54:50.086+0000] {processor.py:161} INFO - Started process (PID=2772) to work on /opt/airflow/dags/clickstream_clean_events_dag.py
[2026-08-13T07:54:50.112+0000] {processor.py:830} INFO - Processing file /opt/airflow/dags/clickstream_clean_events_dag.py for tasks to queue
[2026-08-13T07:54:50.134+0000] {logging_mixin.py:188} INFO - [2026-08-13T07:54:50.132+0000] {dagbag.py:545} INFO - Filling up the DagBag from /opt/airflow/dags/clickstream_clean_events_dag.py
[2026-08-13T07:54:50.367+0000] {processor.py:840} INFO - DAG(s) 'clickstream_clean_events' retrieved from /opt/airflow/dags/clickstream_clean_events_dag.py
[2026-08-13T07:54:50.715+0000] {logging_mixin.py:188} INFO - [2026-08-13T07:54:50.713+0000] {dag.py:3089} INFO - Sync 1 DAGs
[2026-08-13T07:54:50.918+0000] {logging_mixin.py:188} INFO - [2026-08-13T07:54:50.917+0000] {dag.py:3947} INFO - Setting next_dagrun for clickstream_clean_events to None, run_after=None
[2026-08-13T07:54:51.216+0000] {processor.py:183} INFO - Processing /opt/airflow/dags/clickstream_clean_events_dag.py took 1.232 seconds
[2026-08-13T07:55:21.497+0000] {processor.py:161} INFO - Started process (PID=2796) to work on /opt/airflow/dags/clickstream_clean_events_dag.py
[2026-08-13T07:55:21.504+0000] {processor.py:830} INFO - Processing file /opt/airflow/dags/clickstream_clean_events_dag.py for tasks to queue
[2026-08-13T07:55:21.513+0000] {logging_mixin.py:188} INFO - [2026-08-13T07:55:21.512+0000] {dagbag.py:545} INFO - Filling up the DagBag from /opt/airflow/dags/clickstream_clean_events_dag.py
[2026-08-13T07:55:21.611+0000] {processor.py:840} INFO - DAG(s) 'clickstream_clean_events' retrieved from /opt/airflow/dags/clickstream_clean_events_dag.py
[2026-08-13T07:55:21.898+0000] {logging_mixin.py:188} INFO - [2026-08-13T07:55:21.895+0000] {dag.py:3089} INFO - Sync 1 DAGs
[2026-08-13T07:55:22.004+0000] {logging_mixin.py:188} INFO - [2026-08-13T07:55:22.003+0000] {dag.py:3947} INFO - Setting next_dagrun for clickstream_clean_events to None, run_after=None
[2026-08-13T07:55:22.236+0000] {processor.py:183} INFO - Processing /opt/airflow/dags/clickstream_clean_events_dag.py took 0.767 seconds
[2026-08-13T07:55:52.933+0000] {processor.py:161} INFO - Started process (PID=2813) to work on /opt/airflow/dags/clickstream_clean_events_dag.py
[2026-08-13T07:55:52.960+0000] {processor.py:830} INFO - Processing file /opt/airflow/dags/clickstream_clean_events_dag.py for tasks to queue
[2026-08-13T07:55:52.988+0000] {logging_mixin.py:188} INFO - [2026-08-13T07:55:52.986+0000] {dagbag.py:545} INFO - Filling up the DagBag from /opt/airflow/dags/clickstream_clean_events_dag.py
[2026-08-13T07:55:53.303+0000] {processor.py:840} INFO - DAG(s) 'clickstream_clean_events' retrieved from /opt/airflow/dags/clickstream_clean_events_dag.py
[2026-08-13T07:55:53.698+0000] {logging_mixin.py:188} INFO - [2026-08-13T07:55:53.696+0000] {dag.py:3089} INFO - Sync 1 DAGs
[2026-08-13T07:55:53.862+0000] {logging_mixin.py:188} INFO - [2026-08-13T07:55:53.862+0000] {dag.py:3947} INFO - Setting next_dagrun for clickstream_clean_events to None, run_after=None
[2026-08-13T07:55:54.120+0000] {processor.py:183} INFO - Processing /opt/airflow/dags/clickstream_clean_events_dag.py took 1.265 seconds
[2026-08-13T07:56:25.386+0000] {processor.py:161} INFO - Started process (PID=2837) to work on /opt/airflow/dags/clickstream_clean_events_dag.py
[2026-08-13T07:56:25.396+0000] {processor.py:830} INFO - Processing file /opt/airflow/dags/clickstream_clean_events_dag.py for tasks to queue
[2026-08-13T07:56:25.422+0000] {logging_mixin.py:188} INFO - [2026-08-13T07:56:25.420+0000] {dagbag.py:545} INFO - Filling up the DagBag from /opt/airflow/dags/clickstream_clean_events_dag.py
[2026-08-13T07:56:25.750+0000] {processor.py:840} INFO - DAG(s) 'clickstream_clean_events' retrieved from /opt/airflow/dags/clickstream_clean_events_dag.py
[2026-08-13T07:56:26.097+0000] {logging_mixin.py:188} INFO - [2026-08-13T07:56:26.096+0000] {dag.py:3089} INFO - Sync 1 DAGs
[2026-08-13T07:56:26.330+0000] {logging_mixin.py:188} INFO - [2026-08-13T07:56:26.319+0000] {dag.py:3947} INFO - Setting next_dagrun for clickstream_clean_events to None, run_after=None
[2026-08-13T07:56:26.807+0000] {processor.py:183} INFO - Processing /opt/airflow/dags/clickstream_clean_events_dag.py took 1.529 seconds
[2026-08-13T07:56:57.709+0000] {processor.py:161} INFO - Started process (PID=2864) to work on /opt/airflow/dags/clickstream_clean_events_dag.py
[2026-08-13T07:56:57.724+0000] {processor.py:830} INFO - Processing file /opt/airflow/dags/clickstream_clean_events_dag.py for tasks to queue
[2026-08-13T07:56:57.755+0000] {logging_mixin.py:188} INFO - [2026-08-13T07:56:57.753+0000] {dagbag.py:545} INFO - Filling up the DagBag from /opt/airflow/dags/clickstream_clean_events_dag.py
[2026-08-13T07:56:58.061+0000] {processor.py:840} INFO - DAG(s) 'clickstream_clean_events' retrieved from /opt/airflow/dags/clickstream_clean_events_dag.py
[2026-08-13T07:56:58.485+0000] {logging_mixin.py:188} INFO - [2026-08-13T07:56:58.483+0000] {dag.py:3089} INFO - Sync 1 DAGs
[2026-08-13T07:56:58.752+0000] {logging_mixin.py:188} INFO - [2026-08-13T07:56:58.740+0000] {dag.py:3947} INFO - Setting next_dagrun for clickstream_clean_events to None, run_after=None
[2026-08-13T07:56:59.024+0000] {processor.py:183} INFO - Processing /opt/airflow/dags/clickstream_clean_events_dag.py took 1.373 seconds
[2026-08-13T07:57:29.363+0000] {processor.py:161} INFO - Started process (PID=2883) to work on /opt/airflow/dags/clickstream_clean_events_dag.py
[2026-08-13T07:57:29.364+0000] {processor.py:830} INFO - Processing file /opt/airflow/dags/clickstream_clean_events_dag.py for tasks to queue
[2026-08-13T07:57:29.369+0000] {logging_mixin.py:188} INFO - [2026-08-13T07:57:29.368+0000] {dagbag.py:545} INFO - Filling up the DagBag from /opt/airflow/dags/clickstream_clean_events_dag.py
[2026-08-13T07:57:29.395+0000] {processor.py:840} INFO - DAG(s) 'clickstream_clean_events' retrieved from /opt/airflow/dags/clickstream_clean_events_dag.py
[2026-08-13T07:57:29.441+0000] {logging_mixin.py:188} INFO - [2026-08-13T07:57:29.441+0000] {dag.py:3089} INFO - Sync 1 DAGs
[2026-08-13T07:57:29.463+0000] {logging_mixin.py:188} INFO - [2026-08-13T07:57:29.462+0000] {dag.py:3947} INFO - Setting next_dagrun for clickstream_clean_events to None, run_after=None
[2026-08-13T07:57:29.497+0000] {processor.py:183} INFO - Processing /opt/airflow/dags/clickstream_clean_events_dag.py took 0.143 seconds
[2026-08-13T07:57:59.900+0000] {processor.py:161} INFO - Started process (PID=2907) to work on /opt/airflow/dags/clickstream_clean_events_dag.py
[2026-08-13T07:57:59.902+0000] {processor.py:830} INFO - Processing file /opt/airflow/dags/clickstream_clean_events_dag.py for tasks to queue
[2026-08-13T07:57:59.906+0000] {logging_mixin.py:188} INFO - [2026-08-13T07:57:59.906+0000] {dagbag.py:545} INFO - Filling up the DagBag from /opt/airflow/dags/clickstream_clean_events_dag.py
[2026-08-13T07:57:59.934+0000] {processor.py:840} INFO - DAG(s) 'clickstream_clean_events' retrieved from /opt/airflow/dags/clickstream_clean_events_dag.py
[2026-08-13T07:57:59.981+0000] {logging_mixin.py:188} INFO - [2026-08-13T07:57:59.980+0000] {dag.py:3089} INFO - Sync 1 DAGs
[2026-08-13T07:58:00.003+0000] {logging_mixin.py:188} INFO - [2026-08-13T07:58:00.002+0000] {dag.py:3947} INFO - Setting next_dagrun for clickstream_clean_events to None, run_after=None
[2026-08-13T07:58:00.039+0000] {processor.py:183} INFO - Processing /opt/airflow/dags/clickstream_clean_events_dag.py took 0.149 seconds
[2026-08-13T07:58:30.381+0000] {processor.py:161} INFO - Started process (PID=2931) to work on /opt/airflow/dags/clickstream_clean_events_dag.py
[2026-08-13T07:58:30.383+0000] {processor.py:830} INFO - Processing file /opt/airflow/dags/clickstream_clean_events_dag.py for tasks to queue
[2026-08-13T07:58:30.388+0000] {logging_mixin.py:188} INFO - [2026-08-13T07:58:30.388+0000] {dagbag.py:545} INFO - Filling up the DagBag from /opt/airflow/dags/clickstream_clean_events_dag.py
[2026-08-13T07:58:30.424+0000] {processor.py:840} INFO - DAG(s) 'clickstream_clean_events' retrieved from /opt/airflow/dags/clickstream_clean_events_dag.py
[2026-08-13T07:58:30.478+0000] {logging_mixin.py:188} INFO - [2026-08-13T07:58:30.477+0000] {dag.py:3089} INFO - Sync 1 DAGs
[2026-08-13T07:58:30.505+0000] {logging_mixin.py:188} INFO - [2026-08-13T07:58:30.505+0000] {dag.py:3947} INFO - Setting next_dagrun for clickstream_clean_events to None, run_after=None
[2026-08-13T07:58:30.549+0000] {processor.py:183} INFO - Processing /opt/airflow/dags/clickstream_clean_events_dag.py took 0.180 seconds
[2026-08-13T07:59:00.839+0000] {processor.py:161} INFO - Started process (PID=2955) to work on /opt/airflow/dags/clickstream_clean_events_dag.py
[2026-08-13T07:59:00.841+0000] {processor.py:830} INFO - Processing file /opt/airflow/dags/clickstream_clean_events_dag.py for tasks to queue
[2026-08-13T07:59:00.847+0000] {logging_mixin.py:188} INFO - [2026-08-13T07:59:00.846+0000] {dagbag.py:545} INFO - Filling up the DagBag from /opt/airflow/dags/clickstream_clean_events_dag.py
[2026-08-13T07:59:00.877+0000] {processor.py:840} INFO - DAG(s) 'clickstream_clean_events' retrieved from /opt/airflow/dags/clickstream_clean_events_dag.py
[2026-08-13T07:59:00.943+0000] {logging_mixin.py:188} INFO - [2026-08-13T07:59:00.943+0000] {dag.py:3089} INFO - Sync 1 DAGs
[2026-08-13T07:59:00.975+0000] {logging_mixin.py:188} INFO - [2026-08-13T07:59:00.975+0000] {dag.py:3947} INFO - Setting next_dagrun for clickstream_clean_events to None, run_after=None
[2026-08-13T07:59:01.026+0000] {processor.py:183} INFO - Processing /opt/airflow/dags/clickstream_clean_events_dag.py took 0.197 seconds
[2026-08-13T07:59:31.307+0000] {processor.py:161} INFO - Started process (PID=2979) to work on /opt/airflow/dags/clickstream_clean_events_dag.py
[2026-08-13T07:59:31.309+0000] {processor.py:830} INFO - Processing file /opt/airflow/dags/clickstream_clean_events_dag.py for tasks to queue
[2026-08-13T07:59:31.313+0000] {logging_mixin.py:188} INFO - [2026-08-13T07:59:31.312+0000] {dagbag.py:545} INFO - Filling up the DagBag from /opt/airflow/dags/clickstream_clean_events_dag.py
[2026-08-13T07:59:31.342+0000] {processor.py:840} INFO - DAG(s) 'clickstream_clean_events' retrieved from /opt/airflow/dags/clickstream_clean_events_dag.py
[2026-08-13T07:59:31.390+0000] {logging_mixin.py:188} INFO - [2026-08-13T07:59:31.389+0000] {dag.py:3089} INFO - Sync 1 DAGs
[2026-08-13T07:59:31.415+0000] {logging_mixin.py:188} INFO - [2026-08-13T07:59:31.414+0000] {dag.py:3947} INFO - Setting next_dagrun for clickstream_clean_events to None, run_after=None
[2026-08-13T07:59:31.450+0000] {processor.py:183} INFO - Processing /opt/airflow/dags/clickstream_clean_events_dag.py took 0.155 seconds
[2026-08-13T08:00:01.761+0000] {processor.py:161} INFO - Started process (PID=3003) to work on /opt/airflow/dags/clickstream_clean_events_dag.py
[2026-08-13T08:00:01.763+0000] {processor.py:830} INFO - Processing file /opt/airflow/dags/clickstream_clean_events_dag.py for tasks to queue
[2026-08-13T08:00:01.767+0000] {logging_mixin.py:188} INFO - [2026-08-13T08:00:01.766+0000] {dagbag.py:545} INFO - Filling up the DagBag from /opt/airflow/dags/clickstream_clean_events_dag.py
[2026-08-13T08:00:01.799+0000] {processor.py:840} INFO - DAG(s) 'clickstream_clean_events' retrieved from /opt/airflow/dags/clickstream_clean_events_dag.py
[2026-08-13T08:00:01.856+0000] {logging_mixin.py:188} INFO - [2026-08-13T08:00:01.855+0000] {dag.py:3089} INFO - Sync 1 DAGs
[2026-08-13T08:00:01.882+0000] {logging_mixin.py:188} INFO - [2026-08-13T08:00:01.881+0000] {dag.py:3947} INFO - Setting next_dagrun for clickstream_clean_events to None, run_after=None
[2026-08-13T08:00:01.920+0000] {processor.py:183} INFO - Processing /opt/airflow/dags/clickstream_clean_events_dag.py took 0.172 seconds
[2026-08-13T08:00:32.204+0000] {processor.py:161} INFO - Started process (PID=3027) to work on /opt/airflow/dags/clickstream_clean_events_dag.py
[2026-08-13T08:00:32.206+0000] {processor.py:830} INFO - Processing file /opt/airflow/dags/clickstream_clean_events_dag.py for tasks to queue
[2026-08-13T08:00:32.210+0000] {logging_mixin.py:188} INFO - [2026-08-13T08:00:32.210+0000] {dagbag.py:545} INFO - Filling up the DagBag from /opt/airflow/dags/clickstream_clean_events_dag.py
[2026-08-13T08:00:32.243+0000] {processor.py:840} INFO - DAG(s) 'clickstream_clean_events' retrieved from /opt/airflow/dags/clickstream_clean_events_dag.py
[2026-08-13T08:00:32.294+0000] {logging_mixin.py:188} INFO - [2026-08-13T08:00:32.294+0000] {dag.py:3089} INFO - Sync 1 DAGs
[2026-08-13T08:00:32.318+0000] {logging_mixin.py:188} INFO - [2026-08-13T08:00:32.318+0000] {dag.py:3947} INFO - Setting next_dagrun for clickstream_clean_events to None, run_after=None
[2026-08-13T08:00:32.353+0000] {processor.py:183} INFO - Processing /opt/airflow/dags/clickstream_clean_events_dag.py took 0.161 seconds
[2026-08-13T08:01:02.724+0000] {processor.py:161} INFO - Started process (PID=3051) to work on /opt/airflow/dags/clickstream_clean_events_dag.py
[2026-08-13T08:01:02.728+0000] {processor.py:830} INFO - Processing file /opt/airflow/dags/clickstream_clean_events_dag.py for tasks to queue
[2026-08-13T08:01:02.732+0000] {logging_mixin.py:188} INFO - [2026-08-13T08:01:02.732+0000] {dagbag.py:545} INFO - Filling up the DagBag from /opt/airflow/dags/clickstream_clean_events_dag.py
[2026-08-13T08:01:02.776+0000] {processor.py:840} INFO - DAG(s) 'clickstream_clean_events' retrieved from /opt/airflow/dags/clickstream_clean_events_dag.py
[2026-08-13T08:01:02.870+0000] {logging_mixin.py:188} INFO - [2026-08-13T08:01:02.870+0000] {dag.py:3089} INFO - Sync 1 DAGs
[2026-08-13T08:01:02.915+0000] {logging_mixin.py:188} INFO - [2026-08-13T08:01:02.914+0000] {dag.py:3947} INFO - Setting next_dagrun for clickstream_clean_events to None, run_after=None
[2026-08-13T08:01:02.970+0000] {processor.py:183} INFO - Processing /opt/airflow/dags/clickstream_clean_events_dag.py took 0.260 seconds
[2026-08-13T08:01:33.305+0000] {processor.py:161} INFO - Started process (PID=3075) to work on /opt/airflow/dags/clickstream_clean_events_dag.py
[2026-08-13T08:01:33.309+0000] {processor.py:830} INFO - Processing file /opt/airflow/dags/clickstream_clean_events_dag.py for tasks to queue
[2026-08-13T08:01:33.315+0000] {logging_mixin.py:188} INFO - [2026-08-13T08:01:33.314+0000] {dagbag.py:545} INFO - Filling up the DagBag from /opt/airflow/dags/clickstream_clean_events_dag.py
[2026-08-13T08:01:33.367+0000] {processor.py:840} INFO - DAG(s) 'clickstream_clean_events' retrieved from /opt/airflow/dags/clickstream_clean_events_dag.py
[2026-08-13T08:01:33.459+0000] {logging_mixin.py:188} INFO - [2026-08-13T08:01:33.459+0000] {dag.py:3089} INFO - Sync 1 DAGs
[2026-08-13T08:01:33.498+0000] {logging_mixin.py:188} INFO - [2026-08-13T08:01:33.497+0000] {dag.py:3947} INFO - Setting next_dagrun for clickstream_clean_events to None, run_after=None
[2026-08-13T08:01:33.557+0000] {processor.py:183} INFO - Processing /opt/airflow/dags/clickstream_clean_events_dag.py took 0.272 seconds
[2026-08-13T08:02:03.869+0000] {processor.py:161} INFO - Started process (PID=3099) to work on /opt/airflow/dags/clickstream_clean_events_dag.py
[2026-08-13T08:02:03.872+0000] {processor.py:830} INFO - Processing file /opt/airflow/dags/clickstream_clean_events_dag.py for tasks to queue
[2026-08-13T08:02:03.877+0000] {logging_mixin.py:188} INFO - [2026-08-13T08:02:03.876+0000] {dagbag.py:545} INFO - Filling up the DagBag from /opt/airflow/dags/clickstream_clean_events_dag.py
[2026-08-13T08:02:03.921+0000] {processor.py:840} INFO - DAG(s) 'clickstream_clean_events' retrieved from /opt/airflow/dags/clickstream_clean_events_dag.py
[2026-08-13T08:02:03.999+0000] {logging_mixin.py:188} INFO - [2026-08-13T08:02:03.999+0000] {dag.py:3089} INFO - Sync 1 DAGs
[2026-08-13T08:02:04.033+0000] {logging_mixin.py:188} INFO - [2026-08-13T08:02:04.033+0000] {dag.py:3947} INFO - Setting next_dagrun for clickstream_clean_events to None, run_after=None
[2026-08-13T08:02:04.091+0000] {processor.py:183} INFO - Processing /opt/airflow/dags/clickstream_clean_events_dag.py took 0.235 seconds
[2026-08-13T08:02:34.406+0000] {processor.py:161} INFO - Started process (PID=3123) to work on /opt/airflow/dags/clickstream_clean_events_dag.py
[2026-08-13T08:02:34.409+0000] {processor.py:830} INFO - Processing file /opt/airflow/dags/clickstream_clean_events_dag.py for tasks to queue
[2026-08-13T08:02:34.414+0000] {logging_mixin.py:188} INFO - [2026-08-13T08:02:34.413+0000] {dagbag.py:545} INFO - Filling up the DagBag from /opt/airflow/dags/clickstream_clean_events_dag.py
[2026-08-13T08:02:34.461+0000] {processor.py:840} INFO - DAG(s) 'clickstream_clean_events' retrieved from /opt/airflow/dags/clickstream_clean_events_dag.py
[2026-08-13T08:02:34.553+0000] {logging_mixin.py:188} INFO - [2026-08-13T08:02:34.553+0000] {dag.py:3089} INFO - Sync 1 DAGs
[2026-08-13T08:02:34.591+0000] {logging_mixin.py:188} INFO - [2026-08-13T08:02:34.590+0000] {dag.py:3947} INFO - Setting next_dagrun for clickstream_clean_events to None, run_after=None
[2026-08-13T08:02:34.652+0000] {processor.py:183} INFO - Processing /opt/airflow/dags/clickstream_clean_events_dag.py took 0.261 seconds
[2026-08-13T08:03:05.050+0000] {processor.py:161} INFO - Started process (PID=3147) to work on /opt/airflow/dags/clickstream_clean_events_dag.py
[2026-08-13T08:03:05.055+0000] {processor.py:830} INFO - Processing file /opt/airflow/dags/clickstream_clean_events_dag.py for tasks to queue
[2026-08-13T08:03:05.061+0000] {logging_mixin.py:188} INFO - [2026-08-13T08:03:05.061+0000] {dagbag.py:545} INFO - Filling up the DagBag from /opt/airflow/dags/clickstream_clean_events_dag.py
[2026-08-13T08:03:05.111+0000] {processor.py:840} INFO - DAG(s) 'clickstream_clean_events' retrieved from /opt/airflow/dags/clickstream_clean_events_dag.py
[2026-08-13T08:03:05.201+0000] {logging_mixin.py:188} INFO - [2026-08-13T08:03:05.201+0000] {dag.py:3089} INFO - Sync 1 DAGs
[2026-08-13T08:03:05.246+0000] {logging_mixin.py:188} INFO - [2026-08-13T08:03:05.245+0000] {dag.py:3947} INFO - Setting next_dagrun for clickstream_clean_events to None, run_after=None
[2026-08-13T08:03:05.301+0000] {processor.py:183} INFO - Processing /opt/airflow/dags/clickstream_clean_events_dag.py took 0.270 seconds
[2026-08-13T08:03:35.607+0000] {processor.py:161} INFO - Started process (PID=3164) to work on /opt/airflow/dags/clickstream_clean_events_dag.py
[2026-08-13T08:03:35.609+0000] {processor.py:830} INFO - Processing file /opt/airflow/dags/clickstream_clean_events_dag.py for tasks to queue
[2026-08-13T08:03:35.612+0000] {logging_mixin.py:188} INFO - [2026-08-13T08:03:35.612+0000] {dagbag.py:545} INFO - Filling up the DagBag from /opt/airflow/dags/clickstream_clean_events_dag.py
[2026-08-13T08:03:35.632+0000] {processor.py:840} INFO - DAG(s) 'clickstream_clean_events' retrieved from /opt/airflow/dags/clickstream_clean_events_dag.py
[2026-08-13T08:03:35.669+0000] {logging_mixin.py:188} INFO - [2026-08-13T08:03:35.668+0000] {dag.py:3089} INFO - Sync 1 DAGs
[2026-08-13T08:03:35.685+0000] {logging_mixin.py:188} INFO - [2026-08-13T08:03:35.685+0000] {dag.py:3947} INFO - Setting next_dagrun for clickstream_clean_events to None, run_after=None
[2026-08-13T08:03:35.711+0000] {processor.py:183} INFO - Processing /opt/airflow/dags/clickstream_clean_events_dag.py took 0.111 seconds
[2026-08-13T08:04:06.020+0000] {processor.py:161} INFO - Started process (PID=3188) to work on /opt/airflow/dags/clickstream_clean_events_dag.py
[2026-08-13T08:04:06.022+0000] {processor.py:830} INFO - Processing file /opt/airflow/dags/clickstream_clean_events_dag.py for tasks to queue
[2026-08-13T08:04:06.026+0000] {logging_mixin.py:188} INFO - [2026-08-13T08:04:06.025+0000] {dagbag.py:545} INFO - Filling up the DagBag from /opt/airflow/dags/clickstream_clean_events_dag.py
[2026-08-13T08:04:06.054+0000] {processor.py:840} INFO - DAG(s) 'clickstream_clean_events' retrieved from /opt/airflow/dags/clickstream_clean_events_dag.py
[2026-08-13T08:04:06.097+0000] {logging_mixin.py:188} INFO - [2026-08-13T08:04:06.097+0000] {dag.py:3089} INFO - Sync 1 DAGs
[2026-08-13T08:04:06.119+0000] {logging_mixin.py:188} INFO - [2026-08-13T08:04:06.118+0000] {dag.py:3947} INFO - Setting next_dagrun for clickstream_clean_events to None, run_after=None
[2026-08-13T08:04:06.152+0000] {processor.py:183} INFO - Processing /opt/airflow/dags/clickstream_clean_events_dag.py took 0.143 seconds
[2026-08-13T08:04:36.414+0000] {processor.py:161} INFO - Started process (PID=3212) to work on /opt/airflow/dags/clickstream_clean_events_dag.py
[2026-08-13T08:04:36.416+0000] {processor.py:830} INFO - Processing file /opt/airflow/dags/clickstream_clean_events_dag.py for tasks to queue
[2026-08-13T08:04:36.419+0000] {logging_mixin.py:188} INFO - [2026-08-13T08:04:36.418+0000] {dagbag.py:545} INFO - Filling up the DagBag from /opt/airflow/dags/clickstream_clean_events_dag.py
[2026-08-13T08:04:36.446+0000] {processor.py:840} INFO - DAG(s) 'clickstream_clean_events' retrieved from /opt/airflow/dags/clickstream_clean_events_dag.py
[2026-08-13T08:04:36.491+0000] {logging_mixin.py:188} INFO - [2026-08-13T08:04:36.490+0000] {dag.py:3089} INFO - Sync 1 DAGs
[2026-08-13T08:04:36.512+0000] {logging_mixin.py:188} INFO - [2026-08-13T08:04:36.512+0000] {dag.py:3947} INFO - Setting next_dagrun for clickstream_clean_events to None, run_after=None
[2026-08-13T08:04:36.544+0000] {processor.py:183} INFO - Processing /opt/airflow/dags/clickstream_clean_events_dag.py took 0.138 seconds
[2026-08-13T08:05:06.820+0000] {processor.py:161} INFO - Started process (PID=3236) to work on /opt/airflow/dags/clickstream_clean_events_dag.py
[2026-08-13T08:05:06.822+0000] {processor.py:830} INFO - Processing file /opt/airflow/dags/clickstream_clean_events_dag.py for tasks to queue
[2026-08-13T08:05:06.826+0000] {logging_mixin.py:188} INFO - [2026-08-13T08:05:06.825+0000] {dagbag.py:545} INFO - Filling up the DagBag from /opt/airflow/dags/clickstream_clean_events_dag.py
[2026-08-13T08:05:06.854+0000] {processor.py:840} INFO - DAG(s) 'clickstream_clean_events' retrieved from /opt/airflow/dags/clickstream_clean_events_dag.py
[2026-08-13T08:05:06.899+0000] {logging_mixin.py:188} INFO - [2026-08-13T08:05:06.898+0000] {dag.py:3089} INFO - Sync 1 DAGs
[2026-08-13T08:05:06.919+0000] {logging_mixin.py:188} INFO - [2026-08-13T08:05:06.919+0000] {dag.py:3947} INFO - Setting next_dagrun for clickstream_clean_events to None, run_after=None
[2026-08-13T08:05:06.951+0000] {processor.py:183} INFO - Processing /opt/airflow/dags/clickstream_clean_events_dag.py took 0.142 seconds
[2026-08-13T08:05:37.275+0000] {processor.py:161} INFO - Started process (PID=3260) to work on /opt/airflow/dags/clickstream_clean_events_dag.py
[2026-08-13T08:05:37.277+0000] {processor.py:830} INFO - Processing file /opt/airflow/dags/clickstream_clean_events_dag.py for tasks to queue
[2026-08-13T08:05:37.280+0000] {logging_mixin.py:188} INFO - [2026-08-13T08:05:37.280+0000] {dagbag.py:545} INFO - Filling up the DagBag from /opt/airflow/dags/clickstream_clean_events_dag.py
[2026-08-13T08:05:37.306+0000] {processor.py:840} INFO - DAG(s) 'clickstream_clean_events' retrieved from /opt/airflow/dags/clickstream_clean_events_dag.py
[2026-08-13T08:05:37.352+0000] {logging_mixin.py:188} INFO - [2026-08-13T08:05:37.352+0000] {dag.py:3089} INFO - Sync 1 DAGs
[2026-08-13T08:05:37.373+0000] {logging_mixin.py:188} INFO - [2026-08-13T08:05:37.373+0000] {dag.py:3947} INFO - Setting next_dagrun for clickstream_clean_events to None, run_after=None
[2026-08-13T08:05:37.407+0000] {processor.py:183} INFO - Processing /opt/airflow/dags/clickstream_clean_events_dag.py took 0.140 seconds
[2026-08-13T08:06:07.718+0000] {processor.py:161} INFO - Started process (PID=3284) to work on /opt/airflow/dags/clickstream_clean_events_dag.py
[2026-08-13T08:06:07.722+0000] {processor.py:830} INFO - Processing file /opt/airflow/dags/clickstream_clean_events_dag.py for tasks to queue
[2026-08-13T08:06:07.730+0000] {logging_mixin.py:188} INFO - [2026-08-13T08:06:07.729+0000] {dagbag.py:545} INFO - Filling up the DagBag from /opt/airflow/dags/clickstream_clean_events_dag.py
[2026-08-13T08:06:07.788+0000] {processor.py:840} INFO - DAG(s) 'clickstream_clean_events' retrieved from /opt/airflow/dags/clickstream_clean_events_dag.py
[2026-08-13T08:06:07.914+0000] {logging_mixin.py:188} INFO - [2026-08-13T08:06:07.912+0000] {dag.py:3089} INFO - Sync 1 DAGs
[2026-08-13T08:06:08.000+0000] {logging_mixin.py:188} INFO - [2026-08-13T08:06:07.999+0000] {dag.py:3947} INFO - Setting next_dagrun for clickstream_clean_events to None, run_after=None
[2026-08-13T08:06:08.086+0000] {processor.py:183} INFO - Processing /opt/airflow/dags/clickstream_clean_events_dag.py took 0.388 seconds
[2026-08-13T08:06:38.508+0000] {processor.py:161} INFO - Started process (PID=3301) to work on /opt/airflow/dags/clickstream_clean_events_dag.py
[2026-08-13T08:06:38.510+0000] {processor.py:830} INFO - Processing file /opt/airflow/dags/clickstream_clean_events_dag.py for tasks to queue
[2026-08-13T08:06:38.515+0000] {logging_mixin.py:188} INFO - [2026-08-13T08:06:38.514+0000] {dagbag.py:545} INFO - Filling up the DagBag from /opt/airflow/dags/clickstream_clean_events_dag.py
[2026-08-13T08:06:38.569+0000] {processor.py:840} INFO - DAG(s) 'clickstream_clean_events' retrieved from /opt/airflow/dags/clickstream_clean_events_dag.py
[2026-08-13T08:06:38.647+0000] {logging_mixin.py:188} INFO - [2026-08-13T08:06:38.646+0000] {dag.py:3089} INFO - Sync 1 DAGs
[2026-08-13T08:06:38.691+0000] {logging_mixin.py:188} INFO - [2026-08-13T08:06:38.690+0000] {dag.py:3947} INFO - Setting next_dagrun for clickstream_clean_events to None, run_after=None
[2026-08-13T08:06:38.742+0000] {processor.py:183} INFO - Processing /opt/airflow/dags/clickstream_clean_events_dag.py took 0.249 seconds
[2026-08-13T08:07:09.537+0000] {processor.py:161} INFO - Started process (PID=3325) to work on /opt/airflow/dags/clickstream_clean_events_dag.py
[2026-08-13T08:07:09.543+0000] {processor.py:830} INFO - Processing file /opt/airflow/dags/clickstream_clean_events_dag.py for tasks to queue
[2026-08-13T08:07:09.553+0000] {logging_mixin.py:188} INFO - [2026-08-13T08:07:09.552+0000] {dagbag.py:545} INFO - Filling up the DagBag from /opt/airflow/dags/clickstream_clean_events_dag.py
[2026-08-13T08:07:09.644+0000] {processor.py:840} INFO - DAG(s) 'clickstream_clean_events' retrieved from /opt/airflow/dags/clickstream_clean_events_dag.py
[2026-08-13T08:07:09.813+0000] {logging_mixin.py:188} INFO - [2026-08-13T08:07:09.811+0000] {dag.py:3089} INFO - Sync 1 DAGs
[2026-08-13T08:07:09.888+0000] {logging_mixin.py:188} INFO - [2026-08-13T08:07:09.886+0000] {dag.py:3947} INFO - Setting next_dagrun for clickstream_clean_events to None, run_after=None
[2026-08-13T08:07:09.998+0000] {processor.py:183} INFO - Processing /opt/airflow/dags/clickstream_clean_events_dag.py took 0.495 seconds
[2026-08-13T08:07:40.468+0000] {processor.py:161} INFO - Started process (PID=3347) to work on /opt/airflow/dags/clickstream_clean_events_dag.py
[2026-08-13T08:07:40.477+0000] {processor.py:830} INFO - Processing file /opt/airflow/dags/clickstream_clean_events_dag.py for tasks to queue
[2026-08-13T08:07:40.505+0000] {logging_mixin.py:188} INFO - [2026-08-13T08:07:40.502+0000] {dagbag.py:545} INFO - Filling up the DagBag from /opt/airflow/dags/clickstream_clean_events_dag.py
[2026-08-13T08:07:40.718+0000] {processor.py:840} INFO - DAG(s) 'clickstream_clean_events' retrieved from /opt/airflow/dags/clickstream_clean_events_dag.py
[2026-08-13T08:07:40.981+0000] {logging_mixin.py:188} INFO - [2026-08-13T08:07:40.979+0000] {dag.py:3089} INFO - Sync 1 DAGs
[2026-08-13T08:07:41.079+0000] {logging_mixin.py:188} INFO - [2026-08-13T08:07:41.078+0000] {dag.py:3947} INFO - Setting next_dagrun for clickstream_clean_events to None, run_after=None
[2026-08-13T08:07:41.232+0000] {processor.py:183} INFO - Processing /opt/airflow/dags/clickstream_clean_events_dag.py took 0.849 seconds
[2026-08-13T08:08:11.770+0000] {processor.py:161} INFO - Started process (PID=3366) to work on /opt/airflow/dags/clickstream_clean_events_dag.py
[2026-08-13T08:08:11.784+0000] {processor.py:830} INFO - Processing file /opt/airflow/dags/clickstream_clean_events_dag.py for tasks to queue
[2026-08-13T08:08:11.798+0000] {logging_mixin.py:188} INFO - [2026-08-13T08:08:11.796+0000] {dagbag.py:545} INFO - Filling up the DagBag from /opt/airflow/dags/clickstream_clean_events_dag.py
[2026-08-13T08:08:11.924+0000] {processor.py:840} INFO - DAG(s) 'clickstream_clean_events' retrieved from /opt/airflow/dags/clickstream_clean_events_dag.py
[2026-08-13T08:08:12.085+0000] {logging_mixin.py:188} INFO - [2026-08-13T08:08:12.084+0000] {dag.py:3089} INFO - Sync 1 DAGs
[2026-08-13T08:08:12.159+0000] {logging_mixin.py:188} INFO - [2026-08-13T08:08:12.158+0000] {dag.py:3947} INFO - Setting next_dagrun for clickstream_clean_events to None, run_after=None
[2026-08-13T08:08:12.257+0000] {processor.py:183} INFO - Processing /opt/airflow/dags/clickstream_clean_events_dag.py took 0.538 seconds
[2026-08-13T08:08:42.731+0000] {processor.py:161} INFO - Started process (PID=3390) to work on /opt/airflow/dags/clickstream_clean_events_dag.py
[2026-08-13T08:08:42.744+0000] {processor.py:830} INFO - Processing file /opt/airflow/dags/clickstream_clean_events_dag.py for tasks to queue
[2026-08-13T08:08:42.758+0000] {logging_mixin.py:188} INFO - [2026-08-13T08:08:42.757+0000] {dagbag.py:545} INFO - Filling up the DagBag from /opt/airflow/dags/clickstream_clean_events_dag.py
[2026-08-13T08:08:42.902+0000] {processor.py:840} INFO - DAG(s) 'clickstream_clean_events' retrieved from /opt/airflow/dags/clickstream_clean_events_dag.py
[2026-08-13T08:08:43.170+0000] {logging_mixin.py:188} INFO - [2026-08-13T08:08:43.168+0000] {dag.py:3089} INFO - Sync 1 DAGs
[2026-08-13T08:08:43.309+0000] {logging_mixin.py:188} INFO - [2026-08-13T08:08:43.308+0000] {dag.py:3947} INFO - Setting next_dagrun for clickstream_clean_events to None, run_after=None
[2026-08-13T08:08:43.446+0000] {processor.py:183} INFO - Processing /opt/airflow/dags/clickstream_clean_events_dag.py took 0.759 seconds
[2026-08-13T08:09:13.949+0000] {processor.py:161} INFO - Started process (PID=3407) to work on /opt/airflow/dags/clickstream_clean_events_dag.py
[2026-08-13T08:09:13.955+0000] {processor.py:830} INFO - Processing file /opt/airflow/dags/clickstream_clean_events_dag.py for tasks to queue
[2026-08-13T08:09:13.973+0000] {logging_mixin.py:188} INFO - [2026-08-13T08:09:13.971+0000] {dagbag.py:545} INFO - Filling up the DagBag from /opt/airflow/dags/clickstream_clean_events_dag.py
[2026-08-13T08:09:14.211+0000] {processor.py:840} INFO - DAG(s) 'clickstream_clean_events' retrieved from /opt/airflow/dags/clickstream_clean_events_dag.py
[2026-08-13T08:09:14.509+0000] {logging_mixin.py:188} INFO - [2026-08-13T08:09:14.507+0000] {dag.py:3089} INFO - Sync 1 DAGs
[2026-08-13T08:09:14.680+0000] {logging_mixin.py:188} INFO - [2026-08-13T08:09:14.670+0000] {dag.py:3947} INFO - Setting next_dagrun for clickstream_clean_events to None, run_after=None
[2026-08-13T08:09:15.007+0000] {processor.py:183} INFO - Processing /opt/airflow/dags/clickstream_clean_events_dag.py took 1.078 seconds
[2026-08-13T08:09:45.411+0000] {processor.py:161} INFO - Started process (PID=3432) to work on /opt/airflow/dags/clickstream_clean_events_dag.py
[2026-08-13T08:09:45.416+0000] {processor.py:830} INFO - Processing file /opt/airflow/dags/clickstream_clean_events_dag.py for tasks to queue
[2026-08-13T08:09:45.423+0000] {logging_mixin.py:188} INFO - [2026-08-13T08:09:45.422+0000] {dagbag.py:545} INFO - Filling up the DagBag from /opt/airflow/dags/clickstream_clean_events_dag.py
[2026-08-13T08:09:45.483+0000] {processor.py:840} INFO - DAG(s) 'clickstream_clean_events' retrieved from /opt/airflow/dags/clickstream_clean_events_dag.py
[2026-08-13T08:09:45.603+0000] {logging_mixin.py:188} INFO - [2026-08-13T08:09:45.602+0000] {dag.py:3089} INFO - Sync 1 DAGs
[2026-08-13T08:09:45.674+0000] {logging_mixin.py:188} INFO - [2026-08-13T08:09:45.672+0000] {dag.py:3947} INFO - Setting next_dagrun for clickstream_clean_events to None, run_after=None
[2026-08-13T08:09:45.771+0000] {processor.py:183} INFO - Processing /opt/airflow/dags/clickstream_clean_events_dag.py took 0.385 seconds
[2026-08-13T08:10:16.171+0000] {processor.py:161} INFO - Started process (PID=3456) to work on /opt/airflow/dags/clickstream_clean_events_dag.py
[2026-08-13T08:10:16.177+0000] {processor.py:830} INFO - Processing file /opt/airflow/dags/clickstream_clean_events_dag.py for tasks to queue
[2026-08-13T08:10:16.189+0000] {logging_mixin.py:188} INFO - [2026-08-13T08:10:16.188+0000] {dagbag.py:545} INFO - Filling up the DagBag from /opt/airflow/dags/clickstream_clean_events_dag.py
[2026-08-13T08:10:16.263+0000] {processor.py:840} INFO - DAG(s) 'clickstream_clean_events' retrieved from /opt/airflow/dags/clickstream_clean_events_dag.py
[2026-08-13T08:10:16.557+0000] {logging_mixin.py:188} INFO - [2026-08-13T08:10:16.556+0000] {dag.py:3089} INFO - Sync 1 DAGs
[2026-08-13T08:10:16.694+0000] {logging_mixin.py:188} INFO - [2026-08-13T08:10:16.693+0000] {dag.py:3947} INFO - Setting next_dagrun for clickstream_clean_events to None, run_after=None
[2026-08-13T08:10:16.802+0000] {processor.py:183} INFO - Processing /opt/airflow/dags/clickstream_clean_events_dag.py took 0.657 seconds
[2026-08-13T08:10:47.233+0000] {processor.py:161} INFO - Started process (PID=3473) to work on /opt/airflow/dags/clickstream_clean_events_dag.py
[2026-08-13T08:10:47.237+0000] {processor.py:830} INFO - Processing file /opt/airflow/dags/clickstream_clean_events_dag.py for tasks to queue
[2026-08-13T08:10:47.246+0000] {logging_mixin.py:188} INFO - [2026-08-13T08:10:47.243+0000] {dagbag.py:545} INFO - Filling up the DagBag from /opt/airflow/dags/clickstream_clean_events_dag.py
[2026-08-13T08:10:47.288+0000] {processor.py:840} INFO - DAG(s) 'clickstream_clean_events' retrieved from /opt/airflow/dags/clickstream_clean_events_dag.py
[2026-08-13T08:10:47.356+0000] {logging_mixin.py:188} INFO - [2026-08-13T08:10:47.355+0000] {dag.py:3089} INFO - Sync 1 DAGs
[2026-08-13T08:10:47.386+0000] {logging_mixin.py:188} INFO - [2026-08-13T08:10:47.386+0000] {dag.py:3947} INFO - Setting next_dagrun for clickstream_clean_events to None, run_after=None
[2026-08-13T08:10:47.439+0000] {processor.py:183} INFO - Processing /opt/airflow/dags/clickstream_clean_events_dag.py took 0.229 seconds
[2026-08-13T08:11:17.743+0000] {processor.py:161} INFO - Started process (PID=3497) to work on /opt/airflow/dags/clickstream_clean_events_dag.py
[2026-08-13T08:11:17.745+0000] {processor.py:830} INFO - Processing file /opt/airflow/dags/clickstream_clean_events_dag.py for tasks to queue
[2026-08-13T08:11:17.749+0000] {logging_mixin.py:188} INFO - [2026-08-13T08:11:17.748+0000] {dagbag.py:545} INFO - Filling up the DagBag from /opt/airflow/dags/clickstream_clean_events_dag.py
[2026-08-13T08:11:17.777+0000] {processor.py:840} INFO - DAG(s) 'clickstream_clean_events' retrieved from /opt/airflow/dags/clickstream_clean_events_dag.py
[2026-08-13T08:11:17.822+0000] {logging_mixin.py:188} INFO - [2026-08-13T08:11:17.822+0000] {dag.py:3089} INFO - Sync 1 DAGs
[2026-08-13T08:11:17.849+0000] {logging_mixin.py:188} INFO - [2026-08-13T08:11:17.848+0000] {dag.py:3947} INFO - Setting next_dagrun for clickstream_clean_events to None, run_after=None
[2026-08-13T08:11:17.882+0000] {processor.py:183} INFO - Processing /opt/airflow/dags/clickstream_clean_events_dag.py took 0.148 seconds
[2026-08-13T08:11:48.146+0000] {processor.py:161} INFO - Started process (PID=3521) to work on /opt/airflow/dags/clickstream_clean_events_dag.py
[2026-08-13T08:11:48.148+0000] {processor.py:830} INFO - Processing file /opt/airflow/dags/clickstream_clean_events_dag.py for tasks to queue
[2026-08-13T08:11:48.151+0000] {logging_mixin.py:188} INFO - [2026-08-13T08:11:48.151+0000] {dagbag.py:545} INFO - Filling up the DagBag from /opt/airflow/dags/clickstream_clean_events_dag.py
[2026-08-13T08:11:48.175+0000] {processor.py:840} INFO - DAG(s) 'clickstream_clean_events' retrieved from /opt/airflow/dags/clickstream_clean_events_dag.py
[2026-08-13T08:11:48.217+0000] {logging_mixin.py:188} INFO - [2026-08-13T08:11:48.216+0000] {dag.py:3089} INFO - Sync 1 DAGs
[2026-08-13T08:11:48.236+0000] {logging_mixin.py:188} INFO - [2026-08-13T08:11:48.236+0000] {dag.py:3947} INFO - Setting next_dagrun for clickstream_clean_events to None, run_after=None
[2026-08-13T08:11:48.265+0000] {processor.py:183} INFO - Processing /opt/airflow/dags/clickstream_clean_events_dag.py took 0.127 seconds
[2026-08-13T08:12:18.572+0000] {processor.py:161} INFO - Started process (PID=3545) to work on /opt/airflow/dags/clickstream_clean_events_dag.py
[2026-08-13T08:12:18.574+0000] {processor.py:830} INFO - Processing file /opt/airflow/dags/clickstream_clean_events_dag.py for tasks to queue
[2026-08-13T08:12:18.579+0000] {logging_mixin.py:188} INFO - [2026-08-13T08:12:18.578+0000] {dagbag.py:545} INFO - Filling up the DagBag from /opt/airflow/dags/clickstream_clean_events_dag.py
[2026-08-13T08:12:18.607+0000] {processor.py:840} INFO - DAG(s) 'clickstream_clean_events' retrieved from /opt/airflow/dags/clickstream_clean_events_dag.py
[2026-08-13T08:12:18.654+0000] {logging_mixin.py:188} INFO - [2026-08-13T08:12:18.654+0000] {dag.py:3089} INFO - Sync 1 DAGs
[2026-08-13T08:12:18.676+0000] {logging_mixin.py:188} INFO - [2026-08-13T08:12:18.676+0000] {dag.py:3947} INFO - Setting next_dagrun for clickstream_clean_events to None, run_after=None
[2026-08-13T08:12:18.709+0000] {processor.py:183} INFO - Processing /opt/airflow/dags/clickstream_clean_events_dag.py took 0.147 seconds
[2026-08-13T08:12:48.998+0000] {processor.py:161} INFO - Started process (PID=3569) to work on /opt/airflow/dags/clickstream_clean_events_dag.py
[2026-08-13T08:12:49.000+0000] {processor.py:830} INFO - Processing file /opt/airflow/dags/clickstream_clean_events_dag.py for tasks to queue
[2026-08-13T08:12:49.004+0000] {logging_mixin.py:188} INFO - [2026-08-13T08:12:49.004+0000] {dagbag.py:545} INFO - Filling up the DagBag from /opt/airflow/dags/clickstream_clean_events_dag.py
[2026-08-13T08:12:49.034+0000] {processor.py:840} INFO - DAG(s) 'clickstream_clean_events' retrieved from /opt/airflow/dags/clickstream_clean_events_dag.py
[2026-08-13T08:12:49.086+0000] {logging_mixin.py:188} INFO - [2026-08-13T08:12:49.086+0000] {dag.py:3089} INFO - Sync 1 DAGs
[2026-08-13T08:12:49.108+0000] {logging_mixin.py:188} INFO - [2026-08-13T08:12:49.108+0000] {dag.py:3947} INFO - Setting next_dagrun for clickstream_clean_events to None, run_after=None
[2026-08-13T08:12:49.146+0000] {processor.py:183} INFO - Processing /opt/airflow/dags/clickstream_clean_events_dag.py took 0.157 seconds
[2026-08-13T08:13:19.434+0000] {processor.py:161} INFO - Started process (PID=3593) to work on /opt/airflow/dags/clickstream_clean_events_dag.py
[2026-08-13T08:13:19.436+0000] {processor.py:830} INFO - Processing file /opt/airflow/dags/clickstream_clean_events_dag.py for tasks to queue
[2026-08-13T08:13:19.439+0000] {logging_mixin.py:188} INFO - [2026-08-13T08:13:19.439+0000] {dagbag.py:545} INFO - Filling up the DagBag from /opt/airflow/dags/clickstream_clean_events_dag.py
[2026-08-13T08:13:19.468+0000] {processor.py:840} INFO - DAG(s) 'clickstream_clean_events' retrieved from /opt/airflow/dags/clickstream_clean_events_dag.py
[2026-08-13T08:13:19.516+0000] {logging_mixin.py:188} INFO - [2026-08-13T08:13:19.516+0000] {dag.py:3089} INFO - Sync 1 DAGs
[2026-08-13T08:13:19.560+0000] {logging_mixin.py:188} INFO - [2026-08-13T08:13:19.559+0000] {dag.py:3947} INFO - Setting next_dagrun for clickstream_clean_events to None, run_after=None
[2026-08-13T08:13:19.641+0000] {processor.py:183} INFO - Processing /opt/airflow/dags/clickstream_clean_events_dag.py took 0.217 seconds
[2026-08-13T08:13:49.970+0000] {processor.py:161} INFO - Started process (PID=3617) to work on /opt/airflow/dags/clickstream_clean_events_dag.py
[2026-08-13T08:13:49.972+0000] {processor.py:830} INFO - Processing file /opt/airflow/dags/clickstream_clean_events_dag.py for tasks to queue
[2026-08-13T08:13:49.978+0000] {logging_mixin.py:188} INFO - [2026-08-13T08:13:49.977+0000] {dagbag.py:545} INFO - Filling up the DagBag from /opt/airflow/dags/clickstream_clean_events_dag.py
[2026-08-13T08:13:50.017+0000] {processor.py:840} INFO - DAG(s) 'clickstream_clean_events' retrieved from /opt/airflow/dags/clickstream_clean_events_dag.py
[2026-08-13T08:13:50.075+0000] {logging_mixin.py:188} INFO - [2026-08-13T08:13:50.075+0000] {dag.py:3089} INFO - Sync 1 DAGs
[2026-08-13T08:13:50.106+0000] {logging_mixin.py:188} INFO - [2026-08-13T08:13:50.105+0000] {dag.py:3947} INFO - Setting next_dagrun for clickstream_clean_events to None, run_after=None
[2026-08-13T08:13:50.153+0000] {processor.py:183} INFO - Processing /opt/airflow/dags/clickstream_clean_events_dag.py took 0.200 seconds
[2026-08-13T08:14:20.495+0000] {processor.py:161} INFO - Started process (PID=3641) to work on /opt/airflow/dags/clickstream_clean_events_dag.py
[2026-08-13T08:14:20.498+0000] {processor.py:830} INFO - Processing file /opt/airflow/dags/clickstream_clean_events_dag.py for tasks to queue
[2026-08-13T08:14:20.504+0000] {logging_mixin.py:188} INFO - [2026-08-13T08:14:20.503+0000] {dagbag.py:545} INFO - Filling up the DagBag from /opt/airflow/dags/clickstream_clean_events_dag.py
[2026-08-13T08:14:20.545+0000] {processor.py:840} INFO - DAG(s) 'clickstream_clean_events' retrieved from /opt/airflow/dags/clickstream_clean_events_dag.py
[2026-08-13T08:14:20.611+0000] {logging_mixin.py:188} INFO - [2026-08-13T08:14:20.611+0000] {dag.py:3089} INFO - Sync 1 DAGs
[2026-08-13T08:14:20.640+0000] {logging_mixin.py:188} INFO - [2026-08-13T08:14:20.640+0000] {dag.py:3947} INFO - Setting next_dagrun for clickstream_clean_events to None, run_after=None
[2026-08-13T08:14:20.682+0000] {processor.py:183} INFO - Processing /opt/airflow/dags/clickstream_clean_events_dag.py took 0.202 seconds
[2026-08-13T08:14:51.100+0000] {processor.py:161} INFO - Started process (PID=3665) to work on /opt/airflow/dags/clickstream_clean_events_dag.py
[2026-08-13T08:14:51.104+0000] {processor.py:830} INFO - Processing file /opt/airflow/dags/clickstream_clean_events_dag.py for tasks to queue
[2026-08-13T08:14:51.111+0000] {logging_mixin.py:188} INFO - [2026-08-13T08:14:51.110+0000] {dagbag.py:545} INFO - Filling up the DagBag from /opt/airflow/dags/clickstream_clean_events_dag.py
[2026-08-13T08:14:51.170+0000] {processor.py:840} INFO - DAG(s) 'clickstream_clean_events' retrieved from /opt/airflow/dags/clickstream_clean_events_dag.py
[2026-08-13T08:14:51.272+0000] {logging_mixin.py:188} INFO - [2026-08-13T08:14:51.271+0000] {dag.py:3089} INFO - Sync 1 DAGs
[2026-08-13T08:14:51.315+0000] {logging_mixin.py:188} INFO - [2026-08-13T08:14:51.314+0000] {dag.py:3947} INFO - Setting next_dagrun for clickstream_clean_events to None, run_after=None
[2026-08-13T08:14:51.381+0000] {processor.py:183} INFO - Processing /opt/airflow/dags/clickstream_clean_events_dag.py took 0.302 seconds
[2026-08-13T08:15:21.943+0000] {processor.py:161} INFO - Started process (PID=3682) to work on /opt/airflow/dags/clickstream_clean_events_dag.py
[2026-08-13T08:15:21.945+0000] {processor.py:830} INFO - Processing file /opt/airflow/dags/clickstream_clean_events_dag.py for tasks to queue
[2026-08-13T08:15:21.949+0000] {logging_mixin.py:188} INFO - [2026-08-13T08:15:21.949+0000] {dagbag.py:545} INFO - Filling up the DagBag from /opt/airflow/dags/clickstream_clean_events_dag.py
[2026-08-13T08:15:21.994+0000] {processor.py:840} INFO - DAG(s) 'clickstream_clean_events' retrieved from /opt/airflow/dags/clickstream_clean_events_dag.py
[2026-08-13T08:15:22.050+0000] {logging_mixin.py:188} INFO - [2026-08-13T08:15:22.050+0000] {dag.py:3089} INFO - Sync 1 DAGs
[2026-08-13T08:15:22.075+0000] {logging_mixin.py:188} INFO - [2026-08-13T08:15:22.074+0000] {dag.py:3947} INFO - Setting next_dagrun for clickstream_clean_events to None, run_after=None
[2026-08-13T08:15:22.115+0000] {processor.py:183} INFO - Processing /opt/airflow/dags/clickstream_clean_events_dag.py took 0.183 seconds
[2026-08-13T08:15:52.763+0000] {processor.py:161} INFO - Started process (PID=3706) to work on /opt/airflow/dags/clickstream_clean_events_dag.py
[2026-08-13T08:15:52.772+0000] {processor.py:830} INFO - Processing file /opt/airflow/dags/clickstream_clean_events_dag.py for tasks to queue
[2026-08-13T08:15:52.789+0000] {logging_mixin.py:188} INFO - [2026-08-13T08:15:52.786+0000] {dagbag.py:545} INFO - Filling up the DagBag from /opt/airflow/dags/clickstream_clean_events_dag.py
[2026-08-13T08:15:52.937+0000] {processor.py:840} INFO - DAG(s) 'clickstream_clean_events' retrieved from /opt/airflow/dags/clickstream_clean_events_dag.py
[2026-08-13T08:15:53.294+0000] {logging_mixin.py:188} INFO - [2026-08-13T08:15:53.292+0000] {dag.py:3089} INFO - Sync 1 DAGs
[2026-08-13T08:15:53.415+0000] {logging_mixin.py:188} INFO - [2026-08-13T08:15:53.414+0000] {dag.py:3947} INFO - Setting next_dagrun for clickstream_clean_events to None, run_after=None
[2026-08-13T08:15:53.550+0000] {processor.py:183} INFO - Processing /opt/airflow/dags/clickstream_clean_events_dag.py took 0.869 seconds
[2026-08-13T08:16:24.026+0000] {processor.py:161} INFO - Started process (PID=3731) to work on /opt/airflow/dags/clickstream_clean_events_dag.py
[2026-08-13T08:16:24.029+0000] {processor.py:830} INFO - Processing file /opt/airflow/dags/clickstream_clean_events_dag.py for tasks to queue
[2026-08-13T08:16:24.037+0000] {logging_mixin.py:188} INFO - [2026-08-13T08:16:24.036+0000] {dagbag.py:545} INFO - Filling up the DagBag from /opt/airflow/dags/clickstream_clean_events_dag.py
[2026-08-13T08:16:24.081+0000] {processor.py:840} INFO - DAG(s) 'clickstream_clean_events' retrieved from /opt/airflow/dags/clickstream_clean_events_dag.py
[2026-08-13T08:16:24.165+0000] {logging_mixin.py:188} INFO - [2026-08-13T08:16:24.165+0000] {dag.py:3089} INFO - Sync 1 DAGs
[2026-08-13T08:16:24.207+0000] {logging_mixin.py:188} INFO - [2026-08-13T08:16:24.206+0000] {dag.py:3947} INFO - Setting next_dagrun for clickstream_clean_events to None, run_after=None
[2026-08-13T08:16:24.263+0000] {processor.py:183} INFO - Processing /opt/airflow/dags/clickstream_clean_events_dag.py took 0.252 seconds
[2026-08-13T08:16:54.601+0000] {processor.py:161} INFO - Started process (PID=3755) to work on /opt/airflow/dags/clickstream_clean_events_dag.py
[2026-08-13T08:16:54.605+0000] {processor.py:830} INFO - Processing file /opt/airflow/dags/clickstream_clean_events_dag.py for tasks to queue
[2026-08-13T08:16:54.617+0000] {logging_mixin.py:188} INFO - [2026-08-13T08:16:54.615+0000] {dagbag.py:545} INFO - Filling up the DagBag from /opt/airflow/dags/clickstream_clean_events_dag.py
[2026-08-13T08:16:54.675+0000] {processor.py:840} INFO - DAG(s) 'clickstream_clean_events' retrieved from /opt/airflow/dags/clickstream_clean_events_dag.py
[2026-08-13T08:16:54.780+0000] {logging_mixin.py:188} INFO - [2026-08-13T08:16:54.779+0000] {dag.py:3089} INFO - Sync 1 DAGs
[2026-08-13T08:16:54.823+0000] {logging_mixin.py:188} INFO - [2026-08-13T08:16:54.822+0000] {dag.py:3947} INFO - Setting next_dagrun for clickstream_clean_events to None, run_after=None
[2026-08-13T08:16:54.889+0000] {processor.py:183} INFO - Processing /opt/airflow/dags/clickstream_clean_events_dag.py took 0.312 seconds
[2026-08-13T08:17:25.231+0000] {processor.py:161} INFO - Started process (PID=3780) to work on /opt/airflow/dags/clickstream_clean_events_dag.py
[2026-08-13T08:17:25.234+0000] {processor.py:830} INFO - Processing file /opt/airflow/dags/clickstream_clean_events_dag.py for tasks to queue
[2026-08-13T08:17:25.240+0000] {logging_mixin.py:188} INFO - [2026-08-13T08:17:25.239+0000] {dagbag.py:545} INFO - Filling up the DagBag from /opt/airflow/dags/clickstream_clean_events_dag.py
[2026-08-13T08:17:25.283+0000] {processor.py:840} INFO - DAG(s) 'clickstream_clean_events' retrieved from /opt/airflow/dags/clickstream_clean_events_dag.py
[2026-08-13T08:17:25.358+0000] {logging_mixin.py:188} INFO - [2026-08-13T08:17:25.358+0000] {dag.py:3089} INFO - Sync 1 DAGs
[2026-08-13T08:17:25.392+0000] {logging_mixin.py:188} INFO - [2026-08-13T08:17:25.392+0000] {dag.py:3947} INFO - Setting next_dagrun for clickstream_clean_events to None, run_after=None
[2026-08-13T08:17:25.455+0000] {processor.py:183} INFO - Processing /opt/airflow/dags/clickstream_clean_events_dag.py took 0.240 seconds
[2026-08-13T08:17:55.568+0000] {processor.py:161} INFO - Started process (PID=3804) to work on /opt/airflow/dags/clickstream_clean_events_dag.py
[2026-08-13T08:17:55.572+0000] {processor.py:830} INFO - Processing file /opt/airflow/dags/clickstream_clean_events_dag.py for tasks to queue
[2026-08-13T08:17:55.579+0000] {logging_mixin.py:188} INFO - [2026-08-13T08:17:55.578+0000] {dagbag.py:545} INFO - Filling up the DagBag from /opt/airflow/dags/clickstream_clean_events_dag.py
[2026-08-13T08:17:55.623+0000] {processor.py:840} INFO - DAG(s) 'clickstream_clean_events' retrieved from /opt/airflow/dags/clickstream_clean_events_dag.py
[2026-08-13T08:17:55.695+0000] {logging_mixin.py:188} INFO - [2026-08-13T08:17:55.695+0000] {dag.py:3089} INFO - Sync 1 DAGs
[2026-08-13T08:17:55.730+0000] {logging_mixin.py:188} INFO - [2026-08-13T08:17:55.729+0000] {dag.py:3947} INFO - Setting next_dagrun for clickstream_clean_events to None, run_after=None
[2026-08-13T08:17:55.785+0000] {processor.py:183} INFO - Processing /opt/airflow/dags/clickstream_clean_events_dag.py took 0.240 seconds
[2026-08-13T08:18:26.140+0000] {processor.py:161} INFO - Started process (PID=3828) to work on /opt/airflow/dags/clickstream_clean_events_dag.py
[2026-08-13T08:18:26.145+0000] {processor.py:830} INFO - Processing file /opt/airflow/dags/clickstream_clean_events_dag.py for tasks to queue
[2026-08-13T08:18:26.153+0000] {logging_mixin.py:188} INFO - [2026-08-13T08:18:26.152+0000] {dagbag.py:545} INFO - Filling up the DagBag from /opt/airflow/dags/clickstream_clean_events_dag.py
[2026-08-13T08:18:26.219+0000] {processor.py:840} INFO - DAG(s) 'clickstream_clean_events' retrieved from /opt/airflow/dags/clickstream_clean_events_dag.py
[2026-08-13T08:18:26.317+0000] {logging_mixin.py:188} INFO - [2026-08-13T08:18:26.316+0000] {dag.py:3089} INFO - Sync 1 DAGs
[2026-08-13T08:18:26.366+0000] {logging_mixin.py:188} INFO - [2026-08-13T08:18:26.365+0000] {dag.py:3947} INFO - Setting next_dagrun for clickstream_clean_events to None, run_after=None
[2026-08-13T08:18:26.431+0000] {processor.py:183} INFO - Processing /opt/airflow/dags/clickstream_clean_events_dag.py took 0.318 seconds
[2026-08-13T08:18:57.086+0000] {processor.py:161} INFO - Started process (PID=3845) to work on /opt/airflow/dags/clickstream_clean_events_dag.py
[2026-08-13T08:18:57.089+0000] {processor.py:830} INFO - Processing file /opt/airflow/dags/clickstream_clean_events_dag.py for tasks to queue
[2026-08-13T08:18:57.095+0000] {logging_mixin.py:188} INFO - [2026-08-13T08:18:57.094+0000] {dagbag.py:545} INFO - Filling up the DagBag from /opt/airflow/dags/clickstream_clean_events_dag.py
[2026-08-13T08:18:57.129+0000] {processor.py:840} INFO - DAG(s) 'clickstream_clean_events' retrieved from /opt/airflow/dags/clickstream_clean_events_dag.py
[2026-08-13T08:18:57.183+0000] {logging_mixin.py:188} INFO - [2026-08-13T08:18:57.183+0000] {dag.py:3089} INFO - Sync 1 DAGs
[2026-08-13T08:18:57.209+0000] {logging_mixin.py:188} INFO - [2026-08-13T08:18:57.209+0000] {dag.py:3947} INFO - Setting next_dagrun for clickstream_clean_events to None, run_after=None
[2026-08-13T08:18:57.246+0000] {processor.py:183} INFO - Processing /opt/airflow/dags/clickstream_clean_events_dag.py took 0.172 seconds
[2026-08-13T08:19:27.558+0000] {processor.py:161} INFO - Started process (PID=3869) to work on /opt/airflow/dags/clickstream_clean_events_dag.py
[2026-08-13T08:19:27.559+0000] {processor.py:830} INFO - Processing file /opt/airflow/dags/clickstream_clean_events_dag.py for tasks to queue
[2026-08-13T08:19:27.563+0000] {logging_mixin.py:188} INFO - [2026-08-13T08:19:27.562+0000] {dagbag.py:545} INFO - Filling up the DagBag from /opt/airflow/dags/clickstream_clean_events_dag.py
[2026-08-13T08:19:27.591+0000] {processor.py:840} INFO - DAG(s) 'clickstream_clean_events' retrieved from /opt/airflow/dags/clickstream_clean_events_dag.py
[2026-08-13T08:19:27.637+0000] {logging_mixin.py:188} INFO - [2026-08-13T08:19:27.636+0000] {dag.py:3089} INFO - Sync 1 DAGs
[2026-08-13T08:19:27.657+0000] {logging_mixin.py:188} INFO - [2026-08-13T08:19:27.656+0000] {dag.py:3947} INFO - Setting next_dagrun for clickstream_clean_events to None, run_after=None
[2026-08-13T08:19:27.690+0000] {processor.py:183} INFO - Processing /opt/airflow/dags/clickstream_clean_events_dag.py took 0.141 seconds
[2026-08-13T08:19:58.046+0000] {processor.py:161} INFO - Started process (PID=3893) to work on /opt/airflow/dags/clickstream_clean_events_dag.py
[2026-08-13T08:19:58.049+0000] {processor.py:830} INFO - Processing file /opt/airflow/dags/clickstream_clean_events_dag.py for tasks to queue
[2026-08-13T08:19:58.053+0000] {logging_mixin.py:188} INFO - [2026-08-13T08:19:58.052+0000] {dagbag.py:545} INFO - Filling up the DagBag from /opt/airflow/dags/clickstream_clean_events_dag.py
[2026-08-13T08:19:58.098+0000] {processor.py:840} INFO - DAG(s) 'clickstream_clean_events' retrieved from /opt/airflow/dags/clickstream_clean_events_dag.py
[2026-08-13T08:19:58.165+0000] {logging_mixin.py:188} INFO - [2026-08-13T08:19:58.165+0000] {dag.py:3089} INFO - Sync 1 DAGs
[2026-08-13T08:19:58.193+0000] {logging_mixin.py:188} INFO - [2026-08-13T08:19:58.192+0000] {dag.py:3947} INFO - Setting next_dagrun for clickstream_clean_events to None, run_after=None
[2026-08-13T08:19:58.247+0000] {processor.py:183} INFO - Processing /opt/airflow/dags/clickstream_clean_events_dag.py took 0.215 seconds
[2026-08-13T08:20:28.618+0000] {processor.py:161} INFO - Started process (PID=3917) to work on /opt/airflow/dags/clickstream_clean_events_dag.py
[2026-08-13T08:20:28.621+0000] {processor.py:830} INFO - Processing file /opt/airflow/dags/clickstream_clean_events_dag.py for tasks to queue
[2026-08-13T08:20:28.626+0000] {logging_mixin.py:188} INFO - [2026-08-13T08:20:28.625+0000] {dagbag.py:545} INFO - Filling up the DagBag from /opt/airflow/dags/clickstream_clean_events_dag.py
[2026-08-13T08:20:28.661+0000] {processor.py:840} INFO - DAG(s) 'clickstream_clean_events' retrieved from /opt/airflow/dags/clickstream_clean_events_dag.py
[2026-08-13T08:20:28.719+0000] {logging_mixin.py:188} INFO - [2026-08-13T08:20:28.718+0000] {dag.py:3089} INFO - Sync 1 DAGs
[2026-08-13T08:20:28.744+0000] {logging_mixin.py:188} INFO - [2026-08-13T08:20:28.744+0000] {dag.py:3947} INFO - Setting next_dagrun for clickstream_clean_events to None, run_after=None
[2026-08-13T08:20:28.784+0000] {processor.py:183} INFO - Processing /opt/airflow/dags/clickstream_clean_events_dag.py took 0.179 seconds
[2026-08-13T08:20:59.227+0000] {processor.py:161} INFO - Started process (PID=3941) to work on /opt/airflow/dags/clickstream_clean_events_dag.py
[2026-08-13T08:20:59.231+0000] {processor.py:830} INFO - Processing file /opt/airflow/dags/clickstream_clean_events_dag.py for tasks to queue
[2026-08-13T08:20:59.237+0000] {logging_mixin.py:188} INFO - [2026-08-13T08:20:59.236+0000] {dagbag.py:545} INFO - Filling up the DagBag from /opt/airflow/dags/clickstream_clean_events_dag.py
[2026-08-13T08:20:59.290+0000] {processor.py:840} INFO - DAG(s) 'clickstream_clean_events' retrieved from /opt/airflow/dags/clickstream_clean_events_dag.py
[2026-08-13T08:20:59.384+0000] {logging_mixin.py:188} INFO - [2026-08-13T08:20:59.384+0000] {dag.py:3089} INFO - Sync 1 DAGs
[2026-08-13T08:20:59.430+0000] {logging_mixin.py:188} INFO - [2026-08-13T08:20:59.429+0000] {dag.py:3947} INFO - Setting next_dagrun for clickstream_clean_events to None, run_after=None
[2026-08-13T08:20:59.514+0000] {processor.py:183} INFO - Processing /opt/airflow/dags/clickstream_clean_events_dag.py took 0.312 seconds
[2026-08-13T08:21:29.894+0000] {processor.py:161} INFO - Started process (PID=3965) to work on /opt/airflow/dags/clickstream_clean_events_dag.py
[2026-08-13T08:21:29.897+0000] {processor.py:830} INFO - Processing file /opt/airflow/dags/clickstream_clean_events_dag.py for tasks to queue
[2026-08-13T08:21:29.904+0000] {logging_mixin.py:188} INFO - [2026-08-13T08:21:29.903+0000] {dagbag.py:545} INFO - Filling up the DagBag from /opt/airflow/dags/clickstream_clean_events_dag.py
[2026-08-13T08:21:29.953+0000] {processor.py:840} INFO - DAG(s) 'clickstream_clean_events' retrieved from /opt/airflow/dags/clickstream_clean_events_dag.py
[2026-08-13T08:21:30.028+0000] {logging_mixin.py:188} INFO - [2026-08-13T08:21:30.028+0000] {dag.py:3089} INFO - Sync 1 DAGs
[2026-08-13T08:21:30.070+0000] {logging_mixin.py:188} INFO - [2026-08-13T08:21:30.070+0000] {dag.py:3947} INFO - Setting next_dagrun for clickstream_clean_events to None, run_after=None
[2026-08-13T08:21:30.127+0000] {processor.py:183} INFO - Processing /opt/airflow/dags/clickstream_clean_events_dag.py took 0.250 seconds
[2026-08-13T08:22:00.441+0000] {processor.py:161} INFO - Started process (PID=3982) to work on /opt/airflow/dags/clickstream_clean_events_dag.py
[2026-08-13T08:22:00.443+0000] {processor.py:830} INFO - Processing file /opt/airflow/dags/clickstream_clean_events_dag.py for tasks to queue
[2026-08-13T08:22:00.446+0000] {logging_mixin.py:188} INFO - [2026-08-13T08:22:00.446+0000] {dagbag.py:545} INFO - Filling up the DagBag from /opt/airflow/dags/clickstream_clean_events_dag.py
[2026-08-13T08:22:00.472+0000] {processor.py:840} INFO - DAG(s) 'clickstream_clean_events' retrieved from /opt/airflow/dags/clickstream_clean_events_dag.py
[2026-08-13T08:22:00.510+0000] {logging_mixin.py:188} INFO - [2026-08-13T08:22:00.510+0000] {dag.py:3089} INFO - Sync 1 DAGs
[2026-08-13T08:22:00.527+0000] {logging_mixin.py:188} INFO - [2026-08-13T08:22:00.527+0000] {dag.py:3947} INFO - Setting next_dagrun for clickstream_clean_events to None, run_after=None
[2026-08-13T08:22:00.557+0000] {processor.py:183} INFO - Processing /opt/airflow/dags/clickstream_clean_events_dag.py took 0.125 seconds
[2026-08-13T08:22:30.931+0000] {processor.py:161} INFO - Started process (PID=4006) to work on /opt/airflow/dags/clickstream_clean_events_dag.py
[2026-08-13T08:22:30.935+0000] {processor.py:830} INFO - Processing file /opt/airflow/dags/clickstream_clean_events_dag.py for tasks to queue
[2026-08-13T08:22:30.940+0000] {logging_mixin.py:188} INFO - [2026-08-13T08:22:30.940+0000] {dagbag.py:545} INFO - Filling up the DagBag from /opt/airflow/dags/clickstream_clean_events_dag.py
[2026-08-13T08:22:30.987+0000] {processor.py:840} INFO - DAG(s) 'clickstream_clean_events' retrieved from /opt/airflow/dags/clickstream_clean_events_dag.py
[2026-08-13T08:22:31.060+0000] {logging_mixin.py:188} INFO - [2026-08-13T08:22:31.059+0000] {dag.py:3089} INFO - Sync 1 DAGs
[2026-08-13T08:22:31.096+0000] {logging_mixin.py:188} INFO - [2026-08-13T08:22:31.095+0000] {dag.py:3947} INFO - Setting next_dagrun for clickstream_clean_events to None, run_after=None
[2026-08-13T08:22:31.154+0000] {processor.py:183} INFO - Processing /opt/airflow/dags/clickstream_clean_events_dag.py took 0.241 seconds
[2026-08-13T08:23:01.664+0000] {processor.py:161} INFO - Started process (PID=4031) to work on /opt/airflow/dags/clickstream_clean_events_dag.py
[2026-08-13T08:23:01.674+0000] {processor.py:830} INFO - Processing file /opt/airflow/dags/clickstream_clean_events_dag.py for tasks to queue
[2026-08-13T08:23:01.693+0000] {logging_mixin.py:188} INFO - [2026-08-13T08:23:01.691+0000] {dagbag.py:545} INFO - Filling up the DagBag from /opt/airflow/dags/clickstream_clean_events_dag.py
[2026-08-13T08:23:02.005+0000] {processor.py:840} INFO - DAG(s) 'clickstream_clean_events' retrieved from /opt/airflow/dags/clickstream_clean_events_dag.py
[2026-08-13T08:23:02.412+0000] {logging_mixin.py:188} INFO - [2026-08-13T08:23:02.411+0000] {dag.py:3089} INFO - Sync 1 DAGs
[2026-08-13T08:23:02.614+0000] {logging_mixin.py:188} INFO - [2026-08-13T08:23:02.612+0000] {dag.py:3947} INFO - Setting next_dagrun for clickstream_clean_events to None, run_after=None
[2026-08-13T08:23:02.800+0000] {processor.py:183} INFO - Processing /opt/airflow/dags/clickstream_clean_events_dag.py took 1.184 seconds
[2026-08-13T08:23:33.771+0000] {processor.py:161} INFO - Started process (PID=4048) to work on /opt/airflow/dags/clickstream_clean_events_dag.py
[2026-08-13T08:23:33.779+0000] {processor.py:830} INFO - Processing file /opt/airflow/dags/clickstream_clean_events_dag.py for tasks to queue
[2026-08-13T08:23:33.797+0000] {logging_mixin.py:188} INFO - [2026-08-13T08:23:33.794+0000] {dagbag.py:545} INFO - Filling up the DagBag from /opt/airflow/dags/clickstream_clean_events_dag.py
[2026-08-13T08:23:33.989+0000] {processor.py:840} INFO - DAG(s) 'clickstream_clean_events' retrieved from /opt/airflow/dags/clickstream_clean_events_dag.py
[2026-08-13T08:23:34.269+0000] {logging_mixin.py:188} INFO - [2026-08-13T08:23:34.268+0000] {dag.py:3089} INFO - Sync 1 DAGs
[2026-08-13T08:23:34.349+0000] {logging_mixin.py:188} INFO - [2026-08-13T08:23:34.348+0000] {dag.py:3947} INFO - Setting next_dagrun for clickstream_clean_events to None, run_after=None
[2026-08-13T08:23:34.481+0000] {processor.py:183} INFO - Processing /opt/airflow/dags/clickstream_clean_events_dag.py took 0.750 seconds
[2026-08-13T08:24:05.505+0000] {processor.py:161} INFO - Started process (PID=4072) to work on /opt/airflow/dags/clickstream_clean_events_dag.py
[2026-08-13T08:24:05.542+0000] {processor.py:830} INFO - Processing file /opt/airflow/dags/clickstream_clean_events_dag.py for tasks to queue
[2026-08-13T08:24:05.567+0000] {logging_mixin.py:188} INFO - [2026-08-13T08:24:05.564+0000] {dagbag.py:545} INFO - Filling up the DagBag from /opt/airflow/dags/clickstream_clean_events_dag.py
[2026-08-13T08:24:05.745+0000] {processor.py:840} INFO - DAG(s) 'clickstream_clean_events' retrieved from /opt/airflow/dags/clickstream_clean_events_dag.py
[2026-08-13T08:24:06.053+0000] {logging_mixin.py:188} INFO - [2026-08-13T08:24:06.051+0000] {dag.py:3089} INFO - Sync 1 DAGs
[2026-08-13T08:24:06.325+0000] {logging_mixin.py:188} INFO - [2026-08-13T08:24:06.324+0000] {dag.py:3947} INFO - Setting next_dagrun for clickstream_clean_events to None, run_after=None
[2026-08-13T08:24:06.768+0000] {processor.py:183} INFO - Processing /opt/airflow/dags/clickstream_clean_events_dag.py took 1.341 seconds
[2026-08-13T08:24:37.333+0000] {processor.py:161} INFO - Started process (PID=4096) to work on /opt/airflow/dags/clickstream_clean_events_dag.py
[2026-08-13T08:24:37.338+0000] {processor.py:830} INFO - Processing file /opt/airflow/dags/clickstream_clean_events_dag.py for tasks to queue
[2026-08-13T08:24:37.345+0000] {logging_mixin.py:188} INFO - [2026-08-13T08:24:37.344+0000] {dagbag.py:545} INFO - Filling up the DagBag from /opt/airflow/dags/clickstream_clean_events_dag.py
[2026-08-13T08:24:37.410+0000] {processor.py:840} INFO - DAG(s) 'clickstream_clean_events' retrieved from /opt/airflow/dags/clickstream_clean_events_dag.py
[2026-08-13T08:24:37.560+0000] {logging_mixin.py:188} INFO - [2026-08-13T08:24:37.559+0000] {dag.py:3089} INFO - Sync 1 DAGs
[2026-08-13T08:24:37.607+0000] {logging_mixin.py:188} INFO - [2026-08-13T08:24:37.606+0000] {dag.py:3947} INFO - Setting next_dagrun for clickstream_clean_events to None, run_after=None
[2026-08-13T08:24:37.681+0000] {processor.py:183} INFO - Processing /opt/airflow/dags/clickstream_clean_events_dag.py took 0.371 seconds
[2026-08-13T08:25:07.808+0000] {processor.py:161} INFO - Started process (PID=4120) to work on /opt/airflow/dags/clickstream_clean_events_dag.py
[2026-08-13T08:25:07.810+0000] {processor.py:830} INFO - Processing file /opt/airflow/dags/clickstream_clean_events_dag.py for tasks to queue
[2026-08-13T08:25:07.815+0000] {logging_mixin.py:188} INFO - [2026-08-13T08:25:07.814+0000] {dagbag.py:545} INFO - Filling up the DagBag from /opt/airflow/dags/clickstream_clean_events_dag.py
[2026-08-13T08:25:07.846+0000] {processor.py:840} INFO - DAG(s) 'clickstream_clean_events' retrieved from /opt/airflow/dags/clickstream_clean_events_dag.py
[2026-08-13T08:25:07.899+0000] {logging_mixin.py:188} INFO - [2026-08-13T08:25:07.898+0000] {dag.py:3089} INFO - Sync 1 DAGs
[2026-08-13T08:25:07.931+0000] {logging_mixin.py:188} INFO - [2026-08-13T08:25:07.930+0000] {dag.py:3947} INFO - Setting next_dagrun for clickstream_clean_events to None, run_after=None
[2026-08-13T08:25:07.965+0000] {processor.py:183} INFO - Processing /opt/airflow/dags/clickstream_clean_events_dag.py took 0.173 seconds
[2026-08-13T08:25:38.222+0000] {processor.py:161} INFO - Started process (PID=4145) to work on /opt/airflow/dags/clickstream_clean_events_dag.py
[2026-08-13T08:25:38.223+0000] {processor.py:830} INFO - Processing file /opt/airflow/dags/clickstream_clean_events_dag.py for tasks to queue
[2026-08-13T08:25:38.226+0000] {logging_mixin.py:188} INFO - [2026-08-13T08:25:38.225+0000] {dagbag.py:545} INFO - Filling up the DagBag from /opt/airflow/dags/clickstream_clean_events_dag.py
[2026-08-13T08:25:38.245+0000] {processor.py:840} INFO - DAG(s) 'clickstream_clean_events' retrieved from /opt/airflow/dags/clickstream_clean_events_dag.py
[2026-08-13T08:25:38.274+0000] {logging_mixin.py:188} INFO - [2026-08-13T08:25:38.273+0000] {dag.py:3089} INFO - Sync 1 DAGs
[2026-08-13T08:25:38.287+0000] {logging_mixin.py:188} INFO - [2026-08-13T08:25:38.287+0000] {dag.py:3947} INFO - Setting next_dagrun for clickstream_clean_events to None, run_after=None
[2026-08-13T08:25:38.308+0000] {processor.py:183} INFO - Processing /opt/airflow/dags/clickstream_clean_events_dag.py took 0.092 seconds
[2026-08-13T08:26:08.564+0000] {processor.py:161} INFO - Started process (PID=4169) to work on /opt/airflow/dags/clickstream_clean_events_dag.py
[2026-08-13T08:26:08.565+0000] {processor.py:830} INFO - Processing file /opt/airflow/dags/clickstream_clean_events_dag.py for tasks to queue
[2026-08-13T08:26:08.568+0000] {logging_mixin.py:188} INFO - [2026-08-13T08:26:08.567+0000] {dagbag.py:545} INFO - Filling up the DagBag from /opt/airflow/dags/clickstream_clean_events_dag.py
[2026-08-13T08:26:08.582+0000] {processor.py:840} INFO - DAG(s) 'clickstream_clean_events' retrieved from /opt/airflow/dags/clickstream_clean_events_dag.py
[2026-08-13T08:26:08.605+0000] {logging_mixin.py:188} INFO - [2026-08-13T08:26:08.605+0000] {dag.py:3089} INFO - Sync 1 DAGs
[2026-08-13T08:26:08.616+0000] {logging_mixin.py:188} INFO - [2026-08-13T08:26:08.615+0000] {dag.py:3947} INFO - Setting next_dagrun for clickstream_clean_events to None, run_after=None
[2026-08-13T08:26:08.633+0000] {processor.py:183} INFO - Processing /opt/airflow/dags/clickstream_clean_events_dag.py took 0.073 seconds
[2026-08-13T08:26:38.994+0000] {processor.py:161} INFO - Started process (PID=4200) to work on /opt/airflow/dags/clickstream_clean_events_dag.py
[2026-08-13T08:26:38.995+0000] {processor.py:830} INFO - Processing file /opt/airflow/dags/clickstream_clean_events_dag.py for tasks to queue
[2026-08-13T08:26:38.998+0000] {logging_mixin.py:188} INFO - [2026-08-13T08:26:38.997+0000] {dagbag.py:545} INFO - Filling up the DagBag from /opt/airflow/dags/clickstream_clean_events_dag.py
[2026-08-13T08:26:39.013+0000] {processor.py:840} INFO - DAG(s) 'clickstream_clean_events' retrieved from /opt/airflow/dags/clickstream_clean_events_dag.py
[2026-08-13T08:26:39.039+0000] {logging_mixin.py:188} INFO - [2026-08-13T08:26:39.038+0000] {dag.py:3089} INFO - Sync 1 DAGs
[2026-08-13T08:26:39.051+0000] {logging_mixin.py:188} INFO - [2026-08-13T08:26:39.051+0000] {dag.py:3947} INFO - Setting next_dagrun for clickstream_clean_events to None, run_after=None
[2026-08-13T08:26:39.070+0000] {processor.py:183} INFO - Processing /opt/airflow/dags/clickstream_clean_events_dag.py took 0.082 seconds
[2026-08-13T08:27:09.338+0000] {processor.py:161} INFO - Started process (PID=4224) to work on /opt/airflow/dags/clickstream_clean_events_dag.py
[2026-08-13T08:27:09.340+0000] {processor.py:830} INFO - Processing file /opt/airflow/dags/clickstream_clean_events_dag.py for tasks to queue
[2026-08-13T08:27:09.343+0000] {logging_mixin.py:188} INFO - [2026-08-13T08:27:09.342+0000] {dagbag.py:545} INFO - Filling up the DagBag from /opt/airflow/dags/clickstream_clean_events_dag.py
[2026-08-13T08:27:09.366+0000] {processor.py:840} INFO - DAG(s) 'clickstream_clean_events' retrieved from /opt/airflow/dags/clickstream_clean_events_dag.py
[2026-08-13T08:27:09.405+0000] {logging_mixin.py:188} INFO - [2026-08-13T08:27:09.405+0000] {dag.py:3089} INFO - Sync 1 DAGs
[2026-08-13T08:27:09.423+0000] {logging_mixin.py:188} INFO - [2026-08-13T08:27:09.423+0000] {dag.py:3947} INFO - Setting next_dagrun for clickstream_clean_events to None, run_after=None
[2026-08-13T08:27:09.450+0000] {processor.py:183} INFO - Processing /opt/airflow/dags/clickstream_clean_events_dag.py took 0.121 seconds
[2026-08-13T08:27:39.699+0000] {processor.py:161} INFO - Started process (PID=4248) to work on /opt/airflow/dags/clickstream_clean_events_dag.py
[2026-08-13T08:27:39.700+0000] {processor.py:830} INFO - Processing file /opt/airflow/dags/clickstream_clean_events_dag.py for tasks to queue
[2026-08-13T08:27:39.702+0000] {logging_mixin.py:188} INFO - [2026-08-13T08:27:39.702+0000] {dagbag.py:545} INFO - Filling up the DagBag from /opt/airflow/dags/clickstream_clean_events_dag.py
[2026-08-13T08:27:39.716+0000] {processor.py:840} INFO - DAG(s) 'clickstream_clean_events' retrieved from /opt/airflow/dags/clickstream_clean_events_dag.py
[2026-08-13T08:27:39.739+0000] {logging_mixin.py:188} INFO - [2026-08-13T08:27:39.739+0000] {dag.py:3089} INFO - Sync 1 DAGs
[2026-08-13T08:27:39.750+0000] {logging_mixin.py:188} INFO - [2026-08-13T08:27:39.750+0000] {dag.py:3947} INFO - Setting next_dagrun for clickstream_clean_events to None, run_after=None
[2026-08-13T08:27:39.767+0000] {processor.py:183} INFO - Processing /opt/airflow/dags/clickstream_clean_events_dag.py took 0.073 seconds
[2026-08-13T08:28:10.026+0000] {processor.py:161} INFO - Started process (PID=4279) to work on /opt/airflow/dags/clickstream_clean_events_dag.py
[2026-08-13T08:28:10.027+0000] {processor.py:830} INFO - Processing file /opt/airflow/dags/clickstream_clean_events_dag.py for tasks to queue
[2026-08-13T08:28:10.030+0000] {logging_mixin.py:188} INFO - [2026-08-13T08:28:10.029+0000] {dagbag.py:545} INFO - Filling up the DagBag from /opt/airflow/dags/clickstream_clean_events_dag.py
[2026-08-13T08:28:10.046+0000] {processor.py:840} INFO - DAG(s) 'clickstream_clean_events' retrieved from /opt/airflow/dags/clickstream_clean_events_dag.py
[2026-08-13T08:28:10.072+0000] {logging_mixin.py:188} INFO - [2026-08-13T08:28:10.072+0000] {dag.py:3089} INFO - Sync 1 DAGs
[2026-08-13T08:28:10.084+0000] {logging_mixin.py:188} INFO - [2026-08-13T08:28:10.084+0000] {dag.py:3947} INFO - Setting next_dagrun for clickstream_clean_events to None, run_after=None
[2026-08-13T08:28:10.103+0000] {processor.py:183} INFO - Processing /opt/airflow/dags/clickstream_clean_events_dag.py took 0.083 seconds
[2026-08-13T08:28:40.377+0000] {processor.py:161} INFO - Started process (PID=4303) to work on /opt/airflow/dags/clickstream_clean_events_dag.py
[2026-08-13T08:28:40.379+0000] {processor.py:830} INFO - Processing file /opt/airflow/dags/clickstream_clean_events_dag.py for tasks to queue
[2026-08-13T08:28:40.383+0000] {logging_mixin.py:188} INFO - [2026-08-13T08:28:40.382+0000] {dagbag.py:545} INFO - Filling up the DagBag from /opt/airflow/dags/clickstream_clean_events_dag.py
[2026-08-13T08:28:40.407+0000] {processor.py:840} INFO - DAG(s) 'clickstream_clean_events' retrieved from /opt/airflow/dags/clickstream_clean_events_dag.py
[2026-08-13T08:28:40.449+0000] {logging_mixin.py:188} INFO - [2026-08-13T08:28:40.448+0000] {dag.py:3089} INFO - Sync 1 DAGs
[2026-08-13T08:28:40.466+0000] {logging_mixin.py:188} INFO - [2026-08-13T08:28:40.466+0000] {dag.py:3947} INFO - Setting next_dagrun for clickstream_clean_events to None, run_after=None
[2026-08-13T08:28:40.493+0000] {processor.py:183} INFO - Processing /opt/airflow/dags/clickstream_clean_events_dag.py took 0.128 seconds
[2026-08-13T08:29:10.875+0000] {processor.py:161} INFO - Started process (PID=4327) to work on /opt/airflow/dags/clickstream_clean_events_dag.py
[2026-08-13T08:29:10.879+0000] {processor.py:830} INFO - Processing file /opt/airflow/dags/clickstream_clean_events_dag.py for tasks to queue
[2026-08-13T08:29:10.885+0000] {logging_mixin.py:188} INFO - [2026-08-13T08:29:10.884+0000] {dagbag.py:545} INFO - Filling up the DagBag from /opt/airflow/dags/clickstream_clean_events_dag.py
[2026-08-13T08:29:10.937+0000] {processor.py:840} INFO - DAG(s) 'clickstream_clean_events' retrieved from /opt/airflow/dags/clickstream_clean_events_dag.py
[2026-08-13T08:29:11.016+0000] {logging_mixin.py:188} INFO - [2026-08-13T08:29:11.016+0000] {dag.py:3089} INFO - Sync 1 DAGs
[2026-08-13T08:29:11.065+0000] {logging_mixin.py:188} INFO - [2026-08-13T08:29:11.064+0000] {dag.py:3947} INFO - Setting next_dagrun for clickstream_clean_events to None, run_after=None
[2026-08-13T08:29:11.130+0000] {processor.py:183} INFO - Processing /opt/airflow/dags/clickstream_clean_events_dag.py took 0.274 seconds
[2026-08-13T08:29:41.537+0000] {processor.py:161} INFO - Started process (PID=4351) to work on /opt/airflow/dags/clickstream_clean_events_dag.py
[2026-08-13T08:29:41.541+0000] {processor.py:830} INFO - Processing file /opt/airflow/dags/clickstream_clean_events_dag.py for tasks to queue
[2026-08-13T08:29:41.550+0000] {logging_mixin.py:188} INFO - [2026-08-13T08:29:41.549+0000] {dagbag.py:545} INFO - Filling up the DagBag from /opt/airflow/dags/clickstream_clean_events_dag.py
[2026-08-13T08:29:41.605+0000] {processor.py:840} INFO - DAG(s) 'clickstream_clean_events' retrieved from /opt/airflow/dags/clickstream_clean_events_dag.py
[2026-08-13T08:29:41.795+0000] {logging_mixin.py:188} INFO - [2026-08-13T08:29:41.794+0000] {dag.py:3089} INFO - Sync 1 DAGs
[2026-08-13T08:29:41.911+0000] {logging_mixin.py:188} INFO - [2026-08-13T08:29:41.911+0000] {dag.py:3947} INFO - Setting next_dagrun for clickstream_clean_events to None, run_after=None
[2026-08-13T08:29:41.982+0000] {processor.py:183} INFO - Processing /opt/airflow/dags/clickstream_clean_events_dag.py took 0.461 seconds
[2026-08-13T08:30:12.772+0000] {processor.py:161} INFO - Started process (PID=4375) to work on /opt/airflow/dags/clickstream_clean_events_dag.py
[2026-08-13T08:30:12.773+0000] {processor.py:830} INFO - Processing file /opt/airflow/dags/clickstream_clean_events_dag.py for tasks to queue
[2026-08-13T08:30:12.776+0000] {logging_mixin.py:188} INFO - [2026-08-13T08:30:12.776+0000] {dagbag.py:545} INFO - Filling up the DagBag from /opt/airflow/dags/clickstream_clean_events_dag.py
[2026-08-13T08:30:12.798+0000] {processor.py:840} INFO - DAG(s) 'clickstream_clean_events' retrieved from /opt/airflow/dags/clickstream_clean_events_dag.py
[2026-08-13T08:30:12.831+0000] {logging_mixin.py:188} INFO - [2026-08-13T08:30:12.831+0000] {dag.py:3089} INFO - Sync 1 DAGs
[2026-08-13T08:30:12.845+0000] {logging_mixin.py:188} INFO - [2026-08-13T08:30:12.845+0000] {dag.py:3947} INFO - Setting next_dagrun for clickstream_clean_events to None, run_after=None
[2026-08-13T08:30:12.869+0000] {processor.py:183} INFO - Processing /opt/airflow/dags/clickstream_clean_events_dag.py took 0.104 seconds
[2026-08-13T08:30:43.124+0000] {processor.py:161} INFO - Started process (PID=4399) to work on /opt/airflow/dags/clickstream_clean_events_dag.py
[2026-08-13T08:30:43.125+0000] {processor.py:830} INFO - Processing file /opt/airflow/dags/clickstream_clean_events_dag.py for tasks to queue
[2026-08-13T08:30:43.127+0000] {logging_mixin.py:188} INFO - [2026-08-13T08:30:43.127+0000] {dagbag.py:545} INFO - Filling up the DagBag from /opt/airflow/dags/clickstream_clean_events_dag.py
[2026-08-13T08:30:43.141+0000] {processor.py:840} INFO - DAG(s) 'clickstream_clean_events' retrieved from /opt/airflow/dags/clickstream_clean_events_dag.py
[2026-08-13T08:30:43.166+0000] {logging_mixin.py:188} INFO - [2026-08-13T08:30:43.165+0000] {dag.py:3089} INFO - Sync 1 DAGs
[2026-08-13T08:30:43.177+0000] {logging_mixin.py:188} INFO - [2026-08-13T08:30:43.177+0000] {dag.py:3947} INFO - Setting next_dagrun for clickstream_clean_events to None, run_after=None
[2026-08-13T08:30:43.195+0000] {processor.py:183} INFO - Processing /opt/airflow/dags/clickstream_clean_events_dag.py took 0.075 seconds
[2026-08-13T08:31:13.440+0000] {processor.py:161} INFO - Started process (PID=4430) to work on /opt/airflow/dags/clickstream_clean_events_dag.py
[2026-08-13T08:31:13.442+0000] {processor.py:830} INFO - Processing file /opt/airflow/dags/clickstream_clean_events_dag.py for tasks to queue
[2026-08-13T08:31:13.445+0000] {logging_mixin.py:188} INFO - [2026-08-13T08:31:13.444+0000] {dagbag.py:545} INFO - Filling up the DagBag from /opt/airflow/dags/clickstream_clean_events_dag.py
[2026-08-13T08:31:13.473+0000] {processor.py:840} INFO - DAG(s) 'clickstream_clean_events' retrieved from /opt/airflow/dags/clickstream_clean_events_dag.py
[2026-08-13T08:31:13.513+0000] {logging_mixin.py:188} INFO - [2026-08-13T08:31:13.512+0000] {dag.py:3089} INFO - Sync 1 DAGs
[2026-08-13T08:31:13.535+0000] {logging_mixin.py:188} INFO - [2026-08-13T08:31:13.534+0000] {dag.py:3947} INFO - Setting next_dagrun for clickstream_clean_events to None, run_after=None
[2026-08-13T08:31:13.573+0000] {processor.py:183} INFO - Processing /opt/airflow/dags/clickstream_clean_events_dag.py took 0.141 seconds
[2026-08-13T08:31:43.837+0000] {processor.py:161} INFO - Started process (PID=4454) to work on /opt/airflow/dags/clickstream_clean_events_dag.py
[2026-08-13T08:31:43.839+0000] {processor.py:830} INFO - Processing file /opt/airflow/dags/clickstream_clean_events_dag.py for tasks to queue
[2026-08-13T08:31:43.843+0000] {logging_mixin.py:188} INFO - [2026-08-13T08:31:43.842+0000] {dagbag.py:545} INFO - Filling up the DagBag from /opt/airflow/dags/clickstream_clean_events_dag.py
[2026-08-13T08:31:43.866+0000] {processor.py:840} INFO - DAG(s) 'clickstream_clean_events' retrieved from /opt/airflow/dags/clickstream_clean_events_dag.py
[2026-08-13T08:31:43.903+0000] {logging_mixin.py:188} INFO - [2026-08-13T08:31:43.903+0000] {dag.py:3089} INFO - Sync 1 DAGs
[2026-08-13T08:31:43.921+0000] {logging_mixin.py:188} INFO - [2026-08-13T08:31:43.920+0000] {dag.py:3947} INFO - Setting next_dagrun for clickstream_clean_events to None, run_after=None
[2026-08-13T08:31:43.948+0000] {processor.py:183} INFO - Processing /opt/airflow/dags/clickstream_clean_events_dag.py took 0.119 seconds
[2026-08-13T08:32:14.192+0000] {processor.py:161} INFO - Started process (PID=4478) to work on /opt/airflow/dags/clickstream_clean_events_dag.py
[2026-08-13T08:32:14.194+0000] {processor.py:830} INFO - Processing file /opt/airflow/dags/clickstream_clean_events_dag.py for tasks to queue
[2026-08-13T08:32:14.195+0000] {logging_mixin.py:188} INFO - [2026-08-13T08:32:14.195+0000] {dagbag.py:545} INFO - Filling up the DagBag from /opt/airflow/dags/clickstream_clean_events_dag.py
[2026-08-13T08:32:14.210+0000] {processor.py:840} INFO - DAG(s) 'clickstream_clean_events' retrieved from /opt/airflow/dags/clickstream_clean_events_dag.py
[2026-08-13T08:32:14.233+0000] {logging_mixin.py:188} INFO - [2026-08-13T08:32:14.233+0000] {dag.py:3089} INFO - Sync 1 DAGs
[2026-08-13T08:32:14.244+0000] {logging_mixin.py:188} INFO - [2026-08-13T08:32:14.243+0000] {dag.py:3947} INFO - Setting next_dagrun for clickstream_clean_events to None, run_after=None
[2026-08-13T08:32:14.264+0000] {processor.py:183} INFO - Processing /opt/airflow/dags/clickstream_clean_events_dag.py took 0.076 seconds
[2026-08-13T08:32:44.512+0000] {processor.py:161} INFO - Started process (PID=4509) to work on /opt/airflow/dags/clickstream_clean_events_dag.py
[2026-08-13T08:32:44.513+0000] {processor.py:830} INFO - Processing file /opt/airflow/dags/clickstream_clean_events_dag.py for tasks to queue
[2026-08-13T08:32:44.516+0000] {logging_mixin.py:188} INFO - [2026-08-13T08:32:44.516+0000] {dagbag.py:545} INFO - Filling up the DagBag from /opt/airflow/dags/clickstream_clean_events_dag.py
[2026-08-13T08:32:44.535+0000] {processor.py:840} INFO - DAG(s) 'clickstream_clean_events' retrieved from /opt/airflow/dags/clickstream_clean_events_dag.py
[2026-08-13T08:32:44.568+0000] {logging_mixin.py:188} INFO - [2026-08-13T08:32:44.568+0000] {dag.py:3089} INFO - Sync 1 DAGs
[2026-08-13T08:32:44.584+0000] {logging_mixin.py:188} INFO - [2026-08-13T08:32:44.584+0000] {dag.py:3947} INFO - Setting next_dagrun for clickstream_clean_events to None, run_after=None
[2026-08-13T08:32:44.609+0000] {processor.py:183} INFO - Processing /opt/airflow/dags/clickstream_clean_events_dag.py took 0.104 seconds
[2026-08-13T08:33:14.849+0000] {processor.py:161} INFO - Started process (PID=4533) to work on /opt/airflow/dags/clickstream_clean_events_dag.py
[2026-08-13T08:33:14.850+0000] {processor.py:830} INFO - Processing file /opt/airflow/dags/clickstream_clean_events_dag.py for tasks to queue
[2026-08-13T08:33:14.853+0000] {logging_mixin.py:188} INFO - [2026-08-13T08:33:14.853+0000] {dagbag.py:545} INFO - Filling up the DagBag from /opt/airflow/dags/clickstream_clean_events_dag.py
[2026-08-13T08:33:14.873+0000] {processor.py:840} INFO - DAG(s) 'clickstream_clean_events' retrieved from /opt/airflow/dags/clickstream_clean_events_dag.py
[2026-08-13T08:33:14.909+0000] {logging_mixin.py:188} INFO - [2026-08-13T08:33:14.909+0000] {dag.py:3089} INFO - Sync 1 DAGs
[2026-08-13T08:33:14.923+0000] {logging_mixin.py:188} INFO - [2026-08-13T08:33:14.923+0000] {dag.py:3947} INFO - Setting next_dagrun for clickstream_clean_events to None, run_after=None
[2026-08-13T08:33:14.945+0000] {processor.py:183} INFO - Processing /opt/airflow/dags/clickstream_clean_events_dag.py took 0.102 seconds
[2026-08-13T08:33:45.197+0000] {processor.py:161} INFO - Started process (PID=4557) to work on /opt/airflow/dags/clickstream_clean_events_dag.py
[2026-08-13T08:33:45.199+0000] {processor.py:830} INFO - Processing file /opt/airflow/dags/clickstream_clean_events_dag.py for tasks to queue
[2026-08-13T08:33:45.201+0000] {logging_mixin.py:188} INFO - [2026-08-13T08:33:45.200+0000] {dagbag.py:545} INFO - Filling up the DagBag from /opt/airflow/dags/clickstream_clean_events_dag.py
[2026-08-13T08:33:45.216+0000] {processor.py:840} INFO - DAG(s) 'clickstream_clean_events' retrieved from /opt/airflow/dags/clickstream_clean_events_dag.py
[2026-08-13T08:33:45.241+0000] {logging_mixin.py:188} INFO - [2026-08-13T08:33:45.241+0000] {dag.py:3089} INFO - Sync 1 DAGs
[2026-08-13T08:33:45.251+0000] {logging_mixin.py:188} INFO - [2026-08-13T08:33:45.251+0000] {dag.py:3947} INFO - Setting next_dagrun for clickstream_clean_events to None, run_after=None
[2026-08-13T08:33:45.269+0000] {processor.py:183} INFO - Processing /opt/airflow/dags/clickstream_clean_events_dag.py took 0.077 seconds
[2026-08-13T08:34:15.524+0000] {processor.py:161} INFO - Started process (PID=4589) to work on /opt/airflow/dags/clickstream_clean_events_dag.py
[2026-08-13T08:34:15.525+0000] {processor.py:830} INFO - Processing file /opt/airflow/dags/clickstream_clean_events_dag.py for tasks to queue
[2026-08-13T08:34:15.528+0000] {logging_mixin.py:188} INFO - [2026-08-13T08:34:15.527+0000] {dagbag.py:545} INFO - Filling up the DagBag from /opt/airflow/dags/clickstream_clean_events_dag.py
[2026-08-13T08:34:15.541+0000] {processor.py:840} INFO - DAG(s) 'clickstream_clean_events' retrieved from /opt/airflow/dags/clickstream_clean_events_dag.py
[2026-08-13T08:34:15.563+0000] {logging_mixin.py:188} INFO - [2026-08-13T08:34:15.563+0000] {dag.py:3089} INFO - Sync 1 DAGs
[2026-08-13T08:34:15.574+0000] {logging_mixin.py:188} INFO - [2026-08-13T08:34:15.574+0000] {dag.py:3947} INFO - Setting next_dagrun for clickstream_clean_events to None, run_after=None
[2026-08-13T08:34:15.590+0000] {processor.py:183} INFO - Processing /opt/airflow/dags/clickstream_clean_events_dag.py took 0.072 seconds
[2026-08-13T08:34:45.823+0000] {processor.py:161} INFO - Started process (PID=4613) to work on /opt/airflow/dags/clickstream_clean_events_dag.py
[2026-08-13T08:34:45.824+0000] {processor.py:830} INFO - Processing file /opt/airflow/dags/clickstream_clean_events_dag.py for tasks to queue
[2026-08-13T08:34:45.827+0000] {logging_mixin.py:188} INFO - [2026-08-13T08:34:45.827+0000] {dagbag.py:545} INFO - Filling up the DagBag from /opt/airflow/dags/clickstream_clean_events_dag.py
[2026-08-13T08:34:45.846+0000] {processor.py:840} INFO - DAG(s) 'clickstream_clean_events' retrieved from /opt/airflow/dags/clickstream_clean_events_dag.py
[2026-08-13T08:34:45.879+0000] {logging_mixin.py:188} INFO - [2026-08-13T08:34:45.879+0000] {dag.py:3089} INFO - Sync 1 DAGs
[2026-08-13T08:34:45.894+0000] {logging_mixin.py:188} INFO - [2026-08-13T08:34:45.894+0000] {dag.py:3947} INFO - Setting next_dagrun for clickstream_clean_events to None, run_after=None
[2026-08-13T08:34:45.918+0000] {processor.py:183} INFO - Processing /opt/airflow/dags/clickstream_clean_events_dag.py took 0.101 seconds
[2026-08-13T08:35:16.144+0000] {processor.py:161} INFO - Started process (PID=4637) to work on /opt/airflow/dags/clickstream_clean_events_dag.py
[2026-08-13T08:35:16.145+0000] {processor.py:830} INFO - Processing file /opt/airflow/dags/clickstream_clean_events_dag.py for tasks to queue
[2026-08-13T08:35:16.147+0000] {logging_mixin.py:188} INFO - [2026-08-13T08:35:16.147+0000] {dagbag.py:545} INFO - Filling up the DagBag from /opt/airflow/dags/clickstream_clean_events_dag.py
[2026-08-13T08:35:16.160+0000] {processor.py:840} INFO - DAG(s) 'clickstream_clean_events' retrieved from /opt/airflow/dags/clickstream_clean_events_dag.py
[2026-08-13T08:35:16.183+0000] {logging_mixin.py:188} INFO - [2026-08-13T08:35:16.183+0000] {dag.py:3089} INFO - Sync 1 DAGs
[2026-08-13T08:35:16.194+0000] {logging_mixin.py:188} INFO - [2026-08-13T08:35:16.193+0000] {dag.py:3947} INFO - Setting next_dagrun for clickstream_clean_events to None, run_after=None
[2026-08-13T08:35:16.212+0000] {processor.py:183} INFO - Processing /opt/airflow/dags/clickstream_clean_events_dag.py took 0.073 seconds
[2026-08-13T08:35:46.447+0000] {processor.py:161} INFO - Started process (PID=4669) to work on /opt/airflow/dags/clickstream_clean_events_dag.py
[2026-08-13T08:35:46.449+0000] {processor.py:830} INFO - Processing file /opt/airflow/dags/clickstream_clean_events_dag.py for tasks to queue
[2026-08-13T08:35:46.452+0000] {logging_mixin.py:188} INFO - [2026-08-13T08:35:46.452+0000] {dagbag.py:545} INFO - Filling up the DagBag from /opt/airflow/dags/clickstream_clean_events_dag.py
[2026-08-13T08:35:46.479+0000] {processor.py:840} INFO - DAG(s) 'clickstream_clean_events' retrieved from /opt/airflow/dags/clickstream_clean_events_dag.py
[2026-08-13T08:35:46.520+0000] {logging_mixin.py:188} INFO - [2026-08-13T08:35:46.520+0000] {dag.py:3089} INFO - Sync 1 DAGs
[2026-08-13T08:35:46.542+0000] {logging_mixin.py:188} INFO - [2026-08-13T08:35:46.542+0000] {dag.py:3947} INFO - Setting next_dagrun for clickstream_clean_events to None, run_after=None
[2026-08-13T08:35:46.573+0000] {processor.py:183} INFO - Processing /opt/airflow/dags/clickstream_clean_events_dag.py took 0.137 seconds
[2026-08-13T08:36:16.821+0000] {processor.py:161} INFO - Started process (PID=4694) to work on /opt/airflow/dags/clickstream_clean_events_dag.py
[2026-08-13T08:36:16.823+0000] {processor.py:830} INFO - Processing file /opt/airflow/dags/clickstream_clean_events_dag.py for tasks to queue
[2026-08-13T08:36:16.825+0000] {logging_mixin.py:188} INFO - [2026-08-13T08:36:16.825+0000] {dagbag.py:545} INFO - Filling up the DagBag from /opt/airflow/dags/clickstream_clean_events_dag.py
[2026-08-13T08:36:16.843+0000] {processor.py:840} INFO - DAG(s) 'clickstream_clean_events' retrieved from /opt/airflow/dags/clickstream_clean_events_dag.py
[2026-08-13T08:36:16.876+0000] {logging_mixin.py:188} INFO - [2026-08-13T08:36:16.876+0000] {dag.py:3089} INFO - Sync 1 DAGs
[2026-08-13T08:36:16.893+0000] {logging_mixin.py:188} INFO - [2026-08-13T08:36:16.892+0000] {dag.py:3947} INFO - Setting next_dagrun for clickstream_clean_events to None, run_after=None
[2026-08-13T08:36:16.917+0000] {processor.py:183} INFO - Processing /opt/airflow/dags/clickstream_clean_events_dag.py took 0.103 seconds
[2026-08-13T08:36:47.157+0000] {processor.py:161} INFO - Started process (PID=4718) to work on /opt/airflow/dags/clickstream_clean_events_dag.py
[2026-08-13T08:36:47.159+0000] {processor.py:830} INFO - Processing file /opt/airflow/dags/clickstream_clean_events_dag.py for tasks to queue
[2026-08-13T08:36:47.160+0000] {logging_mixin.py:188} INFO - [2026-08-13T08:36:47.160+0000] {dagbag.py:545} INFO - Filling up the DagBag from /opt/airflow/dags/clickstream_clean_events_dag.py
[2026-08-13T08:36:47.176+0000] {processor.py:840} INFO - DAG(s) 'clickstream_clean_events' retrieved from /opt/airflow/dags/clickstream_clean_events_dag.py
[2026-08-13T08:36:47.201+0000] {logging_mixin.py:188} INFO - [2026-08-13T08:36:47.201+0000] {dag.py:3089} INFO - Sync 1 DAGs
[2026-08-13T08:36:47.212+0000] {logging_mixin.py:188} INFO - [2026-08-13T08:36:47.212+0000] {dag.py:3947} INFO - Setting next_dagrun for clickstream_clean_events to None, run_after=None
[2026-08-13T08:36:47.230+0000] {processor.py:183} INFO - Processing /opt/airflow/dags/clickstream_clean_events_dag.py took 0.078 seconds
[2026-08-13T08:37:17.512+0000] {processor.py:161} INFO - Started process (PID=4749) to work on /opt/airflow/dags/clickstream_clean_events_dag.py
[2026-08-13T08:37:17.513+0000] {processor.py:830} INFO - Processing file /opt/airflow/dags/clickstream_clean_events_dag.py for tasks to queue
[2026-08-13T08:37:17.517+0000] {logging_mixin.py:188} INFO - [2026-08-13T08:37:17.516+0000] {dagbag.py:545} INFO - Filling up the DagBag from /opt/airflow/dags/clickstream_clean_events_dag.py
[2026-08-13T08:37:17.540+0000] {processor.py:840} INFO - DAG(s) 'clickstream_clean_events' retrieved from /opt/airflow/dags/clickstream_clean_events_dag.py
[2026-08-13T08:37:17.584+0000] {logging_mixin.py:188} INFO - [2026-08-13T08:37:17.584+0000] {dag.py:3089} INFO - Sync 1 DAGs
[2026-08-13T08:37:17.603+0000] {logging_mixin.py:188} INFO - [2026-08-13T08:37:17.603+0000] {dag.py:3947} INFO - Setting next_dagrun for clickstream_clean_events to None, run_after=None
[2026-08-13T08:37:17.632+0000] {processor.py:183} INFO - Processing /opt/airflow/dags/clickstream_clean_events_dag.py took 0.129 seconds
[2026-08-13T08:37:47.880+0000] {processor.py:161} INFO - Started process (PID=4773) to work on /opt/airflow/dags/clickstream_clean_events_dag.py
[2026-08-13T08:37:47.882+0000] {processor.py:830} INFO - Processing file /opt/airflow/dags/clickstream_clean_events_dag.py for tasks to queue
[2026-08-13T08:37:47.884+0000] {logging_mixin.py:188} INFO - [2026-08-13T08:37:47.884+0000] {dagbag.py:545} INFO - Filling up the DagBag from /opt/airflow/dags/clickstream_clean_events_dag.py
[2026-08-13T08:37:47.903+0000] {processor.py:840} INFO - DAG(s) 'clickstream_clean_events' retrieved from /opt/airflow/dags/clickstream_clean_events_dag.py
[2026-08-13T08:37:47.931+0000] {logging_mixin.py:188} INFO - [2026-08-13T08:37:47.931+0000] {dag.py:3089} INFO - Sync 1 DAGs
[2026-08-13T08:37:47.944+0000] {logging_mixin.py:188} INFO - [2026-08-13T08:37:47.944+0000] {dag.py:3947} INFO - Setting next_dagrun for clickstream_clean_events to None, run_after=None
[2026-08-13T08:37:47.965+0000] {processor.py:183} INFO - Processing /opt/airflow/dags/clickstream_clean_events_dag.py took 0.091 seconds
[2026-08-13T08:38:18.233+0000] {processor.py:161} INFO - Started process (PID=4798) to work on /opt/airflow/dags/clickstream_clean_events_dag.py
[2026-08-13T08:38:18.234+0000] {processor.py:830} INFO - Processing file /opt/airflow/dags/clickstream_clean_events_dag.py for tasks to queue
[2026-08-13T08:38:18.236+0000] {logging_mixin.py:188} INFO - [2026-08-13T08:38:18.236+0000] {dagbag.py:545} INFO - Filling up the DagBag from /opt/airflow/dags/clickstream_clean_events_dag.py
[2026-08-13T08:38:18.252+0000] {processor.py:840} INFO - DAG(s) 'clickstream_clean_events' retrieved from /opt/airflow/dags/clickstream_clean_events_dag.py
[2026-08-13T08:38:18.278+0000] {logging_mixin.py:188} INFO - [2026-08-13T08:38:18.277+0000] {dag.py:3089} INFO - Sync 1 DAGs
[2026-08-13T08:38:18.288+0000] {logging_mixin.py:188} INFO - [2026-08-13T08:38:18.288+0000] {dag.py:3947} INFO - Setting next_dagrun for clickstream_clean_events to None, run_after=None
[2026-08-13T08:38:18.306+0000] {processor.py:183} INFO - Processing /opt/airflow/dags/clickstream_clean_events_dag.py took 0.078 seconds
[2026-08-13T08:38:48.572+0000] {processor.py:161} INFO - Started process (PID=4830) to work on /opt/airflow/dags/clickstream_clean_events_dag.py
[2026-08-13T08:38:48.575+0000] {processor.py:830} INFO - Processing file /opt/airflow/dags/clickstream_clean_events_dag.py for tasks to queue
[2026-08-13T08:38:48.579+0000] {logging_mixin.py:188} INFO - [2026-08-13T08:38:48.578+0000] {dagbag.py:545} INFO - Filling up the DagBag from /opt/airflow/dags/clickstream_clean_events_dag.py
[2026-08-13T08:38:48.609+0000] {processor.py:840} INFO - DAG(s) 'clickstream_clean_events' retrieved from /opt/airflow/dags/clickstream_clean_events_dag.py
[2026-08-13T08:38:48.658+0000] {logging_mixin.py:188} INFO - [2026-08-13T08:38:48.657+0000] {dag.py:3089} INFO - Sync 1 DAGs
[2026-08-13T08:38:48.682+0000] {logging_mixin.py:188} INFO - [2026-08-13T08:38:48.681+0000] {dag.py:3947} INFO - Setting next_dagrun for clickstream_clean_events to None, run_after=None
[2026-08-13T08:38:48.717+0000] {processor.py:183} INFO - Processing /opt/airflow/dags/clickstream_clean_events_dag.py took 0.154 seconds
[2026-08-13T08:39:18.822+0000] {processor.py:161} INFO - Started process (PID=4854) to work on /opt/airflow/dags/clickstream_clean_events_dag.py
[2026-08-13T08:39:18.824+0000] {processor.py:830} INFO - Processing file /opt/airflow/dags/clickstream_clean_events_dag.py for tasks to queue
[2026-08-13T08:39:18.826+0000] {logging_mixin.py:188} INFO - [2026-08-13T08:39:18.826+0000] {dagbag.py:545} INFO - Filling up the DagBag from /opt/airflow/dags/clickstream_clean_events_dag.py
[2026-08-13T08:39:18.843+0000] {processor.py:840} INFO - DAG(s) 'clickstream_clean_events' retrieved from /opt/airflow/dags/clickstream_clean_events_dag.py
[2026-08-13T08:39:18.871+0000] {logging_mixin.py:188} INFO - [2026-08-13T08:39:18.871+0000] {dag.py:3089} INFO - Sync 1 DAGs
[2026-08-13T08:39:18.884+0000] {logging_mixin.py:188} INFO - [2026-08-13T08:39:18.883+0000] {dag.py:3947} INFO - Setting next_dagrun for clickstream_clean_events to None, run_after=None
[2026-08-13T08:39:18.908+0000] {processor.py:183} INFO - Processing /opt/airflow/dags/clickstream_clean_events_dag.py took 0.092 seconds
[2026-08-13T08:39:49.320+0000] {processor.py:161} INFO - Started process (PID=4878) to work on /opt/airflow/dags/clickstream_clean_events_dag.py
[2026-08-13T08:39:49.323+0000] {processor.py:830} INFO - Processing file /opt/airflow/dags/clickstream_clean_events_dag.py for tasks to queue
[2026-08-13T08:39:49.332+0000] {logging_mixin.py:188} INFO - [2026-08-13T08:39:49.331+0000] {dagbag.py:545} INFO - Filling up the DagBag from /opt/airflow/dags/clickstream_clean_events_dag.py
[2026-08-13T08:39:49.389+0000] {processor.py:840} INFO - DAG(s) 'clickstream_clean_events' retrieved from /opt/airflow/dags/clickstream_clean_events_dag.py
[2026-08-13T08:39:49.480+0000] {logging_mixin.py:188} INFO - [2026-08-13T08:39:49.479+0000] {dag.py:3089} INFO - Sync 1 DAGs
[2026-08-13T08:39:49.518+0000] {logging_mixin.py:188} INFO - [2026-08-13T08:39:49.518+0000] {dag.py:3947} INFO - Setting next_dagrun for clickstream_clean_events to None, run_after=None
[2026-08-13T08:39:49.578+0000] {processor.py:183} INFO - Processing /opt/airflow/dags/clickstream_clean_events_dag.py took 0.278 seconds
[2026-08-13T09:08:04.472+0000] {processor.py:161} INFO - Started process (PID=4897) to work on /opt/airflow/dags/clickstream_clean_events_dag.py
[2026-08-13T09:08:04.486+0000] {processor.py:830} INFO - Processing file /opt/airflow/dags/clickstream_clean_events_dag.py for tasks to queue
[2026-08-13T09:08:04.507+0000] {logging_mixin.py:188} INFO - [2026-08-13T09:08:04.506+0000] {dagbag.py:545} INFO - Filling up the DagBag from /opt/airflow/dags/clickstream_clean_events_dag.py
[2026-08-13T09:08:04.571+0000] {processor.py:840} INFO - DAG(s) 'clickstream_clean_events' retrieved from /opt/airflow/dags/clickstream_clean_events_dag.py
[2026-08-13T09:08:04.650+0000] {logging_mixin.py:188} INFO - [2026-08-13T09:08:04.650+0000] {dag.py:3089} INFO - Sync 1 DAGs
[2026-08-13T09:08:04.687+0000] {logging_mixin.py:188} INFO - [2026-08-13T09:08:04.687+0000] {dag.py:3947} INFO - Setting next_dagrun for clickstream_clean_events to None, run_after=None
[2026-08-13T09:08:04.735+0000] {processor.py:183} INFO - Processing /opt/airflow/dags/clickstream_clean_events_dag.py took 0.288 seconds
[2026-08-13T09:16:05.139+0000] {processor.py:161} INFO - Started process (PID=4914) to work on /opt/airflow/dags/clickstream_clean_events_dag.py
[2026-08-13T09:16:05.210+0000] {processor.py:830} INFO - Processing file /opt/airflow/dags/clickstream_clean_events_dag.py for tasks to queue
[2026-08-13T09:16:05.266+0000] {logging_mixin.py:188} INFO - [2026-08-13T09:16:05.263+0000] {dagbag.py:545} INFO - Filling up the DagBag from /opt/airflow/dags/clickstream_clean_events_dag.py
[2026-08-13T09:16:07.554+0000] {processor.py:840} INFO - DAG(s) 'clickstream_clean_events' retrieved from /opt/airflow/dags/clickstream_clean_events_dag.py
[2026-08-13T09:16:07.914+0000] {logging_mixin.py:188} INFO - [2026-08-13T09:16:07.912+0000] {dag.py:3089} INFO - Sync 1 DAGs
[2026-08-13T09:16:08.073+0000] {logging_mixin.py:188} INFO - [2026-08-13T09:16:08.071+0000] {dag.py:3947} INFO - Setting next_dagrun for clickstream_clean_events to None, run_after=None
[2026-08-13T09:16:08.254+0000] {processor.py:183} INFO - Processing /opt/airflow/dags/clickstream_clean_events_dag.py took 3.216 seconds
[2026-08-13T09:16:38.758+0000] {processor.py:161} INFO - Started process (PID=4931) to work on /opt/airflow/dags/clickstream_clean_events_dag.py
[2026-08-13T09:16:38.759+0000] {processor.py:830} INFO - Processing file /opt/airflow/dags/clickstream_clean_events_dag.py for tasks to queue
[2026-08-13T09:16:38.761+0000] {logging_mixin.py:188} INFO - [2026-08-13T09:16:38.761+0000] {dagbag.py:545} INFO - Filling up the DagBag from /opt/airflow/dags/clickstream_clean_events_dag.py
[2026-08-13T09:16:38.777+0000] {processor.py:840} INFO - DAG(s) 'clickstream_clean_events' retrieved from /opt/airflow/dags/clickstream_clean_events_dag.py
[2026-08-13T09:16:38.806+0000] {logging_mixin.py:188} INFO - [2026-08-13T09:16:38.805+0000] {dag.py:3089} INFO - Sync 1 DAGs
[2026-08-13T09:16:38.818+0000] {logging_mixin.py:188} INFO - [2026-08-13T09:16:38.817+0000] {dag.py:3947} INFO - Setting next_dagrun for clickstream_clean_events to None, run_after=None
[2026-08-13T09:16:38.838+0000] {processor.py:183} INFO - Processing /opt/airflow/dags/clickstream_clean_events_dag.py took 0.087 seconds
[2026-08-13T09:17:09.620+0000] {processor.py:161} INFO - Started process (PID=4956) to work on /opt/airflow/dags/clickstream_clean_events_dag.py
[2026-08-13T09:17:09.695+0000] {processor.py:830} INFO - Processing file /opt/airflow/dags/clickstream_clean_events_dag.py for tasks to queue
[2026-08-13T09:17:09.744+0000] {logging_mixin.py:188} INFO - [2026-08-13T09:17:09.742+0000] {dagbag.py:545} INFO - Filling up the DagBag from /opt/airflow/dags/clickstream_clean_events_dag.py
[2026-08-13T09:17:10.103+0000] {processor.py:840} INFO - DAG(s) 'clickstream_clean_events' retrieved from /opt/airflow/dags/clickstream_clean_events_dag.py
[2026-08-13T09:17:10.509+0000] {logging_mixin.py:188} INFO - [2026-08-13T09:17:10.507+0000] {dag.py:3089} INFO - Sync 1 DAGs
[2026-08-13T09:17:10.771+0000] {logging_mixin.py:188} INFO - [2026-08-13T09:17:10.760+0000] {dag.py:3947} INFO - Setting next_dagrun for clickstream_clean_events to None, run_after=None
[2026-08-13T09:17:11.039+0000] {processor.py:183} INFO - Processing /opt/airflow/dags/clickstream_clean_events_dag.py took 1.534 seconds
[2026-08-13T09:17:41.504+0000] {processor.py:161} INFO - Started process (PID=4980) to work on /opt/airflow/dags/clickstream_clean_events_dag.py
[2026-08-13T09:17:41.512+0000] {processor.py:830} INFO - Processing file /opt/airflow/dags/clickstream_clean_events_dag.py for tasks to queue
[2026-08-13T09:17:41.521+0000] {logging_mixin.py:188} INFO - [2026-08-13T09:17:41.520+0000] {dagbag.py:545} INFO - Filling up the DagBag from /opt/airflow/dags/clickstream_clean_events_dag.py
[2026-08-13T09:17:41.583+0000] {processor.py:840} INFO - DAG(s) 'clickstream_clean_events' retrieved from /opt/airflow/dags/clickstream_clean_events_dag.py
[2026-08-13T09:17:41.688+0000] {logging_mixin.py:188} INFO - [2026-08-13T09:17:41.687+0000] {dag.py:3089} INFO - Sync 1 DAGs
[2026-08-13T09:17:41.738+0000] {logging_mixin.py:188} INFO - [2026-08-13T09:17:41.736+0000] {dag.py:3947} INFO - Setting next_dagrun for clickstream_clean_events to None, run_after=None
[2026-08-13T09:17:41.854+0000] {processor.py:183} INFO - Processing /opt/airflow/dags/clickstream_clean_events_dag.py took 0.376 seconds
[2026-08-13T09:18:12.259+0000] {processor.py:161} INFO - Started process (PID=5005) to work on /opt/airflow/dags/clickstream_clean_events_dag.py
[2026-08-13T09:18:12.262+0000] {processor.py:830} INFO - Processing file /opt/airflow/dags/clickstream_clean_events_dag.py for tasks to queue
[2026-08-13T09:18:12.270+0000] {logging_mixin.py:188} INFO - [2026-08-13T09:18:12.269+0000] {dagbag.py:545} INFO - Filling up the DagBag from /opt/airflow/dags/clickstream_clean_events_dag.py
[2026-08-13T09:18:12.312+0000] {processor.py:840} INFO - DAG(s) 'clickstream_clean_events' retrieved from /opt/airflow/dags/clickstream_clean_events_dag.py
[2026-08-13T09:18:12.401+0000] {logging_mixin.py:188} INFO - [2026-08-13T09:18:12.401+0000] {dag.py:3089} INFO - Sync 1 DAGs
[2026-08-13T09:18:12.434+0000] {logging_mixin.py:188} INFO - [2026-08-13T09:18:12.434+0000] {dag.py:3947} INFO - Setting next_dagrun for clickstream_clean_events to None, run_after=None
[2026-08-13T09:18:12.487+0000] {processor.py:183} INFO - Processing /opt/airflow/dags/clickstream_clean_events_dag.py took 0.243 seconds
[2026-08-13T09:18:42.779+0000] {processor.py:161} INFO - Started process (PID=5029) to work on /opt/airflow/dags/clickstream_clean_events_dag.py
[2026-08-13T09:18:42.781+0000] {processor.py:830} INFO - Processing file /opt/airflow/dags/clickstream_clean_events_dag.py for tasks to queue
[2026-08-13T09:18:42.786+0000] {logging_mixin.py:188} INFO - [2026-08-13T09:18:42.785+0000] {dagbag.py:545} INFO - Filling up the DagBag from /opt/airflow/dags/clickstream_clean_events_dag.py
[2026-08-13T09:18:42.809+0000] {processor.py:840} INFO - DAG(s) 'clickstream_clean_events' retrieved from /opt/airflow/dags/clickstream_clean_events_dag.py
[2026-08-13T09:18:42.845+0000] {logging_mixin.py:188} INFO - [2026-08-13T09:18:42.845+0000] {dag.py:3089} INFO - Sync 1 DAGs
[2026-08-13T09:18:42.862+0000] {logging_mixin.py:188} INFO - [2026-08-13T09:18:42.861+0000] {dag.py:3947} INFO - Setting next_dagrun for clickstream_clean_events to None, run_after=None
[2026-08-13T09:18:42.888+0000] {processor.py:183} INFO - Processing /opt/airflow/dags/clickstream_clean_events_dag.py took 0.118 seconds
[2026-08-13T09:19:13.324+0000] {processor.py:161} INFO - Started process (PID=5053) to work on /opt/airflow/dags/clickstream_clean_events_dag.py
[2026-08-13T09:19:13.340+0000] {processor.py:830} INFO - Processing file /opt/airflow/dags/clickstream_clean_events_dag.py for tasks to queue
[2026-08-13T09:19:13.369+0000] {logging_mixin.py:188} INFO - [2026-08-13T09:19:13.365+0000] {dagbag.py:545} INFO - Filling up the DagBag from /opt/airflow/dags/clickstream_clean_events_dag.py
[2026-08-13T09:19:13.560+0000] {processor.py:840} INFO - DAG(s) 'clickstream_clean_events' retrieved from /opt/airflow/dags/clickstream_clean_events_dag.py
[2026-08-13T09:19:13.745+0000] {logging_mixin.py:188} INFO - [2026-08-13T09:19:13.744+0000] {dag.py:3089} INFO - Sync 1 DAGs
[2026-08-13T09:19:13.808+0000] {logging_mixin.py:188} INFO - [2026-08-13T09:19:13.807+0000] {dag.py:3947} INFO - Setting next_dagrun for clickstream_clean_events to None, run_after=None
[2026-08-13T09:19:13.910+0000] {processor.py:183} INFO - Processing /opt/airflow/dags/clickstream_clean_events_dag.py took 0.649 seconds
[2026-08-13T09:19:44.468+0000] {processor.py:161} INFO - Started process (PID=5077) to work on /opt/airflow/dags/clickstream_clean_events_dag.py
[2026-08-13T09:19:44.471+0000] {processor.py:830} INFO - Processing file /opt/airflow/dags/clickstream_clean_events_dag.py for tasks to queue
[2026-08-13T09:19:44.479+0000] {logging_mixin.py:188} INFO - [2026-08-13T09:19:44.479+0000] {dagbag.py:545} INFO - Filling up the DagBag from /opt/airflow/dags/clickstream_clean_events_dag.py
[2026-08-13T09:19:44.532+0000] {processor.py:840} INFO - DAG(s) 'clickstream_clean_events' retrieved from /opt/airflow/dags/clickstream_clean_events_dag.py
[2026-08-13T09:19:44.631+0000] {logging_mixin.py:188} INFO - [2026-08-13T09:19:44.630+0000] {dag.py:3089} INFO - Sync 1 DAGs
[2026-08-13T09:19:44.691+0000] {logging_mixin.py:188} INFO - [2026-08-13T09:19:44.690+0000] {dag.py:3947} INFO - Setting next_dagrun for clickstream_clean_events to None, run_after=None
[2026-08-13T09:19:44.772+0000] {processor.py:183} INFO - Processing /opt/airflow/dags/clickstream_clean_events_dag.py took 0.319 seconds
[2026-08-13T09:20:15.017+0000] {processor.py:161} INFO - Started process (PID=5101) to work on /opt/airflow/dags/clickstream_clean_events_dag.py
[2026-08-13T09:20:15.018+0000] {processor.py:830} INFO - Processing file /opt/airflow/dags/clickstream_clean_events_dag.py for tasks to queue
[2026-08-13T09:20:15.023+0000] {logging_mixin.py:188} INFO - [2026-08-13T09:20:15.022+0000] {dagbag.py:545} INFO - Filling up the DagBag from /opt/airflow/dags/clickstream_clean_events_dag.py
[2026-08-13T09:20:15.048+0000] {processor.py:840} INFO - DAG(s) 'clickstream_clean_events' retrieved from /opt/airflow/dags/clickstream_clean_events_dag.py
[2026-08-13T09:20:15.088+0000] {logging_mixin.py:188} INFO - [2026-08-13T09:20:15.088+0000] {dag.py:3089} INFO - Sync 1 DAGs
[2026-08-13T09:20:15.108+0000] {logging_mixin.py:188} INFO - [2026-08-13T09:20:15.108+0000] {dag.py:3947} INFO - Setting next_dagrun for clickstream_clean_events to None, run_after=None
[2026-08-13T09:20:15.142+0000] {processor.py:183} INFO - Processing /opt/airflow/dags/clickstream_clean_events_dag.py took 0.133 seconds
[2026-08-13T09:20:45.343+0000] {processor.py:161} INFO - Started process (PID=5125) to work on /opt/airflow/dags/clickstream_clean_events_dag.py
[2026-08-13T09:20:45.347+0000] {processor.py:830} INFO - Processing file /opt/airflow/dags/clickstream_clean_events_dag.py for tasks to queue
[2026-08-13T09:20:45.354+0000] {logging_mixin.py:188} INFO - [2026-08-13T09:20:45.353+0000] {dagbag.py:545} INFO - Filling up the DagBag from /opt/airflow/dags/clickstream_clean_events_dag.py
[2026-08-13T09:20:45.407+0000] {processor.py:840} INFO - DAG(s) 'clickstream_clean_events' retrieved from /opt/airflow/dags/clickstream_clean_events_dag.py
[2026-08-13T09:20:45.505+0000] {logging_mixin.py:188} INFO - [2026-08-13T09:20:45.504+0000] {dag.py:3089} INFO - Sync 1 DAGs
[2026-08-13T09:20:45.550+0000] {logging_mixin.py:188} INFO - [2026-08-13T09:20:45.549+0000] {dag.py:3947} INFO - Setting next_dagrun for clickstream_clean_events to None, run_after=None
[2026-08-13T09:20:45.625+0000] {processor.py:183} INFO - Processing /opt/airflow/dags/clickstream_clean_events_dag.py took 0.300 seconds
[2026-08-13T09:21:16.445+0000] {processor.py:161} INFO - Started process (PID=5149) to work on /opt/airflow/dags/clickstream_clean_events_dag.py
[2026-08-13T09:21:16.451+0000] {processor.py:830} INFO - Processing file /opt/airflow/dags/clickstream_clean_events_dag.py for tasks to queue
[2026-08-13T09:21:16.468+0000] {logging_mixin.py:188} INFO - [2026-08-13T09:21:16.466+0000] {dagbag.py:545} INFO - Filling up the DagBag from /opt/airflow/dags/clickstream_clean_events_dag.py
[2026-08-13T09:21:16.603+0000] {processor.py:840} INFO - DAG(s) 'clickstream_clean_events' retrieved from /opt/airflow/dags/clickstream_clean_events_dag.py
[2026-08-13T09:21:16.799+0000] {logging_mixin.py:188} INFO - [2026-08-13T09:21:16.797+0000] {dag.py:3089} INFO - Sync 1 DAGs
[2026-08-13T09:21:16.874+0000] {logging_mixin.py:188} INFO - [2026-08-13T09:21:16.873+0000] {dag.py:3947} INFO - Setting next_dagrun for clickstream_clean_events to None, run_after=None
[2026-08-13T09:21:16.979+0000] {processor.py:183} INFO - Processing /opt/airflow/dags/clickstream_clean_events_dag.py took 0.579 seconds
[2026-08-13T09:21:47.840+0000] {processor.py:161} INFO - Started process (PID=5166) to work on /opt/airflow/dags/clickstream_clean_events_dag.py
[2026-08-13T09:21:47.843+0000] {processor.py:830} INFO - Processing file /opt/airflow/dags/clickstream_clean_events_dag.py for tasks to queue
[2026-08-13T09:21:47.848+0000] {logging_mixin.py:188} INFO - [2026-08-13T09:21:47.847+0000] {dagbag.py:545} INFO - Filling up the DagBag from /opt/airflow/dags/clickstream_clean_events_dag.py
[2026-08-13T09:21:47.899+0000] {processor.py:840} INFO - DAG(s) 'clickstream_clean_events' retrieved from /opt/airflow/dags/clickstream_clean_events_dag.py
[2026-08-13T09:21:47.974+0000] {logging_mixin.py:188} INFO - [2026-08-13T09:21:47.974+0000] {dag.py:3089} INFO - Sync 1 DAGs
[2026-08-13T09:21:48.013+0000] {logging_mixin.py:188} INFO - [2026-08-13T09:21:48.012+0000] {dag.py:3947} INFO - Setting next_dagrun for clickstream_clean_events to None, run_after=None
[2026-08-13T09:21:48.072+0000] {processor.py:183} INFO - Processing /opt/airflow/dags/clickstream_clean_events_dag.py took 0.250 seconds
[2026-08-13T09:22:18.884+0000] {processor.py:161} INFO - Started process (PID=5190) to work on /opt/airflow/dags/clickstream_clean_events_dag.py
[2026-08-13T09:22:18.887+0000] {processor.py:830} INFO - Processing file /opt/airflow/dags/clickstream_clean_events_dag.py for tasks to queue
[2026-08-13T09:22:18.893+0000] {logging_mixin.py:188} INFO - [2026-08-13T09:22:18.892+0000] {dagbag.py:545} INFO - Filling up the DagBag from /opt/airflow/dags/clickstream_clean_events_dag.py
[2026-08-13T09:22:18.931+0000] {processor.py:840} INFO - DAG(s) 'clickstream_clean_events' retrieved from /opt/airflow/dags/clickstream_clean_events_dag.py
[2026-08-13T09:22:19.002+0000] {logging_mixin.py:188} INFO - [2026-08-13T09:22:19.001+0000] {dag.py:3089} INFO - Sync 1 DAGs
[2026-08-13T09:22:19.032+0000] {logging_mixin.py:188} INFO - [2026-08-13T09:22:19.031+0000] {dag.py:3947} INFO - Setting next_dagrun for clickstream_clean_events to None, run_after=None
[2026-08-13T09:22:19.079+0000] {processor.py:183} INFO - Processing /opt/airflow/dags/clickstream_clean_events_dag.py took 0.213 seconds
[2026-08-13T09:22:49.320+0000] {processor.py:161} INFO - Started process (PID=5214) to work on /opt/airflow/dags/clickstream_clean_events_dag.py
[2026-08-13T09:22:49.321+0000] {processor.py:830} INFO - Processing file /opt/airflow/dags/clickstream_clean_events_dag.py for tasks to queue
[2026-08-13T09:22:49.323+0000] {logging_mixin.py:188} INFO - [2026-08-13T09:22:49.323+0000] {dagbag.py:545} INFO - Filling up the DagBag from /opt/airflow/dags/clickstream_clean_events_dag.py
[2026-08-13T09:22:49.337+0000] {processor.py:840} INFO - DAG(s) 'clickstream_clean_events' retrieved from /opt/airflow/dags/clickstream_clean_events_dag.py
[2026-08-13T09:22:49.362+0000] {logging_mixin.py:188} INFO - [2026-08-13T09:22:49.362+0000] {dag.py:3089} INFO - Sync 1 DAGs
[2026-08-13T09:22:49.373+0000] {logging_mixin.py:188} INFO - [2026-08-13T09:22:49.373+0000] {dag.py:3947} INFO - Setting next_dagrun for clickstream_clean_events to None, run_after=None
[2026-08-13T09:22:49.392+0000] {processor.py:183} INFO - Processing /opt/airflow/dags/clickstream_clean_events_dag.py took 0.078 seconds
[2026-08-13T09:23:19.649+0000] {processor.py:161} INFO - Started process (PID=5238) to work on /opt/airflow/dags/clickstream_clean_events_dag.py
[2026-08-13T09:23:19.650+0000] {processor.py:830} INFO - Processing file /opt/airflow/dags/clickstream_clean_events_dag.py for tasks to queue
[2026-08-13T09:23:19.653+0000] {logging_mixin.py:188} INFO - [2026-08-13T09:23:19.652+0000] {dagbag.py:545} INFO - Filling up the DagBag from /opt/airflow/dags/clickstream_clean_events_dag.py
[2026-08-13T09:23:19.672+0000] {processor.py:840} INFO - DAG(s) 'clickstream_clean_events' retrieved from /opt/airflow/dags/clickstream_clean_events_dag.py
[2026-08-13T09:23:19.710+0000] {logging_mixin.py:188} INFO - [2026-08-13T09:23:19.710+0000] {dag.py:3089} INFO - Sync 1 DAGs
[2026-08-13T09:23:19.729+0000] {logging_mixin.py:188} INFO - [2026-08-13T09:23:19.728+0000] {dag.py:3947} INFO - Setting next_dagrun for clickstream_clean_events to None, run_after=None
[2026-08-13T09:23:19.757+0000] {processor.py:183} INFO - Processing /opt/airflow/dags/clickstream_clean_events_dag.py took 0.117 seconds
[2026-08-13T09:23:50.190+0000] {processor.py:161} INFO - Started process (PID=5262) to work on /opt/airflow/dags/clickstream_clean_events_dag.py
[2026-08-13T09:23:50.192+0000] {processor.py:830} INFO - Processing file /opt/airflow/dags/clickstream_clean_events_dag.py for tasks to queue
[2026-08-13T09:23:50.196+0000] {logging_mixin.py:188} INFO - [2026-08-13T09:23:50.195+0000] {dagbag.py:545} INFO - Filling up the DagBag from /opt/airflow/dags/clickstream_clean_events_dag.py
[2026-08-13T09:23:50.221+0000] {processor.py:840} INFO - DAG(s) 'clickstream_clean_events' retrieved from /opt/airflow/dags/clickstream_clean_events_dag.py
[2026-08-13T09:23:50.262+0000] {logging_mixin.py:188} INFO - [2026-08-13T09:23:50.262+0000] {dag.py:3089} INFO - Sync 1 DAGs
[2026-08-13T09:23:50.281+0000] {logging_mixin.py:188} INFO - [2026-08-13T09:23:50.281+0000] {dag.py:3947} INFO - Setting next_dagrun for clickstream_clean_events to None, run_after=None
[2026-08-13T09:23:50.311+0000] {processor.py:183} INFO - Processing /opt/airflow/dags/clickstream_clean_events_dag.py took 0.133 seconds
[2026-08-13T09:24:20.453+0000] {processor.py:161} INFO - Started process (PID=5287) to work on /opt/airflow/dags/clickstream_clean_events_dag.py
[2026-08-13T09:24:20.454+0000] {processor.py:830} INFO - Processing file /opt/airflow/dags/clickstream_clean_events_dag.py for tasks to queue
[2026-08-13T09:24:20.456+0000] {logging_mixin.py:188} INFO - [2026-08-13T09:24:20.456+0000] {dagbag.py:545} INFO - Filling up the DagBag from /opt/airflow/dags/clickstream_clean_events_dag.py
[2026-08-13T09:24:20.474+0000] {processor.py:840} INFO - DAG(s) 'clickstream_clean_events' retrieved from /opt/airflow/dags/clickstream_clean_events_dag.py
[2026-08-13T09:24:20.506+0000] {logging_mixin.py:188} INFO - [2026-08-13T09:24:20.506+0000] {dag.py:3089} INFO - Sync 1 DAGs
[2026-08-13T09:24:20.523+0000] {logging_mixin.py:188} INFO - [2026-08-13T09:24:20.523+0000] {dag.py:3947} INFO - Setting next_dagrun for clickstream_clean_events to None, run_after=None
[2026-08-13T09:24:20.548+0000] {processor.py:183} INFO - Processing /opt/airflow/dags/clickstream_clean_events_dag.py took 0.102 seconds
[2026-08-13T09:24:50.873+0000] {processor.py:161} INFO - Started process (PID=5318) to work on /opt/airflow/dags/clickstream_clean_events_dag.py
[2026-08-13T09:24:50.875+0000] {processor.py:830} INFO - Processing file /opt/airflow/dags/clickstream_clean_events_dag.py for tasks to queue
[2026-08-13T09:24:50.880+0000] {logging_mixin.py:188} INFO - [2026-08-13T09:24:50.879+0000] {dagbag.py:545} INFO - Filling up the DagBag from /opt/airflow/dags/clickstream_clean_events_dag.py
[2026-08-13T09:24:50.918+0000] {processor.py:840} INFO - DAG(s) 'clickstream_clean_events' retrieved from /opt/airflow/dags/clickstream_clean_events_dag.py
[2026-08-13T09:24:50.981+0000] {logging_mixin.py:188} INFO - [2026-08-13T09:24:50.980+0000] {dag.py:3089} INFO - Sync 1 DAGs
[2026-08-13T09:24:51.009+0000] {logging_mixin.py:188} INFO - [2026-08-13T09:24:51.008+0000] {dag.py:3947} INFO - Setting next_dagrun for clickstream_clean_events to None, run_after=None
[2026-08-13T09:24:51.055+0000] {processor.py:183} INFO - Processing /opt/airflow/dags/clickstream_clean_events_dag.py took 0.199 seconds
[2026-08-13T09:25:21.129+0000] {processor.py:161} INFO - Started process (PID=5343) to work on /opt/airflow/dags/clickstream_clean_events_dag.py
[2026-08-13T09:25:21.130+0000] {processor.py:830} INFO - Processing file /opt/airflow/dags/clickstream_clean_events_dag.py for tasks to queue
[2026-08-13T09:25:21.132+0000] {logging_mixin.py:188} INFO - [2026-08-13T09:25:21.132+0000] {dagbag.py:545} INFO - Filling up the DagBag from /opt/airflow/dags/clickstream_clean_events_dag.py
[2026-08-13T09:25:21.150+0000] {processor.py:840} INFO - DAG(s) 'clickstream_clean_events' retrieved from /opt/airflow/dags/clickstream_clean_events_dag.py
[2026-08-13T09:25:21.181+0000] {logging_mixin.py:188} INFO - [2026-08-13T09:25:21.181+0000] {dag.py:3089} INFO - Sync 1 DAGs
[2026-08-13T09:25:21.196+0000] {logging_mixin.py:188} INFO - [2026-08-13T09:25:21.196+0000] {dag.py:3947} INFO - Setting next_dagrun for clickstream_clean_events to None, run_after=None
[2026-08-13T09:25:21.223+0000] {processor.py:183} INFO - Processing /opt/airflow/dags/clickstream_clean_events_dag.py took 0.101 seconds
[2026-08-13T09:25:51.388+0000] {processor.py:161} INFO - Started process (PID=5367) to work on /opt/airflow/dags/clickstream_clean_events_dag.py
[2026-08-13T09:25:51.390+0000] {processor.py:830} INFO - Processing file /opt/airflow/dags/clickstream_clean_events_dag.py for tasks to queue
[2026-08-13T09:25:51.393+0000] {logging_mixin.py:188} INFO - [2026-08-13T09:25:51.392+0000] {dagbag.py:545} INFO - Filling up the DagBag from /opt/airflow/dags/clickstream_clean_events_dag.py
[2026-08-13T09:25:51.417+0000] {processor.py:840} INFO - DAG(s) 'clickstream_clean_events' retrieved from /opt/airflow/dags/clickstream_clean_events_dag.py
[2026-08-13T09:25:51.463+0000] {logging_mixin.py:188} INFO - [2026-08-13T09:25:51.462+0000] {dag.py:3089} INFO - Sync 1 DAGs
[2026-08-13T09:25:51.490+0000] {logging_mixin.py:188} INFO - [2026-08-13T09:25:51.490+0000] {dag.py:3947} INFO - Setting next_dagrun for clickstream_clean_events to None, run_after=None
[2026-08-13T09:25:51.563+0000] {processor.py:183} INFO - Processing /opt/airflow/dags/clickstream_clean_events_dag.py took 0.184 seconds
[2026-08-13T09:26:21.946+0000] {processor.py:161} INFO - Started process (PID=5391) to work on /opt/airflow/dags/clickstream_clean_events_dag.py
[2026-08-13T09:26:21.947+0000] {processor.py:830} INFO - Processing file /opt/airflow/dags/clickstream_clean_events_dag.py for tasks to queue
[2026-08-13T09:26:21.949+0000] {logging_mixin.py:188} INFO - [2026-08-13T09:26:21.949+0000] {dagbag.py:545} INFO - Filling up the DagBag from /opt/airflow/dags/clickstream_clean_events_dag.py
[2026-08-13T09:26:21.965+0000] {processor.py:840} INFO - DAG(s) 'clickstream_clean_events' retrieved from /opt/airflow/dags/clickstream_clean_events_dag.py
[2026-08-13T09:26:21.990+0000] {logging_mixin.py:188} INFO - [2026-08-13T09:26:21.990+0000] {dag.py:3089} INFO - Sync 1 DAGs
[2026-08-13T09:26:22.002+0000] {logging_mixin.py:188} INFO - [2026-08-13T09:26:22.002+0000] {dag.py:3947} INFO - Setting next_dagrun for clickstream_clean_events to None, run_after=None
[2026-08-13T09:26:22.020+0000] {processor.py:183} INFO - Processing /opt/airflow/dags/clickstream_clean_events_dag.py took 0.081 seconds
[2026-08-13T09:26:52.247+0000] {processor.py:161} INFO - Started process (PID=5422) to work on /opt/airflow/dags/clickstream_clean_events_dag.py
[2026-08-13T09:26:52.252+0000] {processor.py:830} INFO - Processing file /opt/airflow/dags/clickstream_clean_events_dag.py for tasks to queue
[2026-08-13T09:26:52.260+0000] {logging_mixin.py:188} INFO - [2026-08-13T09:26:52.259+0000] {dagbag.py:545} INFO - Filling up the DagBag from /opt/airflow/dags/clickstream_clean_events_dag.py
[2026-08-13T09:26:52.312+0000] {processor.py:840} INFO - DAG(s) 'clickstream_clean_events' retrieved from /opt/airflow/dags/clickstream_clean_events_dag.py
[2026-08-13T09:26:52.409+0000] {logging_mixin.py:188} INFO - [2026-08-13T09:26:52.408+0000] {dag.py:3089} INFO - Sync 1 DAGs
[2026-08-13T09:26:52.455+0000] {logging_mixin.py:188} INFO - [2026-08-13T09:26:52.454+0000] {dag.py:3947} INFO - Setting next_dagrun for clickstream_clean_events to None, run_after=None
[2026-08-13T09:26:52.526+0000] {processor.py:183} INFO - Processing /opt/airflow/dags/clickstream_clean_events_dag.py took 0.305 seconds
[2026-08-13T09:27:22.832+0000] {processor.py:161} INFO - Started process (PID=5439) to work on /opt/airflow/dags/clickstream_clean_events_dag.py
[2026-08-13T09:27:22.833+0000] {processor.py:830} INFO - Processing file /opt/airflow/dags/clickstream_clean_events_dag.py for tasks to queue
[2026-08-13T09:27:22.836+0000] {logging_mixin.py:188} INFO - [2026-08-13T09:27:22.835+0000] {dagbag.py:545} INFO - Filling up the DagBag from /opt/airflow/dags/clickstream_clean_events_dag.py
[2026-08-13T09:27:22.898+0000] {processor.py:840} INFO - DAG(s) 'clickstream_clean_events' retrieved from /opt/airflow/dags/clickstream_clean_events_dag.py
[2026-08-13T09:27:22.930+0000] {logging_mixin.py:188} INFO - [2026-08-13T09:27:22.930+0000] {dag.py:3089} INFO - Sync 1 DAGs
[2026-08-13T09:27:22.946+0000] {logging_mixin.py:188} INFO - [2026-08-13T09:27:22.946+0000] {dag.py:3947} INFO - Setting next_dagrun for clickstream_clean_events to None, run_after=None
[2026-08-13T09:27:22.967+0000] {processor.py:183} INFO - Processing /opt/airflow/dags/clickstream_clean_events_dag.py took 0.142 seconds
[2026-08-13T09:27:53.236+0000] {processor.py:161} INFO - Started process (PID=5470) to work on /opt/airflow/dags/clickstream_clean_events_dag.py
[2026-08-13T09:27:53.238+0000] {processor.py:830} INFO - Processing file /opt/airflow/dags/clickstream_clean_events_dag.py for tasks to queue
[2026-08-13T09:27:53.242+0000] {logging_mixin.py:188} INFO - [2026-08-13T09:27:53.241+0000] {dagbag.py:545} INFO - Filling up the DagBag from /opt/airflow/dags/clickstream_clean_events_dag.py
[2026-08-13T09:27:53.270+0000] {processor.py:840} INFO - DAG(s) 'clickstream_clean_events' retrieved from /opt/airflow/dags/clickstream_clean_events_dag.py
[2026-08-13T09:27:53.380+0000] {logging_mixin.py:188} INFO - [2026-08-13T09:27:53.379+0000] {dag.py:3089} INFO - Sync 1 DAGs
[2026-08-13T09:27:53.425+0000] {logging_mixin.py:188} INFO - [2026-08-13T09:27:53.424+0000] {dag.py:3947} INFO - Setting next_dagrun for clickstream_clean_events to None, run_after=None
[2026-08-13T09:27:53.492+0000] {processor.py:183} INFO - Processing /opt/airflow/dags/clickstream_clean_events_dag.py took 0.269 seconds
[2026-08-13T09:28:23.828+0000] {processor.py:161} INFO - Started process (PID=5494) to work on /opt/airflow/dags/clickstream_clean_events_dag.py
[2026-08-13T09:28:23.829+0000] {processor.py:830} INFO - Processing file /opt/airflow/dags/clickstream_clean_events_dag.py for tasks to queue
[2026-08-13T09:28:23.832+0000] {logging_mixin.py:188} INFO - [2026-08-13T09:28:23.832+0000] {dagbag.py:545} INFO - Filling up the DagBag from /opt/airflow/dags/clickstream_clean_events_dag.py
[2026-08-13T09:28:23.851+0000] {processor.py:840} INFO - DAG(s) 'clickstream_clean_events' retrieved from /opt/airflow/dags/clickstream_clean_events_dag.py
[2026-08-13T09:28:23.883+0000] {logging_mixin.py:188} INFO - [2026-08-13T09:28:23.882+0000] {dag.py:3089} INFO - Sync 1 DAGs
[2026-08-13T09:28:23.895+0000] {logging_mixin.py:188} INFO - [2026-08-13T09:28:23.895+0000] {dag.py:3947} INFO - Setting next_dagrun for clickstream_clean_events to None, run_after=None
[2026-08-13T09:28:23.914+0000] {processor.py:183} INFO - Processing /opt/airflow/dags/clickstream_clean_events_dag.py took 0.093 seconds
[2026-08-13T09:28:54.083+0000] {processor.py:161} INFO - Started process (PID=5518) to work on /opt/airflow/dags/clickstream_clean_events_dag.py
[2026-08-13T09:28:54.085+0000] {processor.py:830} INFO - Processing file /opt/airflow/dags/clickstream_clean_events_dag.py for tasks to queue
[2026-08-13T09:28:54.087+0000] {logging_mixin.py:188} INFO - [2026-08-13T09:28:54.087+0000] {dagbag.py:545} INFO - Filling up the DagBag from /opt/airflow/dags/clickstream_clean_events_dag.py
[2026-08-13T09:28:54.105+0000] {processor.py:840} INFO - DAG(s) 'clickstream_clean_events' retrieved from /opt/airflow/dags/clickstream_clean_events_dag.py
[2026-08-13T09:28:54.137+0000] {logging_mixin.py:188} INFO - [2026-08-13T09:28:54.137+0000] {dag.py:3089} INFO - Sync 1 DAGs
[2026-08-13T09:28:54.153+0000] {logging_mixin.py:188} INFO - [2026-08-13T09:28:54.153+0000] {dag.py:3947} INFO - Setting next_dagrun for clickstream_clean_events to None, run_after=None
[2026-08-13T09:28:54.178+0000] {processor.py:183} INFO - Processing /opt/airflow/dags/clickstream_clean_events_dag.py took 0.101 seconds
[2026-08-13T09:29:24.478+0000] {processor.py:161} INFO - Started process (PID=5542) to work on /opt/airflow/dags/clickstream_clean_events_dag.py
[2026-08-13T09:29:24.480+0000] {processor.py:830} INFO - Processing file /opt/airflow/dags/clickstream_clean_events_dag.py for tasks to queue
[2026-08-13T09:29:24.482+0000] {logging_mixin.py:188} INFO - [2026-08-13T09:29:24.481+0000] {dagbag.py:545} INFO - Filling up the DagBag from /opt/airflow/dags/clickstream_clean_events_dag.py
[2026-08-13T09:29:24.496+0000] {processor.py:840} INFO - DAG(s) 'clickstream_clean_events' retrieved from /opt/airflow/dags/clickstream_clean_events_dag.py
[2026-08-13T09:29:24.527+0000] {logging_mixin.py:188} INFO - [2026-08-13T09:29:24.527+0000] {dag.py:3089} INFO - Sync 1 DAGs
[2026-08-13T09:29:24.541+0000] {logging_mixin.py:188} INFO - [2026-08-13T09:29:24.541+0000] {dag.py:3947} INFO - Setting next_dagrun for clickstream_clean_events to None, run_after=None
[2026-08-13T09:29:24.564+0000] {processor.py:183} INFO - Processing /opt/airflow/dags/clickstream_clean_events_dag.py took 0.092 seconds
[2026-08-13T09:29:54.780+0000] {processor.py:161} INFO - Started process (PID=5566) to work on /opt/airflow/dags/clickstream_clean_events_dag.py
[2026-08-13T09:29:54.782+0000] {processor.py:830} INFO - Processing file /opt/airflow/dags/clickstream_clean_events_dag.py for tasks to queue
[2026-08-13T09:29:54.786+0000] {logging_mixin.py:188} INFO - [2026-08-13T09:29:54.785+0000] {dagbag.py:545} INFO - Filling up the DagBag from /opt/airflow/dags/clickstream_clean_events_dag.py
[2026-08-13T09:29:54.814+0000] {processor.py:840} INFO - DAG(s) 'clickstream_clean_events' retrieved from /opt/airflow/dags/clickstream_clean_events_dag.py
[2026-08-13T09:29:54.868+0000] {logging_mixin.py:188} INFO - [2026-08-13T09:29:54.867+0000] {dag.py:3089} INFO - Sync 1 DAGs
[2026-08-13T09:29:54.890+0000] {logging_mixin.py:188} INFO - [2026-08-13T09:29:54.890+0000] {dag.py:3947} INFO - Setting next_dagrun for clickstream_clean_events to None, run_after=None
[2026-08-13T09:29:54.929+0000] {processor.py:183} INFO - Processing /opt/airflow/dags/clickstream_clean_events_dag.py took 0.158 seconds
[2026-08-13T09:30:25.234+0000] {processor.py:161} INFO - Started process (PID=5590) to work on /opt/airflow/dags/clickstream_clean_events_dag.py
[2026-08-13T09:30:25.236+0000] {processor.py:830} INFO - Processing file /opt/airflow/dags/clickstream_clean_events_dag.py for tasks to queue
[2026-08-13T09:30:25.240+0000] {logging_mixin.py:188} INFO - [2026-08-13T09:30:25.239+0000] {dagbag.py:545} INFO - Filling up the DagBag from /opt/airflow/dags/clickstream_clean_events_dag.py
[2026-08-13T09:30:25.292+0000] {processor.py:840} INFO - DAG(s) 'clickstream_clean_events' retrieved from /opt/airflow/dags/clickstream_clean_events_dag.py
[2026-08-13T09:30:25.349+0000] {logging_mixin.py:188} INFO - [2026-08-13T09:30:25.348+0000] {dag.py:3089} INFO - Sync 1 DAGs
[2026-08-13T09:30:25.374+0000] {logging_mixin.py:188} INFO - [2026-08-13T09:30:25.373+0000] {dag.py:3947} INFO - Setting next_dagrun for clickstream_clean_events to None, run_after=None
[2026-08-13T09:30:25.411+0000] {processor.py:183} INFO - Processing /opt/airflow/dags/clickstream_clean_events_dag.py took 0.188 seconds
[2026-08-13T09:30:55.710+0000] {processor.py:161} INFO - Started process (PID=5614) to work on /opt/airflow/dags/clickstream_clean_events_dag.py
[2026-08-13T09:30:55.712+0000] {processor.py:830} INFO - Processing file /opt/airflow/dags/clickstream_clean_events_dag.py for tasks to queue
[2026-08-13T09:30:55.717+0000] {logging_mixin.py:188} INFO - [2026-08-13T09:30:55.716+0000] {dagbag.py:545} INFO - Filling up the DagBag from /opt/airflow/dags/clickstream_clean_events_dag.py
[2026-08-13T09:30:55.744+0000] {processor.py:840} INFO - DAG(s) 'clickstream_clean_events' retrieved from /opt/airflow/dags/clickstream_clean_events_dag.py
[2026-08-13T09:30:55.790+0000] {logging_mixin.py:188} INFO - [2026-08-13T09:30:55.789+0000] {dag.py:3089} INFO - Sync 1 DAGs
[2026-08-13T09:30:55.823+0000] {logging_mixin.py:188} INFO - [2026-08-13T09:30:55.819+0000] {dag.py:3947} INFO - Setting next_dagrun for clickstream_clean_events to None, run_after=None
[2026-08-13T09:30:55.864+0000] {processor.py:183} INFO - Processing /opt/airflow/dags/clickstream_clean_events_dag.py took 0.166 seconds
[2026-08-13T09:31:26.104+0000] {processor.py:161} INFO - Started process (PID=5638) to work on /opt/airflow/dags/clickstream_clean_events_dag.py
[2026-08-13T09:31:26.107+0000] {processor.py:830} INFO - Processing file /opt/airflow/dags/clickstream_clean_events_dag.py for tasks to queue
[2026-08-13T09:31:26.111+0000] {logging_mixin.py:188} INFO - [2026-08-13T09:31:26.111+0000] {dagbag.py:545} INFO - Filling up the DagBag from /opt/airflow/dags/clickstream_clean_events_dag.py
[2026-08-13T09:31:26.146+0000] {processor.py:840} INFO - DAG(s) 'clickstream_clean_events' retrieved from /opt/airflow/dags/clickstream_clean_events_dag.py
[2026-08-13T09:31:26.208+0000] {logging_mixin.py:188} INFO - [2026-08-13T09:31:26.208+0000] {dag.py:3089} INFO - Sync 1 DAGs
[2026-08-13T09:31:26.237+0000] {logging_mixin.py:188} INFO - [2026-08-13T09:31:26.237+0000] {dag.py:3947} INFO - Setting next_dagrun for clickstream_clean_events to None, run_after=None
[2026-08-13T09:31:26.280+0000] {processor.py:183} INFO - Processing /opt/airflow/dags/clickstream_clean_events_dag.py took 0.192 seconds
[2026-08-13T09:31:56.481+0000] {processor.py:161} INFO - Started process (PID=5667) to work on /opt/airflow/dags/clickstream_clean_events_dag.py
[2026-08-13T09:31:56.482+0000] {processor.py:830} INFO - Processing file /opt/airflow/dags/clickstream_clean_events_dag.py for tasks to queue
[2026-08-13T09:31:56.486+0000] {logging_mixin.py:188} INFO - [2026-08-13T09:31:56.485+0000] {dagbag.py:545} INFO - Filling up the DagBag from /opt/airflow/dags/clickstream_clean_events_dag.py
[2026-08-13T09:31:56.506+0000] {processor.py:840} INFO - DAG(s) 'clickstream_clean_events' retrieved from /opt/airflow/dags/clickstream_clean_events_dag.py
[2026-08-13T09:31:56.540+0000] {logging_mixin.py:188} INFO - [2026-08-13T09:31:56.539+0000] {dag.py:3089} INFO - Sync 1 DAGs
[2026-08-13T09:31:56.554+0000] {logging_mixin.py:188} INFO - [2026-08-13T09:31:56.554+0000] {dag.py:3947} INFO - Setting next_dagrun for clickstream_clean_events to None, run_after=None
[2026-08-13T09:31:56.578+0000] {processor.py:183} INFO - Processing /opt/airflow/dags/clickstream_clean_events_dag.py took 0.105 seconds
[2026-08-13T09:32:26.739+0000] {processor.py:161} INFO - Started process (PID=5693) to work on /opt/airflow/dags/clickstream_clean_events_dag.py
[2026-08-13T09:32:26.741+0000] {processor.py:830} INFO - Processing file /opt/airflow/dags/clickstream_clean_events_dag.py for tasks to queue
[2026-08-13T09:32:26.748+0000] {logging_mixin.py:188} INFO - [2026-08-13T09:32:26.747+0000] {dagbag.py:545} INFO - Filling up the DagBag from /opt/airflow/dags/clickstream_clean_events_dag.py
[2026-08-13T09:32:26.788+0000] {processor.py:840} INFO - DAG(s) 'clickstream_clean_events' retrieved from /opt/airflow/dags/clickstream_clean_events_dag.py
[2026-08-13T09:32:26.852+0000] {logging_mixin.py:188} INFO - [2026-08-13T09:32:26.852+0000] {dag.py:3089} INFO - Sync 1 DAGs
[2026-08-13T09:32:26.881+0000] {logging_mixin.py:188} INFO - [2026-08-13T09:32:26.881+0000] {dag.py:3947} INFO - Setting next_dagrun for clickstream_clean_events to None, run_after=None
[2026-08-13T09:32:26.924+0000] {processor.py:183} INFO - Processing /opt/airflow/dags/clickstream_clean_events_dag.py took 0.203 seconds
[2026-08-13T09:32:57.311+0000] {processor.py:161} INFO - Started process (PID=5717) to work on /opt/airflow/dags/clickstream_clean_events_dag.py
[2026-08-13T09:32:57.314+0000] {processor.py:830} INFO - Processing file /opt/airflow/dags/clickstream_clean_events_dag.py for tasks to queue
[2026-08-13T09:32:57.320+0000] {logging_mixin.py:188} INFO - [2026-08-13T09:32:57.319+0000] {dagbag.py:545} INFO - Filling up the DagBag from /opt/airflow/dags/clickstream_clean_events_dag.py
[2026-08-13T09:32:57.370+0000] {processor.py:840} INFO - DAG(s) 'clickstream_clean_events' retrieved from /opt/airflow/dags/clickstream_clean_events_dag.py
[2026-08-13T09:32:57.449+0000] {logging_mixin.py:188} INFO - [2026-08-13T09:32:57.448+0000] {dag.py:3089} INFO - Sync 1 DAGs
[2026-08-13T09:32:57.491+0000] {logging_mixin.py:188} INFO - [2026-08-13T09:32:57.490+0000] {dag.py:3947} INFO - Setting next_dagrun for clickstream_clean_events to None, run_after=None
[2026-08-13T09:32:57.546+0000] {processor.py:183} INFO - Processing /opt/airflow/dags/clickstream_clean_events_dag.py took 0.255 seconds
[2026-08-13T09:33:27.711+0000] {processor.py:161} INFO - Started process (PID=5741) to work on /opt/airflow/dags/clickstream_clean_events_dag.py
[2026-08-13T09:33:27.715+0000] {processor.py:830} INFO - Processing file /opt/airflow/dags/clickstream_clean_events_dag.py for tasks to queue
[2026-08-13T09:33:27.726+0000] {logging_mixin.py:188} INFO - [2026-08-13T09:33:27.724+0000] {dagbag.py:545} INFO - Filling up the DagBag from /opt/airflow/dags/clickstream_clean_events_dag.py
[2026-08-13T09:33:27.788+0000] {processor.py:840} INFO - DAG(s) 'clickstream_clean_events' retrieved from /opt/airflow/dags/clickstream_clean_events_dag.py
[2026-08-13T09:33:27.913+0000] {logging_mixin.py:188} INFO - [2026-08-13T09:33:27.912+0000] {dag.py:3089} INFO - Sync 1 DAGs
[2026-08-13T09:33:27.954+0000] {logging_mixin.py:188} INFO - [2026-08-13T09:33:27.953+0000] {dag.py:3947} INFO - Setting next_dagrun for clickstream_clean_events to None, run_after=None
[2026-08-13T09:33:28.019+0000] {processor.py:183} INFO - Processing /opt/airflow/dags/clickstream_clean_events_dag.py took 0.330 seconds
[2026-08-13T09:33:58.505+0000] {processor.py:161} INFO - Started process (PID=5765) to work on /opt/airflow/dags/clickstream_clean_events_dag.py
[2026-08-13T09:33:58.506+0000] {processor.py:830} INFO - Processing file /opt/airflow/dags/clickstream_clean_events_dag.py for tasks to queue
[2026-08-13T09:33:58.509+0000] {logging_mixin.py:188} INFO - [2026-08-13T09:33:58.509+0000] {dagbag.py:545} INFO - Filling up the DagBag from /opt/airflow/dags/clickstream_clean_events_dag.py
[2026-08-13T09:33:58.530+0000] {processor.py:840} INFO - DAG(s) 'clickstream_clean_events' retrieved from /opt/airflow/dags/clickstream_clean_events_dag.py
[2026-08-13T09:33:58.562+0000] {logging_mixin.py:188} INFO - [2026-08-13T09:33:58.562+0000] {dag.py:3089} INFO - Sync 1 DAGs
[2026-08-13T09:33:58.576+0000] {logging_mixin.py:188} INFO - [2026-08-13T09:33:58.575+0000] {dag.py:3947} INFO - Setting next_dagrun for clickstream_clean_events to None, run_after=None
[2026-08-13T09:33:58.613+0000] {processor.py:183} INFO - Processing /opt/airflow/dags/clickstream_clean_events_dag.py took 0.116 seconds
[2026-08-13T09:34:28.814+0000] {processor.py:161} INFO - Started process (PID=5789) to work on /opt/airflow/dags/clickstream_clean_events_dag.py
[2026-08-13T09:34:28.818+0000] {processor.py:830} INFO - Processing file /opt/airflow/dags/clickstream_clean_events_dag.py for tasks to queue
[2026-08-13T09:34:28.826+0000] {logging_mixin.py:188} INFO - [2026-08-13T09:34:28.824+0000] {dagbag.py:545} INFO - Filling up the DagBag from /opt/airflow/dags/clickstream_clean_events_dag.py
[2026-08-13T09:34:28.890+0000] {processor.py:840} INFO - DAG(s) 'clickstream_clean_events' retrieved from /opt/airflow/dags/clickstream_clean_events_dag.py
[2026-08-13T09:34:29.161+0000] {logging_mixin.py:188} INFO - [2026-08-13T09:34:29.160+0000] {dag.py:3089} INFO - Sync 1 DAGs
[2026-08-13T09:34:29.384+0000] {logging_mixin.py:188} INFO - [2026-08-13T09:34:29.383+0000] {dag.py:3947} INFO - Setting next_dagrun for clickstream_clean_events to None, run_after=None
[2026-08-13T09:34:29.586+0000] {processor.py:183} INFO - Processing /opt/airflow/dags/clickstream_clean_events_dag.py took 0.795 seconds
[2026-08-13T09:34:59.985+0000] {processor.py:161} INFO - Started process (PID=5813) to work on /opt/airflow/dags/clickstream_clean_events_dag.py
[2026-08-13T09:34:59.989+0000] {processor.py:830} INFO - Processing file /opt/airflow/dags/clickstream_clean_events_dag.py for tasks to queue
[2026-08-13T09:34:59.995+0000] {logging_mixin.py:188} INFO - [2026-08-13T09:34:59.994+0000] {dagbag.py:545} INFO - Filling up the DagBag from /opt/airflow/dags/clickstream_clean_events_dag.py
[2026-08-13T09:35:00.046+0000] {processor.py:840} INFO - DAG(s) 'clickstream_clean_events' retrieved from /opt/airflow/dags/clickstream_clean_events_dag.py
[2026-08-13T09:35:00.127+0000] {logging_mixin.py:188} INFO - [2026-08-13T09:35:00.127+0000] {dag.py:3089} INFO - Sync 1 DAGs
[2026-08-13T09:35:00.173+0000] {logging_mixin.py:188} INFO - [2026-08-13T09:35:00.172+0000] {dag.py:3947} INFO - Setting next_dagrun for clickstream_clean_events to None, run_after=None
[2026-08-13T09:35:00.228+0000] {processor.py:183} INFO - Processing /opt/airflow/dags/clickstream_clean_events_dag.py took 0.257 seconds
[2026-08-13T09:35:30.523+0000] {processor.py:161} INFO - Started process (PID=5837) to work on /opt/airflow/dags/clickstream_clean_events_dag.py
[2026-08-13T09:35:30.524+0000] {processor.py:830} INFO - Processing file /opt/airflow/dags/clickstream_clean_events_dag.py for tasks to queue
[2026-08-13T09:35:30.527+0000] {logging_mixin.py:188} INFO - [2026-08-13T09:35:30.526+0000] {dagbag.py:545} INFO - Filling up the DagBag from /opt/airflow/dags/clickstream_clean_events_dag.py
[2026-08-13T09:35:30.544+0000] {processor.py:840} INFO - DAG(s) 'clickstream_clean_events' retrieved from /opt/airflow/dags/clickstream_clean_events_dag.py
[2026-08-13T09:35:30.580+0000] {logging_mixin.py:188} INFO - [2026-08-13T09:35:30.580+0000] {dag.py:3089} INFO - Sync 1 DAGs
[2026-08-13T09:35:30.595+0000] {logging_mixin.py:188} INFO - [2026-08-13T09:35:30.595+0000] {dag.py:3947} INFO - Setting next_dagrun for clickstream_clean_events to None, run_after=None
[2026-08-13T09:35:30.617+0000] {processor.py:183} INFO - Processing /opt/airflow/dags/clickstream_clean_events_dag.py took 0.102 seconds
[2026-08-13T09:36:00.928+0000] {processor.py:161} INFO - Started process (PID=5862) to work on /opt/airflow/dags/clickstream_clean_events_dag.py
[2026-08-13T09:36:00.930+0000] {processor.py:830} INFO - Processing file /opt/airflow/dags/clickstream_clean_events_dag.py for tasks to queue
[2026-08-13T09:36:00.932+0000] {logging_mixin.py:188} INFO - [2026-08-13T09:36:00.932+0000] {dagbag.py:545} INFO - Filling up the DagBag from /opt/airflow/dags/clickstream_clean_events_dag.py
[2026-08-13T09:36:00.947+0000] {processor.py:840} INFO - DAG(s) 'clickstream_clean_events' retrieved from /opt/airflow/dags/clickstream_clean_events_dag.py
[2026-08-13T09:36:00.974+0000] {logging_mixin.py:188} INFO - [2026-08-13T09:36:00.974+0000] {dag.py:3089} INFO - Sync 1 DAGs
[2026-08-13T09:36:00.987+0000] {logging_mixin.py:188} INFO - [2026-08-13T09:36:00.987+0000] {dag.py:3947} INFO - Setting next_dagrun for clickstream_clean_events to None, run_after=None
[2026-08-13T09:36:01.005+0000] {processor.py:183} INFO - Processing /opt/airflow/dags/clickstream_clean_events_dag.py took 0.083 seconds
[2026-08-13T09:36:31.209+0000] {processor.py:161} INFO - Started process (PID=5893) to work on /opt/airflow/dags/clickstream_clean_events_dag.py
[2026-08-13T09:36:31.212+0000] {processor.py:830} INFO - Processing file /opt/airflow/dags/clickstream_clean_events_dag.py for tasks to queue
[2026-08-13T09:36:31.217+0000] {logging_mixin.py:188} INFO - [2026-08-13T09:36:31.217+0000] {dagbag.py:545} INFO - Filling up the DagBag from /opt/airflow/dags/clickstream_clean_events_dag.py
[2026-08-13T09:36:31.254+0000] {processor.py:840} INFO - DAG(s) 'clickstream_clean_events' retrieved from /opt/airflow/dags/clickstream_clean_events_dag.py
[2026-08-13T09:36:31.313+0000] {logging_mixin.py:188} INFO - [2026-08-13T09:36:31.313+0000] {dag.py:3089} INFO - Sync 1 DAGs
[2026-08-13T09:36:31.341+0000] {logging_mixin.py:188} INFO - [2026-08-13T09:36:31.341+0000] {dag.py:3947} INFO - Setting next_dagrun for clickstream_clean_events to None, run_after=None
[2026-08-13T09:36:31.383+0000] {processor.py:183} INFO - Processing /opt/airflow/dags/clickstream_clean_events_dag.py took 0.191 seconds
[2026-08-13T09:37:01.462+0000] {processor.py:161} INFO - Started process (PID=5917) to work on /opt/airflow/dags/clickstream_clean_events_dag.py
[2026-08-13T09:37:01.463+0000] {processor.py:830} INFO - Processing file /opt/airflow/dags/clickstream_clean_events_dag.py for tasks to queue
[2026-08-13T09:37:01.466+0000] {logging_mixin.py:188} INFO - [2026-08-13T09:37:01.465+0000] {dagbag.py:545} INFO - Filling up the DagBag from /opt/airflow/dags/clickstream_clean_events_dag.py
[2026-08-13T09:37:01.480+0000] {processor.py:840} INFO - DAG(s) 'clickstream_clean_events' retrieved from /opt/airflow/dags/clickstream_clean_events_dag.py
[2026-08-13T09:37:01.507+0000] {logging_mixin.py:188} INFO - [2026-08-13T09:37:01.506+0000] {dag.py:3089} INFO - Sync 1 DAGs
[2026-08-13T09:37:01.518+0000] {logging_mixin.py:188} INFO - [2026-08-13T09:37:01.518+0000] {dag.py:3947} INFO - Setting next_dagrun for clickstream_clean_events to None, run_after=None
[2026-08-13T09:37:01.536+0000] {processor.py:183} INFO - Processing /opt/airflow/dags/clickstream_clean_events_dag.py took 0.080 seconds
[2026-08-13T09:37:31.710+0000] {processor.py:161} INFO - Started process (PID=5941) to work on /opt/airflow/dags/clickstream_clean_events_dag.py
[2026-08-13T09:37:31.711+0000] {processor.py:830} INFO - Processing file /opt/airflow/dags/clickstream_clean_events_dag.py for tasks to queue
[2026-08-13T09:37:31.713+0000] {logging_mixin.py:188} INFO - [2026-08-13T09:37:31.713+0000] {dagbag.py:545} INFO - Filling up the DagBag from /opt/airflow/dags/clickstream_clean_events_dag.py
[2026-08-13T09:37:31.728+0000] {processor.py:840} INFO - DAG(s) 'clickstream_clean_events' retrieved from /opt/airflow/dags/clickstream_clean_events_dag.py
[2026-08-13T09:37:31.754+0000] {logging_mixin.py:188} INFO - [2026-08-13T09:37:31.754+0000] {dag.py:3089} INFO - Sync 1 DAGs
[2026-08-13T09:37:31.765+0000] {logging_mixin.py:188} INFO - [2026-08-13T09:37:31.765+0000] {dag.py:3947} INFO - Setting next_dagrun for clickstream_clean_events to None, run_after=None
[2026-08-13T09:37:31.783+0000] {processor.py:183} INFO - Processing /opt/airflow/dags/clickstream_clean_events_dag.py took 0.079 seconds
[2026-08-13T09:38:02.005+0000] {processor.py:161} INFO - Started process (PID=5972) to work on /opt/airflow/dags/clickstream_clean_events_dag.py
[2026-08-13T09:38:02.006+0000] {processor.py:830} INFO - Processing file /opt/airflow/dags/clickstream_clean_events_dag.py for tasks to queue
[2026-08-13T09:38:02.008+0000] {logging_mixin.py:188} INFO - [2026-08-13T09:38:02.008+0000] {dagbag.py:545} INFO - Filling up the DagBag from /opt/airflow/dags/clickstream_clean_events_dag.py
[2026-08-13T09:38:02.025+0000] {processor.py:840} INFO - DAG(s) 'clickstream_clean_events' retrieved from /opt/airflow/dags/clickstream_clean_events_dag.py
[2026-08-13T09:38:02.062+0000] {logging_mixin.py:188} INFO - [2026-08-13T09:38:02.062+0000] {dag.py:3089} INFO - Sync 1 DAGs
[2026-08-13T09:38:02.078+0000] {logging_mixin.py:188} INFO - [2026-08-13T09:38:02.077+0000] {dag.py:3947} INFO - Setting next_dagrun for clickstream_clean_events to None, run_after=None
[2026-08-13T09:38:02.101+0000] {processor.py:183} INFO - Processing /opt/airflow/dags/clickstream_clean_events_dag.py took 0.103 seconds
[2026-08-13T09:38:32.361+0000] {processor.py:161} INFO - Started process (PID=5996) to work on /opt/airflow/dags/clickstream_clean_events_dag.py
[2026-08-13T09:38:32.362+0000] {processor.py:830} INFO - Processing file /opt/airflow/dags/clickstream_clean_events_dag.py for tasks to queue
[2026-08-13T09:38:32.365+0000] {logging_mixin.py:188} INFO - [2026-08-13T09:38:32.364+0000] {dagbag.py:545} INFO - Filling up the DagBag from /opt/airflow/dags/clickstream_clean_events_dag.py
[2026-08-13T09:38:32.382+0000] {processor.py:840} INFO - DAG(s) 'clickstream_clean_events' retrieved from /opt/airflow/dags/clickstream_clean_events_dag.py
[2026-08-13T09:38:32.412+0000] {logging_mixin.py:188} INFO - [2026-08-13T09:38:32.412+0000] {dag.py:3089} INFO - Sync 1 DAGs
[2026-08-13T09:38:32.426+0000] {logging_mixin.py:188} INFO - [2026-08-13T09:38:32.426+0000] {dag.py:3947} INFO - Setting next_dagrun for clickstream_clean_events to None, run_after=None
[2026-08-13T09:38:32.447+0000] {processor.py:183} INFO - Processing /opt/airflow/dags/clickstream_clean_events_dag.py took 0.094 seconds
[2026-08-13T09:39:02.620+0000] {processor.py:161} INFO - Started process (PID=6027) to work on /opt/airflow/dags/clickstream_clean_events_dag.py
[2026-08-13T09:39:02.621+0000] {processor.py:830} INFO - Processing file /opt/airflow/dags/clickstream_clean_events_dag.py for tasks to queue
[2026-08-13T09:39:02.623+0000] {logging_mixin.py:188} INFO - [2026-08-13T09:39:02.623+0000] {dagbag.py:545} INFO - Filling up the DagBag from /opt/airflow/dags/clickstream_clean_events_dag.py
[2026-08-13T09:39:02.638+0000] {processor.py:840} INFO - DAG(s) 'clickstream_clean_events' retrieved from /opt/airflow/dags/clickstream_clean_events_dag.py
[2026-08-13T09:39:02.671+0000] {logging_mixin.py:188} INFO - [2026-08-13T09:39:02.671+0000] {dag.py:3089} INFO - Sync 1 DAGs
[2026-08-13T09:39:02.682+0000] {logging_mixin.py:188} INFO - [2026-08-13T09:39:02.682+0000] {dag.py:3947} INFO - Setting next_dagrun for clickstream_clean_events to None, run_after=None
[2026-08-13T09:39:02.702+0000] {processor.py:183} INFO - Processing /opt/airflow/dags/clickstream_clean_events_dag.py took 0.091 seconds
[2026-08-13T09:39:32.993+0000] {processor.py:161} INFO - Started process (PID=6051) to work on /opt/airflow/dags/clickstream_clean_events_dag.py
[2026-08-13T09:39:32.996+0000] {processor.py:830} INFO - Processing file /opt/airflow/dags/clickstream_clean_events_dag.py for tasks to queue
[2026-08-13T09:39:33.001+0000] {logging_mixin.py:188} INFO - [2026-08-13T09:39:33.000+0000] {dagbag.py:545} INFO - Filling up the DagBag from /opt/airflow/dags/clickstream_clean_events_dag.py
[2026-08-13T09:39:33.039+0000] {processor.py:840} INFO - DAG(s) 'clickstream_clean_events' retrieved from /opt/airflow/dags/clickstream_clean_events_dag.py
[2026-08-13T09:39:33.104+0000] {logging_mixin.py:188} INFO - [2026-08-13T09:39:33.103+0000] {dag.py:3089} INFO - Sync 1 DAGs
[2026-08-13T09:39:33.132+0000] {logging_mixin.py:188} INFO - [2026-08-13T09:39:33.131+0000] {dag.py:3947} INFO - Setting next_dagrun for clickstream_clean_events to None, run_after=None
[2026-08-13T09:39:33.175+0000] {processor.py:183} INFO - Processing /opt/airflow/dags/clickstream_clean_events_dag.py took 0.199 seconds
[2026-08-13T09:40:03.235+0000] {processor.py:161} INFO - Started process (PID=6075) to work on /opt/airflow/dags/clickstream_clean_events_dag.py
[2026-08-13T09:40:03.237+0000] {processor.py:830} INFO - Processing file /opt/airflow/dags/clickstream_clean_events_dag.py for tasks to queue
[2026-08-13T09:40:03.239+0000] {logging_mixin.py:188} INFO - [2026-08-13T09:40:03.239+0000] {dagbag.py:545} INFO - Filling up the DagBag from /opt/airflow/dags/clickstream_clean_events_dag.py
[2026-08-13T09:40:03.254+0000] {processor.py:840} INFO - DAG(s) 'clickstream_clean_events' retrieved from /opt/airflow/dags/clickstream_clean_events_dag.py
[2026-08-13T09:40:03.280+0000] {logging_mixin.py:188} INFO - [2026-08-13T09:40:03.279+0000] {dag.py:3089} INFO - Sync 1 DAGs
[2026-08-13T09:40:03.291+0000] {logging_mixin.py:188} INFO - [2026-08-13T09:40:03.291+0000] {dag.py:3947} INFO - Setting next_dagrun for clickstream_clean_events to None, run_after=None
[2026-08-13T09:40:03.308+0000] {processor.py:183} INFO - Processing /opt/airflow/dags/clickstream_clean_events_dag.py took 0.079 seconds
[2026-08-13T09:40:33.506+0000] {processor.py:161} INFO - Started process (PID=6107) to work on /opt/airflow/dags/clickstream_clean_events_dag.py
[2026-08-13T09:40:33.509+0000] {processor.py:830} INFO - Processing file /opt/airflow/dags/clickstream_clean_events_dag.py for tasks to queue
[2026-08-13T09:40:33.514+0000] {logging_mixin.py:188} INFO - [2026-08-13T09:40:33.513+0000] {dagbag.py:545} INFO - Filling up the DagBag from /opt/airflow/dags/clickstream_clean_events_dag.py
[2026-08-13T09:40:33.544+0000] {processor.py:840} INFO - DAG(s) 'clickstream_clean_events' retrieved from /opt/airflow/dags/clickstream_clean_events_dag.py
[2026-08-13T09:40:33.600+0000] {logging_mixin.py:188} INFO - [2026-08-13T09:40:33.600+0000] {dag.py:3089} INFO - Sync 1 DAGs
[2026-08-13T09:40:33.626+0000] {logging_mixin.py:188} INFO - [2026-08-13T09:40:33.625+0000] {dag.py:3947} INFO - Setting next_dagrun for clickstream_clean_events to None, run_after=None
[2026-08-13T09:40:33.663+0000] {processor.py:183} INFO - Processing /opt/airflow/dags/clickstream_clean_events_dag.py took 0.175 seconds
[2026-08-13T09:41:03.987+0000] {processor.py:161} INFO - Started process (PID=6131) to work on /opt/airflow/dags/clickstream_clean_events_dag.py
[2026-08-13T09:41:03.988+0000] {processor.py:830} INFO - Processing file /opt/airflow/dags/clickstream_clean_events_dag.py for tasks to queue
[2026-08-13T09:41:03.991+0000] {logging_mixin.py:188} INFO - [2026-08-13T09:41:03.991+0000] {dagbag.py:545} INFO - Filling up the DagBag from /opt/airflow/dags/clickstream_clean_events_dag.py
[2026-08-13T09:41:04.012+0000] {processor.py:840} INFO - DAG(s) 'clickstream_clean_events' retrieved from /opt/airflow/dags/clickstream_clean_events_dag.py
[2026-08-13T09:41:04.038+0000] {logging_mixin.py:188} INFO - [2026-08-13T09:41:04.038+0000] {dag.py:3089} INFO - Sync 1 DAGs
[2026-08-13T09:41:04.049+0000] {logging_mixin.py:188} INFO - [2026-08-13T09:41:04.048+0000] {dag.py:3947} INFO - Setting next_dagrun for clickstream_clean_events to None, run_after=None
[2026-08-13T09:41:04.069+0000] {processor.py:183} INFO - Processing /opt/airflow/dags/clickstream_clean_events_dag.py took 0.089 seconds
[2026-08-13T09:41:34.229+0000] {processor.py:161} INFO - Started process (PID=6155) to work on /opt/airflow/dags/clickstream_clean_events_dag.py
[2026-08-13T09:41:34.230+0000] {processor.py:830} INFO - Processing file /opt/airflow/dags/clickstream_clean_events_dag.py for tasks to queue
[2026-08-13T09:41:34.233+0000] {logging_mixin.py:188} INFO - [2026-08-13T09:41:34.233+0000] {dagbag.py:545} INFO - Filling up the DagBag from /opt/airflow/dags/clickstream_clean_events_dag.py
[2026-08-13T09:41:34.247+0000] {processor.py:840} INFO - DAG(s) 'clickstream_clean_events' retrieved from /opt/airflow/dags/clickstream_clean_events_dag.py
[2026-08-13T09:41:34.274+0000] {logging_mixin.py:188} INFO - [2026-08-13T09:41:34.274+0000] {dag.py:3089} INFO - Sync 1 DAGs
[2026-08-13T09:41:34.286+0000] {logging_mixin.py:188} INFO - [2026-08-13T09:41:34.286+0000] {dag.py:3947} INFO - Setting next_dagrun for clickstream_clean_events to None, run_after=None
[2026-08-13T09:41:34.306+0000] {processor.py:183} INFO - Processing /opt/airflow/dags/clickstream_clean_events_dag.py took 0.084 seconds
[2026-08-13T09:42:04.598+0000] {processor.py:161} INFO - Started process (PID=6186) to work on /opt/airflow/dags/clickstream_clean_events_dag.py
[2026-08-13T09:42:04.601+0000] {processor.py:830} INFO - Processing file /opt/airflow/dags/clickstream_clean_events_dag.py for tasks to queue
[2026-08-13T09:42:04.605+0000] {logging_mixin.py:188} INFO - [2026-08-13T09:42:04.604+0000] {dagbag.py:545} INFO - Filling up the DagBag from /opt/airflow/dags/clickstream_clean_events_dag.py
[2026-08-13T09:42:04.634+0000] {processor.py:840} INFO - DAG(s) 'clickstream_clean_events' retrieved from /opt/airflow/dags/clickstream_clean_events_dag.py
[2026-08-13T09:42:04.684+0000] {logging_mixin.py:188} INFO - [2026-08-13T09:42:04.683+0000] {dag.py:3089} INFO - Sync 1 DAGs
[2026-08-13T09:42:04.711+0000] {logging_mixin.py:188} INFO - [2026-08-13T09:42:04.710+0000] {dag.py:3947} INFO - Setting next_dagrun for clickstream_clean_events to None, run_after=None
[2026-08-13T09:42:04.744+0000] {processor.py:183} INFO - Processing /opt/airflow/dags/clickstream_clean_events_dag.py took 0.159 seconds
[2026-08-13T09:42:35.040+0000] {processor.py:161} INFO - Started process (PID=6210) to work on /opt/airflow/dags/clickstream_clean_events_dag.py
[2026-08-13T09:42:35.041+0000] {processor.py:830} INFO - Processing file /opt/airflow/dags/clickstream_clean_events_dag.py for tasks to queue
[2026-08-13T09:42:35.044+0000] {logging_mixin.py:188} INFO - [2026-08-13T09:42:35.044+0000] {dagbag.py:545} INFO - Filling up the DagBag from /opt/airflow/dags/clickstream_clean_events_dag.py
[2026-08-13T09:42:35.065+0000] {processor.py:840} INFO - DAG(s) 'clickstream_clean_events' retrieved from /opt/airflow/dags/clickstream_clean_events_dag.py
[2026-08-13T09:42:35.098+0000] {logging_mixin.py:188} INFO - [2026-08-13T09:42:35.098+0000] {dag.py:3089} INFO - Sync 1 DAGs
[2026-08-13T09:42:35.115+0000] {logging_mixin.py:188} INFO - [2026-08-13T09:42:35.115+0000] {dag.py:3947} INFO - Setting next_dagrun for clickstream_clean_events to None, run_after=None
[2026-08-13T09:42:35.139+0000] {processor.py:183} INFO - Processing /opt/airflow/dags/clickstream_clean_events_dag.py took 0.109 seconds
[2026-08-13T09:43:05.434+0000] {processor.py:161} INFO - Started process (PID=6234) to work on /opt/airflow/dags/clickstream_clean_events_dag.py
[2026-08-13T09:43:05.436+0000] {processor.py:830} INFO - Processing file /opt/airflow/dags/clickstream_clean_events_dag.py for tasks to queue
[2026-08-13T09:43:05.439+0000] {logging_mixin.py:188} INFO - [2026-08-13T09:43:05.438+0000] {dagbag.py:545} INFO - Filling up the DagBag from /opt/airflow/dags/clickstream_clean_events_dag.py
[2026-08-13T09:43:05.459+0000] {processor.py:840} INFO - DAG(s) 'clickstream_clean_events' retrieved from /opt/airflow/dags/clickstream_clean_events_dag.py
[2026-08-13T09:43:05.498+0000] {logging_mixin.py:188} INFO - [2026-08-13T09:43:05.497+0000] {dag.py:3089} INFO - Sync 1 DAGs
[2026-08-13T09:43:05.515+0000] {logging_mixin.py:188} INFO - [2026-08-13T09:43:05.515+0000] {dag.py:3947} INFO - Setting next_dagrun for clickstream_clean_events to None, run_after=None
[2026-08-13T09:43:05.541+0000] {processor.py:183} INFO - Processing /opt/airflow/dags/clickstream_clean_events_dag.py took 0.117 seconds
[2026-08-13T09:43:35.700+0000] {processor.py:161} INFO - Started process (PID=6258) to work on /opt/airflow/dags/clickstream_clean_events_dag.py
[2026-08-13T09:43:35.702+0000] {processor.py:830} INFO - Processing file /opt/airflow/dags/clickstream_clean_events_dag.py for tasks to queue
[2026-08-13T09:43:35.705+0000] {logging_mixin.py:188} INFO - [2026-08-13T09:43:35.704+0000] {dagbag.py:545} INFO - Filling up the DagBag from /opt/airflow/dags/clickstream_clean_events_dag.py
[2026-08-13T09:43:35.727+0000] {processor.py:840} INFO - DAG(s) 'clickstream_clean_events' retrieved from /opt/airflow/dags/clickstream_clean_events_dag.py
[2026-08-13T09:43:35.773+0000] {logging_mixin.py:188} INFO - [2026-08-13T09:43:35.773+0000] {dag.py:3089} INFO - Sync 1 DAGs
[2026-08-13T09:43:35.791+0000] {logging_mixin.py:188} INFO - [2026-08-13T09:43:35.791+0000] {dag.py:3947} INFO - Setting next_dagrun for clickstream_clean_events to None, run_after=None
[2026-08-13T09:43:35.819+0000] {processor.py:183} INFO - Processing /opt/airflow/dags/clickstream_clean_events_dag.py took 0.126 seconds
[2026-08-13T09:44:05.998+0000] {processor.py:161} INFO - Started process (PID=6283) to work on /opt/airflow/dags/clickstream_clean_events_dag.py
[2026-08-13T09:44:05.999+0000] {processor.py:830} INFO - Processing file /opt/airflow/dags/clickstream_clean_events_dag.py for tasks to queue
[2026-08-13T09:44:06.002+0000] {logging_mixin.py:188} INFO - [2026-08-13T09:44:06.001+0000] {dagbag.py:545} INFO - Filling up the DagBag from /opt/airflow/dags/clickstream_clean_events_dag.py
[2026-08-13T09:44:06.016+0000] {processor.py:840} INFO - DAG(s) 'clickstream_clean_events' retrieved from /opt/airflow/dags/clickstream_clean_events_dag.py
[2026-08-13T09:44:06.042+0000] {logging_mixin.py:188} INFO - [2026-08-13T09:44:06.042+0000] {dag.py:3089} INFO - Sync 1 DAGs
[2026-08-13T09:44:06.054+0000] {logging_mixin.py:188} INFO - [2026-08-13T09:44:06.054+0000] {dag.py:3947} INFO - Setting next_dagrun for clickstream_clean_events to None, run_after=None
[2026-08-13T09:44:06.073+0000] {processor.py:183} INFO - Processing /opt/airflow/dags/clickstream_clean_events_dag.py took 0.081 seconds
[2026-08-13T09:44:36.283+0000] {processor.py:161} INFO - Started process (PID=6314) to work on /opt/airflow/dags/clickstream_clean_events_dag.py
[2026-08-13T09:44:36.284+0000] {processor.py:830} INFO - Processing file /opt/airflow/dags/clickstream_clean_events_dag.py for tasks to queue
[2026-08-13T09:44:36.286+0000] {logging_mixin.py:188} INFO - [2026-08-13T09:44:36.286+0000] {dagbag.py:545} INFO - Filling up the DagBag from /opt/airflow/dags/clickstream_clean_events_dag.py
[2026-08-13T09:44:36.302+0000] {processor.py:840} INFO - DAG(s) 'clickstream_clean_events' retrieved from /opt/airflow/dags/clickstream_clean_events_dag.py
[2026-08-13T09:44:36.332+0000] {logging_mixin.py:188} INFO - [2026-08-13T09:44:36.331+0000] {dag.py:3089} INFO - Sync 1 DAGs
[2026-08-13T09:44:36.345+0000] {logging_mixin.py:188} INFO - [2026-08-13T09:44:36.345+0000] {dag.py:3947} INFO - Setting next_dagrun for clickstream_clean_events to None, run_after=None
[2026-08-13T09:44:36.366+0000] {processor.py:183} INFO - Processing /opt/airflow/dags/clickstream_clean_events_dag.py took 0.090 seconds
[2026-08-13T09:45:06.542+0000] {processor.py:161} INFO - Started process (PID=6338) to work on /opt/airflow/dags/clickstream_clean_events_dag.py
[2026-08-13T09:45:06.543+0000] {processor.py:830} INFO - Processing file /opt/airflow/dags/clickstream_clean_events_dag.py for tasks to queue
[2026-08-13T09:45:06.546+0000] {logging_mixin.py:188} INFO - [2026-08-13T09:45:06.545+0000] {dagbag.py:545} INFO - Filling up the DagBag from /opt/airflow/dags/clickstream_clean_events_dag.py
[2026-08-13T09:45:06.561+0000] {processor.py:840} INFO - DAG(s) 'clickstream_clean_events' retrieved from /opt/airflow/dags/clickstream_clean_events_dag.py
[2026-08-13T09:45:06.588+0000] {logging_mixin.py:188} INFO - [2026-08-13T09:45:06.588+0000] {dag.py:3089} INFO - Sync 1 DAGs
[2026-08-13T09:45:06.599+0000] {logging_mixin.py:188} INFO - [2026-08-13T09:45:06.599+0000] {dag.py:3947} INFO - Setting next_dagrun for clickstream_clean_events to None, run_after=None
[2026-08-13T09:45:06.617+0000] {processor.py:183} INFO - Processing /opt/airflow/dags/clickstream_clean_events_dag.py took 0.081 seconds
[2026-08-13T09:45:36.969+0000] {processor.py:161} INFO - Started process (PID=6369) to work on /opt/airflow/dags/clickstream_clean_events_dag.py
[2026-08-13T09:45:36.977+0000] {processor.py:830} INFO - Processing file /opt/airflow/dags/clickstream_clean_events_dag.py for tasks to queue
[2026-08-13T09:45:36.987+0000] {logging_mixin.py:188} INFO - [2026-08-13T09:45:36.985+0000] {dagbag.py:545} INFO - Filling up the DagBag from /opt/airflow/dags/clickstream_clean_events_dag.py
[2026-08-13T09:45:37.058+0000] {processor.py:840} INFO - DAG(s) 'clickstream_clean_events' retrieved from /opt/airflow/dags/clickstream_clean_events_dag.py
[2026-08-13T09:45:37.168+0000] {logging_mixin.py:188} INFO - [2026-08-13T09:45:37.167+0000] {dag.py:3089} INFO - Sync 1 DAGs
[2026-08-13T09:45:37.224+0000] {logging_mixin.py:188} INFO - [2026-08-13T09:45:37.223+0000] {dag.py:3947} INFO - Setting next_dagrun for clickstream_clean_events to None, run_after=None
[2026-08-13T09:45:37.310+0000] {processor.py:183} INFO - Processing /opt/airflow/dags/clickstream_clean_events_dag.py took 0.374 seconds
[2026-08-13T09:46:07.581+0000] {processor.py:161} INFO - Started process (PID=6393) to work on /opt/airflow/dags/clickstream_clean_events_dag.py
[2026-08-13T09:46:07.582+0000] {processor.py:830} INFO - Processing file /opt/airflow/dags/clickstream_clean_events_dag.py for tasks to queue
[2026-08-13T09:46:07.584+0000] {logging_mixin.py:188} INFO - [2026-08-13T09:46:07.584+0000] {dagbag.py:545} INFO - Filling up the DagBag from /opt/airflow/dags/clickstream_clean_events_dag.py
[2026-08-13T09:46:07.599+0000] {processor.py:840} INFO - DAG(s) 'clickstream_clean_events' retrieved from /opt/airflow/dags/clickstream_clean_events_dag.py
[2026-08-13T09:46:07.626+0000] {logging_mixin.py:188} INFO - [2026-08-13T09:46:07.626+0000] {dag.py:3089} INFO - Sync 1 DAGs
[2026-08-13T09:46:07.638+0000] {logging_mixin.py:188} INFO - [2026-08-13T09:46:07.637+0000] {dag.py:3947} INFO - Setting next_dagrun for clickstream_clean_events to None, run_after=None
[2026-08-13T09:46:07.655+0000] {processor.py:183} INFO - Processing /opt/airflow/dags/clickstream_clean_events_dag.py took 0.080 seconds
[2026-08-13T09:46:37.936+0000] {processor.py:161} INFO - Started process (PID=6417) to work on /opt/airflow/dags/clickstream_clean_events_dag.py
[2026-08-13T09:46:37.937+0000] {processor.py:830} INFO - Processing file /opt/airflow/dags/clickstream_clean_events_dag.py for tasks to queue
[2026-08-13T09:46:37.939+0000] {logging_mixin.py:188} INFO - [2026-08-13T09:46:37.939+0000] {dagbag.py:545} INFO - Filling up the DagBag from /opt/airflow/dags/clickstream_clean_events_dag.py
[2026-08-13T09:46:37.953+0000] {processor.py:840} INFO - DAG(s) 'clickstream_clean_events' retrieved from /opt/airflow/dags/clickstream_clean_events_dag.py
[2026-08-13T09:46:37.980+0000] {logging_mixin.py:188} INFO - [2026-08-13T09:46:37.980+0000] {dag.py:3089} INFO - Sync 1 DAGs
[2026-08-13T09:46:37.992+0000] {logging_mixin.py:188} INFO - [2026-08-13T09:46:37.992+0000] {dag.py:3947} INFO - Setting next_dagrun for clickstream_clean_events to None, run_after=None
[2026-08-13T09:46:38.010+0000] {processor.py:183} INFO - Processing /opt/airflow/dags/clickstream_clean_events_dag.py took 0.081 seconds
[2026-08-13T09:47:08.288+0000] {processor.py:161} INFO - Started process (PID=6449) to work on /opt/airflow/dags/clickstream_clean_events_dag.py
[2026-08-13T09:47:08.289+0000] {processor.py:830} INFO - Processing file /opt/airflow/dags/clickstream_clean_events_dag.py for tasks to queue
[2026-08-13T09:47:08.292+0000] {logging_mixin.py:188} INFO - [2026-08-13T09:47:08.292+0000] {dagbag.py:545} INFO - Filling up the DagBag from /opt/airflow/dags/clickstream_clean_events_dag.py
[2026-08-13T09:47:08.315+0000] {processor.py:840} INFO - DAG(s) 'clickstream_clean_events' retrieved from /opt/airflow/dags/clickstream_clean_events_dag.py
[2026-08-13T09:47:08.362+0000] {logging_mixin.py:188} INFO - [2026-08-13T09:47:08.362+0000] {dag.py:3089} INFO - Sync 1 DAGs
[2026-08-13T09:47:08.382+0000] {logging_mixin.py:188} INFO - [2026-08-13T09:47:08.382+0000] {dag.py:3947} INFO - Setting next_dagrun for clickstream_clean_events to None, run_after=None
[2026-08-13T09:47:08.413+0000] {processor.py:183} INFO - Processing /opt/airflow/dags/clickstream_clean_events_dag.py took 0.138 seconds
[2026-08-13T09:47:38.692+0000] {processor.py:161} INFO - Started process (PID=6473) to work on /opt/airflow/dags/clickstream_clean_events_dag.py
[2026-08-13T09:47:38.693+0000] {processor.py:830} INFO - Processing file /opt/airflow/dags/clickstream_clean_events_dag.py for tasks to queue
[2026-08-13T09:47:38.694+0000] {logging_mixin.py:188} INFO - [2026-08-13T09:47:38.694+0000] {dagbag.py:545} INFO - Filling up the DagBag from /opt/airflow/dags/clickstream_clean_events_dag.py
[2026-08-13T09:47:38.708+0000] {processor.py:840} INFO - DAG(s) 'clickstream_clean_events' retrieved from /opt/airflow/dags/clickstream_clean_events_dag.py
[2026-08-13T09:47:38.732+0000] {logging_mixin.py:188} INFO - [2026-08-13T09:47:38.732+0000] {dag.py:3089} INFO - Sync 1 DAGs
[2026-08-13T09:47:38.742+0000] {logging_mixin.py:188} INFO - [2026-08-13T09:47:38.742+0000] {dag.py:3947} INFO - Setting next_dagrun for clickstream_clean_events to None, run_after=None
[2026-08-13T09:47:38.760+0000] {processor.py:183} INFO - Processing /opt/airflow/dags/clickstream_clean_events_dag.py took 0.074 seconds
[2026-08-13T09:48:09.031+0000] {processor.py:161} INFO - Started process (PID=6504) to work on /opt/airflow/dags/clickstream_clean_events_dag.py
[2026-08-13T09:48:09.032+0000] {processor.py:830} INFO - Processing file /opt/airflow/dags/clickstream_clean_events_dag.py for tasks to queue
[2026-08-13T09:48:09.035+0000] {logging_mixin.py:188} INFO - [2026-08-13T09:48:09.035+0000] {dagbag.py:545} INFO - Filling up the DagBag from /opt/airflow/dags/clickstream_clean_events_dag.py
[2026-08-13T09:48:09.058+0000] {processor.py:840} INFO - DAG(s) 'clickstream_clean_events' retrieved from /opt/airflow/dags/clickstream_clean_events_dag.py
[2026-08-13T09:48:09.098+0000] {logging_mixin.py:188} INFO - [2026-08-13T09:48:09.098+0000] {dag.py:3089} INFO - Sync 1 DAGs
[2026-08-13T09:48:09.120+0000] {logging_mixin.py:188} INFO - [2026-08-13T09:48:09.119+0000] {dag.py:3947} INFO - Setting next_dagrun for clickstream_clean_events to None, run_after=None
[2026-08-13T09:48:09.146+0000] {processor.py:183} INFO - Processing /opt/airflow/dags/clickstream_clean_events_dag.py took 0.127 seconds
[2026-08-13T09:48:39.273+0000] {processor.py:161} INFO - Started process (PID=6528) to work on /opt/airflow/dags/clickstream_clean_events_dag.py
[2026-08-13T09:48:39.274+0000] {processor.py:830} INFO - Processing file /opt/airflow/dags/clickstream_clean_events_dag.py for tasks to queue
[2026-08-13T09:48:39.276+0000] {logging_mixin.py:188} INFO - [2026-08-13T09:48:39.276+0000] {dagbag.py:545} INFO - Filling up the DagBag from /opt/airflow/dags/clickstream_clean_events_dag.py
[2026-08-13T09:48:39.298+0000] {processor.py:840} INFO - DAG(s) 'clickstream_clean_events' retrieved from /opt/airflow/dags/clickstream_clean_events_dag.py
[2026-08-13T09:48:39.329+0000] {logging_mixin.py:188} INFO - [2026-08-13T09:48:39.329+0000] {dag.py:3089} INFO - Sync 1 DAGs
[2026-08-13T09:48:39.343+0000] {logging_mixin.py:188} INFO - [2026-08-13T09:48:39.343+0000] {dag.py:3947} INFO - Setting next_dagrun for clickstream_clean_events to None, run_after=None
[2026-08-13T09:48:39.364+0000] {processor.py:183} INFO - Processing /opt/airflow/dags/clickstream_clean_events_dag.py took 0.096 seconds
[2026-08-13T09:49:09.634+0000] {processor.py:161} INFO - Started process (PID=6552) to work on /opt/airflow/dags/clickstream_clean_events_dag.py
[2026-08-13T09:49:09.635+0000] {processor.py:830} INFO - Processing file /opt/airflow/dags/clickstream_clean_events_dag.py for tasks to queue
[2026-08-13T09:49:09.637+0000] {logging_mixin.py:188} INFO - [2026-08-13T09:49:09.637+0000] {dagbag.py:545} INFO - Filling up the DagBag from /opt/airflow/dags/clickstream_clean_events_dag.py
[2026-08-13T09:49:09.651+0000] {processor.py:840} INFO - DAG(s) 'clickstream_clean_events' retrieved from /opt/airflow/dags/clickstream_clean_events_dag.py
[2026-08-13T09:49:09.676+0000] {logging_mixin.py:188} INFO - [2026-08-13T09:49:09.676+0000] {dag.py:3089} INFO - Sync 1 DAGs
[2026-08-13T09:49:09.690+0000] {logging_mixin.py:188} INFO - [2026-08-13T09:49:09.690+0000] {dag.py:3947} INFO - Setting next_dagrun for clickstream_clean_events to None, run_after=None
[2026-08-13T09:49:09.708+0000] {processor.py:183} INFO - Processing /opt/airflow/dags/clickstream_clean_events_dag.py took 0.081 seconds
[2026-08-13T09:49:39.898+0000] {processor.py:161} INFO - Started process (PID=6583) to work on /opt/airflow/dags/clickstream_clean_events_dag.py
[2026-08-13T09:49:39.900+0000] {processor.py:830} INFO - Processing file /opt/airflow/dags/clickstream_clean_events_dag.py for tasks to queue
[2026-08-13T09:49:39.903+0000] {logging_mixin.py:188} INFO - [2026-08-13T09:49:39.902+0000] {dagbag.py:545} INFO - Filling up the DagBag from /opt/airflow/dags/clickstream_clean_events_dag.py
[2026-08-13T09:49:39.925+0000] {processor.py:840} INFO - DAG(s) 'clickstream_clean_events' retrieved from /opt/airflow/dags/clickstream_clean_events_dag.py
[2026-08-13T09:49:39.961+0000] {logging_mixin.py:188} INFO - [2026-08-13T09:49:39.960+0000] {dag.py:3089} INFO - Sync 1 DAGs
[2026-08-13T09:49:39.977+0000] {logging_mixin.py:188} INFO - [2026-08-13T09:49:39.977+0000] {dag.py:3947} INFO - Setting next_dagrun for clickstream_clean_events to None, run_after=None
[2026-08-13T09:49:40.004+0000] {processor.py:183} INFO - Processing /opt/airflow/dags/clickstream_clean_events_dag.py took 0.115 seconds
[2026-08-13T09:50:10.152+0000] {processor.py:161} INFO - Started process (PID=6607) to work on /opt/airflow/dags/clickstream_clean_events_dag.py
[2026-08-13T09:50:10.153+0000] {processor.py:830} INFO - Processing file /opt/airflow/dags/clickstream_clean_events_dag.py for tasks to queue
[2026-08-13T09:50:10.155+0000] {logging_mixin.py:188} INFO - [2026-08-13T09:50:10.155+0000] {dagbag.py:545} INFO - Filling up the DagBag from /opt/airflow/dags/clickstream_clean_events_dag.py
[2026-08-13T09:50:10.168+0000] {processor.py:840} INFO - DAG(s) 'clickstream_clean_events' retrieved from /opt/airflow/dags/clickstream_clean_events_dag.py
[2026-08-13T09:50:10.193+0000] {logging_mixin.py:188} INFO - [2026-08-13T09:50:10.193+0000] {dag.py:3089} INFO - Sync 1 DAGs
[2026-08-13T09:50:10.205+0000] {logging_mixin.py:188} INFO - [2026-08-13T09:50:10.205+0000] {dag.py:3947} INFO - Setting next_dagrun for clickstream_clean_events to None, run_after=None
[2026-08-13T09:50:10.222+0000] {processor.py:183} INFO - Processing /opt/airflow/dags/clickstream_clean_events_dag.py took 0.075 seconds
[2026-08-13T09:50:40.454+0000] {processor.py:161} INFO - Started process (PID=6637) to work on /opt/airflow/dags/clickstream_clean_events_dag.py
[2026-08-13T09:50:40.455+0000] {processor.py:830} INFO - Processing file /opt/airflow/dags/clickstream_clean_events_dag.py for tasks to queue
[2026-08-13T09:50:40.458+0000] {logging_mixin.py:188} INFO - [2026-08-13T09:50:40.457+0000] {dagbag.py:545} INFO - Filling up the DagBag from /opt/airflow/dags/clickstream_clean_events_dag.py
[2026-08-13T09:50:40.476+0000] {processor.py:840} INFO - DAG(s) 'clickstream_clean_events' retrieved from /opt/airflow/dags/clickstream_clean_events_dag.py
[2026-08-13T09:50:40.506+0000] {logging_mixin.py:188} INFO - [2026-08-13T09:50:40.506+0000] {dag.py:3089} INFO - Sync 1 DAGs
[2026-08-13T09:50:40.518+0000] {logging_mixin.py:188} INFO - [2026-08-13T09:50:40.518+0000] {dag.py:3947} INFO - Setting next_dagrun for clickstream_clean_events to None, run_after=None
[2026-08-13T09:50:40.538+0000] {processor.py:183} INFO - Processing /opt/airflow/dags/clickstream_clean_events_dag.py took 0.090 seconds
[2026-08-13T09:58:37.868+0000] {processor.py:161} INFO - Started process (PID=6648) to work on /opt/airflow/dags/clickstream_clean_events_dag.py
[2026-08-13T09:58:37.869+0000] {processor.py:830} INFO - Processing file /opt/airflow/dags/clickstream_clean_events_dag.py for tasks to queue
[2026-08-13T09:58:37.871+0000] {logging_mixin.py:188} INFO - [2026-08-13T09:58:37.871+0000] {dagbag.py:545} INFO - Filling up the DagBag from /opt/airflow/dags/clickstream_clean_events_dag.py
[2026-08-13T09:58:37.889+0000] {processor.py:840} INFO - DAG(s) 'clickstream_clean_events' retrieved from /opt/airflow/dags/clickstream_clean_events_dag.py
[2026-08-13T09:58:37.921+0000] {logging_mixin.py:188} INFO - [2026-08-13T09:58:37.921+0000] {dag.py:3089} INFO - Sync 1 DAGs
[2026-08-13T09:58:37.935+0000] {logging_mixin.py:188} INFO - [2026-08-13T09:58:37.935+0000] {dag.py:3947} INFO - Setting next_dagrun for clickstream_clean_events to None, run_after=None
[2026-08-13T09:58:37.956+0000] {processor.py:183} INFO - Processing /opt/airflow/dags/clickstream_clean_events_dag.py took 0.096 seconds
[2026-08-13T09:59:08.355+0000] {processor.py:161} INFO - Started process (PID=6672) to work on /opt/airflow/dags/clickstream_clean_events_dag.py
[2026-08-13T09:59:08.357+0000] {processor.py:830} INFO - Processing file /opt/airflow/dags/clickstream_clean_events_dag.py for tasks to queue
[2026-08-13T09:59:08.360+0000] {logging_mixin.py:188} INFO - [2026-08-13T09:59:08.359+0000] {dagbag.py:545} INFO - Filling up the DagBag from /opt/airflow/dags/clickstream_clean_events_dag.py
[2026-08-13T09:59:08.384+0000] {processor.py:840} INFO - DAG(s) 'clickstream_clean_events' retrieved from /opt/airflow/dags/clickstream_clean_events_dag.py
[2026-08-13T09:59:08.422+0000] {logging_mixin.py:188} INFO - [2026-08-13T09:59:08.422+0000] {dag.py:3089} INFO - Sync 1 DAGs
[2026-08-13T09:59:08.444+0000] {logging_mixin.py:188} INFO - [2026-08-13T09:59:08.444+0000] {dag.py:3947} INFO - Setting next_dagrun for clickstream_clean_events to None, run_after=None
[2026-08-13T09:59:08.474+0000] {processor.py:183} INFO - Processing /opt/airflow/dags/clickstream_clean_events_dag.py took 0.129 seconds
[2026-08-13T09:59:38.741+0000] {processor.py:161} INFO - Started process (PID=6696) to work on /opt/airflow/dags/clickstream_clean_events_dag.py
[2026-08-13T09:59:38.744+0000] {processor.py:830} INFO - Processing file /opt/airflow/dags/clickstream_clean_events_dag.py for tasks to queue
[2026-08-13T09:59:38.749+0000] {logging_mixin.py:188} INFO - [2026-08-13T09:59:38.748+0000] {dagbag.py:545} INFO - Filling up the DagBag from /opt/airflow/dags/clickstream_clean_events_dag.py
[2026-08-13T09:59:38.782+0000] {processor.py:840} INFO - DAG(s) 'clickstream_clean_events' retrieved from /opt/airflow/dags/clickstream_clean_events_dag.py
[2026-08-13T09:59:38.834+0000] {logging_mixin.py:188} INFO - [2026-08-13T09:59:38.834+0000] {dag.py:3089} INFO - Sync 1 DAGs
[2026-08-13T09:59:38.860+0000] {logging_mixin.py:188} INFO - [2026-08-13T09:59:38.860+0000] {dag.py:3947} INFO - Setting next_dagrun for clickstream_clean_events to None, run_after=None
[2026-08-13T09:59:38.899+0000] {processor.py:183} INFO - Processing /opt/airflow/dags/clickstream_clean_events_dag.py took 0.172 seconds
[2026-08-13T10:00:09.172+0000] {processor.py:161} INFO - Started process (PID=6720) to work on /opt/airflow/dags/clickstream_clean_events_dag.py
[2026-08-13T10:00:09.174+0000] {processor.py:830} INFO - Processing file /opt/airflow/dags/clickstream_clean_events_dag.py for tasks to queue
[2026-08-13T10:00:09.177+0000] {logging_mixin.py:188} INFO - [2026-08-13T10:00:09.176+0000] {dagbag.py:545} INFO - Filling up the DagBag from /opt/airflow/dags/clickstream_clean_events_dag.py
[2026-08-13T10:00:09.200+0000] {processor.py:840} INFO - DAG(s) 'clickstream_clean_events' retrieved from /opt/airflow/dags/clickstream_clean_events_dag.py
[2026-08-13T10:00:09.238+0000] {logging_mixin.py:188} INFO - [2026-08-13T10:00:09.237+0000] {dag.py:3089} INFO - Sync 1 DAGs
[2026-08-13T10:00:09.256+0000] {logging_mixin.py:188} INFO - [2026-08-13T10:00:09.255+0000] {dag.py:3947} INFO - Setting next_dagrun for clickstream_clean_events to None, run_after=None
[2026-08-13T10:00:09.281+0000] {processor.py:183} INFO - Processing /opt/airflow/dags/clickstream_clean_events_dag.py took 0.122 seconds
[2026-08-13T10:00:39.416+0000] {processor.py:161} INFO - Started process (PID=6744) to work on /opt/airflow/dags/clickstream_clean_events_dag.py
[2026-08-13T10:00:39.418+0000] {processor.py:830} INFO - Processing file /opt/airflow/dags/clickstream_clean_events_dag.py for tasks to queue
[2026-08-13T10:00:39.421+0000] {logging_mixin.py:188} INFO - [2026-08-13T10:00:39.420+0000] {dagbag.py:545} INFO - Filling up the DagBag from /opt/airflow/dags/clickstream_clean_events_dag.py
[2026-08-13T10:00:39.443+0000] {processor.py:840} INFO - DAG(s) 'clickstream_clean_events' retrieved from /opt/airflow/dags/clickstream_clean_events_dag.py
[2026-08-13T10:00:39.486+0000] {logging_mixin.py:188} INFO - [2026-08-13T10:00:39.485+0000] {dag.py:3089} INFO - Sync 1 DAGs
[2026-08-13T10:00:39.504+0000] {logging_mixin.py:188} INFO - [2026-08-13T10:00:39.503+0000] {dag.py:3947} INFO - Setting next_dagrun for clickstream_clean_events to None, run_after=None
[2026-08-13T10:00:39.533+0000] {processor.py:183} INFO - Processing /opt/airflow/dags/clickstream_clean_events_dag.py took 0.125 seconds
[2026-08-13T10:01:10.141+0000] {processor.py:161} INFO - Started process (PID=6769) to work on /opt/airflow/dags/clickstream_clean_events_dag.py
[2026-08-13T10:01:10.154+0000] {processor.py:830} INFO - Processing file /opt/airflow/dags/clickstream_clean_events_dag.py for tasks to queue
[2026-08-13T10:01:10.172+0000] {logging_mixin.py:188} INFO - [2026-08-13T10:01:10.168+0000] {dagbag.py:545} INFO - Filling up the DagBag from /opt/airflow/dags/clickstream_clean_events_dag.py
[2026-08-13T10:01:10.423+0000] {processor.py:840} INFO - DAG(s) 'clickstream_clean_events' retrieved from /opt/airflow/dags/clickstream_clean_events_dag.py
[2026-08-13T10:01:10.568+0000] {logging_mixin.py:188} INFO - [2026-08-13T10:01:10.566+0000] {dag.py:3089} INFO - Sync 1 DAGs
[2026-08-13T10:01:10.739+0000] {logging_mixin.py:188} INFO - [2026-08-13T10:01:10.738+0000] {dag.py:3947} INFO - Setting next_dagrun for clickstream_clean_events to None, run_after=None
[2026-08-13T10:01:11.129+0000] {processor.py:183} INFO - Processing /opt/airflow/dags/clickstream_clean_events_dag.py took 1.047 seconds
[2026-08-13T10:01:41.915+0000] {processor.py:161} INFO - Started process (PID=6794) to work on /opt/airflow/dags/clickstream_clean_events_dag.py
[2026-08-13T10:01:41.922+0000] {processor.py:830} INFO - Processing file /opt/airflow/dags/clickstream_clean_events_dag.py for tasks to queue
[2026-08-13T10:01:41.951+0000] {logging_mixin.py:188} INFO - [2026-08-13T10:01:41.949+0000] {dagbag.py:545} INFO - Filling up the DagBag from /opt/airflow/dags/clickstream_clean_events_dag.py
[2026-08-13T10:01:43.075+0000] {processor.py:840} INFO - DAG(s) 'clickstream_clean_events' retrieved from /opt/airflow/dags/clickstream_clean_events_dag.py
[2026-08-13T10:01:43.408+0000] {logging_mixin.py:188} INFO - [2026-08-13T10:01:43.407+0000] {dag.py:3089} INFO - Sync 1 DAGs
[2026-08-13T10:01:43.954+0000] {logging_mixin.py:188} INFO - [2026-08-13T10:01:43.953+0000] {dag.py:3947} INFO - Setting next_dagrun for clickstream_clean_events to None, run_after=None
[2026-08-13T10:01:44.376+0000] {processor.py:183} INFO - Processing /opt/airflow/dags/clickstream_clean_events_dag.py took 2.504 seconds
[2026-08-13T10:02:15.225+0000] {processor.py:161} INFO - Started process (PID=6811) to work on /opt/airflow/dags/clickstream_clean_events_dag.py
[2026-08-13T10:02:15.288+0000] {processor.py:830} INFO - Processing file /opt/airflow/dags/clickstream_clean_events_dag.py for tasks to queue
[2026-08-13T10:02:15.309+0000] {logging_mixin.py:188} INFO - [2026-08-13T10:02:15.307+0000] {dagbag.py:545} INFO - Filling up the DagBag from /opt/airflow/dags/clickstream_clean_events_dag.py
[2026-08-13T10:02:16.317+0000] {processor.py:840} INFO - DAG(s) 'clickstream_clean_events' retrieved from /opt/airflow/dags/clickstream_clean_events_dag.py
[2026-08-13T10:02:17.121+0000] {logging_mixin.py:188} INFO - [2026-08-13T10:02:17.120+0000] {dag.py:3089} INFO - Sync 1 DAGs
[2026-08-13T10:02:17.450+0000] {logging_mixin.py:188} INFO - [2026-08-13T10:02:17.438+0000] {dag.py:3947} INFO - Setting next_dagrun for clickstream_clean_events to None, run_after=None
[2026-08-13T10:02:18.038+0000] {processor.py:183} INFO - Processing /opt/airflow/dags/clickstream_clean_events_dag.py took 2.878 seconds
[2026-08-13T10:02:48.798+0000] {processor.py:161} INFO - Started process (PID=6840) to work on /opt/airflow/dags/clickstream_clean_events_dag.py
[2026-08-13T10:02:48.803+0000] {processor.py:830} INFO - Processing file /opt/airflow/dags/clickstream_clean_events_dag.py for tasks to queue
[2026-08-13T10:02:48.817+0000] {logging_mixin.py:188} INFO - [2026-08-13T10:02:48.815+0000] {dagbag.py:545} INFO - Filling up the DagBag from /opt/airflow/dags/clickstream_clean_events_dag.py
[2026-08-13T10:02:48.910+0000] {processor.py:840} INFO - DAG(s) 'clickstream_clean_events' retrieved from /opt/airflow/dags/clickstream_clean_events_dag.py
[2026-08-13T10:02:49.106+0000] {logging_mixin.py:188} INFO - [2026-08-13T10:02:49.105+0000] {dag.py:3089} INFO - Sync 1 DAGs
[2026-08-13T10:02:49.186+0000] {logging_mixin.py:188} INFO - [2026-08-13T10:02:49.185+0000] {dag.py:3947} INFO - Setting next_dagrun for clickstream_clean_events to None, run_after=None
[2026-08-13T10:02:49.314+0000] {processor.py:183} INFO - Processing /opt/airflow/dags/clickstream_clean_events_dag.py took 0.551 seconds
[2026-08-13T10:03:19.932+0000] {processor.py:161} INFO - Started process (PID=6864) to work on /opt/airflow/dags/clickstream_clean_events_dag.py
[2026-08-13T10:03:19.940+0000] {processor.py:830} INFO - Processing file /opt/airflow/dags/clickstream_clean_events_dag.py for tasks to queue
[2026-08-13T10:03:19.952+0000] {logging_mixin.py:188} INFO - [2026-08-13T10:03:19.950+0000] {dagbag.py:545} INFO - Filling up the DagBag from /opt/airflow/dags/clickstream_clean_events_dag.py
[2026-08-13T10:03:20.058+0000] {processor.py:840} INFO - DAG(s) 'clickstream_clean_events' retrieved from /opt/airflow/dags/clickstream_clean_events_dag.py
[2026-08-13T10:03:20.284+0000] {logging_mixin.py:188} INFO - [2026-08-13T10:03:20.283+0000] {dag.py:3089} INFO - Sync 1 DAGs
[2026-08-13T10:03:20.391+0000] {logging_mixin.py:188} INFO - [2026-08-13T10:03:20.390+0000] {dag.py:3947} INFO - Setting next_dagrun for clickstream_clean_events to None, run_after=None
[2026-08-13T10:03:20.563+0000] {processor.py:183} INFO - Processing /opt/airflow/dags/clickstream_clean_events_dag.py took 0.676 seconds
[2026-08-13T10:03:50.733+0000] {processor.py:161} INFO - Started process (PID=6879) to work on /opt/airflow/dags/clickstream_clean_events_dag.py
[2026-08-13T10:03:50.738+0000] {processor.py:830} INFO - Processing file /opt/airflow/dags/clickstream_clean_events_dag.py for tasks to queue
[2026-08-13T10:03:50.748+0000] {logging_mixin.py:188} INFO - [2026-08-13T10:03:50.747+0000] {dagbag.py:545} INFO - Filling up the DagBag from /opt/airflow/dags/clickstream_clean_events_dag.py
[2026-08-13T10:03:50.812+0000] {processor.py:840} INFO - DAG(s) 'clickstream_clean_events' retrieved from /opt/airflow/dags/clickstream_clean_events_dag.py
[2026-08-13T10:03:50.927+0000] {logging_mixin.py:188} INFO - [2026-08-13T10:03:50.927+0000] {dag.py:3089} INFO - Sync 1 DAGs
[2026-08-13T10:03:50.995+0000] {logging_mixin.py:188} INFO - [2026-08-13T10:03:50.994+0000] {dag.py:3947} INFO - Setting next_dagrun for clickstream_clean_events to None, run_after=None
[2026-08-13T10:03:51.111+0000] {processor.py:183} INFO - Processing /opt/airflow/dags/clickstream_clean_events_dag.py took 0.404 seconds
[2026-08-13T10:04:22.388+0000] {processor.py:161} INFO - Started process (PID=6900) to work on /opt/airflow/dags/clickstream_clean_events_dag.py
[2026-08-13T10:04:22.457+0000] {processor.py:830} INFO - Processing file /opt/airflow/dags/clickstream_clean_events_dag.py for tasks to queue
[2026-08-13T10:04:22.497+0000] {logging_mixin.py:188} INFO - [2026-08-13T10:04:22.494+0000] {dagbag.py:545} INFO - Filling up the DagBag from /opt/airflow/dags/clickstream_clean_events_dag.py
[2026-08-13T10:04:22.951+0000] {processor.py:840} INFO - DAG(s) 'clickstream_clean_events' retrieved from /opt/airflow/dags/clickstream_clean_events_dag.py
[2026-08-13T10:04:23.323+0000] {logging_mixin.py:188} INFO - [2026-08-13T10:04:23.321+0000] {dag.py:3089} INFO - Sync 1 DAGs
[2026-08-13T10:04:23.517+0000] {logging_mixin.py:188} INFO - [2026-08-13T10:04:23.515+0000] {dag.py:3947} INFO - Setting next_dagrun for clickstream_clean_events to None, run_after=None
[2026-08-13T10:04:23.804+0000] {processor.py:183} INFO - Processing /opt/airflow/dags/clickstream_clean_events_dag.py took 1.488 seconds
[2026-08-13T10:04:54.814+0000] {processor.py:161} INFO - Started process (PID=6917) to work on /opt/airflow/dags/clickstream_clean_events_dag.py
[2026-08-13T10:04:54.817+0000] {processor.py:830} INFO - Processing file /opt/airflow/dags/clickstream_clean_events_dag.py for tasks to queue
[2026-08-13T10:04:54.822+0000] {logging_mixin.py:188} INFO - [2026-08-13T10:04:54.821+0000] {dagbag.py:545} INFO - Filling up the DagBag from /opt/airflow/dags/clickstream_clean_events_dag.py
[2026-08-13T10:04:54.854+0000] {processor.py:840} INFO - DAG(s) 'clickstream_clean_events' retrieved from /opt/airflow/dags/clickstream_clean_events_dag.py
[2026-08-13T10:04:54.935+0000] {logging_mixin.py:188} INFO - [2026-08-13T10:04:54.934+0000] {dag.py:3089} INFO - Sync 1 DAGs
[2026-08-13T10:04:55.019+0000] {logging_mixin.py:188} INFO - [2026-08-13T10:04:55.018+0000] {dag.py:3947} INFO - Setting next_dagrun for clickstream_clean_events to None, run_after=None
[2026-08-13T10:04:55.105+0000] {processor.py:183} INFO - Processing /opt/airflow/dags/clickstream_clean_events_dag.py took 0.306 seconds
[2026-08-13T10:05:25.195+0000] {processor.py:161} INFO - Started process (PID=6941) to work on /opt/airflow/dags/clickstream_clean_events_dag.py
[2026-08-13T10:05:25.197+0000] {processor.py:830} INFO - Processing file /opt/airflow/dags/clickstream_clean_events_dag.py for tasks to queue
[2026-08-13T10:05:25.201+0000] {logging_mixin.py:188} INFO - [2026-08-13T10:05:25.200+0000] {dagbag.py:545} INFO - Filling up the DagBag from /opt/airflow/dags/clickstream_clean_events_dag.py
[2026-08-13T10:05:25.219+0000] {processor.py:840} INFO - DAG(s) 'clickstream_clean_events' retrieved from /opt/airflow/dags/clickstream_clean_events_dag.py
[2026-08-13T10:05:25.251+0000] {logging_mixin.py:188} INFO - [2026-08-13T10:05:25.251+0000] {dag.py:3089} INFO - Sync 1 DAGs
[2026-08-13T10:05:25.266+0000] {logging_mixin.py:188} INFO - [2026-08-13T10:05:25.266+0000] {dag.py:3947} INFO - Setting next_dagrun for clickstream_clean_events to None, run_after=None
[2026-08-13T10:05:25.289+0000] {processor.py:183} INFO - Processing /opt/airflow/dags/clickstream_clean_events_dag.py took 0.101 seconds
[2026-08-13T10:05:55.471+0000] {processor.py:161} INFO - Started process (PID=6965) to work on /opt/airflow/dags/clickstream_clean_events_dag.py
[2026-08-13T10:05:55.473+0000] {processor.py:830} INFO - Processing file /opt/airflow/dags/clickstream_clean_events_dag.py for tasks to queue
[2026-08-13T10:05:55.476+0000] {logging_mixin.py:188} INFO - [2026-08-13T10:05:55.476+0000] {dagbag.py:545} INFO - Filling up the DagBag from /opt/airflow/dags/clickstream_clean_events_dag.py
[2026-08-13T10:05:55.507+0000] {processor.py:840} INFO - DAG(s) 'clickstream_clean_events' retrieved from /opt/airflow/dags/clickstream_clean_events_dag.py
[2026-08-13T10:05:55.554+0000] {logging_mixin.py:188} INFO - [2026-08-13T10:05:55.554+0000] {dag.py:3089} INFO - Sync 1 DAGs
[2026-08-13T10:05:55.582+0000] {logging_mixin.py:188} INFO - [2026-08-13T10:05:55.582+0000] {dag.py:3947} INFO - Setting next_dagrun for clickstream_clean_events to None, run_after=None
[2026-08-13T10:05:55.619+0000] {processor.py:183} INFO - Processing /opt/airflow/dags/clickstream_clean_events_dag.py took 0.157 seconds
[2026-08-13T10:06:25.800+0000] {processor.py:161} INFO - Started process (PID=6989) to work on /opt/airflow/dags/clickstream_clean_events_dag.py
[2026-08-13T10:06:25.802+0000] {processor.py:830} INFO - Processing file /opt/airflow/dags/clickstream_clean_events_dag.py for tasks to queue
[2026-08-13T10:06:25.805+0000] {logging_mixin.py:188} INFO - [2026-08-13T10:06:25.804+0000] {dagbag.py:545} INFO - Filling up the DagBag from /opt/airflow/dags/clickstream_clean_events_dag.py
[2026-08-13T10:06:25.824+0000] {processor.py:840} INFO - DAG(s) 'clickstream_clean_events' retrieved from /opt/airflow/dags/clickstream_clean_events_dag.py
[2026-08-13T10:06:25.858+0000] {logging_mixin.py:188} INFO - [2026-08-13T10:06:25.857+0000] {dag.py:3089} INFO - Sync 1 DAGs
[2026-08-13T10:06:25.873+0000] {logging_mixin.py:188} INFO - [2026-08-13T10:06:25.872+0000] {dag.py:3947} INFO - Setting next_dagrun for clickstream_clean_events to None, run_after=None
[2026-08-13T10:06:25.896+0000] {processor.py:183} INFO - Processing /opt/airflow/dags/clickstream_clean_events_dag.py took 0.103 seconds
[2026-08-13T10:06:56.362+0000] {processor.py:161} INFO - Started process (PID=7013) to work on /opt/airflow/dags/clickstream_clean_events_dag.py
[2026-08-13T10:06:56.364+0000] {processor.py:830} INFO - Processing file /opt/airflow/dags/clickstream_clean_events_dag.py for tasks to queue
[2026-08-13T10:06:56.368+0000] {logging_mixin.py:188} INFO - [2026-08-13T10:06:56.367+0000] {dagbag.py:545} INFO - Filling up the DagBag from /opt/airflow/dags/clickstream_clean_events_dag.py
[2026-08-13T10:06:56.389+0000] {processor.py:840} INFO - DAG(s) 'clickstream_clean_events' retrieved from /opt/airflow/dags/clickstream_clean_events_dag.py
[2026-08-13T10:06:56.426+0000] {logging_mixin.py:188} INFO - [2026-08-13T10:06:56.426+0000] {dag.py:3089} INFO - Sync 1 DAGs
[2026-08-13T10:06:56.443+0000] {logging_mixin.py:188} INFO - [2026-08-13T10:06:56.442+0000] {dag.py:3947} INFO - Setting next_dagrun for clickstream_clean_events to None, run_after=None
[2026-08-13T10:06:56.472+0000] {processor.py:183} INFO - Processing /opt/airflow/dags/clickstream_clean_events_dag.py took 0.120 seconds
[2026-08-13T10:07:26.735+0000] {processor.py:161} INFO - Started process (PID=7037) to work on /opt/airflow/dags/clickstream_clean_events_dag.py
[2026-08-13T10:07:26.737+0000] {processor.py:830} INFO - Processing file /opt/airflow/dags/clickstream_clean_events_dag.py for tasks to queue
[2026-08-13T10:07:26.740+0000] {logging_mixin.py:188} INFO - [2026-08-13T10:07:26.740+0000] {dagbag.py:545} INFO - Filling up the DagBag from /opt/airflow/dags/clickstream_clean_events_dag.py
[2026-08-13T10:07:26.758+0000] {processor.py:840} INFO - DAG(s) 'clickstream_clean_events' retrieved from /opt/airflow/dags/clickstream_clean_events_dag.py
[2026-08-13T10:07:26.787+0000] {logging_mixin.py:188} INFO - [2026-08-13T10:07:26.787+0000] {dag.py:3089} INFO - Sync 1 DAGs
[2026-08-13T10:07:26.801+0000] {logging_mixin.py:188} INFO - [2026-08-13T10:07:26.801+0000] {dag.py:3947} INFO - Setting next_dagrun for clickstream_clean_events to None, run_after=None
[2026-08-13T10:07:26.827+0000] {processor.py:183} INFO - Processing /opt/airflow/dags/clickstream_clean_events_dag.py took 0.098 seconds
[2026-08-13T10:07:56.999+0000] {processor.py:161} INFO - Started process (PID=7068) to work on /opt/airflow/dags/clickstream_clean_events_dag.py
[2026-08-13T10:07:57.001+0000] {processor.py:830} INFO - Processing file /opt/airflow/dags/clickstream_clean_events_dag.py for tasks to queue
[2026-08-13T10:07:57.006+0000] {logging_mixin.py:188} INFO - [2026-08-13T10:07:57.006+0000] {dagbag.py:545} INFO - Filling up the DagBag from /opt/airflow/dags/clickstream_clean_events_dag.py
[2026-08-13T10:07:57.038+0000] {processor.py:840} INFO - DAG(s) 'clickstream_clean_events' retrieved from /opt/airflow/dags/clickstream_clean_events_dag.py
[2026-08-13T10:07:57.097+0000] {logging_mixin.py:188} INFO - [2026-08-13T10:07:57.096+0000] {dag.py:3089} INFO - Sync 1 DAGs
[2026-08-13T10:07:57.122+0000] {logging_mixin.py:188} INFO - [2026-08-13T10:07:57.122+0000] {dag.py:3947} INFO - Setting next_dagrun for clickstream_clean_events to None, run_after=None
[2026-08-13T10:07:57.162+0000] {processor.py:183} INFO - Processing /opt/airflow/dags/clickstream_clean_events_dag.py took 0.175 seconds
[2026-08-13T10:08:28.143+0000] {processor.py:161} INFO - Started process (PID=7086) to work on /opt/airflow/dags/clickstream_clean_events_dag.py
[2026-08-13T10:08:28.151+0000] {processor.py:830} INFO - Processing file /opt/airflow/dags/clickstream_clean_events_dag.py for tasks to queue
[2026-08-13T10:08:28.163+0000] {logging_mixin.py:188} INFO - [2026-08-13T10:08:28.161+0000] {dagbag.py:545} INFO - Filling up the DagBag from /opt/airflow/dags/clickstream_clean_events_dag.py
[2026-08-13T10:08:28.233+0000] {processor.py:840} INFO - DAG(s) 'clickstream_clean_events' retrieved from /opt/airflow/dags/clickstream_clean_events_dag.py
[2026-08-13T10:08:28.340+0000] {logging_mixin.py:188} INFO - [2026-08-13T10:08:28.340+0000] {dag.py:3089} INFO - Sync 1 DAGs
[2026-08-13T10:08:28.389+0000] {logging_mixin.py:188} INFO - [2026-08-13T10:08:28.388+0000] {dag.py:3947} INFO - Setting next_dagrun for clickstream_clean_events to None, run_after=None
[2026-08-13T10:08:28.452+0000] {processor.py:183} INFO - Processing /opt/airflow/dags/clickstream_clean_events_dag.py took 0.365 seconds
[2026-08-13T10:08:58.793+0000] {processor.py:161} INFO - Started process (PID=7110) to work on /opt/airflow/dags/clickstream_clean_events_dag.py
[2026-08-13T10:08:58.795+0000] {processor.py:830} INFO - Processing file /opt/airflow/dags/clickstream_clean_events_dag.py for tasks to queue
[2026-08-13T10:08:58.799+0000] {logging_mixin.py:188} INFO - [2026-08-13T10:08:58.798+0000] {dagbag.py:545} INFO - Filling up the DagBag from /opt/airflow/dags/clickstream_clean_events_dag.py
[2026-08-13T10:08:58.825+0000] {processor.py:840} INFO - DAG(s) 'clickstream_clean_events' retrieved from /opt/airflow/dags/clickstream_clean_events_dag.py
[2026-08-13T10:08:58.868+0000] {logging_mixin.py:188} INFO - [2026-08-13T10:08:58.868+0000] {dag.py:3089} INFO - Sync 1 DAGs
[2026-08-13T10:08:58.888+0000] {logging_mixin.py:188} INFO - [2026-08-13T10:08:58.887+0000] {dag.py:3947} INFO - Setting next_dagrun for clickstream_clean_events to None, run_after=None
[2026-08-13T10:08:58.917+0000] {processor.py:183} INFO - Processing /opt/airflow/dags/clickstream_clean_events_dag.py took 0.135 seconds
[2026-08-13T10:09:29.146+0000] {processor.py:161} INFO - Started process (PID=7134) to work on /opt/airflow/dags/clickstream_clean_events_dag.py
[2026-08-13T10:09:29.149+0000] {processor.py:830} INFO - Processing file /opt/airflow/dags/clickstream_clean_events_dag.py for tasks to queue
[2026-08-13T10:09:29.154+0000] {logging_mixin.py:188} INFO - [2026-08-13T10:09:29.153+0000] {dagbag.py:545} INFO - Filling up the DagBag from /opt/airflow/dags/clickstream_clean_events_dag.py
[2026-08-13T10:09:29.192+0000] {processor.py:840} INFO - DAG(s) 'clickstream_clean_events' retrieved from /opt/airflow/dags/clickstream_clean_events_dag.py
[2026-08-13T10:09:29.256+0000] {logging_mixin.py:188} INFO - [2026-08-13T10:09:29.256+0000] {dag.py:3089} INFO - Sync 1 DAGs
[2026-08-13T10:09:29.284+0000] {logging_mixin.py:188} INFO - [2026-08-13T10:09:29.284+0000] {dag.py:3947} INFO - Setting next_dagrun for clickstream_clean_events to None, run_after=None
[2026-08-13T10:09:29.328+0000] {processor.py:183} INFO - Processing /opt/airflow/dags/clickstream_clean_events_dag.py took 0.196 seconds
[2026-08-13T10:09:59.626+0000] {processor.py:161} INFO - Started process (PID=7165) to work on /opt/airflow/dags/clickstream_clean_events_dag.py
[2026-08-13T10:09:59.628+0000] {processor.py:830} INFO - Processing file /opt/airflow/dags/clickstream_clean_events_dag.py for tasks to queue
[2026-08-13T10:09:59.632+0000] {logging_mixin.py:188} INFO - [2026-08-13T10:09:59.631+0000] {dagbag.py:545} INFO - Filling up the DagBag from /opt/airflow/dags/clickstream_clean_events_dag.py
[2026-08-13T10:09:59.656+0000] {processor.py:840} INFO - DAG(s) 'clickstream_clean_events' retrieved from /opt/airflow/dags/clickstream_clean_events_dag.py
[2026-08-13T10:09:59.701+0000] {logging_mixin.py:188} INFO - [2026-08-13T10:09:59.700+0000] {dag.py:3089} INFO - Sync 1 DAGs
[2026-08-13T10:09:59.723+0000] {logging_mixin.py:188} INFO - [2026-08-13T10:09:59.723+0000] {dag.py:3947} INFO - Setting next_dagrun for clickstream_clean_events to None, run_after=None
[2026-08-13T10:09:59.758+0000] {processor.py:183} INFO - Processing /opt/airflow/dags/clickstream_clean_events_dag.py took 0.144 seconds
[2026-08-13T10:10:29.952+0000] {processor.py:161} INFO - Started process (PID=7189) to work on /opt/airflow/dags/clickstream_clean_events_dag.py
[2026-08-13T10:10:29.955+0000] {processor.py:830} INFO - Processing file /opt/airflow/dags/clickstream_clean_events_dag.py for tasks to queue
[2026-08-13T10:10:29.960+0000] {logging_mixin.py:188} INFO - [2026-08-13T10:10:29.959+0000] {dagbag.py:545} INFO - Filling up the DagBag from /opt/airflow/dags/clickstream_clean_events_dag.py
[2026-08-13T10:10:29.995+0000] {processor.py:840} INFO - DAG(s) 'clickstream_clean_events' retrieved from /opt/airflow/dags/clickstream_clean_events_dag.py
[2026-08-13T10:10:30.065+0000] {logging_mixin.py:188} INFO - [2026-08-13T10:10:30.065+0000] {dag.py:3089} INFO - Sync 1 DAGs
[2026-08-13T10:10:30.099+0000] {logging_mixin.py:188} INFO - [2026-08-13T10:10:30.098+0000] {dag.py:3947} INFO - Setting next_dagrun for clickstream_clean_events to None, run_after=None
[2026-08-13T10:10:30.142+0000] {processor.py:183} INFO - Processing /opt/airflow/dags/clickstream_clean_events_dag.py took 0.208 seconds
[2026-08-13T10:11:00.510+0000] {processor.py:161} INFO - Started process (PID=7213) to work on /opt/airflow/dags/clickstream_clean_events_dag.py
[2026-08-13T10:11:00.518+0000] {processor.py:830} INFO - Processing file /opt/airflow/dags/clickstream_clean_events_dag.py for tasks to queue
[2026-08-13T10:11:00.532+0000] {logging_mixin.py:188} INFO - [2026-08-13T10:11:00.529+0000] {dagbag.py:545} INFO - Filling up the DagBag from /opt/airflow/dags/clickstream_clean_events_dag.py
[2026-08-13T10:11:00.623+0000] {processor.py:840} INFO - DAG(s) 'clickstream_clean_events' retrieved from /opt/airflow/dags/clickstream_clean_events_dag.py
[2026-08-13T10:11:00.754+0000] {logging_mixin.py:188} INFO - [2026-08-13T10:11:00.753+0000] {dag.py:3089} INFO - Sync 1 DAGs
[2026-08-13T10:11:00.803+0000] {logging_mixin.py:188} INFO - [2026-08-13T10:11:00.803+0000] {dag.py:3947} INFO - Setting next_dagrun for clickstream_clean_events to None, run_after=None
[2026-08-13T10:11:00.863+0000] {processor.py:183} INFO - Processing /opt/airflow/dags/clickstream_clean_events_dag.py took 0.390 seconds
[2026-08-13T10:11:31.311+0000] {processor.py:161} INFO - Started process (PID=7237) to work on /opt/airflow/dags/clickstream_clean_events_dag.py
[2026-08-13T10:11:31.317+0000] {processor.py:830} INFO - Processing file /opt/airflow/dags/clickstream_clean_events_dag.py for tasks to queue
[2026-08-13T10:11:31.333+0000] {logging_mixin.py:188} INFO - [2026-08-13T10:11:31.334+0000] {dagbag.py:545} INFO - Filling up the DagBag from /opt/airflow/dags/clickstream_clean_events_dag.py
[2026-08-13T10:11:31.492+0000] {processor.py:840} INFO - DAG(s) 'clickstream_clean_events' retrieved from /opt/airflow/dags/clickstream_clean_events_dag.py
[2026-08-13T10:11:31.660+0000] {logging_mixin.py:188} INFO - [2026-08-13T10:11:31.659+0000] {dag.py:3089} INFO - Sync 1 DAGs
[2026-08-13T10:11:31.732+0000] {logging_mixin.py:188} INFO - [2026-08-13T10:11:31.731+0000] {dag.py:3947} INFO - Setting next_dagrun for clickstream_clean_events to None, run_after=None
[2026-08-13T10:11:31.808+0000] {processor.py:183} INFO - Processing /opt/airflow/dags/clickstream_clean_events_dag.py took 0.549 seconds
[2026-08-13T10:12:02.134+0000] {processor.py:161} INFO - Started process (PID=7261) to work on /opt/airflow/dags/clickstream_clean_events_dag.py
[2026-08-13T10:12:02.135+0000] {processor.py:830} INFO - Processing file /opt/airflow/dags/clickstream_clean_events_dag.py for tasks to queue
[2026-08-13T10:12:02.137+0000] {logging_mixin.py:188} INFO - [2026-08-13T10:12:02.137+0000] {dagbag.py:545} INFO - Filling up the DagBag from /opt/airflow/dags/clickstream_clean_events_dag.py
[2026-08-13T10:12:02.153+0000] {processor.py:840} INFO - DAG(s) 'clickstream_clean_events' retrieved from /opt/airflow/dags/clickstream_clean_events_dag.py
[2026-08-13T10:12:02.179+0000] {logging_mixin.py:188} INFO - [2026-08-13T10:12:02.179+0000] {dag.py:3089} INFO - Sync 1 DAGs
[2026-08-13T10:12:02.191+0000] {logging_mixin.py:188} INFO - [2026-08-13T10:12:02.191+0000] {dag.py:3947} INFO - Setting next_dagrun for clickstream_clean_events to None, run_after=None
[2026-08-13T10:12:02.219+0000] {processor.py:183} INFO - Processing /opt/airflow/dags/clickstream_clean_events_dag.py took 0.091 seconds
[2026-08-13T10:12:32.405+0000] {processor.py:161} INFO - Started process (PID=7292) to work on /opt/airflow/dags/clickstream_clean_events_dag.py
[2026-08-13T10:12:32.407+0000] {processor.py:830} INFO - Processing file /opt/airflow/dags/clickstream_clean_events_dag.py for tasks to queue
[2026-08-13T10:12:32.411+0000] {logging_mixin.py:188} INFO - [2026-08-13T10:12:32.410+0000] {dagbag.py:545} INFO - Filling up the DagBag from /opt/airflow/dags/clickstream_clean_events_dag.py
[2026-08-13T10:12:32.438+0000] {processor.py:840} INFO - DAG(s) 'clickstream_clean_events' retrieved from /opt/airflow/dags/clickstream_clean_events_dag.py
[2026-08-13T10:12:32.487+0000] {logging_mixin.py:188} INFO - [2026-08-13T10:12:32.487+0000] {dag.py:3089} INFO - Sync 1 DAGs
[2026-08-13T10:12:32.509+0000] {logging_mixin.py:188} INFO - [2026-08-13T10:12:32.509+0000] {dag.py:3947} INFO - Setting next_dagrun for clickstream_clean_events to None, run_after=None
[2026-08-13T10:12:32.543+0000] {processor.py:183} INFO - Processing /opt/airflow/dags/clickstream_clean_events_dag.py took 0.149 seconds
[2026-08-13T10:13:02.806+0000] {processor.py:161} INFO - Started process (PID=7316) to work on /opt/airflow/dags/clickstream_clean_events_dag.py
[2026-08-13T10:13:02.808+0000] {processor.py:830} INFO - Processing file /opt/airflow/dags/clickstream_clean_events_dag.py for tasks to queue
[2026-08-13T10:13:02.810+0000] {logging_mixin.py:188} INFO - [2026-08-13T10:13:02.810+0000] {dagbag.py:545} INFO - Filling up the DagBag from /opt/airflow/dags/clickstream_clean_events_dag.py
[2026-08-13T10:13:02.826+0000] {processor.py:840} INFO - DAG(s) 'clickstream_clean_events' retrieved from /opt/airflow/dags/clickstream_clean_events_dag.py
[2026-08-13T10:13:02.851+0000] {logging_mixin.py:188} INFO - [2026-08-13T10:13:02.851+0000] {dag.py:3089} INFO - Sync 1 DAGs
[2026-08-13T10:13:02.863+0000] {logging_mixin.py:188} INFO - [2026-08-13T10:13:02.863+0000] {dag.py:3947} INFO - Setting next_dagrun for clickstream_clean_events to None, run_after=None
[2026-08-13T10:13:02.881+0000] {processor.py:183} INFO - Processing /opt/airflow/dags/clickstream_clean_events_dag.py took 0.080 seconds
[2026-08-13T10:13:33.146+0000] {processor.py:161} INFO - Started process (PID=7340) to work on /opt/airflow/dags/clickstream_clean_events_dag.py
[2026-08-13T10:13:33.147+0000] {processor.py:830} INFO - Processing file /opt/airflow/dags/clickstream_clean_events_dag.py for tasks to queue
[2026-08-13T10:13:33.149+0000] {logging_mixin.py:188} INFO - [2026-08-13T10:13:33.149+0000] {dagbag.py:545} INFO - Filling up the DagBag from /opt/airflow/dags/clickstream_clean_events_dag.py
[2026-08-13T10:13:33.164+0000] {processor.py:840} INFO - DAG(s) 'clickstream_clean_events' retrieved from /opt/airflow/dags/clickstream_clean_events_dag.py
[2026-08-13T10:13:33.192+0000] {logging_mixin.py:188} INFO - [2026-08-13T10:13:33.192+0000] {dag.py:3089} INFO - Sync 1 DAGs
[2026-08-13T10:13:33.203+0000] {logging_mixin.py:188} INFO - [2026-08-13T10:13:33.203+0000] {dag.py:3947} INFO - Setting next_dagrun for clickstream_clean_events to None, run_after=None
[2026-08-13T10:13:33.222+0000] {processor.py:183} INFO - Processing /opt/airflow/dags/clickstream_clean_events_dag.py took 0.081 seconds
[2026-08-13T10:14:03.484+0000] {processor.py:161} INFO - Started process (PID=7371) to work on /opt/airflow/dags/clickstream_clean_events_dag.py
[2026-08-13T10:14:03.486+0000] {processor.py:830} INFO - Processing file /opt/airflow/dags/clickstream_clean_events_dag.py for tasks to queue
[2026-08-13T10:14:03.491+0000] {logging_mixin.py:188} INFO - [2026-08-13T10:14:03.490+0000] {dagbag.py:545} INFO - Filling up the DagBag from /opt/airflow/dags/clickstream_clean_events_dag.py
[2026-08-13T10:14:03.525+0000] {processor.py:840} INFO - DAG(s) 'clickstream_clean_events' retrieved from /opt/airflow/dags/clickstream_clean_events_dag.py
[2026-08-13T10:14:03.587+0000] {logging_mixin.py:188} INFO - [2026-08-13T10:14:03.587+0000] {dag.py:3089} INFO - Sync 1 DAGs
[2026-08-13T10:14:03.616+0000] {logging_mixin.py:188} INFO - [2026-08-13T10:14:03.615+0000] {dag.py:3947} INFO - Setting next_dagrun for clickstream_clean_events to None, run_after=None
[2026-08-13T10:14:03.664+0000] {processor.py:183} INFO - Processing /opt/airflow/dags/clickstream_clean_events_dag.py took 0.198 seconds
[2026-08-13T10:14:34.018+0000] {processor.py:161} INFO - Started process (PID=7395) to work on /opt/airflow/dags/clickstream_clean_events_dag.py
[2026-08-13T10:14:34.021+0000] {processor.py:830} INFO - Processing file /opt/airflow/dags/clickstream_clean_events_dag.py for tasks to queue
[2026-08-13T10:14:34.026+0000] {logging_mixin.py:188} INFO - [2026-08-13T10:14:34.025+0000] {dagbag.py:545} INFO - Filling up the DagBag from /opt/airflow/dags/clickstream_clean_events_dag.py
[2026-08-13T10:14:34.058+0000] {processor.py:840} INFO - DAG(s) 'clickstream_clean_events' retrieved from /opt/airflow/dags/clickstream_clean_events_dag.py
[2026-08-13T10:14:34.117+0000] {logging_mixin.py:188} INFO - [2026-08-13T10:14:34.117+0000] {dag.py:3089} INFO - Sync 1 DAGs
[2026-08-13T10:14:34.142+0000] {logging_mixin.py:188} INFO - [2026-08-13T10:14:34.141+0000] {dag.py:3947} INFO - Setting next_dagrun for clickstream_clean_events to None, run_after=None
[2026-08-13T10:14:34.176+0000] {processor.py:183} INFO - Processing /opt/airflow/dags/clickstream_clean_events_dag.py took 0.174 seconds
[2026-08-13T10:15:04.332+0000] {processor.py:161} INFO - Started process (PID=7419) to work on /opt/airflow/dags/clickstream_clean_events_dag.py
[2026-08-13T10:15:04.334+0000] {processor.py:830} INFO - Processing file /opt/airflow/dags/clickstream_clean_events_dag.py for tasks to queue
[2026-08-13T10:15:04.339+0000] {logging_mixin.py:188} INFO - [2026-08-13T10:15:04.338+0000] {dagbag.py:545} INFO - Filling up the DagBag from /opt/airflow/dags/clickstream_clean_events_dag.py
[2026-08-13T10:15:04.377+0000] {processor.py:840} INFO - DAG(s) 'clickstream_clean_events' retrieved from /opt/airflow/dags/clickstream_clean_events_dag.py
[2026-08-13T10:15:04.447+0000] {logging_mixin.py:188} INFO - [2026-08-13T10:15:04.447+0000] {dag.py:3089} INFO - Sync 1 DAGs
[2026-08-13T10:15:04.481+0000] {logging_mixin.py:188} INFO - [2026-08-13T10:15:04.480+0000] {dag.py:3947} INFO - Setting next_dagrun for clickstream_clean_events to None, run_after=None
[2026-08-13T10:15:04.527+0000] {processor.py:183} INFO - Processing /opt/airflow/dags/clickstream_clean_events_dag.py took 0.209 seconds
[2026-08-13T10:15:34.646+0000] {processor.py:161} INFO - Started process (PID=7443) to work on /opt/airflow/dags/clickstream_clean_events_dag.py
[2026-08-13T10:15:34.647+0000] {processor.py:830} INFO - Processing file /opt/airflow/dags/clickstream_clean_events_dag.py for tasks to queue
[2026-08-13T10:15:34.650+0000] {logging_mixin.py:188} INFO - [2026-08-13T10:15:34.649+0000] {dagbag.py:545} INFO - Filling up the DagBag from /opt/airflow/dags/clickstream_clean_events_dag.py
[2026-08-13T10:15:34.666+0000] {processor.py:840} INFO - DAG(s) 'clickstream_clean_events' retrieved from /opt/airflow/dags/clickstream_clean_events_dag.py
[2026-08-13T10:15:34.697+0000] {logging_mixin.py:188} INFO - [2026-08-13T10:15:34.697+0000] {dag.py:3089} INFO - Sync 1 DAGs
[2026-08-13T10:15:34.710+0000] {logging_mixin.py:188} INFO - [2026-08-13T10:15:34.710+0000] {dag.py:3947} INFO - Setting next_dagrun for clickstream_clean_events to None, run_after=None
[2026-08-13T10:15:34.732+0000] {processor.py:183} INFO - Processing /opt/airflow/dags/clickstream_clean_events_dag.py took 0.093 seconds
[2026-08-13T10:16:04.906+0000] {processor.py:161} INFO - Started process (PID=7467) to work on /opt/airflow/dags/clickstream_clean_events_dag.py
[2026-08-13T10:16:04.908+0000] {processor.py:830} INFO - Processing file /opt/airflow/dags/clickstream_clean_events_dag.py for tasks to queue
[2026-08-13T10:16:04.910+0000] {logging_mixin.py:188} INFO - [2026-08-13T10:16:04.910+0000] {dagbag.py:545} INFO - Filling up the DagBag from /opt/airflow/dags/clickstream_clean_events_dag.py
[2026-08-13T10:16:04.931+0000] {processor.py:840} INFO - DAG(s) 'clickstream_clean_events' retrieved from /opt/airflow/dags/clickstream_clean_events_dag.py
[2026-08-13T10:16:04.965+0000] {logging_mixin.py:188} INFO - [2026-08-13T10:16:04.965+0000] {dag.py:3089} INFO - Sync 1 DAGs
[2026-08-13T10:16:04.979+0000] {logging_mixin.py:188} INFO - [2026-08-13T10:16:04.979+0000] {dag.py:3947} INFO - Setting next_dagrun for clickstream_clean_events to None, run_after=None
[2026-08-13T10:16:05.002+0000] {processor.py:183} INFO - Processing /opt/airflow/dags/clickstream_clean_events_dag.py took 0.103 seconds
[2026-08-13T10:16:35.296+0000] {processor.py:161} INFO - Started process (PID=7498) to work on /opt/airflow/dags/clickstream_clean_events_dag.py
[2026-08-13T10:16:35.299+0000] {processor.py:830} INFO - Processing file /opt/airflow/dags/clickstream_clean_events_dag.py for tasks to queue
[2026-08-13T10:16:35.305+0000] {logging_mixin.py:188} INFO - [2026-08-13T10:16:35.305+0000] {dagbag.py:545} INFO - Filling up the DagBag from /opt/airflow/dags/clickstream_clean_events_dag.py
[2026-08-13T10:16:35.339+0000] {processor.py:840} INFO - DAG(s) 'clickstream_clean_events' retrieved from /opt/airflow/dags/clickstream_clean_events_dag.py
[2026-08-13T10:16:35.396+0000] {logging_mixin.py:188} INFO - [2026-08-13T10:16:35.396+0000] {dag.py:3089} INFO - Sync 1 DAGs
[2026-08-13T10:16:35.422+0000] {logging_mixin.py:188} INFO - [2026-08-13T10:16:35.422+0000] {dag.py:3947} INFO - Setting next_dagrun for clickstream_clean_events to None, run_after=None
[2026-08-13T10:16:35.460+0000] {processor.py:183} INFO - Processing /opt/airflow/dags/clickstream_clean_events_dag.py took 0.176 seconds
[2026-08-13T10:17:05.538+0000] {processor.py:161} INFO - Started process (PID=7522) to work on /opt/airflow/dags/clickstream_clean_events_dag.py
[2026-08-13T10:17:05.539+0000] {processor.py:830} INFO - Processing file /opt/airflow/dags/clickstream_clean_events_dag.py for tasks to queue
[2026-08-13T10:17:05.542+0000] {logging_mixin.py:188} INFO - [2026-08-13T10:17:05.541+0000] {dagbag.py:545} INFO - Filling up the DagBag from /opt/airflow/dags/clickstream_clean_events_dag.py
[2026-08-13T10:17:05.555+0000] {processor.py:840} INFO - DAG(s) 'clickstream_clean_events' retrieved from /opt/airflow/dags/clickstream_clean_events_dag.py
[2026-08-13T10:17:05.580+0000] {logging_mixin.py:188} INFO - [2026-08-13T10:17:05.580+0000] {dag.py:3089} INFO - Sync 1 DAGs
[2026-08-13T10:17:05.591+0000] {logging_mixin.py:188} INFO - [2026-08-13T10:17:05.591+0000] {dag.py:3947} INFO - Setting next_dagrun for clickstream_clean_events to None, run_after=None
[2026-08-13T10:17:05.607+0000] {processor.py:183} INFO - Processing /opt/airflow/dags/clickstream_clean_events_dag.py took 0.074 seconds
[2026-08-13T10:17:35.858+0000] {processor.py:161} INFO - Started process (PID=7553) to work on /opt/airflow/dags/clickstream_clean_events_dag.py
[2026-08-13T10:17:35.859+0000] {processor.py:830} INFO - Processing file /opt/airflow/dags/clickstream_clean_events_dag.py for tasks to queue
[2026-08-13T10:17:35.861+0000] {logging_mixin.py:188} INFO - [2026-08-13T10:17:35.861+0000] {dagbag.py:545} INFO - Filling up the DagBag from /opt/airflow/dags/clickstream_clean_events_dag.py
[2026-08-13T10:17:35.876+0000] {processor.py:840} INFO - DAG(s) 'clickstream_clean_events' retrieved from /opt/airflow/dags/clickstream_clean_events_dag.py
[2026-08-13T10:17:35.906+0000] {logging_mixin.py:188} INFO - [2026-08-13T10:17:35.906+0000] {dag.py:3089} INFO - Sync 1 DAGs
[2026-08-13T10:17:35.920+0000] {logging_mixin.py:188} INFO - [2026-08-13T10:17:35.920+0000] {dag.py:3947} INFO - Setting next_dagrun for clickstream_clean_events to None, run_after=None
[2026-08-13T10:17:35.945+0000] {processor.py:183} INFO - Processing /opt/airflow/dags/clickstream_clean_events_dag.py took 0.095 seconds
[2026-08-13T10:18:06.226+0000] {processor.py:161} INFO - Started process (PID=7577) to work on /opt/airflow/dags/clickstream_clean_events_dag.py
[2026-08-13T10:18:06.227+0000] {processor.py:830} INFO - Processing file /opt/airflow/dags/clickstream_clean_events_dag.py for tasks to queue
[2026-08-13T10:18:06.229+0000] {logging_mixin.py:188} INFO - [2026-08-13T10:18:06.229+0000] {dagbag.py:545} INFO - Filling up the DagBag from /opt/airflow/dags/clickstream_clean_events_dag.py
[2026-08-13T10:18:06.241+0000] {processor.py:840} INFO - DAG(s) 'clickstream_clean_events' retrieved from /opt/airflow/dags/clickstream_clean_events_dag.py
[2026-08-13T10:18:06.267+0000] {logging_mixin.py:188} INFO - [2026-08-13T10:18:06.267+0000] {dag.py:3089} INFO - Sync 1 DAGs
[2026-08-13T10:18:06.279+0000] {logging_mixin.py:188} INFO - [2026-08-13T10:18:06.279+0000] {dag.py:3947} INFO - Setting next_dagrun for clickstream_clean_events to None, run_after=None
[2026-08-13T10:18:06.299+0000] {processor.py:183} INFO - Processing /opt/airflow/dags/clickstream_clean_events_dag.py took 0.079 seconds
[2026-08-13T10:18:36.596+0000] {processor.py:161} INFO - Started process (PID=7601) to work on /opt/airflow/dags/clickstream_clean_events_dag.py
[2026-08-13T10:18:36.599+0000] {processor.py:830} INFO - Processing file /opt/airflow/dags/clickstream_clean_events_dag.py for tasks to queue
[2026-08-13T10:18:36.605+0000] {logging_mixin.py:188} INFO - [2026-08-13T10:18:36.604+0000] {dagbag.py:545} INFO - Filling up the DagBag from /opt/airflow/dags/clickstream_clean_events_dag.py
[2026-08-13T10:18:36.640+0000] {processor.py:840} INFO - DAG(s) 'clickstream_clean_events' retrieved from /opt/airflow/dags/clickstream_clean_events_dag.py
[2026-08-13T10:18:36.699+0000] {logging_mixin.py:188} INFO - [2026-08-13T10:18:36.699+0000] {dag.py:3089} INFO - Sync 1 DAGs
[2026-08-13T10:18:36.725+0000] {logging_mixin.py:188} INFO - [2026-08-13T10:18:36.725+0000] {dag.py:3947} INFO - Setting next_dagrun for clickstream_clean_events to None, run_after=None
[2026-08-13T10:18:36.763+0000] {processor.py:183} INFO - Processing /opt/airflow/dags/clickstream_clean_events_dag.py took 0.183 seconds
[2026-08-13T10:19:07.190+0000] {processor.py:161} INFO - Started process (PID=7633) to work on /opt/airflow/dags/clickstream_clean_events_dag.py
[2026-08-13T10:19:07.193+0000] {processor.py:830} INFO - Processing file /opt/airflow/dags/clickstream_clean_events_dag.py for tasks to queue
[2026-08-13T10:19:07.199+0000] {logging_mixin.py:188} INFO - [2026-08-13T10:19:07.198+0000] {dagbag.py:545} INFO - Filling up the DagBag from /opt/airflow/dags/clickstream_clean_events_dag.py
[2026-08-13T10:19:07.238+0000] {processor.py:840} INFO - DAG(s) 'clickstream_clean_events' retrieved from /opt/airflow/dags/clickstream_clean_events_dag.py
[2026-08-13T10:19:07.316+0000] {logging_mixin.py:188} INFO - [2026-08-13T10:19:07.315+0000] {dag.py:3089} INFO - Sync 1 DAGs
[2026-08-13T10:19:07.353+0000] {logging_mixin.py:188} INFO - [2026-08-13T10:19:07.352+0000] {dag.py:3947} INFO - Setting next_dagrun for clickstream_clean_events to None, run_after=None
[2026-08-13T10:19:07.398+0000] {processor.py:183} INFO - Processing /opt/airflow/dags/clickstream_clean_events_dag.py took 0.226 seconds
[2026-08-13T10:19:37.704+0000] {processor.py:161} INFO - Started process (PID=7657) to work on /opt/airflow/dags/clickstream_clean_events_dag.py
[2026-08-13T10:19:37.707+0000] {processor.py:830} INFO - Processing file /opt/airflow/dags/clickstream_clean_events_dag.py for tasks to queue
[2026-08-13T10:19:37.714+0000] {logging_mixin.py:188} INFO - [2026-08-13T10:19:37.713+0000] {dagbag.py:545} INFO - Filling up the DagBag from /opt/airflow/dags/clickstream_clean_events_dag.py
[2026-08-13T10:19:37.763+0000] {processor.py:840} INFO - DAG(s) 'clickstream_clean_events' retrieved from /opt/airflow/dags/clickstream_clean_events_dag.py
[2026-08-13T10:19:37.836+0000] {logging_mixin.py:188} INFO - [2026-08-13T10:19:37.835+0000] {dag.py:3089} INFO - Sync 1 DAGs
[2026-08-13T10:19:37.869+0000] {logging_mixin.py:188} INFO - [2026-08-13T10:19:37.869+0000] {dag.py:3947} INFO - Setting next_dagrun for clickstream_clean_events to None, run_after=None
[2026-08-13T10:19:37.915+0000] {processor.py:183} INFO - Processing /opt/airflow/dags/clickstream_clean_events_dag.py took 0.232 seconds
[2026-08-13T10:20:08.171+0000] {processor.py:161} INFO - Started process (PID=7681) to work on /opt/airflow/dags/clickstream_clean_events_dag.py
[2026-08-13T10:20:08.172+0000] {processor.py:830} INFO - Processing file /opt/airflow/dags/clickstream_clean_events_dag.py for tasks to queue
[2026-08-13T10:20:08.174+0000] {logging_mixin.py:188} INFO - [2026-08-13T10:20:08.173+0000] {dagbag.py:545} INFO - Filling up the DagBag from /opt/airflow/dags/clickstream_clean_events_dag.py
[2026-08-13T10:20:08.189+0000] {processor.py:840} INFO - DAG(s) 'clickstream_clean_events' retrieved from /opt/airflow/dags/clickstream_clean_events_dag.py
[2026-08-13T10:20:08.218+0000] {logging_mixin.py:188} INFO - [2026-08-13T10:20:08.218+0000] {dag.py:3089} INFO - Sync 1 DAGs
[2026-08-13T10:20:08.232+0000] {logging_mixin.py:188} INFO - [2026-08-13T10:20:08.231+0000] {dag.py:3947} INFO - Setting next_dagrun for clickstream_clean_events to None, run_after=None
[2026-08-13T10:20:08.254+0000] {processor.py:183} INFO - Processing /opt/airflow/dags/clickstream_clean_events_dag.py took 0.088 seconds
[2026-08-13T10:20:38.424+0000] {processor.py:161} INFO - Started process (PID=7705) to work on /opt/airflow/dags/clickstream_clean_events_dag.py
[2026-08-13T10:20:38.426+0000] {processor.py:830} INFO - Processing file /opt/airflow/dags/clickstream_clean_events_dag.py for tasks to queue
[2026-08-13T10:20:38.430+0000] {logging_mixin.py:188} INFO - [2026-08-13T10:20:38.429+0000] {dagbag.py:545} INFO - Filling up the DagBag from /opt/airflow/dags/clickstream_clean_events_dag.py
[2026-08-13T10:20:38.453+0000] {processor.py:840} INFO - DAG(s) 'clickstream_clean_events' retrieved from /opt/airflow/dags/clickstream_clean_events_dag.py
[2026-08-13T10:20:38.500+0000] {logging_mixin.py:188} INFO - [2026-08-13T10:20:38.499+0000] {dag.py:3089} INFO - Sync 1 DAGs
[2026-08-13T10:20:38.520+0000] {logging_mixin.py:188} INFO - [2026-08-13T10:20:38.520+0000] {dag.py:3947} INFO - Setting next_dagrun for clickstream_clean_events to None, run_after=None
[2026-08-13T10:20:38.540+0000] {processor.py:183} INFO - Processing /opt/airflow/dags/clickstream_clean_events_dag.py took 0.124 seconds
[2026-08-13T10:21:08.782+0000] {processor.py:161} INFO - Started process (PID=7729) to work on /opt/airflow/dags/clickstream_clean_events_dag.py
[2026-08-13T10:21:08.783+0000] {processor.py:830} INFO - Processing file /opt/airflow/dags/clickstream_clean_events_dag.py for tasks to queue
[2026-08-13T10:21:08.786+0000] {logging_mixin.py:188} INFO - [2026-08-13T10:21:08.786+0000] {dagbag.py:545} INFO - Filling up the DagBag from /opt/airflow/dags/clickstream_clean_events_dag.py
[2026-08-13T10:21:08.805+0000] {processor.py:840} INFO - DAG(s) 'clickstream_clean_events' retrieved from /opt/airflow/dags/clickstream_clean_events_dag.py
[2026-08-13T10:21:08.840+0000] {logging_mixin.py:188} INFO - [2026-08-13T10:21:08.840+0000] {dag.py:3089} INFO - Sync 1 DAGs
[2026-08-13T10:21:08.855+0000] {logging_mixin.py:188} INFO - [2026-08-13T10:21:08.855+0000] {dag.py:3947} INFO - Setting next_dagrun for clickstream_clean_events to None, run_after=None
[2026-08-13T10:21:08.881+0000] {processor.py:183} INFO - Processing /opt/airflow/dags/clickstream_clean_events_dag.py took 0.108 seconds
[2026-08-13T10:21:39.065+0000] {processor.py:161} INFO - Started process (PID=7760) to work on /opt/airflow/dags/clickstream_clean_events_dag.py
[2026-08-13T10:21:39.068+0000] {processor.py:830} INFO - Processing file /opt/airflow/dags/clickstream_clean_events_dag.py for tasks to queue
[2026-08-13T10:21:39.074+0000] {logging_mixin.py:188} INFO - [2026-08-13T10:21:39.073+0000] {dagbag.py:545} INFO - Filling up the DagBag from /opt/airflow/dags/clickstream_clean_events_dag.py
[2026-08-13T10:21:39.115+0000] {processor.py:840} INFO - DAG(s) 'clickstream_clean_events' retrieved from /opt/airflow/dags/clickstream_clean_events_dag.py
[2026-08-13T10:21:39.184+0000] {logging_mixin.py:188} INFO - [2026-08-13T10:21:39.183+0000] {dag.py:3089} INFO - Sync 1 DAGs
[2026-08-13T10:21:39.215+0000] {logging_mixin.py:188} INFO - [2026-08-13T10:21:39.214+0000] {dag.py:3947} INFO - Setting next_dagrun for clickstream_clean_events to None, run_after=None
[2026-08-13T10:21:39.264+0000] {processor.py:183} INFO - Processing /opt/airflow/dags/clickstream_clean_events_dag.py took 0.216 seconds
[2026-08-13T10:22:09.611+0000] {processor.py:161} INFO - Started process (PID=7784) to work on /opt/airflow/dags/clickstream_clean_events_dag.py
[2026-08-13T10:22:09.615+0000] {processor.py:830} INFO - Processing file /opt/airflow/dags/clickstream_clean_events_dag.py for tasks to queue
[2026-08-13T10:22:09.620+0000] {logging_mixin.py:188} INFO - [2026-08-13T10:22:09.620+0000] {dagbag.py:545} INFO - Filling up the DagBag from /opt/airflow/dags/clickstream_clean_events_dag.py
[2026-08-13T10:22:09.669+0000] {processor.py:840} INFO - DAG(s) 'clickstream_clean_events' retrieved from /opt/airflow/dags/clickstream_clean_events_dag.py
[2026-08-13T10:22:09.751+0000] {logging_mixin.py:188} INFO - [2026-08-13T10:22:09.750+0000] {dag.py:3089} INFO - Sync 1 DAGs
[2026-08-13T10:22:09.791+0000] {logging_mixin.py:188} INFO - [2026-08-13T10:22:09.790+0000] {dag.py:3947} INFO - Setting next_dagrun for clickstream_clean_events to None, run_after=None
[2026-08-13T10:22:09.846+0000] {processor.py:183} INFO - Processing /opt/airflow/dags/clickstream_clean_events_dag.py took 0.252 seconds
[2026-08-13T10:22:40.107+0000] {processor.py:161} INFO - Started process (PID=7808) to work on /opt/airflow/dags/clickstream_clean_events_dag.py
[2026-08-13T10:22:40.109+0000] {processor.py:830} INFO - Processing file /opt/airflow/dags/clickstream_clean_events_dag.py for tasks to queue
[2026-08-13T10:22:40.113+0000] {logging_mixin.py:188} INFO - [2026-08-13T10:22:40.112+0000] {dagbag.py:545} INFO - Filling up the DagBag from /opt/airflow/dags/clickstream_clean_events_dag.py
[2026-08-13T10:22:40.142+0000] {processor.py:840} INFO - DAG(s) 'clickstream_clean_events' retrieved from /opt/airflow/dags/clickstream_clean_events_dag.py
[2026-08-13T10:22:40.181+0000] {logging_mixin.py:188} INFO - [2026-08-13T10:22:40.181+0000] {dag.py:3089} INFO - Sync 1 DAGs
[2026-08-13T10:22:40.199+0000] {logging_mixin.py:188} INFO - [2026-08-13T10:22:40.198+0000] {dag.py:3947} INFO - Setting next_dagrun for clickstream_clean_events to None, run_after=None
[2026-08-13T10:22:40.229+0000] {processor.py:183} INFO - Processing /opt/airflow/dags/clickstream_clean_events_dag.py took 0.133 seconds
[2026-08-13T10:23:10.334+0000] {processor.py:161} INFO - Started process (PID=7832) to work on /opt/airflow/dags/clickstream_clean_events_dag.py
[2026-08-13T10:23:10.335+0000] {processor.py:830} INFO - Processing file /opt/airflow/dags/clickstream_clean_events_dag.py for tasks to queue
[2026-08-13T10:23:10.338+0000] {logging_mixin.py:188} INFO - [2026-08-13T10:23:10.337+0000] {dagbag.py:545} INFO - Filling up the DagBag from /opt/airflow/dags/clickstream_clean_events_dag.py
[2026-08-13T10:23:10.357+0000] {processor.py:840} INFO - DAG(s) 'clickstream_clean_events' retrieved from /opt/airflow/dags/clickstream_clean_events_dag.py
[2026-08-13T10:23:10.385+0000] {logging_mixin.py:188} INFO - [2026-08-13T10:23:10.385+0000] {dag.py:3089} INFO - Sync 1 DAGs
[2026-08-13T10:23:10.396+0000] {logging_mixin.py:188} INFO - [2026-08-13T10:23:10.396+0000] {dag.py:3947} INFO - Setting next_dagrun for clickstream_clean_events to None, run_after=None
[2026-08-13T10:23:10.413+0000] {processor.py:183} INFO - Processing /opt/airflow/dags/clickstream_clean_events_dag.py took 0.086 seconds
[2026-08-13T10:23:40.810+0000] {processor.py:161} INFO - Started process (PID=7856) to work on /opt/airflow/dags/clickstream_clean_events_dag.py
[2026-08-13T10:23:40.813+0000] {processor.py:830} INFO - Processing file /opt/airflow/dags/clickstream_clean_events_dag.py for tasks to queue
[2026-08-13T10:23:40.817+0000] {logging_mixin.py:188} INFO - [2026-08-13T10:23:40.816+0000] {dagbag.py:545} INFO - Filling up the DagBag from /opt/airflow/dags/clickstream_clean_events_dag.py
[2026-08-13T10:23:40.848+0000] {processor.py:840} INFO - DAG(s) 'clickstream_clean_events' retrieved from /opt/airflow/dags/clickstream_clean_events_dag.py
[2026-08-13T10:23:40.911+0000] {logging_mixin.py:188} INFO - [2026-08-13T10:23:40.910+0000] {dag.py:3089} INFO - Sync 1 DAGs
[2026-08-13T10:23:40.938+0000] {logging_mixin.py:188} INFO - [2026-08-13T10:23:40.938+0000] {dag.py:3947} INFO - Setting next_dagrun for clickstream_clean_events to None, run_after=None
[2026-08-13T10:23:40.979+0000] {processor.py:183} INFO - Processing /opt/airflow/dags/clickstream_clean_events_dag.py took 0.182 seconds
[2026-08-13T10:24:11.079+0000] {processor.py:161} INFO - Started process (PID=7881) to work on /opt/airflow/dags/clickstream_clean_events_dag.py
[2026-08-13T10:24:11.080+0000] {processor.py:830} INFO - Processing file /opt/airflow/dags/clickstream_clean_events_dag.py for tasks to queue
[2026-08-13T10:24:11.082+0000] {logging_mixin.py:188} INFO - [2026-08-13T10:24:11.082+0000] {dagbag.py:545} INFO - Filling up the DagBag from /opt/airflow/dags/clickstream_clean_events_dag.py
[2026-08-13T10:24:11.097+0000] {processor.py:840} INFO - DAG(s) 'clickstream_clean_events' retrieved from /opt/airflow/dags/clickstream_clean_events_dag.py
[2026-08-13T10:24:11.122+0000] {logging_mixin.py:188} INFO - [2026-08-13T10:24:11.122+0000] {dag.py:3089} INFO - Sync 1 DAGs
[2026-08-13T10:24:11.134+0000] {logging_mixin.py:188} INFO - [2026-08-13T10:24:11.134+0000] {dag.py:3947} INFO - Setting next_dagrun for clickstream_clean_events to None, run_after=None
[2026-08-13T10:24:11.151+0000] {processor.py:183} INFO - Processing /opt/airflow/dags/clickstream_clean_events_dag.py took 0.078 seconds
[2026-08-13T10:24:41.339+0000] {processor.py:161} INFO - Started process (PID=7912) to work on /opt/airflow/dags/clickstream_clean_events_dag.py
[2026-08-13T10:24:41.342+0000] {processor.py:830} INFO - Processing file /opt/airflow/dags/clickstream_clean_events_dag.py for tasks to queue
[2026-08-13T10:24:41.349+0000] {logging_mixin.py:188} INFO - [2026-08-13T10:24:41.348+0000] {dagbag.py:545} INFO - Filling up the DagBag from /opt/airflow/dags/clickstream_clean_events_dag.py
[2026-08-13T10:24:41.388+0000] {processor.py:840} INFO - DAG(s) 'clickstream_clean_events' retrieved from /opt/airflow/dags/clickstream_clean_events_dag.py
[2026-08-13T10:24:41.458+0000] {logging_mixin.py:188} INFO - [2026-08-13T10:24:41.457+0000] {dag.py:3089} INFO - Sync 1 DAGs
[2026-08-13T10:24:41.492+0000] {logging_mixin.py:188} INFO - [2026-08-13T10:24:41.492+0000] {dag.py:3947} INFO - Setting next_dagrun for clickstream_clean_events to None, run_after=None
[2026-08-13T10:24:41.542+0000] {processor.py:183} INFO - Processing /opt/airflow/dags/clickstream_clean_events_dag.py took 0.219 seconds
[2026-08-13T10:25:11.998+0000] {processor.py:161} INFO - Started process (PID=7936) to work on /opt/airflow/dags/clickstream_clean_events_dag.py
[2026-08-13T10:25:12.003+0000] {processor.py:830} INFO - Processing file /opt/airflow/dags/clickstream_clean_events_dag.py for tasks to queue
[2026-08-13T10:25:12.014+0000] {logging_mixin.py:188} INFO - [2026-08-13T10:25:12.013+0000] {dagbag.py:545} INFO - Filling up the DagBag from /opt/airflow/dags/clickstream_clean_events_dag.py
[2026-08-13T10:25:12.074+0000] {processor.py:840} INFO - DAG(s) 'clickstream_clean_events' retrieved from /opt/airflow/dags/clickstream_clean_events_dag.py
[2026-08-13T10:25:12.172+0000] {logging_mixin.py:188} INFO - [2026-08-13T10:25:12.172+0000] {dag.py:3089} INFO - Sync 1 DAGs
[2026-08-13T10:25:12.219+0000] {logging_mixin.py:188} INFO - [2026-08-13T10:25:12.218+0000] {dag.py:3947} INFO - Setting next_dagrun for clickstream_clean_events to None, run_after=None
[2026-08-13T10:25:12.293+0000] {processor.py:183} INFO - Processing /opt/airflow/dags/clickstream_clean_events_dag.py took 0.323 seconds
[2026-08-13T10:25:42.723+0000] {processor.py:161} INFO - Started process (PID=7960) to work on /opt/airflow/dags/clickstream_clean_events_dag.py
[2026-08-13T10:25:42.728+0000] {processor.py:830} INFO - Processing file /opt/airflow/dags/clickstream_clean_events_dag.py for tasks to queue
[2026-08-13T10:25:42.741+0000] {logging_mixin.py:188} INFO - [2026-08-13T10:25:42.738+0000] {dagbag.py:545} INFO - Filling up the DagBag from /opt/airflow/dags/clickstream_clean_events_dag.py
[2026-08-13T10:25:42.829+0000] {processor.py:840} INFO - DAG(s) 'clickstream_clean_events' retrieved from /opt/airflow/dags/clickstream_clean_events_dag.py
[2026-08-13T10:25:43.031+0000] {logging_mixin.py:188} INFO - [2026-08-13T10:25:43.030+0000] {dag.py:3089} INFO - Sync 1 DAGs
[2026-08-13T10:25:43.097+0000] {logging_mixin.py:188} INFO - [2026-08-13T10:25:43.096+0000] {dag.py:3947} INFO - Setting next_dagrun for clickstream_clean_events to None, run_after=None
[2026-08-13T10:25:43.208+0000] {processor.py:183} INFO - Processing /opt/airflow/dags/clickstream_clean_events_dag.py took 0.540 seconds
[2026-08-13T10:26:14.050+0000] {processor.py:161} INFO - Started process (PID=7977) to work on /opt/airflow/dags/clickstream_clean_events_dag.py
[2026-08-13T10:26:14.055+0000] {processor.py:830} INFO - Processing file /opt/airflow/dags/clickstream_clean_events_dag.py for tasks to queue
[2026-08-13T10:26:14.063+0000] {logging_mixin.py:188} INFO - [2026-08-13T10:26:14.061+0000] {dagbag.py:545} INFO - Filling up the DagBag from /opt/airflow/dags/clickstream_clean_events_dag.py
[2026-08-13T10:26:14.203+0000] {processor.py:840} INFO - DAG(s) 'clickstream_clean_events' retrieved from /opt/airflow/dags/clickstream_clean_events_dag.py
[2026-08-13T10:26:14.324+0000] {logging_mixin.py:188} INFO - [2026-08-13T10:26:14.322+0000] {dag.py:3089} INFO - Sync 1 DAGs
[2026-08-13T10:26:14.372+0000] {logging_mixin.py:188} INFO - [2026-08-13T10:26:14.371+0000] {dag.py:3947} INFO - Setting next_dagrun for clickstream_clean_events to None, run_after=None
[2026-08-13T10:26:14.449+0000] {processor.py:183} INFO - Processing /opt/airflow/dags/clickstream_clean_events_dag.py took 0.432 seconds
[2026-08-13T10:26:44.663+0000] {processor.py:161} INFO - Started process (PID=8001) to work on /opt/airflow/dags/clickstream_clean_events_dag.py
[2026-08-13T10:26:44.669+0000] {processor.py:830} INFO - Processing file /opt/airflow/dags/clickstream_clean_events_dag.py for tasks to queue
[2026-08-13T10:26:44.676+0000] {logging_mixin.py:188} INFO - [2026-08-13T10:26:44.675+0000] {dagbag.py:545} INFO - Filling up the DagBag from /opt/airflow/dags/clickstream_clean_events_dag.py
[2026-08-13T10:26:44.730+0000] {processor.py:840} INFO - DAG(s) 'clickstream_clean_events' retrieved from /opt/airflow/dags/clickstream_clean_events_dag.py
[2026-08-13T10:26:44.835+0000] {logging_mixin.py:188} INFO - [2026-08-13T10:26:44.834+0000] {dag.py:3089} INFO - Sync 1 DAGs
[2026-08-13T10:26:44.883+0000] {logging_mixin.py:188} INFO - [2026-08-13T10:26:44.882+0000] {dag.py:3947} INFO - Setting next_dagrun for clickstream_clean_events to None, run_after=None
[2026-08-13T10:26:44.966+0000] {processor.py:183} INFO - Processing /opt/airflow/dags/clickstream_clean_events_dag.py took 0.317 seconds
[2026-08-13T10:27:15.289+0000] {processor.py:161} INFO - Started process (PID=8025) to work on /opt/airflow/dags/clickstream_clean_events_dag.py
[2026-08-13T10:27:15.293+0000] {processor.py:830} INFO - Processing file /opt/airflow/dags/clickstream_clean_events_dag.py for tasks to queue
[2026-08-13T10:27:15.300+0000] {logging_mixin.py:188} INFO - [2026-08-13T10:27:15.299+0000] {dagbag.py:545} INFO - Filling up the DagBag from /opt/airflow/dags/clickstream_clean_events_dag.py
[2026-08-13T10:27:15.350+0000] {processor.py:840} INFO - DAG(s) 'clickstream_clean_events' retrieved from /opt/airflow/dags/clickstream_clean_events_dag.py
[2026-08-13T10:27:15.438+0000] {logging_mixin.py:188} INFO - [2026-08-13T10:27:15.438+0000] {dag.py:3089} INFO - Sync 1 DAGs
[2026-08-13T10:27:15.482+0000] {logging_mixin.py:188} INFO - [2026-08-13T10:27:15.482+0000] {dag.py:3947} INFO - Setting next_dagrun for clickstream_clean_events to None, run_after=None
[2026-08-13T10:27:15.543+0000] {processor.py:183} INFO - Processing /opt/airflow/dags/clickstream_clean_events_dag.py took 0.273 seconds
[2026-08-13T10:27:46.066+0000] {processor.py:161} INFO - Started process (PID=8049) to work on /opt/airflow/dags/clickstream_clean_events_dag.py
[2026-08-13T10:27:46.070+0000] {processor.py:830} INFO - Processing file /opt/airflow/dags/clickstream_clean_events_dag.py for tasks to queue
[2026-08-13T10:27:46.077+0000] {logging_mixin.py:188} INFO - [2026-08-13T10:27:46.076+0000] {dagbag.py:545} INFO - Filling up the DagBag from /opt/airflow/dags/clickstream_clean_events_dag.py
[2026-08-13T10:27:46.135+0000] {processor.py:840} INFO - DAG(s) 'clickstream_clean_events' retrieved from /opt/airflow/dags/clickstream_clean_events_dag.py
[2026-08-13T10:27:46.232+0000] {logging_mixin.py:188} INFO - [2026-08-13T10:27:46.231+0000] {dag.py:3089} INFO - Sync 1 DAGs
[2026-08-13T10:27:46.278+0000] {logging_mixin.py:188} INFO - [2026-08-13T10:27:46.278+0000] {dag.py:3947} INFO - Setting next_dagrun for clickstream_clean_events to None, run_after=None
[2026-08-13T10:27:46.350+0000] {processor.py:183} INFO - Processing /opt/airflow/dags/clickstream_clean_events_dag.py took 0.305 seconds
[2026-08-13T10:28:16.687+0000] {processor.py:161} INFO - Started process (PID=8066) to work on /opt/airflow/dags/clickstream_clean_events_dag.py
[2026-08-13T10:28:16.690+0000] {processor.py:830} INFO - Processing file /opt/airflow/dags/clickstream_clean_events_dag.py for tasks to queue
[2026-08-13T10:28:16.694+0000] {logging_mixin.py:188} INFO - [2026-08-13T10:28:16.693+0000] {dagbag.py:545} INFO - Filling up the DagBag from /opt/airflow/dags/clickstream_clean_events_dag.py
[2026-08-13T10:28:16.730+0000] {processor.py:840} INFO - DAG(s) 'clickstream_clean_events' retrieved from /opt/airflow/dags/clickstream_clean_events_dag.py
[2026-08-13T10:28:16.783+0000] {logging_mixin.py:188} INFO - [2026-08-13T10:28:16.783+0000] {dag.py:3089} INFO - Sync 1 DAGs
[2026-08-13T10:28:16.813+0000] {logging_mixin.py:188} INFO - [2026-08-13T10:28:16.812+0000] {dag.py:3947} INFO - Setting next_dagrun for clickstream_clean_events to None, run_after=None
[2026-08-13T10:28:16.857+0000] {processor.py:183} INFO - Processing /opt/airflow/dags/clickstream_clean_events_dag.py took 0.181 seconds
[2026-08-13T10:28:47.219+0000] {processor.py:161} INFO - Started process (PID=8090) to work on /opt/airflow/dags/clickstream_clean_events_dag.py
[2026-08-13T10:28:47.220+0000] {processor.py:830} INFO - Processing file /opt/airflow/dags/clickstream_clean_events_dag.py for tasks to queue
[2026-08-13T10:28:47.226+0000] {logging_mixin.py:188} INFO - [2026-08-13T10:28:47.225+0000] {dagbag.py:545} INFO - Filling up the DagBag from /opt/airflow/dags/clickstream_clean_events_dag.py
[2026-08-13T10:28:47.256+0000] {processor.py:840} INFO - DAG(s) 'clickstream_clean_events' retrieved from /opt/airflow/dags/clickstream_clean_events_dag.py
[2026-08-13T10:28:47.302+0000] {logging_mixin.py:188} INFO - [2026-08-13T10:28:47.301+0000] {dag.py:3089} INFO - Sync 1 DAGs
[2026-08-13T10:28:47.322+0000] {logging_mixin.py:188} INFO - [2026-08-13T10:28:47.321+0000] {dag.py:3947} INFO - Setting next_dagrun for clickstream_clean_events to None, run_after=None
[2026-08-13T10:28:47.354+0000] {processor.py:183} INFO - Processing /opt/airflow/dags/clickstream_clean_events_dag.py took 0.145 seconds
[2026-08-13T10:29:17.466+0000] {processor.py:161} INFO - Started process (PID=8115) to work on /opt/airflow/dags/clickstream_clean_events_dag.py
[2026-08-13T10:29:17.467+0000] {processor.py:830} INFO - Processing file /opt/airflow/dags/clickstream_clean_events_dag.py for tasks to queue
[2026-08-13T10:29:17.469+0000] {logging_mixin.py:188} INFO - [2026-08-13T10:29:17.469+0000] {dagbag.py:545} INFO - Filling up the DagBag from /opt/airflow/dags/clickstream_clean_events_dag.py
[2026-08-13T10:29:17.483+0000] {processor.py:840} INFO - DAG(s) 'clickstream_clean_events' retrieved from /opt/airflow/dags/clickstream_clean_events_dag.py
[2026-08-13T10:29:17.508+0000] {logging_mixin.py:188} INFO - [2026-08-13T10:29:17.508+0000] {dag.py:3089} INFO - Sync 1 DAGs
[2026-08-13T10:29:17.520+0000] {logging_mixin.py:188} INFO - [2026-08-13T10:29:17.520+0000] {dag.py:3947} INFO - Setting next_dagrun for clickstream_clean_events to None, run_after=None
[2026-08-13T10:29:17.539+0000] {processor.py:183} INFO - Processing /opt/airflow/dags/clickstream_clean_events_dag.py took 0.079 seconds
[2026-08-13T10:29:48.087+0000] {processor.py:161} INFO - Started process (PID=8139) to work on /opt/airflow/dags/clickstream_clean_events_dag.py
[2026-08-13T10:29:48.089+0000] {processor.py:830} INFO - Processing file /opt/airflow/dags/clickstream_clean_events_dag.py for tasks to queue
[2026-08-13T10:29:48.094+0000] {logging_mixin.py:188} INFO - [2026-08-13T10:29:48.094+0000] {dagbag.py:545} INFO - Filling up the DagBag from /opt/airflow/dags/clickstream_clean_events_dag.py
[2026-08-13T10:29:48.125+0000] {processor.py:840} INFO - DAG(s) 'clickstream_clean_events' retrieved from /opt/airflow/dags/clickstream_clean_events_dag.py
[2026-08-13T10:29:48.173+0000] {logging_mixin.py:188} INFO - [2026-08-13T10:29:48.172+0000] {dag.py:3089} INFO - Sync 1 DAGs
[2026-08-13T10:29:48.199+0000] {logging_mixin.py:188} INFO - [2026-08-13T10:29:48.199+0000] {dag.py:3947} INFO - Setting next_dagrun for clickstream_clean_events to None, run_after=None
[2026-08-13T10:29:48.234+0000] {processor.py:183} INFO - Processing /opt/airflow/dags/clickstream_clean_events_dag.py took 0.161 seconds
[2026-08-13T10:30:18.392+0000] {processor.py:161} INFO - Started process (PID=8163) to work on /opt/airflow/dags/clickstream_clean_events_dag.py
[2026-08-13T10:30:18.394+0000] {processor.py:830} INFO - Processing file /opt/airflow/dags/clickstream_clean_events_dag.py for tasks to queue
[2026-08-13T10:30:18.397+0000] {logging_mixin.py:188} INFO - [2026-08-13T10:30:18.397+0000] {dagbag.py:545} INFO - Filling up the DagBag from /opt/airflow/dags/clickstream_clean_events_dag.py
[2026-08-13T10:30:18.422+0000] {processor.py:840} INFO - DAG(s) 'clickstream_clean_events' retrieved from /opt/airflow/dags/clickstream_clean_events_dag.py
[2026-08-13T10:30:18.471+0000] {logging_mixin.py:188} INFO - [2026-08-13T10:30:18.471+0000] {dag.py:3089} INFO - Sync 1 DAGs
[2026-08-13T10:30:18.496+0000] {logging_mixin.py:188} INFO - [2026-08-13T10:30:18.495+0000] {dag.py:3947} INFO - Setting next_dagrun for clickstream_clean_events to None, run_after=None
[2026-08-13T10:30:18.531+0000] {processor.py:183} INFO - Processing /opt/airflow/dags/clickstream_clean_events_dag.py took 0.149 seconds
[2026-08-13T10:30:48.871+0000] {processor.py:161} INFO - Started process (PID=8187) to work on /opt/airflow/dags/clickstream_clean_events_dag.py
[2026-08-13T10:30:48.873+0000] {processor.py:830} INFO - Processing file /opt/airflow/dags/clickstream_clean_events_dag.py for tasks to queue
[2026-08-13T10:30:48.878+0000] {logging_mixin.py:188} INFO - [2026-08-13T10:30:48.878+0000] {dagbag.py:545} INFO - Filling up the DagBag from /opt/airflow/dags/clickstream_clean_events_dag.py
[2026-08-13T10:30:48.917+0000] {processor.py:840} INFO - DAG(s) 'clickstream_clean_events' retrieved from /opt/airflow/dags/clickstream_clean_events_dag.py
[2026-08-13T10:30:48.979+0000] {logging_mixin.py:188} INFO - [2026-08-13T10:30:48.978+0000] {dag.py:3089} INFO - Sync 1 DAGs
[2026-08-13T10:30:49.019+0000] {logging_mixin.py:188} INFO - [2026-08-13T10:30:49.018+0000] {dag.py:3947} INFO - Setting next_dagrun for clickstream_clean_events to None, run_after=None
[2026-08-13T10:30:49.084+0000] {processor.py:183} INFO - Processing /opt/airflow/dags/clickstream_clean_events_dag.py took 0.232 seconds
[2026-08-13T10:31:19.462+0000] {processor.py:161} INFO - Started process (PID=8212) to work on /opt/airflow/dags/clickstream_clean_events_dag.py
[2026-08-13T10:31:19.466+0000] {processor.py:830} INFO - Processing file /opt/airflow/dags/clickstream_clean_events_dag.py for tasks to queue
[2026-08-13T10:31:19.473+0000] {logging_mixin.py:188} INFO - [2026-08-13T10:31:19.472+0000] {dagbag.py:545} INFO - Filling up the DagBag from /opt/airflow/dags/clickstream_clean_events_dag.py
[2026-08-13T10:31:19.528+0000] {processor.py:840} INFO - DAG(s) 'clickstream_clean_events' retrieved from /opt/airflow/dags/clickstream_clean_events_dag.py
[2026-08-13T10:31:19.612+0000] {logging_mixin.py:188} INFO - [2026-08-13T10:31:19.611+0000] {dag.py:3089} INFO - Sync 1 DAGs
[2026-08-13T10:31:19.648+0000] {logging_mixin.py:188} INFO - [2026-08-13T10:31:19.647+0000] {dag.py:3947} INFO - Setting next_dagrun for clickstream_clean_events to None, run_after=None
[2026-08-13T10:31:19.699+0000] {processor.py:183} INFO - Processing /opt/airflow/dags/clickstream_clean_events_dag.py took 0.269 seconds
[2026-08-13T10:31:50.045+0000] {processor.py:161} INFO - Started process (PID=8236) to work on /opt/airflow/dags/clickstream_clean_events_dag.py
[2026-08-13T10:31:50.050+0000] {processor.py:830} INFO - Processing file /opt/airflow/dags/clickstream_clean_events_dag.py for tasks to queue
[2026-08-13T10:31:50.057+0000] {logging_mixin.py:188} INFO - [2026-08-13T10:31:50.056+0000] {dagbag.py:545} INFO - Filling up the DagBag from /opt/airflow/dags/clickstream_clean_events_dag.py
[2026-08-13T10:31:50.113+0000] {processor.py:840} INFO - DAG(s) 'clickstream_clean_events' retrieved from /opt/airflow/dags/clickstream_clean_events_dag.py
[2026-08-13T10:31:50.246+0000] {logging_mixin.py:188} INFO - [2026-08-13T10:31:50.245+0000] {dag.py:3089} INFO - Sync 1 DAGs
[2026-08-13T10:31:50.297+0000] {logging_mixin.py:188} INFO - [2026-08-13T10:31:50.296+0000] {dag.py:3947} INFO - Setting next_dagrun for clickstream_clean_events to None, run_after=None
[2026-08-13T10:31:50.370+0000] {processor.py:183} INFO - Processing /opt/airflow/dags/clickstream_clean_events_dag.py took 0.354 seconds
[2026-08-13T10:32:20.797+0000] {processor.py:161} INFO - Started process (PID=8261) to work on /opt/airflow/dags/clickstream_clean_events_dag.py
[2026-08-13T10:32:20.801+0000] {processor.py:830} INFO - Processing file /opt/airflow/dags/clickstream_clean_events_dag.py for tasks to queue
[2026-08-13T10:32:20.808+0000] {logging_mixin.py:188} INFO - [2026-08-13T10:32:20.807+0000] {dagbag.py:545} INFO - Filling up the DagBag from /opt/airflow/dags/clickstream_clean_events_dag.py
[2026-08-13T10:32:20.870+0000] {processor.py:840} INFO - DAG(s) 'clickstream_clean_events' retrieved from /opt/airflow/dags/clickstream_clean_events_dag.py
[2026-08-13T10:32:20.968+0000] {logging_mixin.py:188} INFO - [2026-08-13T10:32:20.967+0000] {dag.py:3089} INFO - Sync 1 DAGs
[2026-08-13T10:32:21.019+0000] {logging_mixin.py:188} INFO - [2026-08-13T10:32:21.019+0000] {dag.py:3947} INFO - Setting next_dagrun for clickstream_clean_events to None, run_after=None
[2026-08-13T10:32:21.099+0000] {processor.py:183} INFO - Processing /opt/airflow/dags/clickstream_clean_events_dag.py took 0.329 seconds
[2026-08-13T10:32:51.481+0000] {processor.py:161} INFO - Started process (PID=8285) to work on /opt/airflow/dags/clickstream_clean_events_dag.py
[2026-08-13T10:32:51.485+0000] {processor.py:830} INFO - Processing file /opt/airflow/dags/clickstream_clean_events_dag.py for tasks to queue
[2026-08-13T10:32:51.492+0000] {logging_mixin.py:188} INFO - [2026-08-13T10:32:51.491+0000] {dagbag.py:545} INFO - Filling up the DagBag from /opt/airflow/dags/clickstream_clean_events_dag.py
[2026-08-13T10:32:51.541+0000] {processor.py:840} INFO - DAG(s) 'clickstream_clean_events' retrieved from /opt/airflow/dags/clickstream_clean_events_dag.py
[2026-08-13T10:32:51.647+0000] {logging_mixin.py:188} INFO - [2026-08-13T10:32:51.646+0000] {dag.py:3089} INFO - Sync 1 DAGs
[2026-08-13T10:32:51.702+0000] {logging_mixin.py:188} INFO - [2026-08-13T10:32:51.702+0000] {dag.py:3947} INFO - Setting next_dagrun for clickstream_clean_events to None, run_after=None
[2026-08-13T10:32:51.769+0000] {processor.py:183} INFO - Processing /opt/airflow/dags/clickstream_clean_events_dag.py took 0.314 seconds
[2026-08-13T10:33:22.093+0000] {processor.py:161} INFO - Started process (PID=8309) to work on /opt/airflow/dags/clickstream_clean_events_dag.py
[2026-08-13T10:33:22.095+0000] {processor.py:830} INFO - Processing file /opt/airflow/dags/clickstream_clean_events_dag.py for tasks to queue
[2026-08-13T10:33:22.100+0000] {logging_mixin.py:188} INFO - [2026-08-13T10:33:22.099+0000] {dagbag.py:545} INFO - Filling up the DagBag from /opt/airflow/dags/clickstream_clean_events_dag.py
[2026-08-13T10:33:22.138+0000] {processor.py:840} INFO - DAG(s) 'clickstream_clean_events' retrieved from /opt/airflow/dags/clickstream_clean_events_dag.py
[2026-08-13T10:33:22.212+0000] {logging_mixin.py:188} INFO - [2026-08-13T10:33:22.212+0000] {dag.py:3089} INFO - Sync 1 DAGs
[2026-08-13T10:33:22.249+0000] {logging_mixin.py:188} INFO - [2026-08-13T10:33:22.249+0000] {dag.py:3947} INFO - Setting next_dagrun for clickstream_clean_events to None, run_after=None
[2026-08-13T10:33:22.298+0000] {processor.py:183} INFO - Processing /opt/airflow/dags/clickstream_clean_events_dag.py took 0.222 seconds
[2026-08-13T10:33:52.893+0000] {processor.py:161} INFO - Started process (PID=8326) to work on /opt/airflow/dags/clickstream_clean_events_dag.py
[2026-08-13T10:33:52.894+0000] {processor.py:830} INFO - Processing file /opt/airflow/dags/clickstream_clean_events_dag.py for tasks to queue
[2026-08-13T10:33:52.898+0000] {logging_mixin.py:188} INFO - [2026-08-13T10:33:52.898+0000] {dagbag.py:545} INFO - Filling up the DagBag from /opt/airflow/dags/clickstream_clean_events_dag.py
[2026-08-13T10:33:52.922+0000] {processor.py:840} INFO - DAG(s) 'clickstream_clean_events' retrieved from /opt/airflow/dags/clickstream_clean_events_dag.py
[2026-08-13T10:33:52.968+0000] {logging_mixin.py:188} INFO - [2026-08-13T10:33:52.967+0000] {dag.py:3089} INFO - Sync 1 DAGs
[2026-08-13T10:33:52.992+0000] {logging_mixin.py:188} INFO - [2026-08-13T10:33:52.991+0000] {dag.py:3947} INFO - Setting next_dagrun for clickstream_clean_events to None, run_after=None
[2026-08-13T10:33:53.025+0000] {processor.py:183} INFO - Processing /opt/airflow/dags/clickstream_clean_events_dag.py took 0.143 seconds
[2026-08-13T10:34:23.163+0000] {processor.py:161} INFO - Started process (PID=8350) to work on /opt/airflow/dags/clickstream_clean_events_dag.py
[2026-08-13T10:34:23.165+0000] {processor.py:830} INFO - Processing file /opt/airflow/dags/clickstream_clean_events_dag.py for tasks to queue
[2026-08-13T10:34:23.169+0000] {logging_mixin.py:188} INFO - [2026-08-13T10:34:23.168+0000] {dagbag.py:545} INFO - Filling up the DagBag from /opt/airflow/dags/clickstream_clean_events_dag.py
[2026-08-13T10:34:23.195+0000] {processor.py:840} INFO - DAG(s) 'clickstream_clean_events' retrieved from /opt/airflow/dags/clickstream_clean_events_dag.py
[2026-08-13T10:34:23.242+0000] {logging_mixin.py:188} INFO - [2026-08-13T10:34:23.242+0000] {dag.py:3089} INFO - Sync 1 DAGs
[2026-08-13T10:34:23.266+0000] {logging_mixin.py:188} INFO - [2026-08-13T10:34:23.266+0000] {dag.py:3947} INFO - Setting next_dagrun for clickstream_clean_events to None, run_after=None
[2026-08-13T10:34:23.298+0000] {processor.py:183} INFO - Processing /opt/airflow/dags/clickstream_clean_events_dag.py took 0.145 seconds
[2026-08-13T10:34:53.498+0000] {processor.py:161} INFO - Started process (PID=8374) to work on /opt/airflow/dags/clickstream_clean_events_dag.py
[2026-08-13T10:34:53.499+0000] {processor.py:830} INFO - Processing file /opt/airflow/dags/clickstream_clean_events_dag.py for tasks to queue
[2026-08-13T10:34:53.504+0000] {logging_mixin.py:188} INFO - [2026-08-13T10:34:53.503+0000] {dagbag.py:545} INFO - Filling up the DagBag from /opt/airflow/dags/clickstream_clean_events_dag.py
[2026-08-13T10:34:53.525+0000] {processor.py:840} INFO - DAG(s) 'clickstream_clean_events' retrieved from /opt/airflow/dags/clickstream_clean_events_dag.py
[2026-08-13T10:34:53.567+0000] {logging_mixin.py:188} INFO - [2026-08-13T10:34:53.567+0000] {dag.py:3089} INFO - Sync 1 DAGs
[2026-08-13T10:34:53.588+0000] {logging_mixin.py:188} INFO - [2026-08-13T10:34:53.588+0000] {dag.py:3947} INFO - Setting next_dagrun for clickstream_clean_events to None, run_after=None
[2026-08-13T10:34:53.618+0000] {processor.py:183} INFO - Processing /opt/airflow/dags/clickstream_clean_events_dag.py took 0.128 seconds
[2026-08-13T10:35:23.941+0000] {processor.py:161} INFO - Started process (PID=8398) to work on /opt/airflow/dags/clickstream_clean_events_dag.py
[2026-08-13T10:35:23.943+0000] {processor.py:830} INFO - Processing file /opt/airflow/dags/clickstream_clean_events_dag.py for tasks to queue
[2026-08-13T10:35:23.947+0000] {logging_mixin.py:188} INFO - [2026-08-13T10:35:23.947+0000] {dagbag.py:545} INFO - Filling up the DagBag from /opt/airflow/dags/clickstream_clean_events_dag.py
[2026-08-13T10:35:23.977+0000] {processor.py:840} INFO - DAG(s) 'clickstream_clean_events' retrieved from /opt/airflow/dags/clickstream_clean_events_dag.py
[2026-08-13T10:35:24.029+0000] {logging_mixin.py:188} INFO - [2026-08-13T10:35:24.029+0000] {dag.py:3089} INFO - Sync 1 DAGs
[2026-08-13T10:35:24.056+0000] {logging_mixin.py:188} INFO - [2026-08-13T10:35:24.056+0000] {dag.py:3947} INFO - Setting next_dagrun for clickstream_clean_events to None, run_after=None
[2026-08-13T10:35:24.098+0000] {processor.py:183} INFO - Processing /opt/airflow/dags/clickstream_clean_events_dag.py took 0.171 seconds
[2026-08-13T10:35:54.217+0000] {processor.py:161} INFO - Started process (PID=8422) to work on /opt/airflow/dags/clickstream_clean_events_dag.py
[2026-08-13T10:35:54.219+0000] {processor.py:830} INFO - Processing file /opt/airflow/dags/clickstream_clean_events_dag.py for tasks to queue
[2026-08-13T10:35:54.223+0000] {logging_mixin.py:188} INFO - [2026-08-13T10:35:54.222+0000] {dagbag.py:545} INFO - Filling up the DagBag from /opt/airflow/dags/clickstream_clean_events_dag.py
[2026-08-13T10:35:54.251+0000] {processor.py:840} INFO - DAG(s) 'clickstream_clean_events' retrieved from /opt/airflow/dags/clickstream_clean_events_dag.py
[2026-08-13T10:35:54.309+0000] {logging_mixin.py:188} INFO - [2026-08-13T10:35:54.308+0000] {dag.py:3089} INFO - Sync 1 DAGs
[2026-08-13T10:35:54.338+0000] {logging_mixin.py:188} INFO - [2026-08-13T10:35:54.338+0000] {dag.py:3947} INFO - Setting next_dagrun for clickstream_clean_events to None, run_after=None
[2026-08-13T10:35:54.378+0000] {processor.py:183} INFO - Processing /opt/airflow/dags/clickstream_clean_events_dag.py took 0.176 seconds
[2026-08-13T10:36:24.742+0000] {processor.py:161} INFO - Started process (PID=8446) to work on /opt/airflow/dags/clickstream_clean_events_dag.py
[2026-08-13T10:36:24.747+0000] {processor.py:830} INFO - Processing file /opt/airflow/dags/clickstream_clean_events_dag.py for tasks to queue
[2026-08-13T10:36:24.753+0000] {logging_mixin.py:188} INFO - [2026-08-13T10:36:24.752+0000] {dagbag.py:545} INFO - Filling up the DagBag from /opt/airflow/dags/clickstream_clean_events_dag.py
[2026-08-13T10:36:24.812+0000] {processor.py:840} INFO - DAG(s) 'clickstream_clean_events' retrieved from /opt/airflow/dags/clickstream_clean_events_dag.py
[2026-08-13T10:36:24.909+0000] {logging_mixin.py:188} INFO - [2026-08-13T10:36:24.908+0000] {dag.py:3089} INFO - Sync 1 DAGs
[2026-08-13T10:36:24.947+0000] {logging_mixin.py:188} INFO - [2026-08-13T10:36:24.947+0000] {dag.py:3947} INFO - Setting next_dagrun for clickstream_clean_events to None, run_after=None
[2026-08-13T10:36:25.012+0000] {processor.py:183} INFO - Processing /opt/airflow/dags/clickstream_clean_events_dag.py took 0.295 seconds
[2026-08-13T10:36:55.401+0000] {processor.py:161} INFO - Started process (PID=8470) to work on /opt/airflow/dags/clickstream_clean_events_dag.py
[2026-08-13T10:36:55.406+0000] {processor.py:830} INFO - Processing file /opt/airflow/dags/clickstream_clean_events_dag.py for tasks to queue
[2026-08-13T10:36:55.415+0000] {logging_mixin.py:188} INFO - [2026-08-13T10:36:55.413+0000] {dagbag.py:545} INFO - Filling up the DagBag from /opt/airflow/dags/clickstream_clean_events_dag.py
[2026-08-13T10:36:55.476+0000] {processor.py:840} INFO - DAG(s) 'clickstream_clean_events' retrieved from /opt/airflow/dags/clickstream_clean_events_dag.py
[2026-08-13T10:36:55.616+0000] {logging_mixin.py:188} INFO - [2026-08-13T10:36:55.616+0000] {dag.py:3089} INFO - Sync 1 DAGs
[2026-08-13T10:36:55.689+0000] {logging_mixin.py:188} INFO - [2026-08-13T10:36:55.688+0000] {dag.py:3947} INFO - Setting next_dagrun for clickstream_clean_events to None, run_after=None
[2026-08-13T10:36:55.785+0000] {processor.py:183} INFO - Processing /opt/airflow/dags/clickstream_clean_events_dag.py took 0.416 seconds
[2026-08-13T10:37:26.195+0000] {processor.py:161} INFO - Started process (PID=8494) to work on /opt/airflow/dags/clickstream_clean_events_dag.py
[2026-08-13T10:37:26.199+0000] {processor.py:830} INFO - Processing file /opt/airflow/dags/clickstream_clean_events_dag.py for tasks to queue
[2026-08-13T10:37:26.206+0000] {logging_mixin.py:188} INFO - [2026-08-13T10:37:26.204+0000] {dagbag.py:545} INFO - Filling up the DagBag from /opt/airflow/dags/clickstream_clean_events_dag.py
[2026-08-13T10:37:26.263+0000] {processor.py:840} INFO - DAG(s) 'clickstream_clean_events' retrieved from /opt/airflow/dags/clickstream_clean_events_dag.py
[2026-08-13T10:37:26.378+0000] {logging_mixin.py:188} INFO - [2026-08-13T10:37:26.377+0000] {dag.py:3089} INFO - Sync 1 DAGs
[2026-08-13T10:37:26.443+0000] {logging_mixin.py:188} INFO - [2026-08-13T10:37:26.443+0000] {dag.py:3947} INFO - Setting next_dagrun for clickstream_clean_events to None, run_after=None
[2026-08-13T10:37:26.549+0000] {processor.py:183} INFO - Processing /opt/airflow/dags/clickstream_clean_events_dag.py took 0.377 seconds
[2026-08-13T10:37:56.869+0000] {processor.py:161} INFO - Started process (PID=8519) to work on /opt/airflow/dags/clickstream_clean_events_dag.py
[2026-08-13T10:37:56.872+0000] {processor.py:830} INFO - Processing file /opt/airflow/dags/clickstream_clean_events_dag.py for tasks to queue
[2026-08-13T10:37:56.878+0000] {logging_mixin.py:188} INFO - [2026-08-13T10:37:56.876+0000] {dagbag.py:545} INFO - Filling up the DagBag from /opt/airflow/dags/clickstream_clean_events_dag.py
[2026-08-13T10:37:56.923+0000] {processor.py:840} INFO - DAG(s) 'clickstream_clean_events' retrieved from /opt/airflow/dags/clickstream_clean_events_dag.py
[2026-08-13T10:37:57.005+0000] {logging_mixin.py:188} INFO - [2026-08-13T10:37:57.004+0000] {dag.py:3089} INFO - Sync 1 DAGs
[2026-08-13T10:37:57.043+0000] {logging_mixin.py:188} INFO - [2026-08-13T10:37:57.043+0000] {dag.py:3947} INFO - Setting next_dagrun for clickstream_clean_events to None, run_after=None
[2026-08-13T10:37:57.097+0000] {processor.py:183} INFO - Processing /opt/airflow/dags/clickstream_clean_events_dag.py took 0.246 seconds
[2026-08-13T10:38:27.420+0000] {processor.py:161} INFO - Started process (PID=8543) to work on /opt/airflow/dags/clickstream_clean_events_dag.py
[2026-08-13T10:38:27.423+0000] {processor.py:830} INFO - Processing file /opt/airflow/dags/clickstream_clean_events_dag.py for tasks to queue
[2026-08-13T10:38:27.429+0000] {logging_mixin.py:188} INFO - [2026-08-13T10:38:27.428+0000] {dagbag.py:545} INFO - Filling up the DagBag from /opt/airflow/dags/clickstream_clean_events_dag.py
[2026-08-13T10:38:27.466+0000] {processor.py:840} INFO - DAG(s) 'clickstream_clean_events' retrieved from /opt/airflow/dags/clickstream_clean_events_dag.py
[2026-08-13T10:38:27.526+0000] {logging_mixin.py:188} INFO - [2026-08-13T10:38:27.526+0000] {dag.py:3089} INFO - Sync 1 DAGs
[2026-08-13T10:38:27.558+0000] {logging_mixin.py:188} INFO - [2026-08-13T10:38:27.557+0000] {dag.py:3947} INFO - Setting next_dagrun for clickstream_clean_events to None, run_after=None
[2026-08-13T10:38:27.613+0000] {processor.py:183} INFO - Processing /opt/airflow/dags/clickstream_clean_events_dag.py took 0.210 seconds
[2026-08-13T10:38:58.279+0000] {processor.py:161} INFO - Started process (PID=8567) to work on /opt/airflow/dags/clickstream_clean_events_dag.py
[2026-08-13T10:38:58.281+0000] {processor.py:830} INFO - Processing file /opt/airflow/dags/clickstream_clean_events_dag.py for tasks to queue
[2026-08-13T10:38:58.286+0000] {logging_mixin.py:188} INFO - [2026-08-13T10:38:58.285+0000] {dagbag.py:545} INFO - Filling up the DagBag from /opt/airflow/dags/clickstream_clean_events_dag.py
[2026-08-13T10:38:58.318+0000] {processor.py:840} INFO - DAG(s) 'clickstream_clean_events' retrieved from /opt/airflow/dags/clickstream_clean_events_dag.py
[2026-08-13T10:38:58.375+0000] {logging_mixin.py:188} INFO - [2026-08-13T10:38:58.375+0000] {dag.py:3089} INFO - Sync 1 DAGs
[2026-08-13T10:38:58.403+0000] {logging_mixin.py:188} INFO - [2026-08-13T10:38:58.403+0000] {dag.py:3947} INFO - Setting next_dagrun for clickstream_clean_events to None, run_after=None
[2026-08-13T10:38:58.442+0000] {processor.py:183} INFO - Processing /opt/airflow/dags/clickstream_clean_events_dag.py took 0.175 seconds
[2026-08-13T10:39:28.622+0000] {processor.py:161} INFO - Started process (PID=8584) to work on /opt/airflow/dags/clickstream_clean_events_dag.py
[2026-08-13T10:39:28.624+0000] {processor.py:830} INFO - Processing file /opt/airflow/dags/clickstream_clean_events_dag.py for tasks to queue
[2026-08-13T10:39:28.630+0000] {logging_mixin.py:188} INFO - [2026-08-13T10:39:28.629+0000] {dagbag.py:545} INFO - Filling up the DagBag from /opt/airflow/dags/clickstream_clean_events_dag.py
[2026-08-13T10:39:28.665+0000] {processor.py:840} INFO - DAG(s) 'clickstream_clean_events' retrieved from /opt/airflow/dags/clickstream_clean_events_dag.py
[2026-08-13T10:39:28.732+0000] {logging_mixin.py:188} INFO - [2026-08-13T10:39:28.731+0000] {dag.py:3089} INFO - Sync 1 DAGs
[2026-08-13T10:39:28.761+0000] {logging_mixin.py:188} INFO - [2026-08-13T10:39:28.760+0000] {dag.py:3947} INFO - Setting next_dagrun for clickstream_clean_events to None, run_after=None
[2026-08-13T10:39:28.815+0000] {processor.py:183} INFO - Processing /opt/airflow/dags/clickstream_clean_events_dag.py took 0.207 seconds
[2026-08-13T10:39:59.119+0000] {processor.py:161} INFO - Started process (PID=8608) to work on /opt/airflow/dags/clickstream_clean_events_dag.py
[2026-08-13T10:39:59.122+0000] {processor.py:830} INFO - Processing file /opt/airflow/dags/clickstream_clean_events_dag.py for tasks to queue
[2026-08-13T10:39:59.126+0000] {logging_mixin.py:188} INFO - [2026-08-13T10:39:59.126+0000] {dagbag.py:545} INFO - Filling up the DagBag from /opt/airflow/dags/clickstream_clean_events_dag.py
[2026-08-13T10:39:59.156+0000] {processor.py:840} INFO - DAG(s) 'clickstream_clean_events' retrieved from /opt/airflow/dags/clickstream_clean_events_dag.py
[2026-08-13T10:39:59.209+0000] {logging_mixin.py:188} INFO - [2026-08-13T10:39:59.209+0000] {dag.py:3089} INFO - Sync 1 DAGs
[2026-08-13T10:39:59.236+0000] {logging_mixin.py:188} INFO - [2026-08-13T10:39:59.236+0000] {dag.py:3947} INFO - Setting next_dagrun for clickstream_clean_events to None, run_after=None
[2026-08-13T10:39:59.274+0000] {processor.py:183} INFO - Processing /opt/airflow/dags/clickstream_clean_events_dag.py took 0.168 seconds
[2026-08-13T10:40:29.591+0000] {processor.py:161} INFO - Started process (PID=8632) to work on /opt/airflow/dags/clickstream_clean_events_dag.py
[2026-08-13T10:40:29.593+0000] {processor.py:830} INFO - Processing file /opt/airflow/dags/clickstream_clean_events_dag.py for tasks to queue
[2026-08-13T10:40:29.598+0000] {logging_mixin.py:188} INFO - [2026-08-13T10:40:29.597+0000] {dagbag.py:545} INFO - Filling up the DagBag from /opt/airflow/dags/clickstream_clean_events_dag.py
[2026-08-13T10:40:29.631+0000] {processor.py:840} INFO - DAG(s) 'clickstream_clean_events' retrieved from /opt/airflow/dags/clickstream_clean_events_dag.py
[2026-08-13T10:40:29.696+0000] {logging_mixin.py:188} INFO - [2026-08-13T10:40:29.696+0000] {dag.py:3089} INFO - Sync 1 DAGs
[2026-08-13T10:40:29.723+0000] {logging_mixin.py:188} INFO - [2026-08-13T10:40:29.723+0000] {dag.py:3947} INFO - Setting next_dagrun for clickstream_clean_events to None, run_after=None
[2026-08-13T10:40:29.762+0000] {processor.py:183} INFO - Processing /opt/airflow/dags/clickstream_clean_events_dag.py took 0.186 seconds
[2026-08-13T10:40:59.904+0000] {processor.py:161} INFO - Started process (PID=8656) to work on /opt/airflow/dags/clickstream_clean_events_dag.py
[2026-08-13T10:40:59.906+0000] {processor.py:830} INFO - Processing file /opt/airflow/dags/clickstream_clean_events_dag.py for tasks to queue
[2026-08-13T10:40:59.909+0000] {logging_mixin.py:188} INFO - [2026-08-13T10:40:59.909+0000] {dagbag.py:545} INFO - Filling up the DagBag from /opt/airflow/dags/clickstream_clean_events_dag.py
[2026-08-13T10:40:59.939+0000] {processor.py:840} INFO - DAG(s) 'clickstream_clean_events' retrieved from /opt/airflow/dags/clickstream_clean_events_dag.py
[2026-08-13T10:40:59.996+0000] {logging_mixin.py:188} INFO - [2026-08-13T10:40:59.995+0000] {dag.py:3089} INFO - Sync 1 DAGs
[2026-08-13T10:41:00.028+0000] {logging_mixin.py:188} INFO - [2026-08-13T10:41:00.027+0000] {dag.py:3947} INFO - Setting next_dagrun for clickstream_clean_events to None, run_after=None
[2026-08-13T10:41:00.070+0000] {processor.py:183} INFO - Processing /opt/airflow/dags/clickstream_clean_events_dag.py took 0.175 seconds
[2026-08-13T10:41:30.397+0000] {processor.py:161} INFO - Started process (PID=8680) to work on /opt/airflow/dags/clickstream_clean_events_dag.py
[2026-08-13T10:41:30.400+0000] {processor.py:830} INFO - Processing file /opt/airflow/dags/clickstream_clean_events_dag.py for tasks to queue
[2026-08-13T10:41:30.404+0000] {logging_mixin.py:188} INFO - [2026-08-13T10:41:30.404+0000] {dagbag.py:545} INFO - Filling up the DagBag from /opt/airflow/dags/clickstream_clean_events_dag.py
[2026-08-13T10:41:30.439+0000] {processor.py:840} INFO - DAG(s) 'clickstream_clean_events' retrieved from /opt/airflow/dags/clickstream_clean_events_dag.py
[2026-08-13T10:41:30.529+0000] {logging_mixin.py:188} INFO - [2026-08-13T10:41:30.529+0000] {dag.py:3089} INFO - Sync 1 DAGs
[2026-08-13T10:41:30.614+0000] {logging_mixin.py:188} INFO - [2026-08-13T10:41:30.606+0000] {dag.py:3947} INFO - Setting next_dagrun for clickstream_clean_events to None, run_after=None
[2026-08-13T10:41:30.681+0000] {processor.py:183} INFO - Processing /opt/airflow/dags/clickstream_clean_events_dag.py took 0.299 seconds
[2026-08-13T10:42:01.210+0000] {processor.py:161} INFO - Started process (PID=8704) to work on /opt/airflow/dags/clickstream_clean_events_dag.py
[2026-08-13T10:42:01.213+0000] {processor.py:830} INFO - Processing file /opt/airflow/dags/clickstream_clean_events_dag.py for tasks to queue
[2026-08-13T10:42:01.220+0000] {logging_mixin.py:188} INFO - [2026-08-13T10:42:01.219+0000] {dagbag.py:545} INFO - Filling up the DagBag from /opt/airflow/dags/clickstream_clean_events_dag.py
[2026-08-13T10:42:01.267+0000] {processor.py:840} INFO - DAG(s) 'clickstream_clean_events' retrieved from /opt/airflow/dags/clickstream_clean_events_dag.py
[2026-08-13T10:42:01.345+0000] {logging_mixin.py:188} INFO - [2026-08-13T10:42:01.345+0000] {dag.py:3089} INFO - Sync 1 DAGs
[2026-08-13T10:42:01.378+0000] {logging_mixin.py:188} INFO - [2026-08-13T10:42:01.377+0000] {dag.py:3947} INFO - Setting next_dagrun for clickstream_clean_events to None, run_after=None
[2026-08-13T10:42:01.427+0000] {processor.py:183} INFO - Processing /opt/airflow/dags/clickstream_clean_events_dag.py took 0.241 seconds
[2026-08-13T10:42:31.684+0000] {processor.py:161} INFO - Started process (PID=8728) to work on /opt/airflow/dags/clickstream_clean_events_dag.py
[2026-08-13T10:42:31.685+0000] {processor.py:830} INFO - Processing file /opt/airflow/dags/clickstream_clean_events_dag.py for tasks to queue
[2026-08-13T10:42:31.687+0000] {logging_mixin.py:188} INFO - [2026-08-13T10:42:31.687+0000] {dagbag.py:545} INFO - Filling up the DagBag from /opt/airflow/dags/clickstream_clean_events_dag.py
[2026-08-13T10:42:31.702+0000] {processor.py:840} INFO - DAG(s) 'clickstream_clean_events' retrieved from /opt/airflow/dags/clickstream_clean_events_dag.py
[2026-08-13T10:42:31.728+0000] {logging_mixin.py:188} INFO - [2026-08-13T10:42:31.728+0000] {dag.py:3089} INFO - Sync 1 DAGs
[2026-08-13T10:42:31.741+0000] {logging_mixin.py:188} INFO - [2026-08-13T10:42:31.740+0000] {dag.py:3947} INFO - Setting next_dagrun for clickstream_clean_events to None, run_after=None
[2026-08-13T10:42:31.762+0000] {processor.py:183} INFO - Processing /opt/airflow/dags/clickstream_clean_events_dag.py took 0.083 seconds
[2026-08-13T10:43:01.913+0000] {processor.py:161} INFO - Started process (PID=8752) to work on /opt/airflow/dags/clickstream_clean_events_dag.py
[2026-08-13T10:43:01.915+0000] {processor.py:830} INFO - Processing file /opt/airflow/dags/clickstream_clean_events_dag.py for tasks to queue
[2026-08-13T10:43:01.917+0000] {logging_mixin.py:188} INFO - [2026-08-13T10:43:01.917+0000] {dagbag.py:545} INFO - Filling up the DagBag from /opt/airflow/dags/clickstream_clean_events_dag.py
[2026-08-13T10:43:01.932+0000] {processor.py:840} INFO - DAG(s) 'clickstream_clean_events' retrieved from /opt/airflow/dags/clickstream_clean_events_dag.py
[2026-08-13T10:43:01.959+0000] {logging_mixin.py:188} INFO - [2026-08-13T10:43:01.959+0000] {dag.py:3089} INFO - Sync 1 DAGs
[2026-08-13T10:43:01.973+0000] {logging_mixin.py:188} INFO - [2026-08-13T10:43:01.972+0000] {dag.py:3947} INFO - Setting next_dagrun for clickstream_clean_events to None, run_after=None
[2026-08-13T10:43:01.990+0000] {processor.py:183} INFO - Processing /opt/airflow/dags/clickstream_clean_events_dag.py took 0.084 seconds
[2026-08-13T10:43:32.306+0000] {processor.py:161} INFO - Started process (PID=8777) to work on /opt/airflow/dags/clickstream_clean_events_dag.py
[2026-08-13T10:43:32.327+0000] {processor.py:830} INFO - Processing file /opt/airflow/dags/clickstream_clean_events_dag.py for tasks to queue
[2026-08-13T10:43:32.396+0000] {logging_mixin.py:188} INFO - [2026-08-13T10:43:32.386+0000] {dagbag.py:545} INFO - Filling up the DagBag from /opt/airflow/dags/clickstream_clean_events_dag.py
[2026-08-13T10:43:32.587+0000] {processor.py:840} INFO - DAG(s) 'clickstream_clean_events' retrieved from /opt/airflow/dags/clickstream_clean_events_dag.py
[2026-08-13T10:43:32.910+0000] {logging_mixin.py:188} INFO - [2026-08-13T10:43:32.909+0000] {dag.py:3089} INFO - Sync 1 DAGs
[2026-08-13T10:43:33.119+0000] {logging_mixin.py:188} INFO - [2026-08-13T10:43:33.118+0000] {dag.py:3947} INFO - Setting next_dagrun for clickstream_clean_events to None, run_after=None
[2026-08-13T10:43:33.305+0000] {processor.py:183} INFO - Processing /opt/airflow/dags/clickstream_clean_events_dag.py took 1.077 seconds
[2026-08-13T10:44:03.751+0000] {processor.py:161} INFO - Started process (PID=8801) to work on /opt/airflow/dags/clickstream_clean_events_dag.py
[2026-08-13T10:44:03.753+0000] {processor.py:830} INFO - Processing file /opt/airflow/dags/clickstream_clean_events_dag.py for tasks to queue
[2026-08-13T10:44:03.757+0000] {logging_mixin.py:188} INFO - [2026-08-13T10:44:03.757+0000] {dagbag.py:545} INFO - Filling up the DagBag from /opt/airflow/dags/clickstream_clean_events_dag.py
[2026-08-13T10:44:03.785+0000] {processor.py:840} INFO - DAG(s) 'clickstream_clean_events' retrieved from /opt/airflow/dags/clickstream_clean_events_dag.py
[2026-08-13T10:44:03.840+0000] {logging_mixin.py:188} INFO - [2026-08-13T10:44:03.839+0000] {dag.py:3089} INFO - Sync 1 DAGs
[2026-08-13T10:44:03.868+0000] {logging_mixin.py:188} INFO - [2026-08-13T10:44:03.868+0000] {dag.py:3947} INFO - Setting next_dagrun for clickstream_clean_events to None, run_after=None
[2026-08-13T10:44:03.908+0000] {processor.py:183} INFO - Processing /opt/airflow/dags/clickstream_clean_events_dag.py took 0.168 seconds
[2026-08-13T10:44:34.256+0000] {processor.py:161} INFO - Started process (PID=8825) to work on /opt/airflow/dags/clickstream_clean_events_dag.py
[2026-08-13T10:44:34.260+0000] {processor.py:830} INFO - Processing file /opt/airflow/dags/clickstream_clean_events_dag.py for tasks to queue
[2026-08-13T10:44:34.269+0000] {logging_mixin.py:188} INFO - [2026-08-13T10:44:34.268+0000] {dagbag.py:545} INFO - Filling up the DagBag from /opt/airflow/dags/clickstream_clean_events_dag.py
[2026-08-13T10:44:34.351+0000] {processor.py:840} INFO - DAG(s) 'clickstream_clean_events' retrieved from /opt/airflow/dags/clickstream_clean_events_dag.py
[2026-08-13T10:44:34.478+0000] {logging_mixin.py:188} INFO - [2026-08-13T10:44:34.477+0000] {dag.py:3089} INFO - Sync 1 DAGs
[2026-08-13T10:44:34.534+0000] {logging_mixin.py:188} INFO - [2026-08-13T10:44:34.533+0000] {dag.py:3947} INFO - Setting next_dagrun for clickstream_clean_events to None, run_after=None
[2026-08-13T10:44:34.634+0000] {processor.py:183} INFO - Processing /opt/airflow/dags/clickstream_clean_events_dag.py took 0.406 seconds
[2026-08-13T10:45:05.130+0000] {processor.py:161} INFO - Started process (PID=8842) to work on /opt/airflow/dags/clickstream_clean_events_dag.py
[2026-08-13T10:45:05.132+0000] {processor.py:830} INFO - Processing file /opt/airflow/dags/clickstream_clean_events_dag.py for tasks to queue
[2026-08-13T10:45:05.137+0000] {logging_mixin.py:188} INFO - [2026-08-13T10:45:05.136+0000] {dagbag.py:545} INFO - Filling up the DagBag from /opt/airflow/dags/clickstream_clean_events_dag.py
[2026-08-13T10:45:05.168+0000] {processor.py:840} INFO - DAG(s) 'clickstream_clean_events' retrieved from /opt/airflow/dags/clickstream_clean_events_dag.py
[2026-08-13T10:45:05.224+0000] {logging_mixin.py:188} INFO - [2026-08-13T10:45:05.223+0000] {dag.py:3089} INFO - Sync 1 DAGs
[2026-08-13T10:45:05.250+0000] {logging_mixin.py:188} INFO - [2026-08-13T10:45:05.250+0000] {dag.py:3947} INFO - Setting next_dagrun for clickstream_clean_events to None, run_after=None
[2026-08-13T10:45:05.297+0000] {processor.py:183} INFO - Processing /opt/airflow/dags/clickstream_clean_events_dag.py took 0.187 seconds
[2026-08-13T10:45:35.654+0000] {processor.py:161} INFO - Started process (PID=8866) to work on /opt/airflow/dags/clickstream_clean_events_dag.py
[2026-08-13T10:45:35.657+0000] {processor.py:830} INFO - Processing file /opt/airflow/dags/clickstream_clean_events_dag.py for tasks to queue
[2026-08-13T10:45:35.670+0000] {logging_mixin.py:188} INFO - [2026-08-13T10:45:35.669+0000] {dagbag.py:545} INFO - Filling up the DagBag from /opt/airflow/dags/clickstream_clean_events_dag.py
[2026-08-13T10:45:35.706+0000] {processor.py:840} INFO - DAG(s) 'clickstream_clean_events' retrieved from /opt/airflow/dags/clickstream_clean_events_dag.py
[2026-08-13T10:45:35.768+0000] {logging_mixin.py:188} INFO - [2026-08-13T10:45:35.768+0000] {dag.py:3089} INFO - Sync 1 DAGs
[2026-08-13T10:45:35.797+0000] {logging_mixin.py:188} INFO - [2026-08-13T10:45:35.797+0000] {dag.py:3947} INFO - Setting next_dagrun for clickstream_clean_events to None, run_after=None
[2026-08-13T10:45:35.840+0000] {processor.py:183} INFO - Processing /opt/airflow/dags/clickstream_clean_events_dag.py took 0.200 seconds
[2026-08-13T10:46:06.686+0000] {processor.py:161} INFO - Started process (PID=8890) to work on /opt/airflow/dags/clickstream_clean_events_dag.py
[2026-08-13T10:46:06.692+0000] {processor.py:830} INFO - Processing file /opt/airflow/dags/clickstream_clean_events_dag.py for tasks to queue
[2026-08-13T10:46:06.722+0000] {logging_mixin.py:188} INFO - [2026-08-13T10:46:06.719+0000] {dagbag.py:545} INFO - Filling up the DagBag from /opt/airflow/dags/clickstream_clean_events_dag.py
[2026-08-13T10:46:06.959+0000] {processor.py:840} INFO - DAG(s) 'clickstream_clean_events' retrieved from /opt/airflow/dags/clickstream_clean_events_dag.py
[2026-08-13T10:46:07.343+0000] {logging_mixin.py:188} INFO - [2026-08-13T10:46:07.342+0000] {dag.py:3089} INFO - Sync 1 DAGs
[2026-08-13T10:46:07.477+0000] {logging_mixin.py:188} INFO - [2026-08-13T10:46:07.476+0000] {dag.py:3947} INFO - Setting next_dagrun for clickstream_clean_events to None, run_after=None
[2026-08-13T10:46:07.684+0000] {processor.py:183} INFO - Processing /opt/airflow/dags/clickstream_clean_events_dag.py took 1.039 seconds
[2026-08-13T10:46:38.061+0000] {processor.py:161} INFO - Started process (PID=8914) to work on /opt/airflow/dags/clickstream_clean_events_dag.py
[2026-08-13T10:46:38.063+0000] {processor.py:830} INFO - Processing file /opt/airflow/dags/clickstream_clean_events_dag.py for tasks to queue
[2026-08-13T10:46:38.066+0000] {logging_mixin.py:188} INFO - [2026-08-13T10:46:38.066+0000] {dagbag.py:545} INFO - Filling up the DagBag from /opt/airflow/dags/clickstream_clean_events_dag.py
[2026-08-13T10:46:38.092+0000] {processor.py:840} INFO - DAG(s) 'clickstream_clean_events' retrieved from /opt/airflow/dags/clickstream_clean_events_dag.py
[2026-08-13T10:46:38.141+0000] {logging_mixin.py:188} INFO - [2026-08-13T10:46:38.140+0000] {dag.py:3089} INFO - Sync 1 DAGs
[2026-08-13T10:46:38.168+0000] {logging_mixin.py:188} INFO - [2026-08-13T10:46:38.168+0000] {dag.py:3947} INFO - Setting next_dagrun for clickstream_clean_events to None, run_after=None
[2026-08-13T10:46:38.201+0000] {processor.py:183} INFO - Processing /opt/airflow/dags/clickstream_clean_events_dag.py took 0.149 seconds
[2026-08-13T10:47:08.598+0000] {processor.py:161} INFO - Started process (PID=8938) to work on /opt/airflow/dags/clickstream_clean_events_dag.py
[2026-08-13T10:47:08.601+0000] {processor.py:830} INFO - Processing file /opt/airflow/dags/clickstream_clean_events_dag.py for tasks to queue
[2026-08-13T10:47:08.605+0000] {logging_mixin.py:188} INFO - [2026-08-13T10:47:08.604+0000] {dagbag.py:545} INFO - Filling up the DagBag from /opt/airflow/dags/clickstream_clean_events_dag.py
[2026-08-13T10:47:08.634+0000] {processor.py:840} INFO - DAG(s) 'clickstream_clean_events' retrieved from /opt/airflow/dags/clickstream_clean_events_dag.py
[2026-08-13T10:47:08.691+0000] {logging_mixin.py:188} INFO - [2026-08-13T10:47:08.690+0000] {dag.py:3089} INFO - Sync 1 DAGs
[2026-08-13T10:47:08.719+0000] {logging_mixin.py:188} INFO - [2026-08-13T10:47:08.719+0000] {dag.py:3947} INFO - Setting next_dagrun for clickstream_clean_events to None, run_after=None
[2026-08-13T10:47:08.767+0000] {processor.py:183} INFO - Processing /opt/airflow/dags/clickstream_clean_events_dag.py took 0.185 seconds
[2026-08-13T10:47:39.273+0000] {processor.py:161} INFO - Started process (PID=8955) to work on /opt/airflow/dags/clickstream_clean_events_dag.py
[2026-08-13T10:47:39.274+0000] {processor.py:830} INFO - Processing file /opt/airflow/dags/clickstream_clean_events_dag.py for tasks to queue
[2026-08-13T10:47:39.276+0000] {logging_mixin.py:188} INFO - [2026-08-13T10:47:39.276+0000] {dagbag.py:545} INFO - Filling up the DagBag from /opt/airflow/dags/clickstream_clean_events_dag.py
[2026-08-13T10:47:39.293+0000] {processor.py:840} INFO - DAG(s) 'clickstream_clean_events' retrieved from /opt/airflow/dags/clickstream_clean_events_dag.py
[2026-08-13T10:47:39.328+0000] {logging_mixin.py:188} INFO - [2026-08-13T10:47:39.328+0000] {dag.py:3089} INFO - Sync 1 DAGs
[2026-08-13T10:47:39.343+0000] {logging_mixin.py:188} INFO - [2026-08-13T10:47:39.342+0000] {dag.py:3947} INFO - Setting next_dagrun for clickstream_clean_events to None, run_after=None
[2026-08-13T10:47:39.367+0000] {processor.py:183} INFO - Processing /opt/airflow/dags/clickstream_clean_events_dag.py took 0.100 seconds
[2026-08-13T10:48:09.503+0000] {processor.py:161} INFO - Started process (PID=8979) to work on /opt/airflow/dags/clickstream_clean_events_dag.py
[2026-08-13T10:48:09.505+0000] {processor.py:830} INFO - Processing file /opt/airflow/dags/clickstream_clean_events_dag.py for tasks to queue
[2026-08-13T10:48:09.508+0000] {logging_mixin.py:188} INFO - [2026-08-13T10:48:09.508+0000] {dagbag.py:545} INFO - Filling up the DagBag from /opt/airflow/dags/clickstream_clean_events_dag.py
[2026-08-13T10:48:09.529+0000] {processor.py:840} INFO - DAG(s) 'clickstream_clean_events' retrieved from /opt/airflow/dags/clickstream_clean_events_dag.py
[2026-08-13T10:48:09.565+0000] {logging_mixin.py:188} INFO - [2026-08-13T10:48:09.565+0000] {dag.py:3089} INFO - Sync 1 DAGs
[2026-08-13T10:48:09.583+0000] {logging_mixin.py:188} INFO - [2026-08-13T10:48:09.582+0000] {dag.py:3947} INFO - Setting next_dagrun for clickstream_clean_events to None, run_after=None
[2026-08-13T10:48:09.607+0000] {processor.py:183} INFO - Processing /opt/airflow/dags/clickstream_clean_events_dag.py took 0.112 seconds
[2026-08-13T10:48:39.827+0000] {processor.py:161} INFO - Started process (PID=9003) to work on /opt/airflow/dags/clickstream_clean_events_dag.py
[2026-08-13T10:48:39.829+0000] {processor.py:830} INFO - Processing file /opt/airflow/dags/clickstream_clean_events_dag.py for tasks to queue
[2026-08-13T10:48:39.834+0000] {logging_mixin.py:188} INFO - [2026-08-13T10:48:39.833+0000] {dagbag.py:545} INFO - Filling up the DagBag from /opt/airflow/dags/clickstream_clean_events_dag.py
[2026-08-13T10:48:39.860+0000] {processor.py:840} INFO - DAG(s) 'clickstream_clean_events' retrieved from /opt/airflow/dags/clickstream_clean_events_dag.py
[2026-08-13T10:48:39.905+0000] {logging_mixin.py:188} INFO - [2026-08-13T10:48:39.905+0000] {dag.py:3089} INFO - Sync 1 DAGs
[2026-08-13T10:48:39.927+0000] {logging_mixin.py:188} INFO - [2026-08-13T10:48:39.927+0000] {dag.py:3947} INFO - Setting next_dagrun for clickstream_clean_events to None, run_after=None
[2026-08-13T10:48:39.961+0000] {processor.py:183} INFO - Processing /opt/airflow/dags/clickstream_clean_events_dag.py took 0.145 seconds
[2026-08-13T10:49:10.271+0000] {processor.py:161} INFO - Started process (PID=9027) to work on /opt/airflow/dags/clickstream_clean_events_dag.py
[2026-08-13T10:49:10.273+0000] {processor.py:830} INFO - Processing file /opt/airflow/dags/clickstream_clean_events_dag.py for tasks to queue
[2026-08-13T10:49:10.277+0000] {logging_mixin.py:188} INFO - [2026-08-13T10:49:10.277+0000] {dagbag.py:545} INFO - Filling up the DagBag from /opt/airflow/dags/clickstream_clean_events_dag.py
[2026-08-13T10:49:10.305+0000] {processor.py:840} INFO - DAG(s) 'clickstream_clean_events' retrieved from /opt/airflow/dags/clickstream_clean_events_dag.py
[2026-08-13T10:49:10.346+0000] {logging_mixin.py:188} INFO - [2026-08-13T10:49:10.345+0000] {dag.py:3089} INFO - Sync 1 DAGs
[2026-08-13T10:49:10.368+0000] {logging_mixin.py:188} INFO - [2026-08-13T10:49:10.367+0000] {dag.py:3947} INFO - Setting next_dagrun for clickstream_clean_events to None, run_after=None
[2026-08-13T10:49:10.396+0000] {processor.py:183} INFO - Processing /opt/airflow/dags/clickstream_clean_events_dag.py took 0.136 seconds
[2026-08-13T10:49:40.513+0000] {processor.py:161} INFO - Started process (PID=9051) to work on /opt/airflow/dags/clickstream_clean_events_dag.py
[2026-08-13T10:49:40.515+0000] {processor.py:830} INFO - Processing file /opt/airflow/dags/clickstream_clean_events_dag.py for tasks to queue
[2026-08-13T10:49:40.519+0000] {logging_mixin.py:188} INFO - [2026-08-13T10:49:40.519+0000] {dagbag.py:545} INFO - Filling up the DagBag from /opt/airflow/dags/clickstream_clean_events_dag.py
[2026-08-13T10:49:40.553+0000] {processor.py:840} INFO - DAG(s) 'clickstream_clean_events' retrieved from /opt/airflow/dags/clickstream_clean_events_dag.py
[2026-08-13T10:49:40.606+0000] {logging_mixin.py:188} INFO - [2026-08-13T10:49:40.606+0000] {dag.py:3089} INFO - Sync 1 DAGs
[2026-08-13T10:49:40.626+0000] {logging_mixin.py:188} INFO - [2026-08-13T10:49:40.626+0000] {dag.py:3947} INFO - Setting next_dagrun for clickstream_clean_events to None, run_after=None
[2026-08-13T10:49:40.661+0000] {processor.py:183} INFO - Processing /opt/airflow/dags/clickstream_clean_events_dag.py took 0.158 seconds
[2026-08-13T10:50:10.850+0000] {processor.py:161} INFO - Started process (PID=9075) to work on /opt/airflow/dags/clickstream_clean_events_dag.py
[2026-08-13T10:50:10.852+0000] {processor.py:830} INFO - Processing file /opt/airflow/dags/clickstream_clean_events_dag.py for tasks to queue
[2026-08-13T10:50:10.855+0000] {logging_mixin.py:188} INFO - [2026-08-13T10:50:10.855+0000] {dagbag.py:545} INFO - Filling up the DagBag from /opt/airflow/dags/clickstream_clean_events_dag.py
[2026-08-13T10:50:10.878+0000] {processor.py:840} INFO - DAG(s) 'clickstream_clean_events' retrieved from /opt/airflow/dags/clickstream_clean_events_dag.py
[2026-08-13T10:50:10.919+0000] {logging_mixin.py:188} INFO - [2026-08-13T10:50:10.919+0000] {dag.py:3089} INFO - Sync 1 DAGs
[2026-08-13T10:50:10.938+0000] {logging_mixin.py:188} INFO - [2026-08-13T10:50:10.938+0000] {dag.py:3947} INFO - Setting next_dagrun for clickstream_clean_events to None, run_after=None
[2026-08-13T10:50:10.965+0000] {processor.py:183} INFO - Processing /opt/airflow/dags/clickstream_clean_events_dag.py took 0.124 seconds
[2026-08-13T10:50:41.105+0000] {processor.py:161} INFO - Started process (PID=9099) to work on /opt/airflow/dags/clickstream_clean_events_dag.py
[2026-08-13T10:50:41.107+0000] {processor.py:830} INFO - Processing file /opt/airflow/dags/clickstream_clean_events_dag.py for tasks to queue
[2026-08-13T10:50:41.110+0000] {logging_mixin.py:188} INFO - [2026-08-13T10:50:41.109+0000] {dagbag.py:545} INFO - Filling up the DagBag from /opt/airflow/dags/clickstream_clean_events_dag.py
[2026-08-13T10:50:41.133+0000] {processor.py:840} INFO - DAG(s) 'clickstream_clean_events' retrieved from /opt/airflow/dags/clickstream_clean_events_dag.py
[2026-08-13T10:50:41.173+0000] {logging_mixin.py:188} INFO - [2026-08-13T10:50:41.173+0000] {dag.py:3089} INFO - Sync 1 DAGs
[2026-08-13T10:50:41.193+0000] {logging_mixin.py:188} INFO - [2026-08-13T10:50:41.192+0000] {dag.py:3947} INFO - Setting next_dagrun for clickstream_clean_events to None, run_after=None
[2026-08-13T10:50:41.221+0000] {processor.py:183} INFO - Processing /opt/airflow/dags/clickstream_clean_events_dag.py took 0.125 seconds
[2026-08-13T10:51:11.463+0000] {processor.py:161} INFO - Started process (PID=9123) to work on /opt/airflow/dags/clickstream_clean_events_dag.py
[2026-08-13T10:51:11.464+0000] {processor.py:830} INFO - Processing file /opt/airflow/dags/clickstream_clean_events_dag.py for tasks to queue
[2026-08-13T10:51:11.468+0000] {logging_mixin.py:188} INFO - [2026-08-13T10:51:11.467+0000] {dagbag.py:545} INFO - Filling up the DagBag from /opt/airflow/dags/clickstream_clean_events_dag.py
[2026-08-13T10:51:11.491+0000] {processor.py:840} INFO - DAG(s) 'clickstream_clean_events' retrieved from /opt/airflow/dags/clickstream_clean_events_dag.py
[2026-08-13T10:51:11.531+0000] {logging_mixin.py:188} INFO - [2026-08-13T10:51:11.530+0000] {dag.py:3089} INFO - Sync 1 DAGs
[2026-08-13T10:51:11.548+0000] {logging_mixin.py:188} INFO - [2026-08-13T10:51:11.548+0000] {dag.py:3947} INFO - Setting next_dagrun for clickstream_clean_events to None, run_after=None
[2026-08-13T10:51:11.578+0000] {processor.py:183} INFO - Processing /opt/airflow/dags/clickstream_clean_events_dag.py took 0.125 seconds
[2026-08-13T10:51:41.889+0000] {processor.py:161} INFO - Started process (PID=9147) to work on /opt/airflow/dags/clickstream_clean_events_dag.py
[2026-08-13T10:51:41.891+0000] {processor.py:830} INFO - Processing file /opt/airflow/dags/clickstream_clean_events_dag.py for tasks to queue
[2026-08-13T10:51:41.895+0000] {logging_mixin.py:188} INFO - [2026-08-13T10:51:41.894+0000] {dagbag.py:545} INFO - Filling up the DagBag from /opt/airflow/dags/clickstream_clean_events_dag.py
[2026-08-13T10:51:41.934+0000] {processor.py:840} INFO - DAG(s) 'clickstream_clean_events' retrieved from /opt/airflow/dags/clickstream_clean_events_dag.py
[2026-08-13T10:51:41.999+0000] {logging_mixin.py:188} INFO - [2026-08-13T10:51:41.998+0000] {dag.py:3089} INFO - Sync 1 DAGs
[2026-08-13T10:51:42.029+0000] {logging_mixin.py:188} INFO - [2026-08-13T10:51:42.028+0000] {dag.py:3947} INFO - Setting next_dagrun for clickstream_clean_events to None, run_after=None
[2026-08-13T10:51:42.075+0000] {processor.py:183} INFO - Processing /opt/airflow/dags/clickstream_clean_events_dag.py took 0.203 seconds
[2026-08-13T10:52:12.364+0000] {processor.py:161} INFO - Started process (PID=9172) to work on /opt/airflow/dags/clickstream_clean_events_dag.py
[2026-08-13T10:52:12.365+0000] {processor.py:830} INFO - Processing file /opt/airflow/dags/clickstream_clean_events_dag.py for tasks to queue
[2026-08-13T10:52:12.368+0000] {logging_mixin.py:188} INFO - [2026-08-13T10:52:12.367+0000] {dagbag.py:545} INFO - Filling up the DagBag from /opt/airflow/dags/clickstream_clean_events_dag.py
[2026-08-13T10:52:12.383+0000] {processor.py:840} INFO - DAG(s) 'clickstream_clean_events' retrieved from /opt/airflow/dags/clickstream_clean_events_dag.py
[2026-08-13T10:52:12.409+0000] {logging_mixin.py:188} INFO - [2026-08-13T10:52:12.409+0000] {dag.py:3089} INFO - Sync 1 DAGs
[2026-08-13T10:52:12.421+0000] {logging_mixin.py:188} INFO - [2026-08-13T10:52:12.420+0000] {dag.py:3947} INFO - Setting next_dagrun for clickstream_clean_events to None, run_after=None
[2026-08-13T10:52:12.440+0000] {processor.py:183} INFO - Processing /opt/airflow/dags/clickstream_clean_events_dag.py took 0.082 seconds
[2026-08-13T10:52:42.624+0000] {processor.py:161} INFO - Started process (PID=9203) to work on /opt/airflow/dags/clickstream_clean_events_dag.py
[2026-08-13T10:52:42.625+0000] {processor.py:830} INFO - Processing file /opt/airflow/dags/clickstream_clean_events_dag.py for tasks to queue
[2026-08-13T10:52:42.629+0000] {logging_mixin.py:188} INFO - [2026-08-13T10:52:42.628+0000] {dagbag.py:545} INFO - Filling up the DagBag from /opt/airflow/dags/clickstream_clean_events_dag.py
[2026-08-13T10:52:42.649+0000] {processor.py:840} INFO - DAG(s) 'clickstream_clean_events' retrieved from /opt/airflow/dags/clickstream_clean_events_dag.py
[2026-08-13T10:52:42.684+0000] {logging_mixin.py:188} INFO - [2026-08-13T10:52:42.683+0000] {dag.py:3089} INFO - Sync 1 DAGs
[2026-08-13T10:52:42.699+0000] {logging_mixin.py:188} INFO - [2026-08-13T10:52:42.699+0000] {dag.py:3947} INFO - Setting next_dagrun for clickstream_clean_events to None, run_after=None
[2026-08-13T10:52:42.723+0000] {processor.py:183} INFO - Processing /opt/airflow/dags/clickstream_clean_events_dag.py took 0.107 seconds
[2026-08-13T10:53:12.880+0000] {processor.py:161} INFO - Started process (PID=9227) to work on /opt/airflow/dags/clickstream_clean_events_dag.py
[2026-08-13T10:53:12.881+0000] {processor.py:830} INFO - Processing file /opt/airflow/dags/clickstream_clean_events_dag.py for tasks to queue
[2026-08-13T10:53:12.884+0000] {logging_mixin.py:188} INFO - [2026-08-13T10:53:12.884+0000] {dagbag.py:545} INFO - Filling up the DagBag from /opt/airflow/dags/clickstream_clean_events_dag.py
[2026-08-13T10:53:12.897+0000] {processor.py:840} INFO - DAG(s) 'clickstream_clean_events' retrieved from /opt/airflow/dags/clickstream_clean_events_dag.py
[2026-08-13T10:53:12.921+0000] {logging_mixin.py:188} INFO - [2026-08-13T10:53:12.921+0000] {dag.py:3089} INFO - Sync 1 DAGs
[2026-08-13T10:53:12.932+0000] {logging_mixin.py:188} INFO - [2026-08-13T10:53:12.932+0000] {dag.py:3947} INFO - Setting next_dagrun for clickstream_clean_events to None, run_after=None
[2026-08-13T10:53:12.948+0000] {processor.py:183} INFO - Processing /opt/airflow/dags/clickstream_clean_events_dag.py took 0.072 seconds
[2026-08-13T10:53:43.319+0000] {processor.py:161} INFO - Started process (PID=9251) to work on /opt/airflow/dags/clickstream_clean_events_dag.py
[2026-08-13T10:53:43.320+0000] {processor.py:830} INFO - Processing file /opt/airflow/dags/clickstream_clean_events_dag.py for tasks to queue
[2026-08-13T10:53:43.322+0000] {logging_mixin.py:188} INFO - [2026-08-13T10:53:43.322+0000] {dagbag.py:545} INFO - Filling up the DagBag from /opt/airflow/dags/clickstream_clean_events_dag.py
[2026-08-13T10:53:43.342+0000] {processor.py:840} INFO - DAG(s) 'clickstream_clean_events' retrieved from /opt/airflow/dags/clickstream_clean_events_dag.py
[2026-08-13T10:53:43.376+0000] {logging_mixin.py:188} INFO - [2026-08-13T10:53:43.376+0000] {dag.py:3089} INFO - Sync 1 DAGs
[2026-08-13T10:53:43.393+0000] {logging_mixin.py:188} INFO - [2026-08-13T10:53:43.393+0000] {dag.py:3947} INFO - Setting next_dagrun for clickstream_clean_events to None, run_after=None
[2026-08-13T10:53:43.446+0000] {processor.py:183} INFO - Processing /opt/airflow/dags/clickstream_clean_events_dag.py took 0.136 seconds
[2026-08-13T10:54:13.776+0000] {processor.py:161} INFO - Started process (PID=9276) to work on /opt/airflow/dags/clickstream_clean_events_dag.py
[2026-08-13T10:54:13.777+0000] {processor.py:830} INFO - Processing file /opt/airflow/dags/clickstream_clean_events_dag.py for tasks to queue
[2026-08-13T10:54:13.779+0000] {logging_mixin.py:188} INFO - [2026-08-13T10:54:13.779+0000] {dagbag.py:545} INFO - Filling up the DagBag from /opt/airflow/dags/clickstream_clean_events_dag.py
[2026-08-13T10:54:13.799+0000] {processor.py:840} INFO - DAG(s) 'clickstream_clean_events' retrieved from /opt/airflow/dags/clickstream_clean_events_dag.py
[2026-08-13T10:54:13.834+0000] {logging_mixin.py:188} INFO - [2026-08-13T10:54:13.833+0000] {dag.py:3089} INFO - Sync 1 DAGs
[2026-08-13T10:54:13.849+0000] {logging_mixin.py:188} INFO - [2026-08-13T10:54:13.849+0000] {dag.py:3947} INFO - Setting next_dagrun for clickstream_clean_events to None, run_after=None
[2026-08-13T10:54:13.874+0000] {processor.py:183} INFO - Processing /opt/airflow/dags/clickstream_clean_events_dag.py took 0.107 seconds
[2026-08-13T10:54:44.157+0000] {processor.py:161} INFO - Started process (PID=9300) to work on /opt/airflow/dags/clickstream_clean_events_dag.py
[2026-08-13T10:54:44.158+0000] {processor.py:830} INFO - Processing file /opt/airflow/dags/clickstream_clean_events_dag.py for tasks to queue
[2026-08-13T10:54:44.160+0000] {logging_mixin.py:188} INFO - [2026-08-13T10:54:44.160+0000] {dagbag.py:545} INFO - Filling up the DagBag from /opt/airflow/dags/clickstream_clean_events_dag.py
[2026-08-13T10:54:44.174+0000] {processor.py:840} INFO - DAG(s) 'clickstream_clean_events' retrieved from /opt/airflow/dags/clickstream_clean_events_dag.py
[2026-08-13T10:54:44.200+0000] {logging_mixin.py:188} INFO - [2026-08-13T10:54:44.199+0000] {dag.py:3089} INFO - Sync 1 DAGs
[2026-08-13T10:54:44.212+0000] {logging_mixin.py:188} INFO - [2026-08-13T10:54:44.212+0000] {dag.py:3947} INFO - Setting next_dagrun for clickstream_clean_events to None, run_after=None
[2026-08-13T10:54:44.229+0000] {processor.py:183} INFO - Processing /opt/airflow/dags/clickstream_clean_events_dag.py took 0.079 seconds
[2026-08-13T10:55:14.416+0000] {processor.py:161} INFO - Started process (PID=9331) to work on /opt/airflow/dags/clickstream_clean_events_dag.py
[2026-08-13T10:55:14.417+0000] {processor.py:830} INFO - Processing file /opt/airflow/dags/clickstream_clean_events_dag.py for tasks to queue
[2026-08-13T10:55:14.419+0000] {logging_mixin.py:188} INFO - [2026-08-13T10:55:14.419+0000] {dagbag.py:545} INFO - Filling up the DagBag from /opt/airflow/dags/clickstream_clean_events_dag.py
[2026-08-13T10:55:14.439+0000] {processor.py:840} INFO - DAG(s) 'clickstream_clean_events' retrieved from /opt/airflow/dags/clickstream_clean_events_dag.py
[2026-08-13T10:55:14.474+0000] {logging_mixin.py:188} INFO - [2026-08-13T10:55:14.473+0000] {dag.py:3089} INFO - Sync 1 DAGs
[2026-08-13T10:55:14.491+0000] {logging_mixin.py:188} INFO - [2026-08-13T10:55:14.491+0000] {dag.py:3947} INFO - Setting next_dagrun for clickstream_clean_events to None, run_after=None
[2026-08-13T10:55:14.517+0000] {processor.py:183} INFO - Processing /opt/airflow/dags/clickstream_clean_events_dag.py took 0.108 seconds
[2026-08-13T10:55:44.790+0000] {processor.py:161} INFO - Started process (PID=9356) to work on /opt/airflow/dags/clickstream_clean_events_dag.py
[2026-08-13T10:55:44.792+0000] {processor.py:830} INFO - Processing file /opt/airflow/dags/clickstream_clean_events_dag.py for tasks to queue
[2026-08-13T10:55:44.794+0000] {logging_mixin.py:188} INFO - [2026-08-13T10:55:44.793+0000] {dagbag.py:545} INFO - Filling up the DagBag from /opt/airflow/dags/clickstream_clean_events_dag.py
[2026-08-13T10:55:44.809+0000] {processor.py:840} INFO - DAG(s) 'clickstream_clean_events' retrieved from /opt/airflow/dags/clickstream_clean_events_dag.py
[2026-08-13T10:55:44.840+0000] {logging_mixin.py:188} INFO - [2026-08-13T10:55:44.840+0000] {dag.py:3089} INFO - Sync 1 DAGs
[2026-08-13T10:55:44.852+0000] {logging_mixin.py:188} INFO - [2026-08-13T10:55:44.852+0000] {dag.py:3947} INFO - Setting next_dagrun for clickstream_clean_events to None, run_after=None
[2026-08-13T10:55:44.872+0000] {processor.py:183} INFO - Processing /opt/airflow/dags/clickstream_clean_events_dag.py took 0.088 seconds
[2026-08-13T10:56:15.036+0000] {processor.py:161} INFO - Started process (PID=9380) to work on /opt/airflow/dags/clickstream_clean_events_dag.py
[2026-08-13T10:56:15.037+0000] {processor.py:830} INFO - Processing file /opt/airflow/dags/clickstream_clean_events_dag.py for tasks to queue
[2026-08-13T10:56:15.040+0000] {logging_mixin.py:188} INFO - [2026-08-13T10:56:15.039+0000] {dagbag.py:545} INFO - Filling up the DagBag from /opt/airflow/dags/clickstream_clean_events_dag.py
[2026-08-13T10:56:15.055+0000] {processor.py:840} INFO - DAG(s) 'clickstream_clean_events' retrieved from /opt/airflow/dags/clickstream_clean_events_dag.py
[2026-08-13T10:56:15.082+0000] {logging_mixin.py:188} INFO - [2026-08-13T10:56:15.082+0000] {dag.py:3089} INFO - Sync 1 DAGs
[2026-08-13T10:56:15.094+0000] {logging_mixin.py:188} INFO - [2026-08-13T10:56:15.094+0000] {dag.py:3947} INFO - Setting next_dagrun for clickstream_clean_events to None, run_after=None
[2026-08-13T10:56:15.113+0000] {processor.py:183} INFO - Processing /opt/airflow/dags/clickstream_clean_events_dag.py took 0.082 seconds
[2026-08-13T10:56:45.303+0000] {processor.py:161} INFO - Started process (PID=9412) to work on /opt/airflow/dags/clickstream_clean_events_dag.py
[2026-08-13T10:56:45.305+0000] {processor.py:830} INFO - Processing file /opt/airflow/dags/clickstream_clean_events_dag.py for tasks to queue
[2026-08-13T10:56:45.309+0000] {logging_mixin.py:188} INFO - [2026-08-13T10:56:45.308+0000] {dagbag.py:545} INFO - Filling up the DagBag from /opt/airflow/dags/clickstream_clean_events_dag.py
[2026-08-13T10:56:45.334+0000] {processor.py:840} INFO - DAG(s) 'clickstream_clean_events' retrieved from /opt/airflow/dags/clickstream_clean_events_dag.py
[2026-08-13T10:56:45.376+0000] {logging_mixin.py:188} INFO - [2026-08-13T10:56:45.376+0000] {dag.py:3089} INFO - Sync 1 DAGs
[2026-08-13T10:56:45.398+0000] {logging_mixin.py:188} INFO - [2026-08-13T10:56:45.398+0000] {dag.py:3947} INFO - Setting next_dagrun for clickstream_clean_events to None, run_after=None
[2026-08-13T10:56:45.427+0000] {processor.py:183} INFO - Processing /opt/airflow/dags/clickstream_clean_events_dag.py took 0.136 seconds
[2026-08-13T10:57:15.523+0000] {processor.py:161} INFO - Started process (PID=9436) to work on /opt/airflow/dags/clickstream_clean_events_dag.py
[2026-08-13T10:57:15.525+0000] {processor.py:830} INFO - Processing file /opt/airflow/dags/clickstream_clean_events_dag.py for tasks to queue
[2026-08-13T10:57:15.528+0000] {logging_mixin.py:188} INFO - [2026-08-13T10:57:15.528+0000] {dagbag.py:545} INFO - Filling up the DagBag from /opt/airflow/dags/clickstream_clean_events_dag.py
[2026-08-13T10:57:15.543+0000] {processor.py:840} INFO - DAG(s) 'clickstream_clean_events' retrieved from /opt/airflow/dags/clickstream_clean_events_dag.py
[2026-08-13T10:57:15.570+0000] {logging_mixin.py:188} INFO - [2026-08-13T10:57:15.569+0000] {dag.py:3089} INFO - Sync 1 DAGs
[2026-08-13T10:57:15.582+0000] {logging_mixin.py:188} INFO - [2026-08-13T10:57:15.582+0000] {dag.py:3947} INFO - Setting next_dagrun for clickstream_clean_events to None, run_after=None
[2026-08-13T10:57:15.600+0000] {processor.py:183} INFO - Processing /opt/airflow/dags/clickstream_clean_events_dag.py took 0.083 seconds
[2026-08-13T10:57:45.750+0000] {processor.py:161} INFO - Started process (PID=9468) to work on /opt/airflow/dags/clickstream_clean_events_dag.py
[2026-08-13T10:57:45.751+0000] {processor.py:830} INFO - Processing file /opt/airflow/dags/clickstream_clean_events_dag.py for tasks to queue
[2026-08-13T10:57:45.754+0000] {logging_mixin.py:188} INFO - [2026-08-13T10:57:45.753+0000] {dagbag.py:545} INFO - Filling up the DagBag from /opt/airflow/dags/clickstream_clean_events_dag.py
[2026-08-13T10:57:45.773+0000] {processor.py:840} INFO - DAG(s) 'clickstream_clean_events' retrieved from /opt/airflow/dags/clickstream_clean_events_dag.py
[2026-08-13T10:57:45.811+0000] {logging_mixin.py:188} INFO - [2026-08-13T10:57:45.811+0000] {dag.py:3089} INFO - Sync 1 DAGs
[2026-08-13T10:57:45.831+0000] {logging_mixin.py:188} INFO - [2026-08-13T10:57:45.831+0000] {dag.py:3947} INFO - Setting next_dagrun for clickstream_clean_events to None, run_after=None
[2026-08-13T10:57:45.860+0000] {processor.py:183} INFO - Processing /opt/airflow/dags/clickstream_clean_events_dag.py took 0.118 seconds
[2026-08-13T10:58:16.135+0000] {processor.py:161} INFO - Started process (PID=9493) to work on /opt/airflow/dags/clickstream_clean_events_dag.py
[2026-08-13T10:58:16.136+0000] {processor.py:830} INFO - Processing file /opt/airflow/dags/clickstream_clean_events_dag.py for tasks to queue
[2026-08-13T10:58:16.138+0000] {logging_mixin.py:188} INFO - [2026-08-13T10:58:16.138+0000] {dagbag.py:545} INFO - Filling up the DagBag from /opt/airflow/dags/clickstream_clean_events_dag.py
[2026-08-13T10:58:16.154+0000] {processor.py:840} INFO - DAG(s) 'clickstream_clean_events' retrieved from /opt/airflow/dags/clickstream_clean_events_dag.py
[2026-08-13T10:58:16.180+0000] {logging_mixin.py:188} INFO - [2026-08-13T10:58:16.180+0000] {dag.py:3089} INFO - Sync 1 DAGs
[2026-08-13T10:58:16.193+0000] {logging_mixin.py:188} INFO - [2026-08-13T10:58:16.193+0000] {dag.py:3947} INFO - Setting next_dagrun for clickstream_clean_events to None, run_after=None
[2026-08-13T10:58:16.212+0000] {processor.py:183} INFO - Processing /opt/airflow/dags/clickstream_clean_events_dag.py took 0.084 seconds
[2026-08-13T10:58:46.437+0000] {processor.py:161} INFO - Started process (PID=9517) to work on /opt/airflow/dags/clickstream_clean_events_dag.py
[2026-08-13T10:58:46.438+0000] {processor.py:830} INFO - Processing file /opt/airflow/dags/clickstream_clean_events_dag.py for tasks to queue
[2026-08-13T10:58:46.440+0000] {logging_mixin.py:188} INFO - [2026-08-13T10:58:46.439+0000] {dagbag.py:545} INFO - Filling up the DagBag from /opt/airflow/dags/clickstream_clean_events_dag.py
[2026-08-13T10:58:46.453+0000] {processor.py:840} INFO - DAG(s) 'clickstream_clean_events' retrieved from /opt/airflow/dags/clickstream_clean_events_dag.py
[2026-08-13T10:58:46.476+0000] {logging_mixin.py:188} INFO - [2026-08-13T10:58:46.476+0000] {dag.py:3089} INFO - Sync 1 DAGs
[2026-08-13T10:58:46.486+0000] {logging_mixin.py:188} INFO - [2026-08-13T10:58:46.486+0000] {dag.py:3947} INFO - Setting next_dagrun for clickstream_clean_events to None, run_after=None
[2026-08-13T10:58:46.503+0000] {processor.py:183} INFO - Processing /opt/airflow/dags/clickstream_clean_events_dag.py took 0.072 seconds
[2026-08-13T10:59:16.808+0000] {processor.py:161} INFO - Started process (PID=9548) to work on /opt/airflow/dags/clickstream_clean_events_dag.py
[2026-08-13T10:59:16.810+0000] {processor.py:830} INFO - Processing file /opt/airflow/dags/clickstream_clean_events_dag.py for tasks to queue
[2026-08-13T10:59:16.814+0000] {logging_mixin.py:188} INFO - [2026-08-13T10:59:16.813+0000] {dagbag.py:545} INFO - Filling up the DagBag from /opt/airflow/dags/clickstream_clean_events_dag.py
[2026-08-13T10:59:16.846+0000] {processor.py:840} INFO - DAG(s) 'clickstream_clean_events' retrieved from /opt/airflow/dags/clickstream_clean_events_dag.py
[2026-08-13T10:59:16.892+0000] {logging_mixin.py:188} INFO - [2026-08-13T10:59:16.892+0000] {dag.py:3089} INFO - Sync 1 DAGs
[2026-08-13T10:59:16.913+0000] {logging_mixin.py:188} INFO - [2026-08-13T10:59:16.913+0000] {dag.py:3947} INFO - Setting next_dagrun for clickstream_clean_events to None, run_after=None
[2026-08-13T10:59:16.943+0000] {processor.py:183} INFO - Processing /opt/airflow/dags/clickstream_clean_events_dag.py took 0.147 seconds
[2026-08-13T10:59:47.057+0000] {processor.py:161} INFO - Started process (PID=9572) to work on /opt/airflow/dags/clickstream_clean_events_dag.py
[2026-08-13T10:59:47.058+0000] {processor.py:830} INFO - Processing file /opt/airflow/dags/clickstream_clean_events_dag.py for tasks to queue
[2026-08-13T10:59:47.060+0000] {logging_mixin.py:188} INFO - [2026-08-13T10:59:47.059+0000] {dagbag.py:545} INFO - Filling up the DagBag from /opt/airflow/dags/clickstream_clean_events_dag.py
[2026-08-13T10:59:47.073+0000] {processor.py:840} INFO - DAG(s) 'clickstream_clean_events' retrieved from /opt/airflow/dags/clickstream_clean_events_dag.py
[2026-08-13T10:59:47.098+0000] {logging_mixin.py:188} INFO - [2026-08-13T10:59:47.098+0000] {dag.py:3089} INFO - Sync 1 DAGs
[2026-08-13T10:59:47.110+0000] {logging_mixin.py:188} INFO - [2026-08-13T10:59:47.110+0000] {dag.py:3947} INFO - Setting next_dagrun for clickstream_clean_events to None, run_after=None
[2026-08-13T10:59:47.128+0000] {processor.py:183} INFO - Processing /opt/airflow/dags/clickstream_clean_events_dag.py took 0.075 seconds
[2026-08-13T11:00:17.386+0000] {processor.py:161} INFO - Started process (PID=9603) to work on /opt/airflow/dags/clickstream_clean_events_dag.py
[2026-08-13T11:00:17.388+0000] {processor.py:830} INFO - Processing file /opt/airflow/dags/clickstream_clean_events_dag.py for tasks to queue
[2026-08-13T11:00:17.390+0000] {logging_mixin.py:188} INFO - [2026-08-13T11:00:17.389+0000] {dagbag.py:545} INFO - Filling up the DagBag from /opt/airflow/dags/clickstream_clean_events_dag.py
[2026-08-13T11:00:17.405+0000] {processor.py:840} INFO - DAG(s) 'clickstream_clean_events' retrieved from /opt/airflow/dags/clickstream_clean_events_dag.py
[2026-08-13T11:00:17.431+0000] {logging_mixin.py:188} INFO - [2026-08-13T11:00:17.431+0000] {dag.py:3089} INFO - Sync 1 DAGs
[2026-08-13T11:00:17.443+0000] {logging_mixin.py:188} INFO - [2026-08-13T11:00:17.442+0000] {dag.py:3947} INFO - Setting next_dagrun for clickstream_clean_events to None, run_after=None
[2026-08-13T11:00:17.464+0000] {processor.py:183} INFO - Processing /opt/airflow/dags/clickstream_clean_events_dag.py took 0.087 seconds
[2026-08-13T11:00:47.748+0000] {processor.py:161} INFO - Started process (PID=9627) to work on /opt/airflow/dags/clickstream_clean_events_dag.py
[2026-08-13T11:00:47.750+0000] {processor.py:830} INFO - Processing file /opt/airflow/dags/clickstream_clean_events_dag.py for tasks to queue
[2026-08-13T11:00:47.752+0000] {logging_mixin.py:188} INFO - [2026-08-13T11:00:47.751+0000] {dagbag.py:545} INFO - Filling up the DagBag from /opt/airflow/dags/clickstream_clean_events_dag.py
[2026-08-13T11:00:47.767+0000] {processor.py:840} INFO - DAG(s) 'clickstream_clean_events' retrieved from /opt/airflow/dags/clickstream_clean_events_dag.py
[2026-08-13T11:00:47.793+0000] {logging_mixin.py:188} INFO - [2026-08-13T11:00:47.793+0000] {dag.py:3089} INFO - Sync 1 DAGs
[2026-08-13T11:00:47.806+0000] {logging_mixin.py:188} INFO - [2026-08-13T11:00:47.805+0000] {dag.py:3947} INFO - Setting next_dagrun for clickstream_clean_events to None, run_after=None
[2026-08-13T11:00:47.824+0000] {processor.py:183} INFO - Processing /opt/airflow/dags/clickstream_clean_events_dag.py took 0.082 seconds
[2026-08-13T11:01:17.992+0000] {processor.py:161} INFO - Started process (PID=9651) to work on /opt/airflow/dags/clickstream_clean_events_dag.py
[2026-08-13T11:01:17.994+0000] {processor.py:830} INFO - Processing file /opt/airflow/dags/clickstream_clean_events_dag.py for tasks to queue
[2026-08-13T11:01:17.996+0000] {logging_mixin.py:188} INFO - [2026-08-13T11:01:17.995+0000] {dagbag.py:545} INFO - Filling up the DagBag from /opt/airflow/dags/clickstream_clean_events_dag.py
[2026-08-13T11:01:18.012+0000] {processor.py:840} INFO - DAG(s) 'clickstream_clean_events' retrieved from /opt/airflow/dags/clickstream_clean_events_dag.py
[2026-08-13T11:01:18.041+0000] {logging_mixin.py:188} INFO - [2026-08-13T11:01:18.041+0000] {dag.py:3089} INFO - Sync 1 DAGs
[2026-08-13T11:01:18.054+0000] {logging_mixin.py:188} INFO - [2026-08-13T11:01:18.054+0000] {dag.py:3947} INFO - Setting next_dagrun for clickstream_clean_events to None, run_after=None
[2026-08-13T11:01:18.073+0000] {processor.py:183} INFO - Processing /opt/airflow/dags/clickstream_clean_events_dag.py took 0.086 seconds
[2026-08-13T11:01:48.294+0000] {processor.py:161} INFO - Started process (PID=9682) to work on /opt/airflow/dags/clickstream_clean_events_dag.py
[2026-08-13T11:01:48.296+0000] {processor.py:830} INFO - Processing file /opt/airflow/dags/clickstream_clean_events_dag.py for tasks to queue
[2026-08-13T11:01:48.299+0000] {logging_mixin.py:188} INFO - [2026-08-13T11:01:48.299+0000] {dagbag.py:545} INFO - Filling up the DagBag from /opt/airflow/dags/clickstream_clean_events_dag.py
[2026-08-13T11:01:48.320+0000] {processor.py:840} INFO - DAG(s) 'clickstream_clean_events' retrieved from /opt/airflow/dags/clickstream_clean_events_dag.py
[2026-08-13T11:01:48.358+0000] {logging_mixin.py:188} INFO - [2026-08-13T11:01:48.357+0000] {dag.py:3089} INFO - Sync 1 DAGs
[2026-08-13T11:01:48.374+0000] {logging_mixin.py:188} INFO - [2026-08-13T11:01:48.374+0000] {dag.py:3947} INFO - Setting next_dagrun for clickstream_clean_events to None, run_after=None
[2026-08-13T11:01:48.400+0000] {processor.py:183} INFO - Processing /opt/airflow/dags/clickstream_clean_events_dag.py took 0.114 seconds
[2026-08-13T11:02:18.669+0000] {processor.py:161} INFO - Started process (PID=9706) to work on /opt/airflow/dags/clickstream_clean_events_dag.py
[2026-08-13T11:02:18.671+0000] {processor.py:830} INFO - Processing file /opt/airflow/dags/clickstream_clean_events_dag.py for tasks to queue
[2026-08-13T11:02:18.672+0000] {logging_mixin.py:188} INFO - [2026-08-13T11:02:18.672+0000] {dagbag.py:545} INFO - Filling up the DagBag from /opt/airflow/dags/clickstream_clean_events_dag.py
[2026-08-13T11:02:18.685+0000] {processor.py:840} INFO - DAG(s) 'clickstream_clean_events' retrieved from /opt/airflow/dags/clickstream_clean_events_dag.py
[2026-08-13T11:02:18.710+0000] {logging_mixin.py:188} INFO - [2026-08-13T11:02:18.709+0000] {dag.py:3089} INFO - Sync 1 DAGs
[2026-08-13T11:02:18.721+0000] {logging_mixin.py:188} INFO - [2026-08-13T11:02:18.721+0000] {dag.py:3947} INFO - Setting next_dagrun for clickstream_clean_events to None, run_after=None
[2026-08-13T11:02:18.739+0000] {processor.py:183} INFO - Processing /opt/airflow/dags/clickstream_clean_events_dag.py took 0.075 seconds
[2026-08-13T11:02:48.948+0000] {processor.py:161} INFO - Started process (PID=9737) to work on /opt/airflow/dags/clickstream_clean_events_dag.py
[2026-08-13T11:02:48.951+0000] {processor.py:830} INFO - Processing file /opt/airflow/dags/clickstream_clean_events_dag.py for tasks to queue
[2026-08-13T11:02:48.955+0000] {logging_mixin.py:188} INFO - [2026-08-13T11:02:48.954+0000] {dagbag.py:545} INFO - Filling up the DagBag from /opt/airflow/dags/clickstream_clean_events_dag.py
[2026-08-13T11:02:48.984+0000] {processor.py:840} INFO - DAG(s) 'clickstream_clean_events' retrieved from /opt/airflow/dags/clickstream_clean_events_dag.py
[2026-08-13T11:02:49.039+0000] {logging_mixin.py:188} INFO - [2026-08-13T11:02:49.038+0000] {dag.py:3089} INFO - Sync 1 DAGs
[2026-08-13T11:02:49.063+0000] {logging_mixin.py:188} INFO - [2026-08-13T11:02:49.062+0000] {dag.py:3947} INFO - Setting next_dagrun for clickstream_clean_events to None, run_after=None
[2026-08-13T11:02:49.098+0000] {processor.py:183} INFO - Processing /opt/airflow/dags/clickstream_clean_events_dag.py took 0.163 seconds
[2026-08-13T11:03:19.387+0000] {processor.py:161} INFO - Started process (PID=9761) to work on /opt/airflow/dags/clickstream_clean_events_dag.py
[2026-08-13T11:03:19.388+0000] {processor.py:830} INFO - Processing file /opt/airflow/dags/clickstream_clean_events_dag.py for tasks to queue
[2026-08-13T11:03:19.390+0000] {logging_mixin.py:188} INFO - [2026-08-13T11:03:19.390+0000] {dagbag.py:545} INFO - Filling up the DagBag from /opt/airflow/dags/clickstream_clean_events_dag.py
[2026-08-13T11:03:19.406+0000] {processor.py:840} INFO - DAG(s) 'clickstream_clean_events' retrieved from /opt/airflow/dags/clickstream_clean_events_dag.py
[2026-08-13T11:03:19.431+0000] {logging_mixin.py:188} INFO - [2026-08-13T11:03:19.431+0000] {dag.py:3089} INFO - Sync 1 DAGs
[2026-08-13T11:03:19.442+0000] {logging_mixin.py:188} INFO - [2026-08-13T11:03:19.442+0000] {dag.py:3947} INFO - Setting next_dagrun for clickstream_clean_events to None, run_after=None
[2026-08-13T11:03:19.461+0000] {processor.py:183} INFO - Processing /opt/airflow/dags/clickstream_clean_events_dag.py took 0.081 seconds
[2026-08-13T11:03:49.681+0000] {processor.py:161} INFO - Started process (PID=9792) to work on /opt/airflow/dags/clickstream_clean_events_dag.py
[2026-08-13T11:03:49.682+0000] {processor.py:830} INFO - Processing file /opt/airflow/dags/clickstream_clean_events_dag.py for tasks to queue
[2026-08-13T11:03:49.685+0000] {logging_mixin.py:188} INFO - [2026-08-13T11:03:49.684+0000] {dagbag.py:545} INFO - Filling up the DagBag from /opt/airflow/dags/clickstream_clean_events_dag.py
[2026-08-13T11:03:49.700+0000] {processor.py:840} INFO - DAG(s) 'clickstream_clean_events' retrieved from /opt/airflow/dags/clickstream_clean_events_dag.py
[2026-08-13T11:03:49.726+0000] {logging_mixin.py:188} INFO - [2026-08-13T11:03:49.725+0000] {dag.py:3089} INFO - Sync 1 DAGs
[2026-08-13T11:03:49.738+0000] {logging_mixin.py:188} INFO - [2026-08-13T11:03:49.738+0000] {dag.py:3947} INFO - Setting next_dagrun for clickstream_clean_events to None, run_after=None
[2026-08-13T11:03:49.756+0000] {processor.py:183} INFO - Processing /opt/airflow/dags/clickstream_clean_events_dag.py took 0.083 seconds
[2026-08-13T11:04:20.015+0000] {processor.py:161} INFO - Started process (PID=9816) to work on /opt/airflow/dags/clickstream_clean_events_dag.py
[2026-08-13T11:04:20.016+0000] {processor.py:830} INFO - Processing file /opt/airflow/dags/clickstream_clean_events_dag.py for tasks to queue
[2026-08-13T11:04:20.019+0000] {logging_mixin.py:188} INFO - [2026-08-13T11:04:20.018+0000] {dagbag.py:545} INFO - Filling up the DagBag from /opt/airflow/dags/clickstream_clean_events_dag.py
[2026-08-13T11:04:20.034+0000] {processor.py:840} INFO - DAG(s) 'clickstream_clean_events' retrieved from /opt/airflow/dags/clickstream_clean_events_dag.py
[2026-08-13T11:04:20.066+0000] {logging_mixin.py:188} INFO - [2026-08-13T11:04:20.066+0000] {dag.py:3089} INFO - Sync 1 DAGs
[2026-08-13T11:04:20.079+0000] {logging_mixin.py:188} INFO - [2026-08-13T11:04:20.079+0000] {dag.py:3947} INFO - Setting next_dagrun for clickstream_clean_events to None, run_after=None
[2026-08-13T11:04:20.099+0000] {processor.py:183} INFO - Processing /opt/airflow/dags/clickstream_clean_events_dag.py took 0.090 seconds
[2026-08-13T11:04:50.382+0000] {processor.py:161} INFO - Started process (PID=9840) to work on /opt/airflow/dags/clickstream_clean_events_dag.py
[2026-08-13T11:04:50.383+0000] {processor.py:830} INFO - Processing file /opt/airflow/dags/clickstream_clean_events_dag.py for tasks to queue
[2026-08-13T11:04:50.385+0000] {logging_mixin.py:188} INFO - [2026-08-13T11:04:50.385+0000] {dagbag.py:545} INFO - Filling up the DagBag from /opt/airflow/dags/clickstream_clean_events_dag.py
[2026-08-13T11:04:50.400+0000] {processor.py:840} INFO - DAG(s) 'clickstream_clean_events' retrieved from /opt/airflow/dags/clickstream_clean_events_dag.py
[2026-08-13T11:04:50.427+0000] {logging_mixin.py:188} INFO - [2026-08-13T11:04:50.426+0000] {dag.py:3089} INFO - Sync 1 DAGs
[2026-08-13T11:04:50.438+0000] {logging_mixin.py:188} INFO - [2026-08-13T11:04:50.438+0000] {dag.py:3947} INFO - Setting next_dagrun for clickstream_clean_events to None, run_after=None
[2026-08-13T11:04:50.456+0000] {processor.py:183} INFO - Processing /opt/airflow/dags/clickstream_clean_events_dag.py took 0.080 seconds
[2026-08-13T11:05:20.638+0000] {processor.py:161} INFO - Started process (PID=9871) to work on /opt/airflow/dags/clickstream_clean_events_dag.py
[2026-08-13T11:05:20.640+0000] {processor.py:830} INFO - Processing file /opt/airflow/dags/clickstream_clean_events_dag.py for tasks to queue
[2026-08-13T11:05:20.643+0000] {logging_mixin.py:188} INFO - [2026-08-13T11:05:20.643+0000] {dagbag.py:545} INFO - Filling up the DagBag from /opt/airflow/dags/clickstream_clean_events_dag.py
[2026-08-13T11:05:20.667+0000] {processor.py:840} INFO - DAG(s) 'clickstream_clean_events' retrieved from /opt/airflow/dags/clickstream_clean_events_dag.py
[2026-08-13T11:05:20.711+0000] {logging_mixin.py:188} INFO - [2026-08-13T11:05:20.711+0000] {dag.py:3089} INFO - Sync 1 DAGs
[2026-08-13T11:05:20.732+0000] {logging_mixin.py:188} INFO - [2026-08-13T11:05:20.731+0000] {dag.py:3947} INFO - Setting next_dagrun for clickstream_clean_events to None, run_after=None
[2026-08-13T11:05:20.762+0000] {processor.py:183} INFO - Processing /opt/airflow/dags/clickstream_clean_events_dag.py took 0.137 seconds
[2026-08-13T11:05:50.921+0000] {processor.py:161} INFO - Started process (PID=9896) to work on /opt/airflow/dags/clickstream_clean_events_dag.py
[2026-08-13T11:05:50.922+0000] {processor.py:830} INFO - Processing file /opt/airflow/dags/clickstream_clean_events_dag.py for tasks to queue
[2026-08-13T11:05:50.925+0000] {logging_mixin.py:188} INFO - [2026-08-13T11:05:50.925+0000] {dagbag.py:545} INFO - Filling up the DagBag from /opt/airflow/dags/clickstream_clean_events_dag.py
[2026-08-13T11:05:50.939+0000] {processor.py:840} INFO - DAG(s) 'clickstream_clean_events' retrieved from /opt/airflow/dags/clickstream_clean_events_dag.py
[2026-08-13T11:05:50.966+0000] {logging_mixin.py:188} INFO - [2026-08-13T11:05:50.966+0000] {dag.py:3089} INFO - Sync 1 DAGs
[2026-08-13T11:05:50.978+0000] {logging_mixin.py:188} INFO - [2026-08-13T11:05:50.978+0000] {dag.py:3947} INFO - Setting next_dagrun for clickstream_clean_events to None, run_after=None
[2026-08-13T11:05:50.997+0000] {processor.py:183} INFO - Processing /opt/airflow/dags/clickstream_clean_events_dag.py took 0.082 seconds
[2026-08-13T11:06:21.262+0000] {processor.py:161} INFO - Started process (PID=9927) to work on /opt/airflow/dags/clickstream_clean_events_dag.py
[2026-08-13T11:06:21.264+0000] {processor.py:830} INFO - Processing file /opt/airflow/dags/clickstream_clean_events_dag.py for tasks to queue
[2026-08-13T11:06:21.268+0000] {logging_mixin.py:188} INFO - [2026-08-13T11:06:21.267+0000] {dagbag.py:545} INFO - Filling up the DagBag from /opt/airflow/dags/clickstream_clean_events_dag.py
[2026-08-13T11:06:21.297+0000] {processor.py:840} INFO - DAG(s) 'clickstream_clean_events' retrieved from /opt/airflow/dags/clickstream_clean_events_dag.py
[2026-08-13T11:06:21.362+0000] {logging_mixin.py:188} INFO - [2026-08-13T11:06:21.361+0000] {dag.py:3089} INFO - Sync 1 DAGs
[2026-08-13T11:06:21.446+0000] {logging_mixin.py:188} INFO - [2026-08-13T11:06:21.446+0000] {dag.py:3947} INFO - Setting next_dagrun for clickstream_clean_events to None, run_after=None
[2026-08-13T11:06:21.508+0000] {processor.py:183} INFO - Processing /opt/airflow/dags/clickstream_clean_events_dag.py took 0.260 seconds
[2026-08-13T11:06:51.754+0000] {processor.py:161} INFO - Started process (PID=9951) to work on /opt/airflow/dags/clickstream_clean_events_dag.py
[2026-08-13T11:06:51.755+0000] {processor.py:830} INFO - Processing file /opt/airflow/dags/clickstream_clean_events_dag.py for tasks to queue
[2026-08-13T11:06:51.758+0000] {logging_mixin.py:188} INFO - [2026-08-13T11:06:51.757+0000] {dagbag.py:545} INFO - Filling up the DagBag from /opt/airflow/dags/clickstream_clean_events_dag.py
[2026-08-13T11:06:51.771+0000] {processor.py:840} INFO - DAG(s) 'clickstream_clean_events' retrieved from /opt/airflow/dags/clickstream_clean_events_dag.py
[2026-08-13T11:06:51.797+0000] {logging_mixin.py:188} INFO - [2026-08-13T11:06:51.797+0000] {dag.py:3089} INFO - Sync 1 DAGs
[2026-08-13T11:06:51.809+0000] {logging_mixin.py:188} INFO - [2026-08-13T11:06:51.809+0000] {dag.py:3947} INFO - Setting next_dagrun for clickstream_clean_events to None, run_after=None
[2026-08-13T11:06:51.828+0000] {processor.py:183} INFO - Processing /opt/airflow/dags/clickstream_clean_events_dag.py took 0.080 seconds
[2026-08-13T11:07:22.094+0000] {processor.py:161} INFO - Started process (PID=9982) to work on /opt/airflow/dags/clickstream_clean_events_dag.py
[2026-08-13T11:07:22.095+0000] {processor.py:830} INFO - Processing file /opt/airflow/dags/clickstream_clean_events_dag.py for tasks to queue
[2026-08-13T11:07:22.098+0000] {logging_mixin.py:188} INFO - [2026-08-13T11:07:22.097+0000] {dagbag.py:545} INFO - Filling up the DagBag from /opt/airflow/dags/clickstream_clean_events_dag.py
[2026-08-13T11:07:22.113+0000] {processor.py:840} INFO - DAG(s) 'clickstream_clean_events' retrieved from /opt/airflow/dags/clickstream_clean_events_dag.py
[2026-08-13T11:07:22.141+0000] {logging_mixin.py:188} INFO - [2026-08-13T11:07:22.140+0000] {dag.py:3089} INFO - Sync 1 DAGs
[2026-08-13T11:07:22.152+0000] {logging_mixin.py:188} INFO - [2026-08-13T11:07:22.152+0000] {dag.py:3947} INFO - Setting next_dagrun for clickstream_clean_events to None, run_after=None
[2026-08-13T11:07:22.170+0000] {processor.py:183} INFO - Processing /opt/airflow/dags/clickstream_clean_events_dag.py took 0.084 seconds
[2026-08-13T11:07:52.341+0000] {processor.py:161} INFO - Started process (PID=10006) to work on /opt/airflow/dags/clickstream_clean_events_dag.py
[2026-08-13T11:07:52.343+0000] {processor.py:830} INFO - Processing file /opt/airflow/dags/clickstream_clean_events_dag.py for tasks to queue
[2026-08-13T11:07:52.345+0000] {logging_mixin.py:188} INFO - [2026-08-13T11:07:52.344+0000] {dagbag.py:545} INFO - Filling up the DagBag from /opt/airflow/dags/clickstream_clean_events_dag.py
[2026-08-13T11:07:52.360+0000] {processor.py:840} INFO - DAG(s) 'clickstream_clean_events' retrieved from /opt/airflow/dags/clickstream_clean_events_dag.py
[2026-08-13T11:07:52.387+0000] {logging_mixin.py:188} INFO - [2026-08-13T11:07:52.387+0000] {dag.py:3089} INFO - Sync 1 DAGs
[2026-08-13T11:07:52.399+0000] {logging_mixin.py:188} INFO - [2026-08-13T11:07:52.399+0000] {dag.py:3947} INFO - Setting next_dagrun for clickstream_clean_events to None, run_after=None
[2026-08-13T11:07:52.419+0000] {processor.py:183} INFO - Processing /opt/airflow/dags/clickstream_clean_events_dag.py took 0.083 seconds
[2026-08-13T11:08:22.581+0000] {processor.py:161} INFO - Started process (PID=10030) to work on /opt/airflow/dags/clickstream_clean_events_dag.py
[2026-08-13T11:08:22.582+0000] {processor.py:830} INFO - Processing file /opt/airflow/dags/clickstream_clean_events_dag.py for tasks to queue
[2026-08-13T11:08:22.584+0000] {logging_mixin.py:188} INFO - [2026-08-13T11:08:22.584+0000] {dagbag.py:545} INFO - Filling up the DagBag from /opt/airflow/dags/clickstream_clean_events_dag.py
[2026-08-13T11:08:22.599+0000] {processor.py:840} INFO - DAG(s) 'clickstream_clean_events' retrieved from /opt/airflow/dags/clickstream_clean_events_dag.py
[2026-08-13T11:08:22.631+0000] {logging_mixin.py:188} INFO - [2026-08-13T11:08:22.630+0000] {dag.py:3089} INFO - Sync 1 DAGs
[2026-08-13T11:08:22.643+0000] {logging_mixin.py:188} INFO - [2026-08-13T11:08:22.642+0000] {dag.py:3947} INFO - Setting next_dagrun for clickstream_clean_events to None, run_after=None
[2026-08-13T11:08:22.661+0000] {processor.py:183} INFO - Processing /opt/airflow/dags/clickstream_clean_events_dag.py took 0.086 seconds
[2026-08-13T11:08:52.977+0000] {processor.py:161} INFO - Started process (PID=10061) to work on /opt/airflow/dags/clickstream_clean_events_dag.py
[2026-08-13T11:08:52.978+0000] {processor.py:830} INFO - Processing file /opt/airflow/dags/clickstream_clean_events_dag.py for tasks to queue
[2026-08-13T11:08:52.981+0000] {logging_mixin.py:188} INFO - [2026-08-13T11:08:52.981+0000] {dagbag.py:545} INFO - Filling up the DagBag from /opt/airflow/dags/clickstream_clean_events_dag.py
[2026-08-13T11:08:53.014+0000] {processor.py:840} INFO - DAG(s) 'clickstream_clean_events' retrieved from /opt/airflow/dags/clickstream_clean_events_dag.py
[2026-08-13T11:08:53.054+0000] {logging_mixin.py:188} INFO - [2026-08-13T11:08:53.053+0000] {dag.py:3089} INFO - Sync 1 DAGs
[2026-08-13T11:08:53.072+0000] {logging_mixin.py:188} INFO - [2026-08-13T11:08:53.072+0000] {dag.py:3947} INFO - Setting next_dagrun for clickstream_clean_events to None, run_after=None
[2026-08-13T11:08:53.100+0000] {processor.py:183} INFO - Processing /opt/airflow/dags/clickstream_clean_events_dag.py took 0.134 seconds
[2026-08-13T11:09:23.228+0000] {processor.py:161} INFO - Started process (PID=10086) to work on /opt/airflow/dags/clickstream_clean_events_dag.py
[2026-08-13T11:09:23.230+0000] {processor.py:830} INFO - Processing file /opt/airflow/dags/clickstream_clean_events_dag.py for tasks to queue
[2026-08-13T11:09:23.232+0000] {logging_mixin.py:188} INFO - [2026-08-13T11:09:23.231+0000] {dagbag.py:545} INFO - Filling up the DagBag from /opt/airflow/dags/clickstream_clean_events_dag.py
[2026-08-13T11:09:23.245+0000] {processor.py:840} INFO - DAG(s) 'clickstream_clean_events' retrieved from /opt/airflow/dags/clickstream_clean_events_dag.py
[2026-08-13T11:09:23.270+0000] {logging_mixin.py:188} INFO - [2026-08-13T11:09:23.270+0000] {dag.py:3089} INFO - Sync 1 DAGs
[2026-08-13T11:09:23.282+0000] {logging_mixin.py:188} INFO - [2026-08-13T11:09:23.281+0000] {dag.py:3947} INFO - Setting next_dagrun for clickstream_clean_events to None, run_after=None
[2026-08-13T11:09:23.302+0000] {processor.py:183} INFO - Processing /opt/airflow/dags/clickstream_clean_events_dag.py took 0.079 seconds
[2026-08-13T11:09:53.685+0000] {processor.py:161} INFO - Started process (PID=10110) to work on /opt/airflow/dags/clickstream_clean_events_dag.py
[2026-08-13T11:09:53.686+0000] {processor.py:830} INFO - Processing file /opt/airflow/dags/clickstream_clean_events_dag.py for tasks to queue
[2026-08-13T11:09:53.689+0000] {logging_mixin.py:188} INFO - [2026-08-13T11:09:53.689+0000] {dagbag.py:545} INFO - Filling up the DagBag from /opt/airflow/dags/clickstream_clean_events_dag.py
[2026-08-13T11:09:53.711+0000] {processor.py:840} INFO - DAG(s) 'clickstream_clean_events' retrieved from /opt/airflow/dags/clickstream_clean_events_dag.py
[2026-08-13T11:09:53.744+0000] {logging_mixin.py:188} INFO - [2026-08-13T11:09:53.744+0000] {dag.py:3089} INFO - Sync 1 DAGs
[2026-08-13T11:09:53.760+0000] {logging_mixin.py:188} INFO - [2026-08-13T11:09:53.760+0000] {dag.py:3947} INFO - Setting next_dagrun for clickstream_clean_events to None, run_after=None
[2026-08-13T11:09:53.785+0000] {processor.py:183} INFO - Processing /opt/airflow/dags/clickstream_clean_events_dag.py took 0.108 seconds
[2026-08-13T11:10:24.026+0000] {processor.py:161} INFO - Started process (PID=10134) to work on /opt/airflow/dags/clickstream_clean_events_dag.py
[2026-08-13T11:10:24.028+0000] {processor.py:830} INFO - Processing file /opt/airflow/dags/clickstream_clean_events_dag.py for tasks to queue
[2026-08-13T11:10:24.032+0000] {logging_mixin.py:188} INFO - [2026-08-13T11:10:24.031+0000] {dagbag.py:545} INFO - Filling up the DagBag from /opt/airflow/dags/clickstream_clean_events_dag.py
[2026-08-13T11:10:24.059+0000] {processor.py:840} INFO - DAG(s) 'clickstream_clean_events' retrieved from /opt/airflow/dags/clickstream_clean_events_dag.py
[2026-08-13T11:10:24.108+0000] {logging_mixin.py:188} INFO - [2026-08-13T11:10:24.107+0000] {dag.py:3089} INFO - Sync 1 DAGs
[2026-08-13T11:10:24.134+0000] {logging_mixin.py:188} INFO - [2026-08-13T11:10:24.134+0000] {dag.py:3947} INFO - Setting next_dagrun for clickstream_clean_events to None, run_after=None
[2026-08-13T11:10:24.168+0000] {processor.py:183} INFO - Processing /opt/airflow/dags/clickstream_clean_events_dag.py took 0.151 seconds
[2026-08-13T11:10:54.351+0000] {processor.py:161} INFO - Started process (PID=10158) to work on /opt/airflow/dags/clickstream_clean_events_dag.py
[2026-08-13T11:10:54.352+0000] {processor.py:830} INFO - Processing file /opt/airflow/dags/clickstream_clean_events_dag.py for tasks to queue
[2026-08-13T11:10:54.355+0000] {logging_mixin.py:188} INFO - [2026-08-13T11:10:54.354+0000] {dagbag.py:545} INFO - Filling up the DagBag from /opt/airflow/dags/clickstream_clean_events_dag.py
[2026-08-13T11:10:54.372+0000] {processor.py:840} INFO - DAG(s) 'clickstream_clean_events' retrieved from /opt/airflow/dags/clickstream_clean_events_dag.py
[2026-08-13T11:10:54.400+0000] {logging_mixin.py:188} INFO - [2026-08-13T11:10:54.399+0000] {dag.py:3089} INFO - Sync 1 DAGs
[2026-08-13T11:10:54.411+0000] {logging_mixin.py:188} INFO - [2026-08-13T11:10:54.411+0000] {dag.py:3947} INFO - Setting next_dagrun for clickstream_clean_events to None, run_after=None
[2026-08-13T11:10:54.431+0000] {processor.py:183} INFO - Processing /opt/airflow/dags/clickstream_clean_events_dag.py took 0.088 seconds
[2026-08-13T11:11:24.589+0000] {processor.py:161} INFO - Started process (PID=10182) to work on /opt/airflow/dags/clickstream_clean_events_dag.py
[2026-08-13T11:11:24.590+0000] {processor.py:830} INFO - Processing file /opt/airflow/dags/clickstream_clean_events_dag.py for tasks to queue
[2026-08-13T11:11:24.592+0000] {logging_mixin.py:188} INFO - [2026-08-13T11:11:24.592+0000] {dagbag.py:545} INFO - Filling up the DagBag from /opt/airflow/dags/clickstream_clean_events_dag.py
[2026-08-13T11:11:24.607+0000] {processor.py:840} INFO - DAG(s) 'clickstream_clean_events' retrieved from /opt/airflow/dags/clickstream_clean_events_dag.py
[2026-08-13T11:11:24.630+0000] {logging_mixin.py:188} INFO - [2026-08-13T11:11:24.630+0000] {dag.py:3089} INFO - Sync 1 DAGs
[2026-08-13T11:11:24.641+0000] {logging_mixin.py:188} INFO - [2026-08-13T11:11:24.640+0000] {dag.py:3947} INFO - Setting next_dagrun for clickstream_clean_events to None, run_after=None
[2026-08-13T11:11:24.658+0000] {processor.py:183} INFO - Processing /opt/airflow/dags/clickstream_clean_events_dag.py took 0.073 seconds
[2026-08-13T11:11:54.957+0000] {processor.py:161} INFO - Started process (PID=10213) to work on /opt/airflow/dags/clickstream_clean_events_dag.py
[2026-08-13T11:11:54.960+0000] {processor.py:830} INFO - Processing file /opt/airflow/dags/clickstream_clean_events_dag.py for tasks to queue
[2026-08-13T11:11:54.966+0000] {logging_mixin.py:188} INFO - [2026-08-13T11:11:54.965+0000] {dagbag.py:545} INFO - Filling up the DagBag from /opt/airflow/dags/clickstream_clean_events_dag.py
[2026-08-13T11:11:55.005+0000] {processor.py:840} INFO - DAG(s) 'clickstream_clean_events' retrieved from /opt/airflow/dags/clickstream_clean_events_dag.py
[2026-08-13T11:11:55.068+0000] {logging_mixin.py:188} INFO - [2026-08-13T11:11:55.068+0000] {dag.py:3089} INFO - Sync 1 DAGs
[2026-08-13T11:11:55.096+0000] {logging_mixin.py:188} INFO - [2026-08-13T11:11:55.096+0000] {dag.py:3947} INFO - Setting next_dagrun for clickstream_clean_events to None, run_after=None
[2026-08-13T11:11:55.143+0000] {processor.py:183} INFO - Processing /opt/airflow/dags/clickstream_clean_events_dag.py took 0.203 seconds
[2026-08-13T11:12:25.308+0000] {processor.py:161} INFO - Started process (PID=10242) to work on /opt/airflow/dags/clickstream_clean_events_dag.py
[2026-08-13T11:12:25.309+0000] {processor.py:830} INFO - Processing file /opt/airflow/dags/clickstream_clean_events_dag.py for tasks to queue
[2026-08-13T11:12:25.312+0000] {logging_mixin.py:188} INFO - [2026-08-13T11:12:25.311+0000] {dagbag.py:545} INFO - Filling up the DagBag from /opt/airflow/dags/clickstream_clean_events_dag.py
[2026-08-13T11:12:25.326+0000] {processor.py:840} INFO - DAG(s) 'clickstream_clean_events' retrieved from /opt/airflow/dags/clickstream_clean_events_dag.py
[2026-08-13T11:12:25.352+0000] {logging_mixin.py:188} INFO - [2026-08-13T11:12:25.351+0000] {dag.py:3089} INFO - Sync 1 DAGs
[2026-08-13T11:12:25.363+0000] {logging_mixin.py:188} INFO - [2026-08-13T11:12:25.362+0000] {dag.py:3947} INFO - Setting next_dagrun for clickstream_clean_events to None, run_after=None
[2026-08-13T11:12:25.380+0000] {processor.py:183} INFO - Processing /opt/airflow/dags/clickstream_clean_events_dag.py took 0.078 seconds
[2026-08-13T11:12:55.538+0000] {processor.py:161} INFO - Started process (PID=10268) to work on /opt/airflow/dags/clickstream_clean_events_dag.py
[2026-08-13T11:12:55.540+0000] {processor.py:830} INFO - Processing file /opt/airflow/dags/clickstream_clean_events_dag.py for tasks to queue
[2026-08-13T11:12:55.543+0000] {logging_mixin.py:188} INFO - [2026-08-13T11:12:55.542+0000] {dagbag.py:545} INFO - Filling up the DagBag from /opt/airflow/dags/clickstream_clean_events_dag.py
[2026-08-13T11:12:55.562+0000] {processor.py:840} INFO - DAG(s) 'clickstream_clean_events' retrieved from /opt/airflow/dags/clickstream_clean_events_dag.py
[2026-08-13T11:12:55.596+0000] {logging_mixin.py:188} INFO - [2026-08-13T11:12:55.596+0000] {dag.py:3089} INFO - Sync 1 DAGs
[2026-08-13T11:12:55.615+0000] {logging_mixin.py:188} INFO - [2026-08-13T11:12:55.615+0000] {dag.py:3947} INFO - Setting next_dagrun for clickstream_clean_events to None, run_after=None
[2026-08-13T11:12:55.636+0000] {processor.py:183} INFO - Processing /opt/airflow/dags/clickstream_clean_events_dag.py took 0.105 seconds
[2026-08-13T11:13:25.850+0000] {processor.py:161} INFO - Started process (PID=10292) to work on /opt/airflow/dags/clickstream_clean_events_dag.py
[2026-08-13T11:13:25.851+0000] {processor.py:830} INFO - Processing file /opt/airflow/dags/clickstream_clean_events_dag.py for tasks to queue
[2026-08-13T11:13:25.854+0000] {logging_mixin.py:188} INFO - [2026-08-13T11:13:25.854+0000] {dagbag.py:545} INFO - Filling up the DagBag from /opt/airflow/dags/clickstream_clean_events_dag.py
[2026-08-13T11:13:25.870+0000] {processor.py:840} INFO - DAG(s) 'clickstream_clean_events' retrieved from /opt/airflow/dags/clickstream_clean_events_dag.py
[2026-08-13T11:13:25.901+0000] {logging_mixin.py:188} INFO - [2026-08-13T11:13:25.901+0000] {dag.py:3089} INFO - Sync 1 DAGs
[2026-08-13T11:13:25.916+0000] {logging_mixin.py:188} INFO - [2026-08-13T11:13:25.916+0000] {dag.py:3947} INFO - Setting next_dagrun for clickstream_clean_events to None, run_after=None
[2026-08-13T11:13:25.940+0000] {processor.py:183} INFO - Processing /opt/airflow/dags/clickstream_clean_events_dag.py took 0.096 seconds
[2026-08-13T11:13:56.255+0000] {processor.py:161} INFO - Started process (PID=10316) to work on /opt/airflow/dags/clickstream_clean_events_dag.py
[2026-08-13T11:13:56.256+0000] {processor.py:830} INFO - Processing file /opt/airflow/dags/clickstream_clean_events_dag.py for tasks to queue
[2026-08-13T11:13:56.258+0000] {logging_mixin.py:188} INFO - [2026-08-13T11:13:56.258+0000] {dagbag.py:545} INFO - Filling up the DagBag from /opt/airflow/dags/clickstream_clean_events_dag.py
[2026-08-13T11:13:56.278+0000] {processor.py:840} INFO - DAG(s) 'clickstream_clean_events' retrieved from /opt/airflow/dags/clickstream_clean_events_dag.py
[2026-08-13T11:13:56.310+0000] {logging_mixin.py:188} INFO - [2026-08-13T11:13:56.310+0000] {dag.py:3089} INFO - Sync 1 DAGs
[2026-08-13T11:13:56.327+0000] {logging_mixin.py:188} INFO - [2026-08-13T11:13:56.327+0000] {dag.py:3947} INFO - Setting next_dagrun for clickstream_clean_events to None, run_after=None
[2026-08-13T11:13:56.351+0000] {processor.py:183} INFO - Processing /opt/airflow/dags/clickstream_clean_events_dag.py took 0.105 seconds
[2026-08-13T11:14:27.007+0000] {processor.py:161} INFO - Started process (PID=10340) to work on /opt/airflow/dags/clickstream_clean_events_dag.py
[2026-08-13T11:14:27.011+0000] {processor.py:830} INFO - Processing file /opt/airflow/dags/clickstream_clean_events_dag.py for tasks to queue
[2026-08-13T11:14:27.016+0000] {logging_mixin.py:188} INFO - [2026-08-13T11:14:27.016+0000] {dagbag.py:545} INFO - Filling up the DagBag from /opt/airflow/dags/clickstream_clean_events_dag.py
[2026-08-13T11:14:27.063+0000] {processor.py:840} INFO - DAG(s) 'clickstream_clean_events' retrieved from /opt/airflow/dags/clickstream_clean_events_dag.py
[2026-08-13T11:14:27.135+0000] {logging_mixin.py:188} INFO - [2026-08-13T11:14:27.135+0000] {dag.py:3089} INFO - Sync 1 DAGs
[2026-08-13T11:14:27.168+0000] {logging_mixin.py:188} INFO - [2026-08-13T11:14:27.168+0000] {dag.py:3947} INFO - Setting next_dagrun for clickstream_clean_events to None, run_after=None
[2026-08-13T11:14:27.216+0000] {processor.py:183} INFO - Processing /opt/airflow/dags/clickstream_clean_events_dag.py took 0.229 seconds
[2026-08-13T11:14:57.323+0000] {processor.py:161} INFO - Started process (PID=10364) to work on /opt/airflow/dags/clickstream_clean_events_dag.py
[2026-08-13T11:14:57.324+0000] {processor.py:830} INFO - Processing file /opt/airflow/dags/clickstream_clean_events_dag.py for tasks to queue
[2026-08-13T11:14:57.327+0000] {logging_mixin.py:188} INFO - [2026-08-13T11:14:57.326+0000] {dagbag.py:545} INFO - Filling up the DagBag from /opt/airflow/dags/clickstream_clean_events_dag.py
[2026-08-13T11:14:57.342+0000] {processor.py:840} INFO - DAG(s) 'clickstream_clean_events' retrieved from /opt/airflow/dags/clickstream_clean_events_dag.py
[2026-08-13T11:14:57.369+0000] {logging_mixin.py:188} INFO - [2026-08-13T11:14:57.369+0000] {dag.py:3089} INFO - Sync 1 DAGs
[2026-08-13T11:14:57.381+0000] {logging_mixin.py:188} INFO - [2026-08-13T11:14:57.381+0000] {dag.py:3947} INFO - Setting next_dagrun for clickstream_clean_events to None, run_after=None
[2026-08-13T11:14:57.402+0000] {processor.py:183} INFO - Processing /opt/airflow/dags/clickstream_clean_events_dag.py took 0.085 seconds
