[2026-08-13T07:06:14.489+0000] {processor.py:161} INFO - Started process (PID=174) to work on /opt/airflow/dags/hello_airflow.py
[2026-08-13T07:06:14.491+0000] {processor.py:830} INFO - Processing file /opt/airflow/dags/hello_airflow.py for tasks to queue
[2026-08-13T07:06:14.493+0000] {logging_mixin.py:188} INFO - [2026-08-13T07:06:14.493+0000] {dagbag.py:545} INFO - Filling up the DagBag from /opt/airflow/dags/hello_airflow.py
[2026-08-13T07:06:14.512+0000] {processor.py:840} INFO - DAG(s) 'hello_airflow' retrieved from /opt/airflow/dags/hello_airflow.py
[2026-08-13T07:06:14.561+0000] {logging_mixin.py:188} INFO - [2026-08-13T07:06:14.561+0000] {dag.py:3089} INFO - Sync 1 DAGs
[2026-08-13T07:06:14.575+0000] {logging_mixin.py:188} INFO - [2026-08-13T07:06:14.575+0000] {dag.py:3947} INFO - Setting next_dagrun for hello_airflow to None, run_after=None
[2026-08-13T07:06:14.598+0000] {processor.py:183} INFO - Processing /opt/airflow/dags/hello_airflow.py took 0.115 seconds
[2026-08-13T07:06:44.692+0000] {processor.py:161} INFO - Started process (PID=198) to work on /opt/airflow/dags/hello_airflow.py
[2026-08-13T07:06:44.693+0000] {processor.py:830} INFO - Processing file /opt/airflow/dags/hello_airflow.py for tasks to queue
[2026-08-13T07:06:44.695+0000] {logging_mixin.py:188} INFO - [2026-08-13T07:06:44.695+0000] {dagbag.py:545} INFO - Filling up the DagBag from /opt/airflow/dags/hello_airflow.py
[2026-08-13T07:06:44.713+0000] {processor.py:840} INFO - DAG(s) 'hello_airflow' retrieved from /opt/airflow/dags/hello_airflow.py
[2026-08-13T07:06:44.746+0000] {logging_mixin.py:188} INFO - [2026-08-13T07:06:44.746+0000] {dag.py:3089} INFO - Sync 1 DAGs
[2026-08-13T07:06:44.759+0000] {logging_mixin.py:188} INFO - [2026-08-13T07:06:44.759+0000] {dag.py:3947} INFO - Setting next_dagrun for hello_airflow to None, run_after=None
[2026-08-13T07:06:44.781+0000] {processor.py:183} INFO - Processing /opt/airflow/dags/hello_airflow.py took 0.098 seconds
[2026-08-13T07:07:15.330+0000] {processor.py:161} INFO - Started process (PID=229) to work on /opt/airflow/dags/hello_airflow.py
[2026-08-13T07:07:15.331+0000] {processor.py:830} INFO - Processing file /opt/airflow/dags/hello_airflow.py for tasks to queue
[2026-08-13T07:07:15.334+0000] {logging_mixin.py:188} INFO - [2026-08-13T07:07:15.333+0000] {dagbag.py:545} INFO - Filling up the DagBag from /opt/airflow/dags/hello_airflow.py
[2026-08-13T07:07:15.349+0000] {processor.py:840} INFO - DAG(s) 'hello_airflow' retrieved from /opt/airflow/dags/hello_airflow.py
[2026-08-13T07:07:15.374+0000] {logging_mixin.py:188} INFO - [2026-08-13T07:07:15.374+0000] {dag.py:3089} INFO - Sync 1 DAGs
[2026-08-13T07:07:15.386+0000] {logging_mixin.py:188} INFO - [2026-08-13T07:07:15.386+0000] {dag.py:3947} INFO - Setting next_dagrun for hello_airflow to None, run_after=None
[2026-08-13T07:07:15.404+0000] {processor.py:183} INFO - Processing /opt/airflow/dags/hello_airflow.py took 0.080 seconds
[2026-08-13T07:07:46.296+0000] {processor.py:161} INFO - Started process (PID=253) to work on /opt/airflow/dags/hello_airflow.py
[2026-08-13T07:07:46.297+0000] {processor.py:830} INFO - Processing file /opt/airflow/dags/hello_airflow.py for tasks to queue
[2026-08-13T07:07:46.299+0000] {logging_mixin.py:188} INFO - [2026-08-13T07:07:46.299+0000] {dagbag.py:545} INFO - Filling up the DagBag from /opt/airflow/dags/hello_airflow.py
[2026-08-13T07:07:46.312+0000] {processor.py:840} INFO - DAG(s) 'hello_airflow' retrieved from /opt/airflow/dags/hello_airflow.py
[2026-08-13T07:07:46.337+0000] {logging_mixin.py:188} INFO - [2026-08-13T07:07:46.337+0000] {dag.py:3089} INFO - Sync 1 DAGs
[2026-08-13T07:07:46.349+0000] {logging_mixin.py:188} INFO - [2026-08-13T07:07:46.349+0000] {dag.py:3947} INFO - Setting next_dagrun for hello_airflow to None, run_after=None
[2026-08-13T07:07:46.374+0000] {processor.py:183} INFO - Processing /opt/airflow/dags/hello_airflow.py took 0.087 seconds
[2026-08-13T07:08:16.842+0000] {processor.py:161} INFO - Started process (PID=284) to work on /opt/airflow/dags/hello_airflow.py
[2026-08-13T07:08:16.843+0000] {processor.py:830} INFO - Processing file /opt/airflow/dags/hello_airflow.py for tasks to queue
[2026-08-13T07:08:16.847+0000] {logging_mixin.py:188} INFO - [2026-08-13T07:08:16.846+0000] {dagbag.py:545} INFO - Filling up the DagBag from /opt/airflow/dags/hello_airflow.py
[2026-08-13T07:08:16.878+0000] {processor.py:840} INFO - DAG(s) 'hello_airflow' retrieved from /opt/airflow/dags/hello_airflow.py
[2026-08-13T07:08:16.939+0000] {logging_mixin.py:188} INFO - [2026-08-13T07:08:16.939+0000] {dag.py:3089} INFO - Sync 1 DAGs
[2026-08-13T07:08:16.964+0000] {logging_mixin.py:188} INFO - [2026-08-13T07:08:16.963+0000] {dag.py:3947} INFO - Setting next_dagrun for hello_airflow to None, run_after=None
[2026-08-13T07:08:16.997+0000] {processor.py:183} INFO - Processing /opt/airflow/dags/hello_airflow.py took 0.168 seconds
[2026-08-13T07:08:47.339+0000] {processor.py:161} INFO - Started process (PID=308) to work on /opt/airflow/dags/hello_airflow.py
[2026-08-13T07:08:47.340+0000] {processor.py:830} INFO - Processing file /opt/airflow/dags/hello_airflow.py for tasks to queue
[2026-08-13T07:08:47.342+0000] {logging_mixin.py:188} INFO - [2026-08-13T07:08:47.341+0000] {dagbag.py:545} INFO - Filling up the DagBag from /opt/airflow/dags/hello_airflow.py
[2026-08-13T07:08:47.356+0000] {processor.py:840} INFO - DAG(s) 'hello_airflow' retrieved from /opt/airflow/dags/hello_airflow.py
[2026-08-13T07:08:47.381+0000] {logging_mixin.py:188} INFO - [2026-08-13T07:08:47.381+0000] {dag.py:3089} INFO - Sync 1 DAGs
[2026-08-13T07:08:47.395+0000] {logging_mixin.py:188} INFO - [2026-08-13T07:08:47.395+0000] {dag.py:3947} INFO - Setting next_dagrun for hello_airflow to None, run_after=None
[2026-08-13T07:08:47.414+0000] {processor.py:183} INFO - Processing /opt/airflow/dags/hello_airflow.py took 0.080 seconds
[2026-08-13T07:09:17.585+0000] {processor.py:161} INFO - Started process (PID=332) to work on /opt/airflow/dags/hello_airflow.py
[2026-08-13T07:09:17.586+0000] {processor.py:830} INFO - Processing file /opt/airflow/dags/hello_airflow.py for tasks to queue
[2026-08-13T07:09:17.589+0000] {logging_mixin.py:188} INFO - [2026-08-13T07:09:17.588+0000] {dagbag.py:545} INFO - Filling up the DagBag from /opt/airflow/dags/hello_airflow.py
[2026-08-13T07:09:17.612+0000] {processor.py:840} INFO - DAG(s) 'hello_airflow' retrieved from /opt/airflow/dags/hello_airflow.py
[2026-08-13T07:09:17.644+0000] {logging_mixin.py:188} INFO - [2026-08-13T07:09:17.644+0000] {dag.py:3089} INFO - Sync 1 DAGs
[2026-08-13T07:09:17.663+0000] {logging_mixin.py:188} INFO - [2026-08-13T07:09:17.663+0000] {dag.py:3947} INFO - Setting next_dagrun for hello_airflow to None, run_after=None
[2026-08-13T07:09:17.689+0000] {processor.py:183} INFO - Processing /opt/airflow/dags/hello_airflow.py took 0.113 seconds
[2026-08-13T07:09:47.924+0000] {processor.py:161} INFO - Started process (PID=363) to work on /opt/airflow/dags/hello_airflow.py
[2026-08-13T07:09:47.925+0000] {processor.py:830} INFO - Processing file /opt/airflow/dags/hello_airflow.py for tasks to queue
[2026-08-13T07:09:47.927+0000] {logging_mixin.py:188} INFO - [2026-08-13T07:09:47.927+0000] {dagbag.py:545} INFO - Filling up the DagBag from /opt/airflow/dags/hello_airflow.py
[2026-08-13T07:09:47.940+0000] {processor.py:840} INFO - DAG(s) 'hello_airflow' retrieved from /opt/airflow/dags/hello_airflow.py
[2026-08-13T07:09:47.961+0000] {logging_mixin.py:188} INFO - [2026-08-13T07:09:47.961+0000] {dag.py:3089} INFO - Sync 1 DAGs
[2026-08-13T07:09:47.971+0000] {logging_mixin.py:188} INFO - [2026-08-13T07:09:47.971+0000] {dag.py:3947} INFO - Setting next_dagrun for hello_airflow to None, run_after=None
[2026-08-13T07:09:47.988+0000] {processor.py:183} INFO - Processing /opt/airflow/dags/hello_airflow.py took 0.069 seconds
[2026-08-13T07:10:18.186+0000] {processor.py:161} INFO - Started process (PID=388) to work on /opt/airflow/dags/hello_airflow.py
[2026-08-13T07:10:18.187+0000] {processor.py:830} INFO - Processing file /opt/airflow/dags/hello_airflow.py for tasks to queue
[2026-08-13T07:10:18.190+0000] {logging_mixin.py:188} INFO - [2026-08-13T07:10:18.189+0000] {dagbag.py:545} INFO - Filling up the DagBag from /opt/airflow/dags/hello_airflow.py
[2026-08-13T07:10:18.205+0000] {processor.py:840} INFO - DAG(s) 'hello_airflow' retrieved from /opt/airflow/dags/hello_airflow.py
[2026-08-13T07:10:18.230+0000] {logging_mixin.py:188} INFO - [2026-08-13T07:10:18.230+0000] {dag.py:3089} INFO - Sync 1 DAGs
[2026-08-13T07:10:18.241+0000] {logging_mixin.py:188} INFO - [2026-08-13T07:10:18.240+0000] {dag.py:3947} INFO - Setting next_dagrun for hello_airflow to None, run_after=None
[2026-08-13T07:10:18.262+0000] {processor.py:183} INFO - Processing /opt/airflow/dags/hello_airflow.py took 0.081 seconds
[2026-08-13T07:10:48.431+0000] {processor.py:161} INFO - Started process (PID=420) to work on /opt/airflow/dags/hello_airflow.py
[2026-08-13T07:10:48.433+0000] {processor.py:830} INFO - Processing file /opt/airflow/dags/hello_airflow.py for tasks to queue
[2026-08-13T07:10:48.437+0000] {logging_mixin.py:188} INFO - [2026-08-13T07:10:48.436+0000] {dagbag.py:545} INFO - Filling up the DagBag from /opt/airflow/dags/hello_airflow.py
[2026-08-13T07:10:48.457+0000] {processor.py:840} INFO - DAG(s) 'hello_airflow' retrieved from /opt/airflow/dags/hello_airflow.py
[2026-08-13T07:10:48.492+0000] {logging_mixin.py:188} INFO - [2026-08-13T07:10:48.492+0000] {dag.py:3089} INFO - Sync 1 DAGs
[2026-08-13T07:10:48.507+0000] {logging_mixin.py:188} INFO - [2026-08-13T07:10:48.507+0000] {dag.py:3947} INFO - Setting next_dagrun for hello_airflow to None, run_after=None
[2026-08-13T07:10:48.535+0000] {processor.py:183} INFO - Processing /opt/airflow/dags/hello_airflow.py took 0.112 seconds
[2026-08-13T07:11:18.819+0000] {processor.py:161} INFO - Started process (PID=444) to work on /opt/airflow/dags/hello_airflow.py
[2026-08-13T07:11:18.820+0000] {processor.py:830} INFO - Processing file /opt/airflow/dags/hello_airflow.py for tasks to queue
[2026-08-13T07:11:18.822+0000] {logging_mixin.py:188} INFO - [2026-08-13T07:11:18.822+0000] {dagbag.py:545} INFO - Filling up the DagBag from /opt/airflow/dags/hello_airflow.py
[2026-08-13T07:11:18.836+0000] {processor.py:840} INFO - DAG(s) 'hello_airflow' retrieved from /opt/airflow/dags/hello_airflow.py
[2026-08-13T07:11:18.862+0000] {logging_mixin.py:188} INFO - [2026-08-13T07:11:18.861+0000] {dag.py:3089} INFO - Sync 1 DAGs
[2026-08-13T07:11:18.873+0000] {logging_mixin.py:188} INFO - [2026-08-13T07:11:18.873+0000] {dag.py:3947} INFO - Setting next_dagrun for hello_airflow to None, run_after=None
[2026-08-13T07:11:18.891+0000] {processor.py:183} INFO - Processing /opt/airflow/dags/hello_airflow.py took 0.077 seconds
[2026-08-13T07:11:49.048+0000] {processor.py:161} INFO - Started process (PID=475) to work on /opt/airflow/dags/hello_airflow.py
[2026-08-13T07:11:49.049+0000] {processor.py:830} INFO - Processing file /opt/airflow/dags/hello_airflow.py for tasks to queue
[2026-08-13T07:11:49.051+0000] {logging_mixin.py:188} INFO - [2026-08-13T07:11:49.051+0000] {dagbag.py:545} INFO - Filling up the DagBag from /opt/airflow/dags/hello_airflow.py
[2026-08-13T07:11:49.064+0000] {processor.py:840} INFO - DAG(s) 'hello_airflow' retrieved from /opt/airflow/dags/hello_airflow.py
[2026-08-13T07:11:49.087+0000] {logging_mixin.py:188} INFO - [2026-08-13T07:11:49.087+0000] {dag.py:3089} INFO - Sync 1 DAGs
[2026-08-13T07:11:49.098+0000] {logging_mixin.py:188} INFO - [2026-08-13T07:11:49.097+0000] {dag.py:3947} INFO - Setting next_dagrun for hello_airflow to None, run_after=None
[2026-08-13T07:11:49.118+0000] {processor.py:183} INFO - Processing /opt/airflow/dags/hello_airflow.py took 0.075 seconds
[2026-08-13T07:12:19.350+0000] {processor.py:161} INFO - Started process (PID=499) to work on /opt/airflow/dags/hello_airflow.py
[2026-08-13T07:12:19.351+0000] {processor.py:830} INFO - Processing file /opt/airflow/dags/hello_airflow.py for tasks to queue
[2026-08-13T07:12:19.353+0000] {logging_mixin.py:188} INFO - [2026-08-13T07:12:19.353+0000] {dagbag.py:545} INFO - Filling up the DagBag from /opt/airflow/dags/hello_airflow.py
[2026-08-13T07:12:19.368+0000] {processor.py:840} INFO - DAG(s) 'hello_airflow' retrieved from /opt/airflow/dags/hello_airflow.py
[2026-08-13T07:12:19.392+0000] {logging_mixin.py:188} INFO - [2026-08-13T07:12:19.391+0000] {dag.py:3089} INFO - Sync 1 DAGs
[2026-08-13T07:12:19.404+0000] {logging_mixin.py:188} INFO - [2026-08-13T07:12:19.404+0000] {dag.py:3947} INFO - Setting next_dagrun for hello_airflow to None, run_after=None
[2026-08-13T07:12:19.421+0000] {processor.py:183} INFO - Processing /opt/airflow/dags/hello_airflow.py took 0.076 seconds
[2026-08-13T07:12:49.674+0000] {processor.py:161} INFO - Started process (PID=530) to work on /opt/airflow/dags/hello_airflow.py
[2026-08-13T07:12:49.675+0000] {processor.py:830} INFO - Processing file /opt/airflow/dags/hello_airflow.py for tasks to queue
[2026-08-13T07:12:49.677+0000] {logging_mixin.py:188} INFO - [2026-08-13T07:12:49.677+0000] {dagbag.py:545} INFO - Filling up the DagBag from /opt/airflow/dags/hello_airflow.py
[2026-08-13T07:12:49.694+0000] {processor.py:840} INFO - DAG(s) 'hello_airflow' retrieved from /opt/airflow/dags/hello_airflow.py
[2026-08-13T07:12:49.720+0000] {logging_mixin.py:188} INFO - [2026-08-13T07:12:49.720+0000] {dag.py:3089} INFO - Sync 1 DAGs
[2026-08-13T07:12:49.731+0000] {logging_mixin.py:188} INFO - [2026-08-13T07:12:49.731+0000] {dag.py:3947} INFO - Setting next_dagrun for hello_airflow to None, run_after=None
[2026-08-13T07:12:49.749+0000] {processor.py:183} INFO - Processing /opt/airflow/dags/hello_airflow.py took 0.081 seconds
[2026-08-13T07:13:19.994+0000] {processor.py:161} INFO - Started process (PID=554) to work on /opt/airflow/dags/hello_airflow.py
[2026-08-13T07:13:19.996+0000] {processor.py:830} INFO - Processing file /opt/airflow/dags/hello_airflow.py for tasks to queue
[2026-08-13T07:13:19.998+0000] {logging_mixin.py:188} INFO - [2026-08-13T07:13:19.997+0000] {dagbag.py:545} INFO - Filling up the DagBag from /opt/airflow/dags/hello_airflow.py
[2026-08-13T07:13:20.012+0000] {processor.py:840} INFO - DAG(s) 'hello_airflow' retrieved from /opt/airflow/dags/hello_airflow.py
[2026-08-13T07:13:20.038+0000] {logging_mixin.py:188} INFO - [2026-08-13T07:13:20.038+0000] {dag.py:3089} INFO - Sync 1 DAGs
[2026-08-13T07:13:20.052+0000] {logging_mixin.py:188} INFO - [2026-08-13T07:13:20.052+0000] {dag.py:3947} INFO - Setting next_dagrun for hello_airflow to None, run_after=None
[2026-08-13T07:13:20.071+0000] {processor.py:183} INFO - Processing /opt/airflow/dags/hello_airflow.py took 0.082 seconds
[2026-08-13T07:13:50.225+0000] {processor.py:161} INFO - Started process (PID=585) to work on /opt/airflow/dags/hello_airflow.py
[2026-08-13T07:13:50.226+0000] {processor.py:830} INFO - Processing file /opt/airflow/dags/hello_airflow.py for tasks to queue
[2026-08-13T07:13:50.228+0000] {logging_mixin.py:188} INFO - [2026-08-13T07:13:50.228+0000] {dagbag.py:545} INFO - Filling up the DagBag from /opt/airflow/dags/hello_airflow.py
[2026-08-13T07:13:50.253+0000] {processor.py:840} INFO - DAG(s) 'hello_airflow' retrieved from /opt/airflow/dags/hello_airflow.py
[2026-08-13T07:13:50.283+0000] {logging_mixin.py:188} INFO - [2026-08-13T07:13:50.282+0000] {dag.py:3089} INFO - Sync 1 DAGs
[2026-08-13T07:13:50.295+0000] {logging_mixin.py:188} INFO - [2026-08-13T07:13:50.294+0000] {dag.py:3947} INFO - Setting next_dagrun for hello_airflow to None, run_after=None
[2026-08-13T07:13:50.313+0000] {processor.py:183} INFO - Processing /opt/airflow/dags/hello_airflow.py took 0.095 seconds
[2026-08-13T07:14:20.544+0000] {processor.py:161} INFO - Started process (PID=609) to work on /opt/airflow/dags/hello_airflow.py
[2026-08-13T07:14:20.544+0000] {processor.py:830} INFO - Processing file /opt/airflow/dags/hello_airflow.py for tasks to queue
[2026-08-13T07:14:20.547+0000] {logging_mixin.py:188} INFO - [2026-08-13T07:14:20.546+0000] {dagbag.py:545} INFO - Filling up the DagBag from /opt/airflow/dags/hello_airflow.py
[2026-08-13T07:14:20.562+0000] {processor.py:840} INFO - DAG(s) 'hello_airflow' retrieved from /opt/airflow/dags/hello_airflow.py
[2026-08-13T07:14:20.587+0000] {logging_mixin.py:188} INFO - [2026-08-13T07:14:20.586+0000] {dag.py:3089} INFO - Sync 1 DAGs
[2026-08-13T07:14:20.598+0000] {logging_mixin.py:188} INFO - [2026-08-13T07:14:20.598+0000] {dag.py:3947} INFO - Setting next_dagrun for hello_airflow to None, run_after=None
[2026-08-13T07:14:20.616+0000] {processor.py:183} INFO - Processing /opt/airflow/dags/hello_airflow.py took 0.078 seconds
[2026-08-13T07:14:50.789+0000] {processor.py:161} INFO - Started process (PID=641) to work on /opt/airflow/dags/hello_airflow.py
[2026-08-13T07:14:50.790+0000] {processor.py:830} INFO - Processing file /opt/airflow/dags/hello_airflow.py for tasks to queue
[2026-08-13T07:14:50.792+0000] {logging_mixin.py:188} INFO - [2026-08-13T07:14:50.792+0000] {dagbag.py:545} INFO - Filling up the DagBag from /opt/airflow/dags/hello_airflow.py
[2026-08-13T07:14:50.806+0000] {processor.py:840} INFO - DAG(s) 'hello_airflow' retrieved from /opt/airflow/dags/hello_airflow.py
[2026-08-13T07:14:50.835+0000] {logging_mixin.py:188} INFO - [2026-08-13T07:14:50.835+0000] {dag.py:3089} INFO - Sync 1 DAGs
[2026-08-13T07:14:50.848+0000] {logging_mixin.py:188} INFO - [2026-08-13T07:14:50.848+0000] {dag.py:3947} INFO - Setting next_dagrun for hello_airflow to None, run_after=None
[2026-08-13T07:14:50.868+0000] {processor.py:183} INFO - Processing /opt/airflow/dags/hello_airflow.py took 0.083 seconds
[2026-08-13T07:15:21.053+0000] {processor.py:161} INFO - Started process (PID=665) to work on /opt/airflow/dags/hello_airflow.py
[2026-08-13T07:15:21.054+0000] {processor.py:830} INFO - Processing file /opt/airflow/dags/hello_airflow.py for tasks to queue
[2026-08-13T07:15:21.057+0000] {logging_mixin.py:188} INFO - [2026-08-13T07:15:21.056+0000] {dagbag.py:545} INFO - Filling up the DagBag from /opt/airflow/dags/hello_airflow.py
[2026-08-13T07:15:21.072+0000] {processor.py:840} INFO - DAG(s) 'hello_airflow' retrieved from /opt/airflow/dags/hello_airflow.py
[2026-08-13T07:15:21.102+0000] {logging_mixin.py:188} INFO - [2026-08-13T07:15:21.102+0000] {dag.py:3089} INFO - Sync 1 DAGs
[2026-08-13T07:15:21.114+0000] {logging_mixin.py:188} INFO - [2026-08-13T07:15:21.114+0000] {dag.py:3947} INFO - Setting next_dagrun for hello_airflow to None, run_after=None
[2026-08-13T07:15:21.132+0000] {processor.py:183} INFO - Processing /opt/airflow/dags/hello_airflow.py took 0.084 seconds
[2026-08-13T07:15:51.384+0000] {processor.py:161} INFO - Started process (PID=696) to work on /opt/airflow/dags/hello_airflow.py
[2026-08-13T07:15:51.385+0000] {processor.py:830} INFO - Processing file /opt/airflow/dags/hello_airflow.py for tasks to queue
[2026-08-13T07:15:51.387+0000] {logging_mixin.py:188} INFO - [2026-08-13T07:15:51.387+0000] {dagbag.py:545} INFO - Filling up the DagBag from /opt/airflow/dags/hello_airflow.py
[2026-08-13T07:15:51.401+0000] {processor.py:840} INFO - DAG(s) 'hello_airflow' retrieved from /opt/airflow/dags/hello_airflow.py
[2026-08-13T07:15:51.426+0000] {logging_mixin.py:188} INFO - [2026-08-13T07:15:51.425+0000] {dag.py:3089} INFO - Sync 1 DAGs
[2026-08-13T07:15:51.438+0000] {logging_mixin.py:188} INFO - [2026-08-13T07:15:51.438+0000] {dag.py:3947} INFO - Setting next_dagrun for hello_airflow to None, run_after=None
[2026-08-13T07:15:51.457+0000] {processor.py:183} INFO - Processing /opt/airflow/dags/hello_airflow.py took 0.078 seconds
[2026-08-13T07:16:21.744+0000] {processor.py:161} INFO - Started process (PID=720) to work on /opt/airflow/dags/hello_airflow.py
[2026-08-13T07:16:21.745+0000] {processor.py:830} INFO - Processing file /opt/airflow/dags/hello_airflow.py for tasks to queue
[2026-08-13T07:16:21.748+0000] {logging_mixin.py:188} INFO - [2026-08-13T07:16:21.747+0000] {dagbag.py:545} INFO - Filling up the DagBag from /opt/airflow/dags/hello_airflow.py
[2026-08-13T07:16:21.766+0000] {processor.py:840} INFO - DAG(s) 'hello_airflow' retrieved from /opt/airflow/dags/hello_airflow.py
[2026-08-13T07:16:21.799+0000] {logging_mixin.py:188} INFO - [2026-08-13T07:16:21.798+0000] {dag.py:3089} INFO - Sync 1 DAGs
[2026-08-13T07:16:21.814+0000] {logging_mixin.py:188} INFO - [2026-08-13T07:16:21.813+0000] {dag.py:3947} INFO - Setting next_dagrun for hello_airflow to None, run_after=None
[2026-08-13T07:16:21.837+0000] {processor.py:183} INFO - Processing /opt/airflow/dags/hello_airflow.py took 0.100 seconds
[2026-08-13T07:16:52.080+0000] {processor.py:161} INFO - Started process (PID=751) to work on /opt/airflow/dags/hello_airflow.py
[2026-08-13T07:16:52.081+0000] {processor.py:830} INFO - Processing file /opt/airflow/dags/hello_airflow.py for tasks to queue
[2026-08-13T07:16:52.083+0000] {logging_mixin.py:188} INFO - [2026-08-13T07:16:52.082+0000] {dagbag.py:545} INFO - Filling up the DagBag from /opt/airflow/dags/hello_airflow.py
[2026-08-13T07:16:52.099+0000] {processor.py:840} INFO - DAG(s) 'hello_airflow' retrieved from /opt/airflow/dags/hello_airflow.py
[2026-08-13T07:16:52.126+0000] {logging_mixin.py:188} INFO - [2026-08-13T07:16:52.126+0000] {dag.py:3089} INFO - Sync 1 DAGs
[2026-08-13T07:16:52.140+0000] {logging_mixin.py:188} INFO - [2026-08-13T07:16:52.140+0000] {dag.py:3947} INFO - Setting next_dagrun for hello_airflow to None, run_after=None
[2026-08-13T07:16:52.159+0000] {processor.py:183} INFO - Processing /opt/airflow/dags/hello_airflow.py took 0.085 seconds
[2026-08-13T07:17:22.313+0000] {processor.py:161} INFO - Started process (PID=775) to work on /opt/airflow/dags/hello_airflow.py
[2026-08-13T07:17:22.314+0000] {processor.py:830} INFO - Processing file /opt/airflow/dags/hello_airflow.py for tasks to queue
[2026-08-13T07:17:22.317+0000] {logging_mixin.py:188} INFO - [2026-08-13T07:17:22.316+0000] {dagbag.py:545} INFO - Filling up the DagBag from /opt/airflow/dags/hello_airflow.py
[2026-08-13T07:17:22.336+0000] {processor.py:840} INFO - DAG(s) 'hello_airflow' retrieved from /opt/airflow/dags/hello_airflow.py
[2026-08-13T07:17:22.371+0000] {logging_mixin.py:188} INFO - [2026-08-13T07:17:22.371+0000] {dag.py:3089} INFO - Sync 1 DAGs
[2026-08-13T07:17:22.383+0000] {logging_mixin.py:188} INFO - [2026-08-13T07:17:22.383+0000] {dag.py:3947} INFO - Setting next_dagrun for hello_airflow to None, run_after=None
[2026-08-13T07:17:22.403+0000] {processor.py:183} INFO - Processing /opt/airflow/dags/hello_airflow.py took 0.096 seconds
[2026-08-13T07:17:52.705+0000] {processor.py:161} INFO - Started process (PID=806) to work on /opt/airflow/dags/hello_airflow.py
[2026-08-13T07:17:52.707+0000] {processor.py:830} INFO - Processing file /opt/airflow/dags/hello_airflow.py for tasks to queue
[2026-08-13T07:17:52.713+0000] {logging_mixin.py:188} INFO - [2026-08-13T07:17:52.712+0000] {dagbag.py:545} INFO - Filling up the DagBag from /opt/airflow/dags/hello_airflow.py
[2026-08-13T07:17:52.754+0000] {processor.py:840} INFO - DAG(s) 'hello_airflow' retrieved from /opt/airflow/dags/hello_airflow.py
[2026-08-13T07:17:52.826+0000] {logging_mixin.py:188} INFO - [2026-08-13T07:17:52.826+0000] {dag.py:3089} INFO - Sync 1 DAGs
[2026-08-13T07:17:52.857+0000] {logging_mixin.py:188} INFO - [2026-08-13T07:17:52.857+0000] {dag.py:3947} INFO - Setting next_dagrun for hello_airflow to None, run_after=None
[2026-08-13T07:17:52.902+0000] {processor.py:183} INFO - Processing /opt/airflow/dags/hello_airflow.py took 0.213 seconds
[2026-08-13T07:18:23.146+0000] {processor.py:161} INFO - Started process (PID=830) to work on /opt/airflow/dags/hello_airflow.py
[2026-08-13T07:18:23.147+0000] {processor.py:830} INFO - Processing file /opt/airflow/dags/hello_airflow.py for tasks to queue
[2026-08-13T07:18:23.149+0000] {logging_mixin.py:188} INFO - [2026-08-13T07:18:23.148+0000] {dagbag.py:545} INFO - Filling up the DagBag from /opt/airflow/dags/hello_airflow.py
[2026-08-13T07:18:23.164+0000] {processor.py:840} INFO - DAG(s) 'hello_airflow' retrieved from /opt/airflow/dags/hello_airflow.py
[2026-08-13T07:18:23.187+0000] {logging_mixin.py:188} INFO - [2026-08-13T07:18:23.187+0000] {dag.py:3089} INFO - Sync 1 DAGs
[2026-08-13T07:18:23.198+0000] {logging_mixin.py:188} INFO - [2026-08-13T07:18:23.198+0000] {dag.py:3947} INFO - Setting next_dagrun for hello_airflow to None, run_after=None
[2026-08-13T07:18:23.215+0000] {processor.py:183} INFO - Processing /opt/airflow/dags/hello_airflow.py took 0.076 seconds
[2026-08-13T07:18:53.360+0000] {processor.py:161} INFO - Started process (PID=861) to work on /opt/airflow/dags/hello_airflow.py
[2026-08-13T07:18:53.361+0000] {processor.py:830} INFO - Processing file /opt/airflow/dags/hello_airflow.py for tasks to queue
[2026-08-13T07:18:53.363+0000] {logging_mixin.py:188} INFO - [2026-08-13T07:18:53.363+0000] {dagbag.py:545} INFO - Filling up the DagBag from /opt/airflow/dags/hello_airflow.py
[2026-08-13T07:18:53.376+0000] {processor.py:840} INFO - DAG(s) 'hello_airflow' retrieved from /opt/airflow/dags/hello_airflow.py
[2026-08-13T07:18:53.402+0000] {logging_mixin.py:188} INFO - [2026-08-13T07:18:53.401+0000] {dag.py:3089} INFO - Sync 1 DAGs
[2026-08-13T07:18:53.414+0000] {logging_mixin.py:188} INFO - [2026-08-13T07:18:53.413+0000] {dag.py:3947} INFO - Setting next_dagrun for hello_airflow to None, run_after=None
[2026-08-13T07:18:53.437+0000] {processor.py:183} INFO - Processing /opt/airflow/dags/hello_airflow.py took 0.081 seconds
[2026-08-13T07:19:23.641+0000] {processor.py:161} INFO - Started process (PID=885) to work on /opt/airflow/dags/hello_airflow.py
[2026-08-13T07:19:23.642+0000] {processor.py:830} INFO - Processing file /opt/airflow/dags/hello_airflow.py for tasks to queue
[2026-08-13T07:19:23.644+0000] {logging_mixin.py:188} INFO - [2026-08-13T07:19:23.644+0000] {dagbag.py:545} INFO - Filling up the DagBag from /opt/airflow/dags/hello_airflow.py
[2026-08-13T07:19:23.661+0000] {processor.py:840} INFO - DAG(s) 'hello_airflow' retrieved from /opt/airflow/dags/hello_airflow.py
[2026-08-13T07:19:23.685+0000] {logging_mixin.py:188} INFO - [2026-08-13T07:19:23.685+0000] {dag.py:3089} INFO - Sync 1 DAGs
[2026-08-13T07:19:23.697+0000] {logging_mixin.py:188} INFO - [2026-08-13T07:19:23.697+0000] {dag.py:3947} INFO - Setting next_dagrun for hello_airflow to None, run_after=None
[2026-08-13T07:19:23.718+0000] {processor.py:183} INFO - Processing /opt/airflow/dags/hello_airflow.py took 0.083 seconds
[2026-08-13T07:19:53.852+0000] {processor.py:161} INFO - Started process (PID=916) to work on /opt/airflow/dags/hello_airflow.py
[2026-08-13T07:19:53.853+0000] {processor.py:830} INFO - Processing file /opt/airflow/dags/hello_airflow.py for tasks to queue
[2026-08-13T07:19:53.855+0000] {logging_mixin.py:188} INFO - [2026-08-13T07:19:53.855+0000] {dagbag.py:545} INFO - Filling up the DagBag from /opt/airflow/dags/hello_airflow.py
[2026-08-13T07:19:53.874+0000] {processor.py:840} INFO - DAG(s) 'hello_airflow' retrieved from /opt/airflow/dags/hello_airflow.py
[2026-08-13T07:19:53.906+0000] {logging_mixin.py:188} INFO - [2026-08-13T07:19:53.906+0000] {dag.py:3089} INFO - Sync 1 DAGs
[2026-08-13T07:19:53.921+0000] {logging_mixin.py:188} INFO - [2026-08-13T07:19:53.921+0000] {dag.py:3947} INFO - Setting next_dagrun for hello_airflow to None, run_after=None
[2026-08-13T07:19:53.940+0000] {processor.py:183} INFO - Processing /opt/airflow/dags/hello_airflow.py took 0.097 seconds
[2026-08-13T07:20:24.095+0000] {processor.py:161} INFO - Started process (PID=940) to work on /opt/airflow/dags/hello_airflow.py
[2026-08-13T07:20:24.096+0000] {processor.py:830} INFO - Processing file /opt/airflow/dags/hello_airflow.py for tasks to queue
[2026-08-13T07:20:24.098+0000] {logging_mixin.py:188} INFO - [2026-08-13T07:20:24.098+0000] {dagbag.py:545} INFO - Filling up the DagBag from /opt/airflow/dags/hello_airflow.py
[2026-08-13T07:20:24.112+0000] {processor.py:840} INFO - DAG(s) 'hello_airflow' retrieved from /opt/airflow/dags/hello_airflow.py
[2026-08-13T07:20:24.139+0000] {logging_mixin.py:188} INFO - [2026-08-13T07:20:24.138+0000] {dag.py:3089} INFO - Sync 1 DAGs
[2026-08-13T07:20:24.153+0000] {logging_mixin.py:188} INFO - [2026-08-13T07:20:24.152+0000] {dag.py:3947} INFO - Setting next_dagrun for hello_airflow to None, run_after=None
[2026-08-13T07:20:24.174+0000] {processor.py:183} INFO - Processing /opt/airflow/dags/hello_airflow.py took 0.084 seconds
[2026-08-13T07:20:54.315+0000] {processor.py:161} INFO - Started process (PID=965) to work on /opt/airflow/dags/hello_airflow.py
[2026-08-13T07:20:54.316+0000] {processor.py:830} INFO - Processing file /opt/airflow/dags/hello_airflow.py for tasks to queue
[2026-08-13T07:20:54.318+0000] {logging_mixin.py:188} INFO - [2026-08-13T07:20:54.318+0000] {dagbag.py:545} INFO - Filling up the DagBag from /opt/airflow/dags/hello_airflow.py
[2026-08-13T07:20:54.334+0000] {processor.py:840} INFO - DAG(s) 'hello_airflow' retrieved from /opt/airflow/dags/hello_airflow.py
[2026-08-13T07:20:54.362+0000] {logging_mixin.py:188} INFO - [2026-08-13T07:20:54.362+0000] {dag.py:3089} INFO - Sync 1 DAGs
[2026-08-13T07:20:54.376+0000] {logging_mixin.py:188} INFO - [2026-08-13T07:20:54.376+0000] {dag.py:3947} INFO - Setting next_dagrun for hello_airflow to None, run_after=None
[2026-08-13T07:20:54.397+0000] {processor.py:183} INFO - Processing /opt/airflow/dags/hello_airflow.py took 0.088 seconds
[2026-08-13T07:21:24.679+0000] {processor.py:161} INFO - Started process (PID=996) to work on /opt/airflow/dags/hello_airflow.py
[2026-08-13T07:21:24.680+0000] {processor.py:830} INFO - Processing file /opt/airflow/dags/hello_airflow.py for tasks to queue
[2026-08-13T07:21:24.683+0000] {logging_mixin.py:188} INFO - [2026-08-13T07:21:24.682+0000] {dagbag.py:545} INFO - Filling up the DagBag from /opt/airflow/dags/hello_airflow.py
[2026-08-13T07:21:24.706+0000] {processor.py:840} INFO - DAG(s) 'hello_airflow' retrieved from /opt/airflow/dags/hello_airflow.py
[2026-08-13T07:21:24.742+0000] {logging_mixin.py:188} INFO - [2026-08-13T07:21:24.741+0000] {dag.py:3089} INFO - Sync 1 DAGs
[2026-08-13T07:21:24.758+0000] {logging_mixin.py:188} INFO - [2026-08-13T07:21:24.758+0000] {dag.py:3947} INFO - Setting next_dagrun for hello_airflow to None, run_after=None
[2026-08-13T07:21:24.785+0000] {processor.py:183} INFO - Processing /opt/airflow/dags/hello_airflow.py took 0.115 seconds
[2026-08-13T07:21:54.901+0000] {processor.py:161} INFO - Started process (PID=1020) to work on /opt/airflow/dags/hello_airflow.py
[2026-08-13T07:21:54.902+0000] {processor.py:830} INFO - Processing file /opt/airflow/dags/hello_airflow.py for tasks to queue
[2026-08-13T07:21:54.905+0000] {logging_mixin.py:188} INFO - [2026-08-13T07:21:54.904+0000] {dagbag.py:545} INFO - Filling up the DagBag from /opt/airflow/dags/hello_airflow.py
[2026-08-13T07:21:54.920+0000] {processor.py:840} INFO - DAG(s) 'hello_airflow' retrieved from /opt/airflow/dags/hello_airflow.py
[2026-08-13T07:21:54.951+0000] {logging_mixin.py:188} INFO - [2026-08-13T07:21:54.950+0000] {dag.py:3089} INFO - Sync 1 DAGs
[2026-08-13T07:21:54.964+0000] {logging_mixin.py:188} INFO - [2026-08-13T07:21:54.964+0000] {dag.py:3947} INFO - Setting next_dagrun for hello_airflow to None, run_after=None
[2026-08-13T07:21:54.987+0000] {processor.py:183} INFO - Processing /opt/airflow/dags/hello_airflow.py took 0.094 seconds
[2026-08-13T07:22:25.205+0000] {processor.py:161} INFO - Started process (PID=1052) to work on /opt/airflow/dags/hello_airflow.py
[2026-08-13T07:22:25.206+0000] {processor.py:830} INFO - Processing file /opt/airflow/dags/hello_airflow.py for tasks to queue
[2026-08-13T07:22:25.209+0000] {logging_mixin.py:188} INFO - [2026-08-13T07:22:25.208+0000] {dagbag.py:545} INFO - Filling up the DagBag from /opt/airflow/dags/hello_airflow.py
[2026-08-13T07:22:25.227+0000] {processor.py:840} INFO - DAG(s) 'hello_airflow' retrieved from /opt/airflow/dags/hello_airflow.py
[2026-08-13T07:22:25.264+0000] {logging_mixin.py:188} INFO - [2026-08-13T07:22:25.263+0000] {dag.py:3089} INFO - Sync 1 DAGs
[2026-08-13T07:22:25.277+0000] {logging_mixin.py:188} INFO - [2026-08-13T07:22:25.277+0000] {dag.py:3947} INFO - Setting next_dagrun for hello_airflow to None, run_after=None
[2026-08-13T07:22:25.300+0000] {processor.py:183} INFO - Processing /opt/airflow/dags/hello_airflow.py took 0.102 seconds
[2026-08-13T07:22:55.520+0000] {processor.py:161} INFO - Started process (PID=1076) to work on /opt/airflow/dags/hello_airflow.py
[2026-08-13T07:22:55.521+0000] {processor.py:830} INFO - Processing file /opt/airflow/dags/hello_airflow.py for tasks to queue
[2026-08-13T07:22:55.524+0000] {logging_mixin.py:188} INFO - [2026-08-13T07:22:55.523+0000] {dagbag.py:545} INFO - Filling up the DagBag from /opt/airflow/dags/hello_airflow.py
[2026-08-13T07:22:55.539+0000] {processor.py:840} INFO - DAG(s) 'hello_airflow' retrieved from /opt/airflow/dags/hello_airflow.py
[2026-08-13T07:22:55.569+0000] {logging_mixin.py:188} INFO - [2026-08-13T07:22:55.568+0000] {dag.py:3089} INFO - Sync 1 DAGs
[2026-08-13T07:22:55.580+0000] {logging_mixin.py:188} INFO - [2026-08-13T07:22:55.580+0000] {dag.py:3947} INFO - Setting next_dagrun for hello_airflow to None, run_after=None
[2026-08-13T07:22:55.602+0000] {processor.py:183} INFO - Processing /opt/airflow/dags/hello_airflow.py took 0.089 seconds
[2026-08-13T07:23:25.737+0000] {processor.py:161} INFO - Started process (PID=1107) to work on /opt/airflow/dags/hello_airflow.py
[2026-08-13T07:23:25.738+0000] {processor.py:830} INFO - Processing file /opt/airflow/dags/hello_airflow.py for tasks to queue
[2026-08-13T07:23:25.741+0000] {logging_mixin.py:188} INFO - [2026-08-13T07:23:25.741+0000] {dagbag.py:545} INFO - Filling up the DagBag from /opt/airflow/dags/hello_airflow.py
[2026-08-13T07:23:25.757+0000] {processor.py:840} INFO - DAG(s) 'hello_airflow' retrieved from /opt/airflow/dags/hello_airflow.py
[2026-08-13T07:23:25.795+0000] {logging_mixin.py:188} INFO - [2026-08-13T07:23:25.794+0000] {dag.py:3089} INFO - Sync 1 DAGs
[2026-08-13T07:23:25.812+0000] {logging_mixin.py:188} INFO - [2026-08-13T07:23:25.812+0000] {dag.py:3947} INFO - Setting next_dagrun for hello_airflow to None, run_after=None
[2026-08-13T07:23:25.832+0000] {processor.py:183} INFO - Processing /opt/airflow/dags/hello_airflow.py took 0.104 seconds
[2026-08-13T07:23:56.079+0000] {processor.py:161} INFO - Started process (PID=1131) to work on /opt/airflow/dags/hello_airflow.py
[2026-08-13T07:23:56.080+0000] {processor.py:830} INFO - Processing file /opt/airflow/dags/hello_airflow.py for tasks to queue
[2026-08-13T07:23:56.082+0000] {logging_mixin.py:188} INFO - [2026-08-13T07:23:56.082+0000] {dagbag.py:545} INFO - Filling up the DagBag from /opt/airflow/dags/hello_airflow.py
[2026-08-13T07:23:56.097+0000] {processor.py:840} INFO - DAG(s) 'hello_airflow' retrieved from /opt/airflow/dags/hello_airflow.py
[2026-08-13T07:23:56.124+0000] {logging_mixin.py:188} INFO - [2026-08-13T07:23:56.124+0000] {dag.py:3089} INFO - Sync 1 DAGs
[2026-08-13T07:23:56.136+0000] {logging_mixin.py:188} INFO - [2026-08-13T07:23:56.135+0000] {dag.py:3947} INFO - Setting next_dagrun for hello_airflow to None, run_after=None
[2026-08-13T07:23:56.154+0000] {processor.py:183} INFO - Processing /opt/airflow/dags/hello_airflow.py took 0.081 seconds
[2026-08-13T07:24:26.293+0000] {processor.py:161} INFO - Started process (PID=1163) to work on /opt/airflow/dags/hello_airflow.py
[2026-08-13T07:24:26.295+0000] {processor.py:830} INFO - Processing file /opt/airflow/dags/hello_airflow.py for tasks to queue
[2026-08-13T07:24:26.297+0000] {logging_mixin.py:188} INFO - [2026-08-13T07:24:26.297+0000] {dagbag.py:545} INFO - Filling up the DagBag from /opt/airflow/dags/hello_airflow.py
[2026-08-13T07:24:26.317+0000] {processor.py:840} INFO - DAG(s) 'hello_airflow' retrieved from /opt/airflow/dags/hello_airflow.py
[2026-08-13T07:24:26.352+0000] {logging_mixin.py:188} INFO - [2026-08-13T07:24:26.351+0000] {dag.py:3089} INFO - Sync 1 DAGs
[2026-08-13T07:24:26.367+0000] {logging_mixin.py:188} INFO - [2026-08-13T07:24:26.367+0000] {dag.py:3947} INFO - Setting next_dagrun for hello_airflow to None, run_after=None
[2026-08-13T07:24:26.387+0000] {processor.py:183} INFO - Processing /opt/airflow/dags/hello_airflow.py took 0.103 seconds
[2026-08-13T07:24:56.651+0000] {processor.py:161} INFO - Started process (PID=1187) to work on /opt/airflow/dags/hello_airflow.py
[2026-08-13T07:24:56.652+0000] {processor.py:830} INFO - Processing file /opt/airflow/dags/hello_airflow.py for tasks to queue
[2026-08-13T07:24:56.654+0000] {logging_mixin.py:188} INFO - [2026-08-13T07:24:56.654+0000] {dagbag.py:545} INFO - Filling up the DagBag from /opt/airflow/dags/hello_airflow.py
[2026-08-13T07:24:56.670+0000] {processor.py:840} INFO - DAG(s) 'hello_airflow' retrieved from /opt/airflow/dags/hello_airflow.py
[2026-08-13T07:24:56.694+0000] {logging_mixin.py:188} INFO - [2026-08-13T07:24:56.694+0000] {dag.py:3089} INFO - Sync 1 DAGs
[2026-08-13T07:24:56.706+0000] {logging_mixin.py:188} INFO - [2026-08-13T07:24:56.706+0000] {dag.py:3947} INFO - Setting next_dagrun for hello_airflow to None, run_after=None
[2026-08-13T07:24:56.723+0000] {processor.py:183} INFO - Processing /opt/airflow/dags/hello_airflow.py took 0.077 seconds
[2026-08-13T07:25:26.907+0000] {processor.py:161} INFO - Started process (PID=1218) to work on /opt/airflow/dags/hello_airflow.py
[2026-08-13T07:25:26.908+0000] {processor.py:830} INFO - Processing file /opt/airflow/dags/hello_airflow.py for tasks to queue
[2026-08-13T07:25:26.910+0000] {logging_mixin.py:188} INFO - [2026-08-13T07:25:26.910+0000] {dagbag.py:545} INFO - Filling up the DagBag from /opt/airflow/dags/hello_airflow.py
[2026-08-13T07:25:26.930+0000] {processor.py:840} INFO - DAG(s) 'hello_airflow' retrieved from /opt/airflow/dags/hello_airflow.py
[2026-08-13T07:25:26.955+0000] {logging_mixin.py:188} INFO - [2026-08-13T07:25:26.955+0000] {dag.py:3089} INFO - Sync 1 DAGs
[2026-08-13T07:25:26.968+0000] {logging_mixin.py:188} INFO - [2026-08-13T07:25:26.967+0000] {dag.py:3947} INFO - Setting next_dagrun for hello_airflow to None, run_after=None
[2026-08-13T07:25:26.992+0000] {processor.py:183} INFO - Processing /opt/airflow/dags/hello_airflow.py took 0.091 seconds
[2026-08-13T07:25:57.188+0000] {processor.py:161} INFO - Started process (PID=1242) to work on /opt/airflow/dags/hello_airflow.py
[2026-08-13T07:25:57.189+0000] {processor.py:830} INFO - Processing file /opt/airflow/dags/hello_airflow.py for tasks to queue
[2026-08-13T07:25:57.191+0000] {logging_mixin.py:188} INFO - [2026-08-13T07:25:57.190+0000] {dagbag.py:545} INFO - Filling up the DagBag from /opt/airflow/dags/hello_airflow.py
[2026-08-13T07:25:57.206+0000] {processor.py:840} INFO - DAG(s) 'hello_airflow' retrieved from /opt/airflow/dags/hello_airflow.py
[2026-08-13T07:25:57.230+0000] {logging_mixin.py:188} INFO - [2026-08-13T07:25:57.229+0000] {dag.py:3089} INFO - Sync 1 DAGs
[2026-08-13T07:25:57.240+0000] {logging_mixin.py:188} INFO - [2026-08-13T07:25:57.240+0000] {dag.py:3947} INFO - Setting next_dagrun for hello_airflow to None, run_after=None
[2026-08-13T07:25:57.259+0000] {processor.py:183} INFO - Processing /opt/airflow/dags/hello_airflow.py took 0.076 seconds
[2026-08-13T07:26:27.456+0000] {processor.py:161} INFO - Started process (PID=1273) to work on /opt/airflow/dags/hello_airflow.py
[2026-08-13T07:26:27.457+0000] {processor.py:830} INFO - Processing file /opt/airflow/dags/hello_airflow.py for tasks to queue
[2026-08-13T07:26:27.459+0000] {logging_mixin.py:188} INFO - [2026-08-13T07:26:27.459+0000] {dagbag.py:545} INFO - Filling up the DagBag from /opt/airflow/dags/hello_airflow.py
[2026-08-13T07:26:27.473+0000] {processor.py:840} INFO - DAG(s) 'hello_airflow' retrieved from /opt/airflow/dags/hello_airflow.py
[2026-08-13T07:26:27.498+0000] {logging_mixin.py:188} INFO - [2026-08-13T07:26:27.498+0000] {dag.py:3089} INFO - Sync 1 DAGs
[2026-08-13T07:26:27.510+0000] {logging_mixin.py:188} INFO - [2026-08-13T07:26:27.510+0000] {dag.py:3947} INFO - Setting next_dagrun for hello_airflow to None, run_after=None
[2026-08-13T07:26:27.531+0000] {processor.py:183} INFO - Processing /opt/airflow/dags/hello_airflow.py took 0.081 seconds
[2026-08-13T07:26:57.714+0000] {processor.py:161} INFO - Started process (PID=1298) to work on /opt/airflow/dags/hello_airflow.py
[2026-08-13T07:26:57.715+0000] {processor.py:830} INFO - Processing file /opt/airflow/dags/hello_airflow.py for tasks to queue
[2026-08-13T07:26:57.717+0000] {logging_mixin.py:188} INFO - [2026-08-13T07:26:57.717+0000] {dagbag.py:545} INFO - Filling up the DagBag from /opt/airflow/dags/hello_airflow.py
[2026-08-13T07:26:57.732+0000] {processor.py:840} INFO - DAG(s) 'hello_airflow' retrieved from /opt/airflow/dags/hello_airflow.py
[2026-08-13T07:26:57.757+0000] {logging_mixin.py:188} INFO - [2026-08-13T07:26:57.757+0000] {dag.py:3089} INFO - Sync 1 DAGs
[2026-08-13T07:26:57.769+0000] {logging_mixin.py:188} INFO - [2026-08-13T07:26:57.768+0000] {dag.py:3947} INFO - Setting next_dagrun for hello_airflow to None, run_after=None
[2026-08-13T07:26:57.793+0000] {processor.py:183} INFO - Processing /opt/airflow/dags/hello_airflow.py took 0.085 seconds
[2026-08-13T07:27:27.941+0000] {processor.py:161} INFO - Started process (PID=1329) to work on /opt/airflow/dags/hello_airflow.py
[2026-08-13T07:27:27.942+0000] {processor.py:830} INFO - Processing file /opt/airflow/dags/hello_airflow.py for tasks to queue
[2026-08-13T07:27:27.945+0000] {logging_mixin.py:188} INFO - [2026-08-13T07:27:27.944+0000] {dagbag.py:545} INFO - Filling up the DagBag from /opt/airflow/dags/hello_airflow.py
[2026-08-13T07:27:27.962+0000] {processor.py:840} INFO - DAG(s) 'hello_airflow' retrieved from /opt/airflow/dags/hello_airflow.py
[2026-08-13T07:27:27.993+0000] {logging_mixin.py:188} INFO - [2026-08-13T07:27:27.993+0000] {dag.py:3089} INFO - Sync 1 DAGs
[2026-08-13T07:27:28.008+0000] {logging_mixin.py:188} INFO - [2026-08-13T07:27:28.008+0000] {dag.py:3947} INFO - Setting next_dagrun for hello_airflow to None, run_after=None
[2026-08-13T07:27:28.031+0000] {processor.py:183} INFO - Processing /opt/airflow/dags/hello_airflow.py took 0.097 seconds
[2026-08-13T07:27:58.261+0000] {processor.py:161} INFO - Started process (PID=1353) to work on /opt/airflow/dags/hello_airflow.py
[2026-08-13T07:27:58.262+0000] {processor.py:830} INFO - Processing file /opt/airflow/dags/hello_airflow.py for tasks to queue
[2026-08-13T07:27:58.264+0000] {logging_mixin.py:188} INFO - [2026-08-13T07:27:58.264+0000] {dagbag.py:545} INFO - Filling up the DagBag from /opt/airflow/dags/hello_airflow.py
[2026-08-13T07:27:58.278+0000] {processor.py:840} INFO - DAG(s) 'hello_airflow' retrieved from /opt/airflow/dags/hello_airflow.py
[2026-08-13T07:27:58.304+0000] {logging_mixin.py:188} INFO - [2026-08-13T07:27:58.304+0000] {dag.py:3089} INFO - Sync 1 DAGs
[2026-08-13T07:27:58.316+0000] {logging_mixin.py:188} INFO - [2026-08-13T07:27:58.316+0000] {dag.py:3947} INFO - Setting next_dagrun for hello_airflow to None, run_after=None
[2026-08-13T07:27:58.334+0000] {processor.py:183} INFO - Processing /opt/airflow/dags/hello_airflow.py took 0.079 seconds
[2026-08-13T07:28:28.498+0000] {processor.py:161} INFO - Started process (PID=1384) to work on /opt/airflow/dags/hello_airflow.py
[2026-08-13T07:28:28.499+0000] {processor.py:830} INFO - Processing file /opt/airflow/dags/hello_airflow.py for tasks to queue
[2026-08-13T07:28:28.502+0000] {logging_mixin.py:188} INFO - [2026-08-13T07:28:28.502+0000] {dagbag.py:545} INFO - Filling up the DagBag from /opt/airflow/dags/hello_airflow.py
[2026-08-13T07:28:28.519+0000] {processor.py:840} INFO - DAG(s) 'hello_airflow' retrieved from /opt/airflow/dags/hello_airflow.py
[2026-08-13T07:28:28.549+0000] {logging_mixin.py:188} INFO - [2026-08-13T07:28:28.549+0000] {dag.py:3089} INFO - Sync 1 DAGs
[2026-08-13T07:28:28.561+0000] {logging_mixin.py:188} INFO - [2026-08-13T07:28:28.561+0000] {dag.py:3947} INFO - Setting next_dagrun for hello_airflow to None, run_after=None
[2026-08-13T07:28:28.582+0000] {processor.py:183} INFO - Processing /opt/airflow/dags/hello_airflow.py took 0.092 seconds
[2026-08-13T07:28:58.771+0000] {processor.py:161} INFO - Started process (PID=1408) to work on /opt/airflow/dags/hello_airflow.py
[2026-08-13T07:28:58.772+0000] {processor.py:830} INFO - Processing file /opt/airflow/dags/hello_airflow.py for tasks to queue
[2026-08-13T07:28:58.774+0000] {logging_mixin.py:188} INFO - [2026-08-13T07:28:58.774+0000] {dagbag.py:545} INFO - Filling up the DagBag from /opt/airflow/dags/hello_airflow.py
[2026-08-13T07:28:58.790+0000] {processor.py:840} INFO - DAG(s) 'hello_airflow' retrieved from /opt/airflow/dags/hello_airflow.py
[2026-08-13T07:28:58.820+0000] {logging_mixin.py:188} INFO - [2026-08-13T07:28:58.820+0000] {dag.py:3089} INFO - Sync 1 DAGs
[2026-08-13T07:28:58.831+0000] {logging_mixin.py:188} INFO - [2026-08-13T07:28:58.831+0000] {dag.py:3947} INFO - Setting next_dagrun for hello_airflow to None, run_after=None
[2026-08-13T07:28:58.850+0000] {processor.py:183} INFO - Processing /opt/airflow/dags/hello_airflow.py took 0.085 seconds
[2026-08-13T07:29:29.098+0000] {processor.py:161} INFO - Started process (PID=1439) to work on /opt/airflow/dags/hello_airflow.py
[2026-08-13T07:29:29.099+0000] {processor.py:830} INFO - Processing file /opt/airflow/dags/hello_airflow.py for tasks to queue
[2026-08-13T07:29:29.101+0000] {logging_mixin.py:188} INFO - [2026-08-13T07:29:29.101+0000] {dagbag.py:545} INFO - Filling up the DagBag from /opt/airflow/dags/hello_airflow.py
[2026-08-13T07:29:29.115+0000] {processor.py:840} INFO - DAG(s) 'hello_airflow' retrieved from /opt/airflow/dags/hello_airflow.py
[2026-08-13T07:29:29.140+0000] {logging_mixin.py:188} INFO - [2026-08-13T07:29:29.140+0000] {dag.py:3089} INFO - Sync 1 DAGs
[2026-08-13T07:29:29.152+0000] {logging_mixin.py:188} INFO - [2026-08-13T07:29:29.152+0000] {dag.py:3947} INFO - Setting next_dagrun for hello_airflow to None, run_after=None
[2026-08-13T07:29:29.171+0000] {processor.py:183} INFO - Processing /opt/airflow/dags/hello_airflow.py took 0.079 seconds
[2026-08-13T07:29:59.343+0000] {processor.py:161} INFO - Started process (PID=1463) to work on /opt/airflow/dags/hello_airflow.py
[2026-08-13T07:29:59.344+0000] {processor.py:830} INFO - Processing file /opt/airflow/dags/hello_airflow.py for tasks to queue
[2026-08-13T07:29:59.345+0000] {logging_mixin.py:188} INFO - [2026-08-13T07:29:59.345+0000] {dagbag.py:545} INFO - Filling up the DagBag from /opt/airflow/dags/hello_airflow.py
[2026-08-13T07:29:59.359+0000] {processor.py:840} INFO - DAG(s) 'hello_airflow' retrieved from /opt/airflow/dags/hello_airflow.py
[2026-08-13T07:29:59.381+0000] {logging_mixin.py:188} INFO - [2026-08-13T07:29:59.380+0000] {dag.py:3089} INFO - Sync 1 DAGs
[2026-08-13T07:29:59.391+0000] {logging_mixin.py:188} INFO - [2026-08-13T07:29:59.390+0000] {dag.py:3947} INFO - Setting next_dagrun for hello_airflow to None, run_after=None
[2026-08-13T07:29:59.408+0000] {processor.py:183} INFO - Processing /opt/airflow/dags/hello_airflow.py took 0.070 seconds
[2026-08-13T07:30:29.613+0000] {processor.py:161} INFO - Started process (PID=1494) to work on /opt/airflow/dags/hello_airflow.py
[2026-08-13T07:30:29.614+0000] {processor.py:830} INFO - Processing file /opt/airflow/dags/hello_airflow.py for tasks to queue
[2026-08-13T07:30:29.616+0000] {logging_mixin.py:188} INFO - [2026-08-13T07:30:29.616+0000] {dagbag.py:545} INFO - Filling up the DagBag from /opt/airflow/dags/hello_airflow.py
[2026-08-13T07:30:29.630+0000] {processor.py:840} INFO - DAG(s) 'hello_airflow' retrieved from /opt/airflow/dags/hello_airflow.py
[2026-08-13T07:30:29.655+0000] {logging_mixin.py:188} INFO - [2026-08-13T07:30:29.655+0000] {dag.py:3089} INFO - Sync 1 DAGs
[2026-08-13T07:30:29.666+0000] {logging_mixin.py:188} INFO - [2026-08-13T07:30:29.666+0000] {dag.py:3947} INFO - Setting next_dagrun for hello_airflow to None, run_after=None
[2026-08-13T07:30:29.685+0000] {processor.py:183} INFO - Processing /opt/airflow/dags/hello_airflow.py took 0.078 seconds
[2026-08-13T07:30:59.954+0000] {processor.py:161} INFO - Started process (PID=1518) to work on /opt/airflow/dags/hello_airflow.py
[2026-08-13T07:30:59.955+0000] {processor.py:830} INFO - Processing file /opt/airflow/dags/hello_airflow.py for tasks to queue
[2026-08-13T07:30:59.957+0000] {logging_mixin.py:188} INFO - [2026-08-13T07:30:59.957+0000] {dagbag.py:545} INFO - Filling up the DagBag from /opt/airflow/dags/hello_airflow.py
[2026-08-13T07:30:59.974+0000] {processor.py:840} INFO - DAG(s) 'hello_airflow' retrieved from /opt/airflow/dags/hello_airflow.py
[2026-08-13T07:31:00.009+0000] {logging_mixin.py:188} INFO - [2026-08-13T07:31:00.008+0000] {dag.py:3089} INFO - Sync 1 DAGs
[2026-08-13T07:31:00.022+0000] {logging_mixin.py:188} INFO - [2026-08-13T07:31:00.022+0000] {dag.py:3947} INFO - Setting next_dagrun for hello_airflow to None, run_after=None
[2026-08-13T07:31:00.042+0000] {processor.py:183} INFO - Processing /opt/airflow/dags/hello_airflow.py took 0.094 seconds
[2026-08-13T07:31:30.215+0000] {processor.py:161} INFO - Started process (PID=1549) to work on /opt/airflow/dags/hello_airflow.py
[2026-08-13T07:31:30.216+0000] {processor.py:830} INFO - Processing file /opt/airflow/dags/hello_airflow.py for tasks to queue
[2026-08-13T07:31:30.218+0000] {logging_mixin.py:188} INFO - [2026-08-13T07:31:30.218+0000] {dagbag.py:545} INFO - Filling up the DagBag from /opt/airflow/dags/hello_airflow.py
[2026-08-13T07:31:30.232+0000] {processor.py:840} INFO - DAG(s) 'hello_airflow' retrieved from /opt/airflow/dags/hello_airflow.py
[2026-08-13T07:31:30.257+0000] {logging_mixin.py:188} INFO - [2026-08-13T07:31:30.257+0000] {dag.py:3089} INFO - Sync 1 DAGs
[2026-08-13T07:31:30.268+0000] {logging_mixin.py:188} INFO - [2026-08-13T07:31:30.268+0000] {dag.py:3947} INFO - Setting next_dagrun for hello_airflow to None, run_after=None
[2026-08-13T07:31:30.285+0000] {processor.py:183} INFO - Processing /opt/airflow/dags/hello_airflow.py took 0.075 seconds
[2026-08-13T07:32:00.554+0000] {processor.py:161} INFO - Started process (PID=1573) to work on /opt/airflow/dags/hello_airflow.py
[2026-08-13T07:32:00.555+0000] {processor.py:830} INFO - Processing file /opt/airflow/dags/hello_airflow.py for tasks to queue
[2026-08-13T07:32:00.558+0000] {logging_mixin.py:188} INFO - [2026-08-13T07:32:00.557+0000] {dagbag.py:545} INFO - Filling up the DagBag from /opt/airflow/dags/hello_airflow.py
[2026-08-13T07:32:00.573+0000] {processor.py:840} INFO - DAG(s) 'hello_airflow' retrieved from /opt/airflow/dags/hello_airflow.py
[2026-08-13T07:32:00.600+0000] {logging_mixin.py:188} INFO - [2026-08-13T07:32:00.599+0000] {dag.py:3089} INFO - Sync 1 DAGs
[2026-08-13T07:32:00.611+0000] {logging_mixin.py:188} INFO - [2026-08-13T07:32:00.611+0000] {dag.py:3947} INFO - Setting next_dagrun for hello_airflow to None, run_after=None
[2026-08-13T07:32:00.630+0000] {processor.py:183} INFO - Processing /opt/airflow/dags/hello_airflow.py took 0.081 seconds
[2026-08-13T07:32:30.891+0000] {processor.py:161} INFO - Started process (PID=1605) to work on /opt/airflow/dags/hello_airflow.py
[2026-08-13T07:32:30.892+0000] {processor.py:830} INFO - Processing file /opt/airflow/dags/hello_airflow.py for tasks to queue
[2026-08-13T07:32:30.894+0000] {logging_mixin.py:188} INFO - [2026-08-13T07:32:30.894+0000] {dagbag.py:545} INFO - Filling up the DagBag from /opt/airflow/dags/hello_airflow.py
[2026-08-13T07:32:30.909+0000] {processor.py:840} INFO - DAG(s) 'hello_airflow' retrieved from /opt/airflow/dags/hello_airflow.py
[2026-08-13T07:32:30.934+0000] {logging_mixin.py:188} INFO - [2026-08-13T07:32:30.933+0000] {dag.py:3089} INFO - Sync 1 DAGs
[2026-08-13T07:32:30.945+0000] {logging_mixin.py:188} INFO - [2026-08-13T07:32:30.945+0000] {dag.py:3947} INFO - Setting next_dagrun for hello_airflow to None, run_after=None
[2026-08-13T07:32:30.963+0000] {processor.py:183} INFO - Processing /opt/airflow/dags/hello_airflow.py took 0.078 seconds
[2026-08-13T07:33:01.211+0000] {processor.py:161} INFO - Started process (PID=1629) to work on /opt/airflow/dags/hello_airflow.py
[2026-08-13T07:33:01.212+0000] {processor.py:830} INFO - Processing file /opt/airflow/dags/hello_airflow.py for tasks to queue
[2026-08-13T07:33:01.214+0000] {logging_mixin.py:188} INFO - [2026-08-13T07:33:01.214+0000] {dagbag.py:545} INFO - Filling up the DagBag from /opt/airflow/dags/hello_airflow.py
[2026-08-13T07:33:01.229+0000] {processor.py:840} INFO - DAG(s) 'hello_airflow' retrieved from /opt/airflow/dags/hello_airflow.py
[2026-08-13T07:33:01.263+0000] {logging_mixin.py:188} INFO - [2026-08-13T07:33:01.262+0000] {dag.py:3089} INFO - Sync 1 DAGs
[2026-08-13T07:33:01.276+0000] {logging_mixin.py:188} INFO - [2026-08-13T07:33:01.276+0000] {dag.py:3947} INFO - Setting next_dagrun for hello_airflow to None, run_after=None
[2026-08-13T07:33:01.295+0000] {processor.py:183} INFO - Processing /opt/airflow/dags/hello_airflow.py took 0.089 seconds
[2026-08-13T07:33:31.453+0000] {processor.py:161} INFO - Started process (PID=1660) to work on /opt/airflow/dags/hello_airflow.py
[2026-08-13T07:33:31.454+0000] {processor.py:830} INFO - Processing file /opt/airflow/dags/hello_airflow.py for tasks to queue
[2026-08-13T07:33:31.456+0000] {logging_mixin.py:188} INFO - [2026-08-13T07:33:31.456+0000] {dagbag.py:545} INFO - Filling up the DagBag from /opt/airflow/dags/hello_airflow.py
[2026-08-13T07:33:31.472+0000] {processor.py:840} INFO - DAG(s) 'hello_airflow' retrieved from /opt/airflow/dags/hello_airflow.py
[2026-08-13T07:33:31.498+0000] {logging_mixin.py:188} INFO - [2026-08-13T07:33:31.498+0000] {dag.py:3089} INFO - Sync 1 DAGs
[2026-08-13T07:33:31.510+0000] {logging_mixin.py:188} INFO - [2026-08-13T07:33:31.509+0000] {dag.py:3947} INFO - Setting next_dagrun for hello_airflow to None, run_after=None
[2026-08-13T07:33:31.528+0000] {processor.py:183} INFO - Processing /opt/airflow/dags/hello_airflow.py took 0.082 seconds
[2026-08-13T07:34:01.751+0000] {processor.py:161} INFO - Started process (PID=1684) to work on /opt/airflow/dags/hello_airflow.py
[2026-08-13T07:34:01.752+0000] {processor.py:830} INFO - Processing file /opt/airflow/dags/hello_airflow.py for tasks to queue
[2026-08-13T07:34:01.755+0000] {logging_mixin.py:188} INFO - [2026-08-13T07:34:01.755+0000] {dagbag.py:545} INFO - Filling up the DagBag from /opt/airflow/dags/hello_airflow.py
[2026-08-13T07:34:01.772+0000] {processor.py:840} INFO - DAG(s) 'hello_airflow' retrieved from /opt/airflow/dags/hello_airflow.py
[2026-08-13T07:34:01.799+0000] {logging_mixin.py:188} INFO - [2026-08-13T07:34:01.799+0000] {dag.py:3089} INFO - Sync 1 DAGs
[2026-08-13T07:34:01.810+0000] {logging_mixin.py:188} INFO - [2026-08-13T07:34:01.810+0000] {dag.py:3947} INFO - Setting next_dagrun for hello_airflow to None, run_after=None
[2026-08-13T07:34:01.828+0000] {processor.py:183} INFO - Processing /opt/airflow/dags/hello_airflow.py took 0.083 seconds
[2026-08-13T07:34:32.076+0000] {processor.py:161} INFO - Started process (PID=1715) to work on /opt/airflow/dags/hello_airflow.py
[2026-08-13T07:34:32.077+0000] {processor.py:830} INFO - Processing file /opt/airflow/dags/hello_airflow.py for tasks to queue
[2026-08-13T07:34:32.079+0000] {logging_mixin.py:188} INFO - [2026-08-13T07:34:32.079+0000] {dagbag.py:545} INFO - Filling up the DagBag from /opt/airflow/dags/hello_airflow.py
[2026-08-13T07:34:32.093+0000] {processor.py:840} INFO - DAG(s) 'hello_airflow' retrieved from /opt/airflow/dags/hello_airflow.py
[2026-08-13T07:34:32.118+0000] {logging_mixin.py:188} INFO - [2026-08-13T07:34:32.118+0000] {dag.py:3089} INFO - Sync 1 DAGs
[2026-08-13T07:34:32.130+0000] {logging_mixin.py:188} INFO - [2026-08-13T07:34:32.130+0000] {dag.py:3947} INFO - Setting next_dagrun for hello_airflow to None, run_after=None
[2026-08-13T07:34:32.147+0000] {processor.py:183} INFO - Processing /opt/airflow/dags/hello_airflow.py took 0.078 seconds
[2026-08-13T07:35:02.306+0000] {processor.py:161} INFO - Started process (PID=1739) to work on /opt/airflow/dags/hello_airflow.py
[2026-08-13T07:35:02.306+0000] {processor.py:830} INFO - Processing file /opt/airflow/dags/hello_airflow.py for tasks to queue
[2026-08-13T07:35:02.309+0000] {logging_mixin.py:188} INFO - [2026-08-13T07:35:02.308+0000] {dagbag.py:545} INFO - Filling up the DagBag from /opt/airflow/dags/hello_airflow.py
[2026-08-13T07:35:02.323+0000] {processor.py:840} INFO - DAG(s) 'hello_airflow' retrieved from /opt/airflow/dags/hello_airflow.py
[2026-08-13T07:35:02.351+0000] {logging_mixin.py:188} INFO - [2026-08-13T07:35:02.351+0000] {dag.py:3089} INFO - Sync 1 DAGs
[2026-08-13T07:35:02.363+0000] {logging_mixin.py:188} INFO - [2026-08-13T07:35:02.362+0000] {dag.py:3947} INFO - Setting next_dagrun for hello_airflow to None, run_after=None
[2026-08-13T07:35:02.381+0000] {processor.py:183} INFO - Processing /opt/airflow/dags/hello_airflow.py took 0.081 seconds
[2026-08-13T07:35:32.599+0000] {processor.py:161} INFO - Started process (PID=1770) to work on /opt/airflow/dags/hello_airflow.py
[2026-08-13T07:35:32.600+0000] {processor.py:830} INFO - Processing file /opt/airflow/dags/hello_airflow.py for tasks to queue
[2026-08-13T07:35:32.602+0000] {logging_mixin.py:188} INFO - [2026-08-13T07:35:32.601+0000] {dagbag.py:545} INFO - Filling up the DagBag from /opt/airflow/dags/hello_airflow.py
[2026-08-13T07:35:32.616+0000] {processor.py:840} INFO - DAG(s) 'hello_airflow' retrieved from /opt/airflow/dags/hello_airflow.py
[2026-08-13T07:35:32.644+0000] {logging_mixin.py:188} INFO - [2026-08-13T07:35:32.644+0000] {dag.py:3089} INFO - Sync 1 DAGs
[2026-08-13T07:35:32.655+0000] {logging_mixin.py:188} INFO - [2026-08-13T07:35:32.655+0000] {dag.py:3947} INFO - Setting next_dagrun for hello_airflow to None, run_after=None
[2026-08-13T07:35:32.673+0000] {processor.py:183} INFO - Processing /opt/airflow/dags/hello_airflow.py took 0.080 seconds
[2026-08-13T07:36:02.932+0000] {processor.py:161} INFO - Started process (PID=1794) to work on /opt/airflow/dags/hello_airflow.py
[2026-08-13T07:36:02.933+0000] {processor.py:830} INFO - Processing file /opt/airflow/dags/hello_airflow.py for tasks to queue
[2026-08-13T07:36:02.935+0000] {logging_mixin.py:188} INFO - [2026-08-13T07:36:02.934+0000] {dagbag.py:545} INFO - Filling up the DagBag from /opt/airflow/dags/hello_airflow.py
[2026-08-13T07:36:02.948+0000] {processor.py:840} INFO - DAG(s) 'hello_airflow' retrieved from /opt/airflow/dags/hello_airflow.py
[2026-08-13T07:36:02.969+0000] {logging_mixin.py:188} INFO - [2026-08-13T07:36:02.969+0000] {dag.py:3089} INFO - Sync 1 DAGs
[2026-08-13T07:36:02.980+0000] {logging_mixin.py:188} INFO - [2026-08-13T07:36:02.980+0000] {dag.py:3947} INFO - Setting next_dagrun for hello_airflow to None, run_after=None
[2026-08-13T07:36:02.998+0000] {processor.py:183} INFO - Processing /opt/airflow/dags/hello_airflow.py took 0.071 seconds
[2026-08-13T07:36:33.183+0000] {processor.py:161} INFO - Started process (PID=1825) to work on /opt/airflow/dags/hello_airflow.py
[2026-08-13T07:36:33.184+0000] {processor.py:830} INFO - Processing file /opt/airflow/dags/hello_airflow.py for tasks to queue
[2026-08-13T07:36:33.187+0000] {logging_mixin.py:188} INFO - [2026-08-13T07:36:33.186+0000] {dagbag.py:545} INFO - Filling up the DagBag from /opt/airflow/dags/hello_airflow.py
[2026-08-13T07:36:33.201+0000] {processor.py:840} INFO - DAG(s) 'hello_airflow' retrieved from /opt/airflow/dags/hello_airflow.py
[2026-08-13T07:36:33.228+0000] {logging_mixin.py:188} INFO - [2026-08-13T07:36:33.228+0000] {dag.py:3089} INFO - Sync 1 DAGs
[2026-08-13T07:36:33.240+0000] {logging_mixin.py:188} INFO - [2026-08-13T07:36:33.239+0000] {dag.py:3947} INFO - Setting next_dagrun for hello_airflow to None, run_after=None
[2026-08-13T07:36:33.260+0000] {processor.py:183} INFO - Processing /opt/airflow/dags/hello_airflow.py took 0.083 seconds
[2026-08-13T07:37:03.487+0000] {processor.py:161} INFO - Started process (PID=1849) to work on /opt/airflow/dags/hello_airflow.py
[2026-08-13T07:37:03.487+0000] {processor.py:830} INFO - Processing file /opt/airflow/dags/hello_airflow.py for tasks to queue
[2026-08-13T07:37:03.490+0000] {logging_mixin.py:188} INFO - [2026-08-13T07:37:03.490+0000] {dagbag.py:545} INFO - Filling up the DagBag from /opt/airflow/dags/hello_airflow.py
[2026-08-13T07:37:03.506+0000] {processor.py:840} INFO - DAG(s) 'hello_airflow' retrieved from /opt/airflow/dags/hello_airflow.py
[2026-08-13T07:37:03.532+0000] {logging_mixin.py:188} INFO - [2026-08-13T07:37:03.531+0000] {dag.py:3089} INFO - Sync 1 DAGs
[2026-08-13T07:37:03.545+0000] {logging_mixin.py:188} INFO - [2026-08-13T07:37:03.544+0000] {dag.py:3947} INFO - Setting next_dagrun for hello_airflow to None, run_after=None
[2026-08-13T07:37:03.563+0000] {processor.py:183} INFO - Processing /opt/airflow/dags/hello_airflow.py took 0.083 seconds
[2026-08-13T07:37:33.702+0000] {processor.py:161} INFO - Started process (PID=1881) to work on /opt/airflow/dags/hello_airflow.py
[2026-08-13T07:37:33.703+0000] {processor.py:830} INFO - Processing file /opt/airflow/dags/hello_airflow.py for tasks to queue
[2026-08-13T07:37:33.705+0000] {logging_mixin.py:188} INFO - [2026-08-13T07:37:33.705+0000] {dagbag.py:545} INFO - Filling up the DagBag from /opt/airflow/dags/hello_airflow.py
[2026-08-13T07:37:33.720+0000] {processor.py:840} INFO - DAG(s) 'hello_airflow' retrieved from /opt/airflow/dags/hello_airflow.py
[2026-08-13T07:37:33.746+0000] {logging_mixin.py:188} INFO - [2026-08-13T07:37:33.745+0000] {dag.py:3089} INFO - Sync 1 DAGs
[2026-08-13T07:37:33.757+0000] {logging_mixin.py:188} INFO - [2026-08-13T07:37:33.757+0000] {dag.py:3947} INFO - Setting next_dagrun for hello_airflow to None, run_after=None
[2026-08-13T07:37:33.777+0000] {processor.py:183} INFO - Processing /opt/airflow/dags/hello_airflow.py took 0.081 seconds
[2026-08-13T07:38:04.035+0000] {processor.py:161} INFO - Started process (PID=1905) to work on /opt/airflow/dags/hello_airflow.py
[2026-08-13T07:38:04.036+0000] {processor.py:830} INFO - Processing file /opt/airflow/dags/hello_airflow.py for tasks to queue
[2026-08-13T07:38:04.038+0000] {logging_mixin.py:188} INFO - [2026-08-13T07:38:04.038+0000] {dagbag.py:545} INFO - Filling up the DagBag from /opt/airflow/dags/hello_airflow.py
[2026-08-13T07:38:04.053+0000] {processor.py:840} INFO - DAG(s) 'hello_airflow' retrieved from /opt/airflow/dags/hello_airflow.py
[2026-08-13T07:38:04.079+0000] {logging_mixin.py:188} INFO - [2026-08-13T07:38:04.078+0000] {dag.py:3089} INFO - Sync 1 DAGs
[2026-08-13T07:38:04.090+0000] {logging_mixin.py:188} INFO - [2026-08-13T07:38:04.090+0000] {dag.py:3947} INFO - Setting next_dagrun for hello_airflow to None, run_after=None
[2026-08-13T07:38:04.108+0000] {processor.py:183} INFO - Processing /opt/airflow/dags/hello_airflow.py took 0.078 seconds
[2026-08-13T07:38:34.358+0000] {processor.py:161} INFO - Started process (PID=1936) to work on /opt/airflow/dags/hello_airflow.py
[2026-08-13T07:38:34.359+0000] {processor.py:830} INFO - Processing file /opt/airflow/dags/hello_airflow.py for tasks to queue
[2026-08-13T07:38:34.361+0000] {logging_mixin.py:188} INFO - [2026-08-13T07:38:34.361+0000] {dagbag.py:545} INFO - Filling up the DagBag from /opt/airflow/dags/hello_airflow.py
[2026-08-13T07:38:34.374+0000] {processor.py:840} INFO - DAG(s) 'hello_airflow' retrieved from /opt/airflow/dags/hello_airflow.py
[2026-08-13T07:38:34.399+0000] {logging_mixin.py:188} INFO - [2026-08-13T07:38:34.398+0000] {dag.py:3089} INFO - Sync 1 DAGs
[2026-08-13T07:38:34.411+0000] {logging_mixin.py:188} INFO - [2026-08-13T07:38:34.410+0000] {dag.py:3947} INFO - Setting next_dagrun for hello_airflow to None, run_after=None
[2026-08-13T07:38:34.430+0000] {processor.py:183} INFO - Processing /opt/airflow/dags/hello_airflow.py took 0.077 seconds
[2026-08-13T07:39:04.597+0000] {processor.py:161} INFO - Started process (PID=1960) to work on /opt/airflow/dags/hello_airflow.py
[2026-08-13T07:39:04.598+0000] {processor.py:830} INFO - Processing file /opt/airflow/dags/hello_airflow.py for tasks to queue
[2026-08-13T07:39:04.600+0000] {logging_mixin.py:188} INFO - [2026-08-13T07:39:04.600+0000] {dagbag.py:545} INFO - Filling up the DagBag from /opt/airflow/dags/hello_airflow.py
[2026-08-13T07:39:04.616+0000] {processor.py:840} INFO - DAG(s) 'hello_airflow' retrieved from /opt/airflow/dags/hello_airflow.py
[2026-08-13T07:39:04.644+0000] {logging_mixin.py:188} INFO - [2026-08-13T07:39:04.643+0000] {dag.py:3089} INFO - Sync 1 DAGs
[2026-08-13T07:39:04.657+0000] {logging_mixin.py:188} INFO - [2026-08-13T07:39:04.656+0000] {dag.py:3947} INFO - Setting next_dagrun for hello_airflow to None, run_after=None
[2026-08-13T07:39:04.676+0000] {processor.py:183} INFO - Processing /opt/airflow/dags/hello_airflow.py took 0.086 seconds
[2026-08-13T07:39:34.848+0000] {processor.py:161} INFO - Started process (PID=1992) to work on /opt/airflow/dags/hello_airflow.py
[2026-08-13T07:39:34.849+0000] {processor.py:830} INFO - Processing file /opt/airflow/dags/hello_airflow.py for tasks to queue
[2026-08-13T07:39:34.851+0000] {logging_mixin.py:188} INFO - [2026-08-13T07:39:34.851+0000] {dagbag.py:545} INFO - Filling up the DagBag from /opt/airflow/dags/hello_airflow.py
[2026-08-13T07:39:34.866+0000] {processor.py:840} INFO - DAG(s) 'hello_airflow' retrieved from /opt/airflow/dags/hello_airflow.py
[2026-08-13T07:39:34.893+0000] {logging_mixin.py:188} INFO - [2026-08-13T07:39:34.893+0000] {dag.py:3089} INFO - Sync 1 DAGs
[2026-08-13T07:39:34.904+0000] {logging_mixin.py:188} INFO - [2026-08-13T07:39:34.904+0000] {dag.py:3947} INFO - Setting next_dagrun for hello_airflow to None, run_after=None
[2026-08-13T07:39:34.923+0000] {processor.py:183} INFO - Processing /opt/airflow/dags/hello_airflow.py took 0.081 seconds
[2026-08-13T07:40:05.091+0000] {processor.py:161} INFO - Started process (PID=2016) to work on /opt/airflow/dags/hello_airflow.py
[2026-08-13T07:40:05.092+0000] {processor.py:830} INFO - Processing file /opt/airflow/dags/hello_airflow.py for tasks to queue
[2026-08-13T07:40:05.093+0000] {logging_mixin.py:188} INFO - [2026-08-13T07:40:05.093+0000] {dagbag.py:545} INFO - Filling up the DagBag from /opt/airflow/dags/hello_airflow.py
[2026-08-13T07:40:05.107+0000] {processor.py:840} INFO - DAG(s) 'hello_airflow' retrieved from /opt/airflow/dags/hello_airflow.py
[2026-08-13T07:40:05.130+0000] {logging_mixin.py:188} INFO - [2026-08-13T07:40:05.130+0000] {dag.py:3089} INFO - Sync 1 DAGs
[2026-08-13T07:40:05.141+0000] {logging_mixin.py:188} INFO - [2026-08-13T07:40:05.141+0000] {dag.py:3947} INFO - Setting next_dagrun for hello_airflow to None, run_after=None
[2026-08-13T07:40:05.161+0000] {processor.py:183} INFO - Processing /opt/airflow/dags/hello_airflow.py took 0.075 seconds
[2026-08-13T07:40:35.314+0000] {processor.py:161} INFO - Started process (PID=2048) to work on /opt/airflow/dags/hello_airflow.py
[2026-08-13T07:40:35.315+0000] {processor.py:830} INFO - Processing file /opt/airflow/dags/hello_airflow.py for tasks to queue
[2026-08-13T07:40:35.317+0000] {logging_mixin.py:188} INFO - [2026-08-13T07:40:35.317+0000] {dagbag.py:545} INFO - Filling up the DagBag from /opt/airflow/dags/hello_airflow.py
[2026-08-13T07:40:35.330+0000] {processor.py:840} INFO - DAG(s) 'hello_airflow' retrieved from /opt/airflow/dags/hello_airflow.py
[2026-08-13T07:40:35.353+0000] {logging_mixin.py:188} INFO - [2026-08-13T07:40:35.352+0000] {dag.py:3089} INFO - Sync 1 DAGs
[2026-08-13T07:40:35.363+0000] {logging_mixin.py:188} INFO - [2026-08-13T07:40:35.363+0000] {dag.py:3947} INFO - Setting next_dagrun for hello_airflow to None, run_after=None
[2026-08-13T07:40:35.381+0000] {processor.py:183} INFO - Processing /opt/airflow/dags/hello_airflow.py took 0.072 seconds
[2026-08-13T07:41:05.594+0000] {processor.py:161} INFO - Started process (PID=2072) to work on /opt/airflow/dags/hello_airflow.py
[2026-08-13T07:41:05.595+0000] {processor.py:830} INFO - Processing file /opt/airflow/dags/hello_airflow.py for tasks to queue
[2026-08-13T07:41:05.597+0000] {logging_mixin.py:188} INFO - [2026-08-13T07:41:05.597+0000] {dagbag.py:545} INFO - Filling up the DagBag from /opt/airflow/dags/hello_airflow.py
[2026-08-13T07:41:05.612+0000] {processor.py:840} INFO - DAG(s) 'hello_airflow' retrieved from /opt/airflow/dags/hello_airflow.py
[2026-08-13T07:41:05.639+0000] {logging_mixin.py:188} INFO - [2026-08-13T07:41:05.639+0000] {dag.py:3089} INFO - Sync 1 DAGs
[2026-08-13T07:41:05.651+0000] {logging_mixin.py:188} INFO - [2026-08-13T07:41:05.651+0000] {dag.py:3947} INFO - Setting next_dagrun for hello_airflow to None, run_after=None
[2026-08-13T07:41:05.670+0000] {processor.py:183} INFO - Processing /opt/airflow/dags/hello_airflow.py took 0.082 seconds
[2026-08-13T07:41:35.926+0000] {processor.py:161} INFO - Started process (PID=2103) to work on /opt/airflow/dags/hello_airflow.py
[2026-08-13T07:41:35.927+0000] {processor.py:830} INFO - Processing file /opt/airflow/dags/hello_airflow.py for tasks to queue
[2026-08-13T07:41:35.928+0000] {logging_mixin.py:188} INFO - [2026-08-13T07:41:35.928+0000] {dagbag.py:545} INFO - Filling up the DagBag from /opt/airflow/dags/hello_airflow.py
[2026-08-13T07:41:35.946+0000] {processor.py:840} INFO - DAG(s) 'hello_airflow' retrieved from /opt/airflow/dags/hello_airflow.py
[2026-08-13T07:41:35.974+0000] {logging_mixin.py:188} INFO - [2026-08-13T07:41:35.973+0000] {dag.py:3089} INFO - Sync 1 DAGs
[2026-08-13T07:41:35.985+0000] {logging_mixin.py:188} INFO - [2026-08-13T07:41:35.985+0000] {dag.py:3947} INFO - Setting next_dagrun for hello_airflow to None, run_after=None
[2026-08-13T07:41:36.004+0000] {processor.py:183} INFO - Processing /opt/airflow/dags/hello_airflow.py took 0.083 seconds
[2026-08-13T07:42:06.143+0000] {processor.py:161} INFO - Started process (PID=2127) to work on /opt/airflow/dags/hello_airflow.py
[2026-08-13T07:42:06.144+0000] {processor.py:830} INFO - Processing file /opt/airflow/dags/hello_airflow.py for tasks to queue
[2026-08-13T07:42:06.146+0000] {logging_mixin.py:188} INFO - [2026-08-13T07:42:06.145+0000] {dagbag.py:545} INFO - Filling up the DagBag from /opt/airflow/dags/hello_airflow.py
[2026-08-13T07:42:06.160+0000] {processor.py:840} INFO - DAG(s) 'hello_airflow' retrieved from /opt/airflow/dags/hello_airflow.py
[2026-08-13T07:42:06.185+0000] {logging_mixin.py:188} INFO - [2026-08-13T07:42:06.185+0000] {dag.py:3089} INFO - Sync 1 DAGs
[2026-08-13T07:42:06.198+0000] {logging_mixin.py:188} INFO - [2026-08-13T07:42:06.198+0000] {dag.py:3947} INFO - Setting next_dagrun for hello_airflow to None, run_after=None
[2026-08-13T07:42:06.215+0000] {processor.py:183} INFO - Processing /opt/airflow/dags/hello_airflow.py took 0.078 seconds
[2026-08-13T07:42:36.449+0000] {processor.py:161} INFO - Started process (PID=2158) to work on /opt/airflow/dags/hello_airflow.py
[2026-08-13T07:42:36.449+0000] {processor.py:830} INFO - Processing file /opt/airflow/dags/hello_airflow.py for tasks to queue
[2026-08-13T07:42:36.451+0000] {logging_mixin.py:188} INFO - [2026-08-13T07:42:36.451+0000] {dagbag.py:545} INFO - Filling up the DagBag from /opt/airflow/dags/hello_airflow.py
[2026-08-13T07:42:36.466+0000] {processor.py:840} INFO - DAG(s) 'hello_airflow' retrieved from /opt/airflow/dags/hello_airflow.py
[2026-08-13T07:42:36.490+0000] {logging_mixin.py:188} INFO - [2026-08-13T07:42:36.490+0000] {dag.py:3089} INFO - Sync 1 DAGs
[2026-08-13T07:42:36.501+0000] {logging_mixin.py:188} INFO - [2026-08-13T07:42:36.501+0000] {dag.py:3947} INFO - Setting next_dagrun for hello_airflow to None, run_after=None
[2026-08-13T07:42:36.519+0000] {processor.py:183} INFO - Processing /opt/airflow/dags/hello_airflow.py took 0.076 seconds
[2026-08-13T07:43:06.698+0000] {processor.py:161} INFO - Started process (PID=2182) to work on /opt/airflow/dags/hello_airflow.py
[2026-08-13T07:43:06.698+0000] {processor.py:830} INFO - Processing file /opt/airflow/dags/hello_airflow.py for tasks to queue
[2026-08-13T07:43:06.700+0000] {logging_mixin.py:188} INFO - [2026-08-13T07:43:06.700+0000] {dagbag.py:545} INFO - Filling up the DagBag from /opt/airflow/dags/hello_airflow.py
[2026-08-13T07:43:06.716+0000] {processor.py:840} INFO - DAG(s) 'hello_airflow' retrieved from /opt/airflow/dags/hello_airflow.py
[2026-08-13T07:43:06.743+0000] {logging_mixin.py:188} INFO - [2026-08-13T07:43:06.743+0000] {dag.py:3089} INFO - Sync 1 DAGs
[2026-08-13T07:43:06.755+0000] {logging_mixin.py:188} INFO - [2026-08-13T07:43:06.755+0000] {dag.py:3947} INFO - Setting next_dagrun for hello_airflow to None, run_after=None
[2026-08-13T07:43:06.773+0000] {processor.py:183} INFO - Processing /opt/airflow/dags/hello_airflow.py took 0.084 seconds
[2026-08-13T07:43:37.035+0000] {processor.py:161} INFO - Started process (PID=2214) to work on /opt/airflow/dags/hello_airflow.py
[2026-08-13T07:43:37.036+0000] {processor.py:830} INFO - Processing file /opt/airflow/dags/hello_airflow.py for tasks to queue
[2026-08-13T07:43:37.037+0000] {logging_mixin.py:188} INFO - [2026-08-13T07:43:37.037+0000] {dagbag.py:545} INFO - Filling up the DagBag from /opt/airflow/dags/hello_airflow.py
[2026-08-13T07:43:37.052+0000] {processor.py:840} INFO - DAG(s) 'hello_airflow' retrieved from /opt/airflow/dags/hello_airflow.py
[2026-08-13T07:43:37.078+0000] {logging_mixin.py:188} INFO - [2026-08-13T07:43:37.078+0000] {dag.py:3089} INFO - Sync 1 DAGs
[2026-08-13T07:43:37.089+0000] {logging_mixin.py:188} INFO - [2026-08-13T07:43:37.088+0000] {dag.py:3947} INFO - Setting next_dagrun for hello_airflow to None, run_after=None
[2026-08-13T07:43:37.106+0000] {processor.py:183} INFO - Processing /opt/airflow/dags/hello_airflow.py took 0.076 seconds
[2026-08-13T07:44:07.286+0000] {processor.py:161} INFO - Started process (PID=2238) to work on /opt/airflow/dags/hello_airflow.py
[2026-08-13T07:44:07.287+0000] {processor.py:830} INFO - Processing file /opt/airflow/dags/hello_airflow.py for tasks to queue
[2026-08-13T07:44:07.290+0000] {logging_mixin.py:188} INFO - [2026-08-13T07:44:07.289+0000] {dagbag.py:545} INFO - Filling up the DagBag from /opt/airflow/dags/hello_airflow.py
[2026-08-13T07:44:07.304+0000] {processor.py:840} INFO - DAG(s) 'hello_airflow' retrieved from /opt/airflow/dags/hello_airflow.py
[2026-08-13T07:44:07.330+0000] {logging_mixin.py:188} INFO - [2026-08-13T07:44:07.329+0000] {dag.py:3089} INFO - Sync 1 DAGs
[2026-08-13T07:44:07.342+0000] {logging_mixin.py:188} INFO - [2026-08-13T07:44:07.342+0000] {dag.py:3947} INFO - Setting next_dagrun for hello_airflow to None, run_after=None
[2026-08-13T07:44:07.360+0000] {processor.py:183} INFO - Processing /opt/airflow/dags/hello_airflow.py took 0.080 seconds
[2026-08-13T07:44:37.616+0000] {processor.py:161} INFO - Started process (PID=2269) to work on /opt/airflow/dags/hello_airflow.py
[2026-08-13T07:44:37.617+0000] {processor.py:830} INFO - Processing file /opt/airflow/dags/hello_airflow.py for tasks to queue
[2026-08-13T07:44:37.619+0000] {logging_mixin.py:188} INFO - [2026-08-13T07:44:37.619+0000] {dagbag.py:545} INFO - Filling up the DagBag from /opt/airflow/dags/hello_airflow.py
[2026-08-13T07:44:37.634+0000] {processor.py:840} INFO - DAG(s) 'hello_airflow' retrieved from /opt/airflow/dags/hello_airflow.py
[2026-08-13T07:44:37.659+0000] {logging_mixin.py:188} INFO - [2026-08-13T07:44:37.659+0000] {dag.py:3089} INFO - Sync 1 DAGs
[2026-08-13T07:44:37.671+0000] {logging_mixin.py:188} INFO - [2026-08-13T07:44:37.671+0000] {dag.py:3947} INFO - Setting next_dagrun for hello_airflow to None, run_after=None
[2026-08-13T07:44:37.689+0000] {processor.py:183} INFO - Processing /opt/airflow/dags/hello_airflow.py took 0.078 seconds
[2026-08-13T07:45:07.971+0000] {processor.py:161} INFO - Started process (PID=2294) to work on /opt/airflow/dags/hello_airflow.py
[2026-08-13T07:45:07.972+0000] {processor.py:830} INFO - Processing file /opt/airflow/dags/hello_airflow.py for tasks to queue
[2026-08-13T07:45:07.974+0000] {logging_mixin.py:188} INFO - [2026-08-13T07:45:07.974+0000] {dagbag.py:545} INFO - Filling up the DagBag from /opt/airflow/dags/hello_airflow.py
[2026-08-13T07:45:07.987+0000] {processor.py:840} INFO - DAG(s) 'hello_airflow' retrieved from /opt/airflow/dags/hello_airflow.py
[2026-08-13T07:45:08.009+0000] {logging_mixin.py:188} INFO - [2026-08-13T07:45:08.009+0000] {dag.py:3089} INFO - Sync 1 DAGs
[2026-08-13T07:45:08.020+0000] {logging_mixin.py:188} INFO - [2026-08-13T07:45:08.019+0000] {dag.py:3947} INFO - Setting next_dagrun for hello_airflow to None, run_after=None
[2026-08-13T07:45:08.037+0000] {processor.py:183} INFO - Processing /opt/airflow/dags/hello_airflow.py took 0.070 seconds
[2026-08-13T07:45:38.276+0000] {processor.py:161} INFO - Started process (PID=2325) to work on /opt/airflow/dags/hello_airflow.py
[2026-08-13T07:45:38.277+0000] {processor.py:830} INFO - Processing file /opt/airflow/dags/hello_airflow.py for tasks to queue
[2026-08-13T07:45:38.279+0000] {logging_mixin.py:188} INFO - [2026-08-13T07:45:38.279+0000] {dagbag.py:545} INFO - Filling up the DagBag from /opt/airflow/dags/hello_airflow.py
[2026-08-13T07:45:38.299+0000] {processor.py:840} INFO - DAG(s) 'hello_airflow' retrieved from /opt/airflow/dags/hello_airflow.py
[2026-08-13T07:45:38.328+0000] {logging_mixin.py:188} INFO - [2026-08-13T07:45:38.328+0000] {dag.py:3089} INFO - Sync 1 DAGs
[2026-08-13T07:45:38.345+0000] {logging_mixin.py:188} INFO - [2026-08-13T07:45:38.345+0000] {dag.py:3947} INFO - Setting next_dagrun for hello_airflow to None, run_after=None
[2026-08-13T07:45:38.367+0000] {processor.py:183} INFO - Processing /opt/airflow/dags/hello_airflow.py took 0.098 seconds
[2026-08-13T07:46:08.504+0000] {processor.py:161} INFO - Started process (PID=2349) to work on /opt/airflow/dags/hello_airflow.py
[2026-08-13T07:46:08.506+0000] {processor.py:830} INFO - Processing file /opt/airflow/dags/hello_airflow.py for tasks to queue
[2026-08-13T07:46:08.509+0000] {logging_mixin.py:188} INFO - [2026-08-13T07:46:08.508+0000] {dagbag.py:545} INFO - Filling up the DagBag from /opt/airflow/dags/hello_airflow.py
[2026-08-13T07:46:08.536+0000] {processor.py:840} INFO - DAG(s) 'hello_airflow' retrieved from /opt/airflow/dags/hello_airflow.py
[2026-08-13T07:46:08.580+0000] {logging_mixin.py:188} INFO - [2026-08-13T07:46:08.580+0000] {dag.py:3089} INFO - Sync 1 DAGs
[2026-08-13T07:46:08.601+0000] {logging_mixin.py:188} INFO - [2026-08-13T07:46:08.600+0000] {dag.py:3947} INFO - Setting next_dagrun for hello_airflow to None, run_after=None
[2026-08-13T07:46:08.630+0000] {processor.py:183} INFO - Processing /opt/airflow/dags/hello_airflow.py took 0.134 seconds
[2026-08-13T07:46:38.939+0000] {processor.py:161} INFO - Started process (PID=2374) to work on /opt/airflow/dags/hello_airflow.py
[2026-08-13T07:46:38.940+0000] {processor.py:830} INFO - Processing file /opt/airflow/dags/hello_airflow.py for tasks to queue
[2026-08-13T07:46:38.943+0000] {logging_mixin.py:188} INFO - [2026-08-13T07:46:38.943+0000] {dagbag.py:545} INFO - Filling up the DagBag from /opt/airflow/dags/hello_airflow.py
[2026-08-13T07:46:38.967+0000] {processor.py:840} INFO - DAG(s) 'hello_airflow' retrieved from /opt/airflow/dags/hello_airflow.py
[2026-08-13T07:46:39.006+0000] {logging_mixin.py:188} INFO - [2026-08-13T07:46:39.006+0000] {dag.py:3089} INFO - Sync 1 DAGs
[2026-08-13T07:46:39.023+0000] {logging_mixin.py:188} INFO - [2026-08-13T07:46:39.023+0000] {dag.py:3947} INFO - Setting next_dagrun for hello_airflow to None, run_after=None
[2026-08-13T07:46:39.057+0000] {processor.py:183} INFO - Processing /opt/airflow/dags/hello_airflow.py took 0.125 seconds
[2026-08-13T07:47:09.174+0000] {processor.py:161} INFO - Started process (PID=2398) to work on /opt/airflow/dags/hello_airflow.py
[2026-08-13T07:47:09.175+0000] {processor.py:830} INFO - Processing file /opt/airflow/dags/hello_airflow.py for tasks to queue
[2026-08-13T07:47:09.177+0000] {logging_mixin.py:188} INFO - [2026-08-13T07:47:09.177+0000] {dagbag.py:545} INFO - Filling up the DagBag from /opt/airflow/dags/hello_airflow.py
[2026-08-13T07:47:09.199+0000] {processor.py:840} INFO - DAG(s) 'hello_airflow' retrieved from /opt/airflow/dags/hello_airflow.py
[2026-08-13T07:47:09.246+0000] {logging_mixin.py:188} INFO - [2026-08-13T07:47:09.246+0000] {dag.py:3089} INFO - Sync 1 DAGs
[2026-08-13T07:47:09.273+0000] {logging_mixin.py:188} INFO - [2026-08-13T07:47:09.273+0000] {dag.py:3947} INFO - Setting next_dagrun for hello_airflow to None, run_after=None
[2026-08-13T07:47:09.304+0000] {processor.py:183} INFO - Processing /opt/airflow/dags/hello_airflow.py took 0.138 seconds
[2026-08-13T07:47:39.539+0000] {processor.py:161} INFO - Started process (PID=2429) to work on /opt/airflow/dags/hello_airflow.py
[2026-08-13T07:47:39.541+0000] {processor.py:830} INFO - Processing file /opt/airflow/dags/hello_airflow.py for tasks to queue
[2026-08-13T07:47:39.545+0000] {logging_mixin.py:188} INFO - [2026-08-13T07:47:39.545+0000] {dagbag.py:545} INFO - Filling up the DagBag from /opt/airflow/dags/hello_airflow.py
[2026-08-13T07:47:39.574+0000] {processor.py:840} INFO - DAG(s) 'hello_airflow' retrieved from /opt/airflow/dags/hello_airflow.py
[2026-08-13T07:47:39.620+0000] {logging_mixin.py:188} INFO - [2026-08-13T07:47:39.619+0000] {dag.py:3089} INFO - Sync 1 DAGs
[2026-08-13T07:47:39.642+0000] {logging_mixin.py:188} INFO - [2026-08-13T07:47:39.641+0000] {dag.py:3947} INFO - Setting next_dagrun for hello_airflow to None, run_after=None
[2026-08-13T07:47:39.679+0000] {processor.py:183} INFO - Processing /opt/airflow/dags/hello_airflow.py took 0.150 seconds
[2026-08-13T07:48:09.911+0000] {processor.py:161} INFO - Started process (PID=2453) to work on /opt/airflow/dags/hello_airflow.py
[2026-08-13T07:48:09.912+0000] {processor.py:830} INFO - Processing file /opt/airflow/dags/hello_airflow.py for tasks to queue
[2026-08-13T07:48:09.915+0000] {logging_mixin.py:188} INFO - [2026-08-13T07:48:09.914+0000] {dagbag.py:545} INFO - Filling up the DagBag from /opt/airflow/dags/hello_airflow.py
[2026-08-13T07:48:09.932+0000] {processor.py:840} INFO - DAG(s) 'hello_airflow' retrieved from /opt/airflow/dags/hello_airflow.py
[2026-08-13T07:48:09.959+0000] {logging_mixin.py:188} INFO - [2026-08-13T07:48:09.958+0000] {dag.py:3089} INFO - Sync 1 DAGs
[2026-08-13T07:48:09.972+0000] {logging_mixin.py:188} INFO - [2026-08-13T07:48:09.972+0000] {dag.py:3947} INFO - Setting next_dagrun for hello_airflow to None, run_after=None
[2026-08-13T07:48:09.993+0000] {processor.py:183} INFO - Processing /opt/airflow/dags/hello_airflow.py took 0.089 seconds
[2026-08-13T07:48:40.155+0000] {processor.py:161} INFO - Started process (PID=2478) to work on /opt/airflow/dags/hello_airflow.py
[2026-08-13T07:48:40.156+0000] {processor.py:830} INFO - Processing file /opt/airflow/dags/hello_airflow.py for tasks to queue
[2026-08-13T07:48:40.158+0000] {logging_mixin.py:188} INFO - [2026-08-13T07:48:40.158+0000] {dagbag.py:545} INFO - Filling up the DagBag from /opt/airflow/dags/hello_airflow.py
[2026-08-13T07:48:40.172+0000] {processor.py:840} INFO - DAG(s) 'hello_airflow' retrieved from /opt/airflow/dags/hello_airflow.py
[2026-08-13T07:48:40.200+0000] {logging_mixin.py:188} INFO - [2026-08-13T07:48:40.199+0000] {dag.py:3089} INFO - Sync 1 DAGs
[2026-08-13T07:48:40.211+0000] {logging_mixin.py:188} INFO - [2026-08-13T07:48:40.211+0000] {dag.py:3947} INFO - Setting next_dagrun for hello_airflow to None, run_after=None
[2026-08-13T07:48:40.229+0000] {processor.py:183} INFO - Processing /opt/airflow/dags/hello_airflow.py took 0.080 seconds
[2026-08-13T07:49:10.490+0000] {processor.py:161} INFO - Started process (PID=2510) to work on /opt/airflow/dags/hello_airflow.py
[2026-08-13T07:49:10.491+0000] {processor.py:830} INFO - Processing file /opt/airflow/dags/hello_airflow.py for tasks to queue
[2026-08-13T07:49:10.493+0000] {logging_mixin.py:188} INFO - [2026-08-13T07:49:10.492+0000] {dagbag.py:545} INFO - Filling up the DagBag from /opt/airflow/dags/hello_airflow.py
[2026-08-13T07:49:10.507+0000] {processor.py:840} INFO - DAG(s) 'hello_airflow' retrieved from /opt/airflow/dags/hello_airflow.py
[2026-08-13T07:49:10.531+0000] {logging_mixin.py:188} INFO - [2026-08-13T07:49:10.531+0000] {dag.py:3089} INFO - Sync 1 DAGs
[2026-08-13T07:49:10.543+0000] {logging_mixin.py:188} INFO - [2026-08-13T07:49:10.542+0000] {dag.py:3947} INFO - Setting next_dagrun for hello_airflow to None, run_after=None
[2026-08-13T07:49:10.563+0000] {processor.py:183} INFO - Processing /opt/airflow/dags/hello_airflow.py took 0.080 seconds
[2026-08-13T07:49:40.741+0000] {processor.py:161} INFO - Started process (PID=2534) to work on /opt/airflow/dags/hello_airflow.py
[2026-08-13T07:49:40.742+0000] {processor.py:830} INFO - Processing file /opt/airflow/dags/hello_airflow.py for tasks to queue
[2026-08-13T07:49:40.744+0000] {logging_mixin.py:188} INFO - [2026-08-13T07:49:40.744+0000] {dagbag.py:545} INFO - Filling up the DagBag from /opt/airflow/dags/hello_airflow.py
[2026-08-13T07:49:40.759+0000] {processor.py:840} INFO - DAG(s) 'hello_airflow' retrieved from /opt/airflow/dags/hello_airflow.py
[2026-08-13T07:49:40.783+0000] {logging_mixin.py:188} INFO - [2026-08-13T07:49:40.783+0000] {dag.py:3089} INFO - Sync 1 DAGs
[2026-08-13T07:49:40.796+0000] {logging_mixin.py:188} INFO - [2026-08-13T07:49:40.795+0000] {dag.py:3947} INFO - Setting next_dagrun for hello_airflow to None, run_after=None
[2026-08-13T07:49:40.813+0000] {processor.py:183} INFO - Processing /opt/airflow/dags/hello_airflow.py took 0.079 seconds
[2026-08-13T07:50:11.062+0000] {processor.py:161} INFO - Started process (PID=2565) to work on /opt/airflow/dags/hello_airflow.py
[2026-08-13T07:50:11.063+0000] {processor.py:830} INFO - Processing file /opt/airflow/dags/hello_airflow.py for tasks to queue
[2026-08-13T07:50:11.067+0000] {logging_mixin.py:188} INFO - [2026-08-13T07:50:11.066+0000] {dagbag.py:545} INFO - Filling up the DagBag from /opt/airflow/dags/hello_airflow.py
[2026-08-13T07:50:11.090+0000] {processor.py:840} INFO - DAG(s) 'hello_airflow' retrieved from /opt/airflow/dags/hello_airflow.py
[2026-08-13T07:50:11.132+0000] {logging_mixin.py:188} INFO - [2026-08-13T07:50:11.131+0000] {dag.py:3089} INFO - Sync 1 DAGs
[2026-08-13T07:50:11.155+0000] {logging_mixin.py:188} INFO - [2026-08-13T07:50:11.155+0000] {dag.py:3947} INFO - Setting next_dagrun for hello_airflow to None, run_after=None
[2026-08-13T07:50:11.185+0000] {processor.py:183} INFO - Processing /opt/airflow/dags/hello_airflow.py took 0.133 seconds
[2026-08-13T07:50:41.524+0000] {processor.py:161} INFO - Started process (PID=2589) to work on /opt/airflow/dags/hello_airflow.py
[2026-08-13T07:50:41.527+0000] {processor.py:830} INFO - Processing file /opt/airflow/dags/hello_airflow.py for tasks to queue
[2026-08-13T07:50:41.532+0000] {logging_mixin.py:188} INFO - [2026-08-13T07:50:41.531+0000] {dagbag.py:545} INFO - Filling up the DagBag from /opt/airflow/dags/hello_airflow.py
[2026-08-13T07:50:41.583+0000] {processor.py:840} INFO - DAG(s) 'hello_airflow' retrieved from /opt/airflow/dags/hello_airflow.py
[2026-08-13T07:50:41.664+0000] {logging_mixin.py:188} INFO - [2026-08-13T07:50:41.663+0000] {dag.py:3089} INFO - Sync 1 DAGs
[2026-08-13T07:50:41.710+0000] {logging_mixin.py:188} INFO - [2026-08-13T07:50:41.709+0000] {dag.py:3947} INFO - Setting next_dagrun for hello_airflow to None, run_after=None
[2026-08-13T07:50:41.767+0000] {processor.py:183} INFO - Processing /opt/airflow/dags/hello_airflow.py took 0.260 seconds
[2026-08-13T07:51:12.082+0000] {processor.py:161} INFO - Started process (PID=2613) to work on /opt/airflow/dags/hello_airflow.py
[2026-08-13T07:51:12.083+0000] {processor.py:830} INFO - Processing file /opt/airflow/dags/hello_airflow.py for tasks to queue
[2026-08-13T07:51:12.086+0000] {logging_mixin.py:188} INFO - [2026-08-13T07:51:12.085+0000] {dagbag.py:545} INFO - Filling up the DagBag from /opt/airflow/dags/hello_airflow.py
[2026-08-13T07:51:12.107+0000] {processor.py:840} INFO - DAG(s) 'hello_airflow' retrieved from /opt/airflow/dags/hello_airflow.py
[2026-08-13T07:51:12.139+0000] {logging_mixin.py:188} INFO - [2026-08-13T07:51:12.139+0000] {dag.py:3089} INFO - Sync 1 DAGs
[2026-08-13T07:51:12.156+0000] {logging_mixin.py:188} INFO - [2026-08-13T07:51:12.156+0000] {dag.py:3947} INFO - Setting next_dagrun for hello_airflow to None, run_after=None
[2026-08-13T07:51:12.182+0000] {processor.py:183} INFO - Processing /opt/airflow/dags/hello_airflow.py took 0.108 seconds
[2026-08-13T07:51:42.378+0000] {processor.py:161} INFO - Started process (PID=2637) to work on /opt/airflow/dags/hello_airflow.py
[2026-08-13T07:51:42.379+0000] {processor.py:830} INFO - Processing file /opt/airflow/dags/hello_airflow.py for tasks to queue
[2026-08-13T07:51:42.382+0000] {logging_mixin.py:188} INFO - [2026-08-13T07:51:42.381+0000] {dagbag.py:545} INFO - Filling up the DagBag from /opt/airflow/dags/hello_airflow.py
[2026-08-13T07:51:42.399+0000] {processor.py:840} INFO - DAG(s) 'hello_airflow' retrieved from /opt/airflow/dags/hello_airflow.py
[2026-08-13T07:51:42.430+0000] {logging_mixin.py:188} INFO - [2026-08-13T07:51:42.430+0000] {dag.py:3089} INFO - Sync 1 DAGs
[2026-08-13T07:51:42.443+0000] {logging_mixin.py:188} INFO - [2026-08-13T07:51:42.443+0000] {dag.py:3947} INFO - Setting next_dagrun for hello_airflow to None, run_after=None
[2026-08-13T07:51:42.468+0000] {processor.py:183} INFO - Processing /opt/airflow/dags/hello_airflow.py took 0.096 seconds
[2026-08-13T07:52:12.745+0000] {processor.py:161} INFO - Started process (PID=2661) to work on /opt/airflow/dags/hello_airflow.py
[2026-08-13T07:52:12.745+0000] {processor.py:830} INFO - Processing file /opt/airflow/dags/hello_airflow.py for tasks to queue
[2026-08-13T07:52:12.747+0000] {logging_mixin.py:188} INFO - [2026-08-13T07:52:12.747+0000] {dagbag.py:545} INFO - Filling up the DagBag from /opt/airflow/dags/hello_airflow.py
[2026-08-13T07:52:12.761+0000] {processor.py:840} INFO - DAG(s) 'hello_airflow' retrieved from /opt/airflow/dags/hello_airflow.py
[2026-08-13T07:52:12.785+0000] {logging_mixin.py:188} INFO - [2026-08-13T07:52:12.785+0000] {dag.py:3089} INFO - Sync 1 DAGs
[2026-08-13T07:52:12.796+0000] {logging_mixin.py:188} INFO - [2026-08-13T07:52:12.796+0000] {dag.py:3947} INFO - Setting next_dagrun for hello_airflow to None, run_after=None
[2026-08-13T07:52:12.813+0000] {processor.py:183} INFO - Processing /opt/airflow/dags/hello_airflow.py took 0.073 seconds
[2026-08-13T07:52:43.181+0000] {processor.py:161} INFO - Started process (PID=2692) to work on /opt/airflow/dags/hello_airflow.py
[2026-08-13T07:52:43.183+0000] {processor.py:830} INFO - Processing file /opt/airflow/dags/hello_airflow.py for tasks to queue
[2026-08-13T07:52:43.188+0000] {logging_mixin.py:188} INFO - [2026-08-13T07:52:43.187+0000] {dagbag.py:545} INFO - Filling up the DagBag from /opt/airflow/dags/hello_airflow.py
[2026-08-13T07:52:43.228+0000] {processor.py:840} INFO - DAG(s) 'hello_airflow' retrieved from /opt/airflow/dags/hello_airflow.py
[2026-08-13T07:52:43.300+0000] {logging_mixin.py:188} INFO - [2026-08-13T07:52:43.300+0000] {dag.py:3089} INFO - Sync 1 DAGs
[2026-08-13T07:52:43.342+0000] {logging_mixin.py:188} INFO - [2026-08-13T07:52:43.342+0000] {dag.py:3947} INFO - Setting next_dagrun for hello_airflow to None, run_after=None
[2026-08-13T07:52:43.397+0000] {processor.py:183} INFO - Processing /opt/airflow/dags/hello_airflow.py took 0.231 seconds
[2026-08-13T07:53:13.656+0000] {processor.py:161} INFO - Started process (PID=2709) to work on /opt/airflow/dags/hello_airflow.py
[2026-08-13T07:53:13.665+0000] {processor.py:830} INFO - Processing file /opt/airflow/dags/hello_airflow.py for tasks to queue
[2026-08-13T07:53:13.675+0000] {logging_mixin.py:188} INFO - [2026-08-13T07:53:13.674+0000] {dagbag.py:545} INFO - Filling up the DagBag from /opt/airflow/dags/hello_airflow.py
[2026-08-13T07:53:13.846+0000] {processor.py:840} INFO - DAG(s) 'hello_airflow' retrieved from /opt/airflow/dags/hello_airflow.py
[2026-08-13T07:53:14.017+0000] {logging_mixin.py:188} INFO - [2026-08-13T07:53:14.016+0000] {dag.py:3089} INFO - Sync 1 DAGs
[2026-08-13T07:53:14.144+0000] {logging_mixin.py:188} INFO - [2026-08-13T07:53:14.141+0000] {dag.py:3947} INFO - Setting next_dagrun for hello_airflow to None, run_after=None
[2026-08-13T07:53:14.348+0000] {processor.py:183} INFO - Processing /opt/airflow/dags/hello_airflow.py took 0.732 seconds
[2026-08-13T07:53:44.741+0000] {processor.py:161} INFO - Started process (PID=2734) to work on /opt/airflow/dags/hello_airflow.py
[2026-08-13T07:53:44.757+0000] {processor.py:830} INFO - Processing file /opt/airflow/dags/hello_airflow.py for tasks to queue
[2026-08-13T07:53:44.782+0000] {logging_mixin.py:188} INFO - [2026-08-13T07:53:44.780+0000] {dagbag.py:545} INFO - Filling up the DagBag from /opt/airflow/dags/hello_airflow.py
[2026-08-13T07:53:45.185+0000] {processor.py:840} INFO - DAG(s) 'hello_airflow' retrieved from /opt/airflow/dags/hello_airflow.py
[2026-08-13T07:53:45.588+0000] {logging_mixin.py:188} INFO - [2026-08-13T07:53:45.587+0000] {dag.py:3089} INFO - Sync 1 DAGs
[2026-08-13T07:53:45.801+0000] {logging_mixin.py:188} INFO - [2026-08-13T07:53:45.797+0000] {dag.py:3947} INFO - Setting next_dagrun for hello_airflow to None, run_after=None
[2026-08-13T07:53:46.205+0000] {processor.py:183} INFO - Processing /opt/airflow/dags/hello_airflow.py took 1.543 seconds
[2026-08-13T07:54:17.014+0000] {processor.py:161} INFO - Started process (PID=2758) to work on /opt/airflow/dags/hello_airflow.py
[2026-08-13T07:54:17.022+0000] {processor.py:830} INFO - Processing file /opt/airflow/dags/hello_airflow.py for tasks to queue
[2026-08-13T07:54:17.041+0000] {logging_mixin.py:188} INFO - [2026-08-13T07:54:17.039+0000] {dagbag.py:545} INFO - Filling up the DagBag from /opt/airflow/dags/hello_airflow.py
[2026-08-13T07:54:17.196+0000] {processor.py:840} INFO - DAG(s) 'hello_airflow' retrieved from /opt/airflow/dags/hello_airflow.py
[2026-08-13T07:54:17.462+0000] {logging_mixin.py:188} INFO - [2026-08-13T07:54:17.461+0000] {dag.py:3089} INFO - Sync 1 DAGs
[2026-08-13T07:54:17.611+0000] {logging_mixin.py:188} INFO - [2026-08-13T07:54:17.607+0000] {dag.py:3947} INFO - Setting next_dagrun for hello_airflow to None, run_after=None
[2026-08-13T07:54:17.780+0000] {processor.py:183} INFO - Processing /opt/airflow/dags/hello_airflow.py took 0.814 seconds
[2026-08-13T07:54:50.189+0000] {processor.py:161} INFO - Started process (PID=2775) to work on /opt/airflow/dags/hello_airflow.py
[2026-08-13T07:54:50.198+0000] {processor.py:830} INFO - Processing file /opt/airflow/dags/hello_airflow.py for tasks to queue
[2026-08-13T07:54:50.229+0000] {logging_mixin.py:188} INFO - [2026-08-13T07:54:50.227+0000] {dagbag.py:545} INFO - Filling up the DagBag from /opt/airflow/dags/hello_airflow.py
[2026-08-13T07:54:50.427+0000] {processor.py:840} INFO - DAG(s) 'hello_airflow' retrieved from /opt/airflow/dags/hello_airflow.py
[2026-08-13T07:54:50.793+0000] {logging_mixin.py:188} INFO - [2026-08-13T07:54:50.791+0000] {dag.py:3089} INFO - Sync 1 DAGs
[2026-08-13T07:54:50.983+0000] {logging_mixin.py:188} INFO - [2026-08-13T07:54:50.979+0000] {dag.py:3947} INFO - Setting next_dagrun for hello_airflow to None, run_after=None
[2026-08-13T07:54:51.259+0000] {processor.py:183} INFO - Processing /opt/airflow/dags/hello_airflow.py took 1.148 seconds
[2026-08-13T07:55:22.255+0000] {processor.py:161} INFO - Started process (PID=2799) to work on /opt/airflow/dags/hello_airflow.py
[2026-08-13T07:55:22.311+0000] {processor.py:830} INFO - Processing file /opt/airflow/dags/hello_airflow.py for tasks to queue
[2026-08-13T07:55:22.367+0000] {logging_mixin.py:188} INFO - [2026-08-13T07:55:22.365+0000] {dagbag.py:545} INFO - Filling up the DagBag from /opt/airflow/dags/hello_airflow.py
[2026-08-13T07:55:22.701+0000] {processor.py:840} INFO - DAG(s) 'hello_airflow' retrieved from /opt/airflow/dags/hello_airflow.py
[2026-08-13T07:55:22.906+0000] {logging_mixin.py:188} INFO - [2026-08-13T07:55:22.905+0000] {dag.py:3089} INFO - Sync 1 DAGs
[2026-08-13T07:55:23.004+0000] {logging_mixin.py:188} INFO - [2026-08-13T07:55:23.003+0000] {dag.py:3947} INFO - Setting next_dagrun for hello_airflow to None, run_after=None
[2026-08-13T07:55:23.172+0000] {processor.py:183} INFO - Processing /opt/airflow/dags/hello_airflow.py took 0.996 seconds
[2026-08-13T07:55:53.792+0000] {processor.py:161} INFO - Started process (PID=2816) to work on /opt/airflow/dags/hello_airflow.py
[2026-08-13T07:55:53.815+0000] {processor.py:830} INFO - Processing file /opt/airflow/dags/hello_airflow.py for tasks to queue
[2026-08-13T07:55:53.837+0000] {logging_mixin.py:188} INFO - [2026-08-13T07:55:53.835+0000] {dagbag.py:545} INFO - Filling up the DagBag from /opt/airflow/dags/hello_airflow.py
[2026-08-13T07:55:54.044+0000] {processor.py:840} INFO - DAG(s) 'hello_airflow' retrieved from /opt/airflow/dags/hello_airflow.py
[2026-08-13T07:55:54.408+0000] {logging_mixin.py:188} INFO - [2026-08-13T07:55:54.406+0000] {dag.py:3089} INFO - Sync 1 DAGs
[2026-08-13T07:55:54.600+0000] {logging_mixin.py:188} INFO - [2026-08-13T07:55:54.598+0000] {dag.py:3947} INFO - Setting next_dagrun for hello_airflow to None, run_after=None
[2026-08-13T07:55:54.825+0000] {processor.py:183} INFO - Processing /opt/airflow/dags/hello_airflow.py took 1.132 seconds
[2026-08-13T07:56:25.533+0000] {processor.py:161} INFO - Started process (PID=2840) to work on /opt/airflow/dags/hello_airflow.py
[2026-08-13T07:56:25.564+0000] {processor.py:830} INFO - Processing file /opt/airflow/dags/hello_airflow.py for tasks to queue
[2026-08-13T07:56:25.591+0000] {logging_mixin.py:188} INFO - [2026-08-13T07:56:25.589+0000] {dagbag.py:545} INFO - Filling up the DagBag from /opt/airflow/dags/hello_airflow.py
[2026-08-13T07:56:25.817+0000] {processor.py:840} INFO - DAG(s) 'hello_airflow' retrieved from /opt/airflow/dags/hello_airflow.py
[2026-08-13T07:56:26.160+0000] {logging_mixin.py:188} INFO - [2026-08-13T07:56:26.159+0000] {dag.py:3089} INFO - Sync 1 DAGs
[2026-08-13T07:56:26.394+0000] {logging_mixin.py:188} INFO - [2026-08-13T07:56:26.393+0000] {dag.py:3947} INFO - Setting next_dagrun for hello_airflow to None, run_after=None
[2026-08-13T07:56:26.771+0000] {processor.py:183} INFO - Processing /opt/airflow/dags/hello_airflow.py took 1.336 seconds
[2026-08-13T07:56:57.122+0000] {processor.py:161} INFO - Started process (PID=2860) to work on /opt/airflow/dags/hello_airflow.py
[2026-08-13T07:56:57.129+0000] {processor.py:830} INFO - Processing file /opt/airflow/dags/hello_airflow.py for tasks to queue
[2026-08-13T07:56:57.146+0000] {logging_mixin.py:188} INFO - [2026-08-13T07:56:57.143+0000] {dagbag.py:545} INFO - Filling up the DagBag from /opt/airflow/dags/hello_airflow.py
[2026-08-13T07:56:57.253+0000] {processor.py:840} INFO - DAG(s) 'hello_airflow' retrieved from /opt/airflow/dags/hello_airflow.py
[2026-08-13T07:56:57.442+0000] {logging_mixin.py:188} INFO - [2026-08-13T07:56:57.441+0000] {dag.py:3089} INFO - Sync 1 DAGs
[2026-08-13T07:56:57.543+0000] {logging_mixin.py:188} INFO - [2026-08-13T07:56:57.541+0000] {dag.py:3947} INFO - Setting next_dagrun for hello_airflow to None, run_after=None
[2026-08-13T07:56:57.719+0000] {processor.py:183} INFO - Processing /opt/airflow/dags/hello_airflow.py took 0.656 seconds
[2026-08-13T07:57:28.335+0000] {processor.py:161} INFO - Started process (PID=2878) to work on /opt/airflow/dags/hello_airflow.py
[2026-08-13T07:57:28.337+0000] {processor.py:830} INFO - Processing file /opt/airflow/dags/hello_airflow.py for tasks to queue
[2026-08-13T07:57:28.341+0000] {logging_mixin.py:188} INFO - [2026-08-13T07:57:28.340+0000] {dagbag.py:545} INFO - Filling up the DagBag from /opt/airflow/dags/hello_airflow.py
[2026-08-13T07:57:28.365+0000] {processor.py:840} INFO - DAG(s) 'hello_airflow' retrieved from /opt/airflow/dags/hello_airflow.py
[2026-08-13T07:57:28.406+0000] {logging_mixin.py:188} INFO - [2026-08-13T07:57:28.406+0000] {dag.py:3089} INFO - Sync 1 DAGs
[2026-08-13T07:57:28.424+0000] {logging_mixin.py:188} INFO - [2026-08-13T07:57:28.424+0000] {dag.py:3947} INFO - Setting next_dagrun for hello_airflow to None, run_after=None
[2026-08-13T07:57:28.454+0000] {processor.py:183} INFO - Processing /opt/airflow/dags/hello_airflow.py took 0.127 seconds
[2026-08-13T07:57:58.861+0000] {processor.py:161} INFO - Started process (PID=2902) to work on /opt/airflow/dags/hello_airflow.py
[2026-08-13T07:57:58.863+0000] {processor.py:830} INFO - Processing file /opt/airflow/dags/hello_airflow.py for tasks to queue
[2026-08-13T07:57:58.868+0000] {logging_mixin.py:188} INFO - [2026-08-13T07:57:58.867+0000] {dagbag.py:545} INFO - Filling up the DagBag from /opt/airflow/dags/hello_airflow.py
[2026-08-13T07:57:58.897+0000] {processor.py:840} INFO - DAG(s) 'hello_airflow' retrieved from /opt/airflow/dags/hello_airflow.py
[2026-08-13T07:57:58.942+0000] {logging_mixin.py:188} INFO - [2026-08-13T07:57:58.942+0000] {dag.py:3089} INFO - Sync 1 DAGs
[2026-08-13T07:57:58.965+0000] {logging_mixin.py:188} INFO - [2026-08-13T07:57:58.964+0000] {dag.py:3947} INFO - Setting next_dagrun for hello_airflow to None, run_after=None
[2026-08-13T07:57:58.996+0000] {processor.py:183} INFO - Processing /opt/airflow/dags/hello_airflow.py took 0.146 seconds
[2026-08-13T07:58:29.320+0000] {processor.py:161} INFO - Started process (PID=2926) to work on /opt/airflow/dags/hello_airflow.py
[2026-08-13T07:58:29.323+0000] {processor.py:830} INFO - Processing file /opt/airflow/dags/hello_airflow.py for tasks to queue
[2026-08-13T07:58:29.328+0000] {logging_mixin.py:188} INFO - [2026-08-13T07:58:29.327+0000] {dagbag.py:545} INFO - Filling up the DagBag from /opt/airflow/dags/hello_airflow.py
[2026-08-13T07:58:29.362+0000] {processor.py:840} INFO - DAG(s) 'hello_airflow' retrieved from /opt/airflow/dags/hello_airflow.py
[2026-08-13T07:58:29.419+0000] {logging_mixin.py:188} INFO - [2026-08-13T07:58:29.418+0000] {dag.py:3089} INFO - Sync 1 DAGs
[2026-08-13T07:58:29.445+0000] {logging_mixin.py:188} INFO - [2026-08-13T07:58:29.444+0000] {dag.py:3947} INFO - Setting next_dagrun for hello_airflow to None, run_after=None
[2026-08-13T07:58:29.483+0000] {processor.py:183} INFO - Processing /opt/airflow/dags/hello_airflow.py took 0.174 seconds
[2026-08-13T07:58:59.802+0000] {processor.py:161} INFO - Started process (PID=2950) to work on /opt/airflow/dags/hello_airflow.py
[2026-08-13T07:58:59.804+0000] {processor.py:830} INFO - Processing file /opt/airflow/dags/hello_airflow.py for tasks to queue
[2026-08-13T07:58:59.809+0000] {logging_mixin.py:188} INFO - [2026-08-13T07:58:59.808+0000] {dagbag.py:545} INFO - Filling up the DagBag from /opt/airflow/dags/hello_airflow.py
[2026-08-13T07:58:59.839+0000] {processor.py:840} INFO - DAG(s) 'hello_airflow' retrieved from /opt/airflow/dags/hello_airflow.py
[2026-08-13T07:58:59.886+0000] {logging_mixin.py:188} INFO - [2026-08-13T07:58:59.886+0000] {dag.py:3089} INFO - Sync 1 DAGs
[2026-08-13T07:58:59.908+0000] {logging_mixin.py:188} INFO - [2026-08-13T07:58:59.907+0000] {dag.py:3947} INFO - Setting next_dagrun for hello_airflow to None, run_after=None
[2026-08-13T07:58:59.942+0000] {processor.py:183} INFO - Processing /opt/airflow/dags/hello_airflow.py took 0.149 seconds
[2026-08-13T07:59:30.234+0000] {processor.py:161} INFO - Started process (PID=2974) to work on /opt/airflow/dags/hello_airflow.py
[2026-08-13T07:59:30.236+0000] {processor.py:830} INFO - Processing file /opt/airflow/dags/hello_airflow.py for tasks to queue
[2026-08-13T07:59:30.240+0000] {logging_mixin.py:188} INFO - [2026-08-13T07:59:30.239+0000] {dagbag.py:545} INFO - Filling up the DagBag from /opt/airflow/dags/hello_airflow.py
[2026-08-13T07:59:30.274+0000] {processor.py:840} INFO - DAG(s) 'hello_airflow' retrieved from /opt/airflow/dags/hello_airflow.py
[2026-08-13T07:59:30.329+0000] {logging_mixin.py:188} INFO - [2026-08-13T07:59:30.328+0000] {dag.py:3089} INFO - Sync 1 DAGs
[2026-08-13T07:59:30.357+0000] {logging_mixin.py:188} INFO - [2026-08-13T07:59:30.356+0000] {dag.py:3947} INFO - Setting next_dagrun for hello_airflow to None, run_after=None
[2026-08-13T07:59:30.399+0000] {processor.py:183} INFO - Processing /opt/airflow/dags/hello_airflow.py took 0.174 seconds
[2026-08-13T08:00:00.754+0000] {processor.py:161} INFO - Started process (PID=2998) to work on /opt/airflow/dags/hello_airflow.py
[2026-08-13T08:00:00.756+0000] {processor.py:830} INFO - Processing file /opt/airflow/dags/hello_airflow.py for tasks to queue
[2026-08-13T08:00:00.761+0000] {logging_mixin.py:188} INFO - [2026-08-13T08:00:00.760+0000] {dagbag.py:545} INFO - Filling up the DagBag from /opt/airflow/dags/hello_airflow.py
[2026-08-13T08:00:00.793+0000] {processor.py:840} INFO - DAG(s) 'hello_airflow' retrieved from /opt/airflow/dags/hello_airflow.py
[2026-08-13T08:00:00.845+0000] {logging_mixin.py:188} INFO - [2026-08-13T08:00:00.845+0000] {dag.py:3089} INFO - Sync 1 DAGs
[2026-08-13T08:00:00.872+0000] {logging_mixin.py:188} INFO - [2026-08-13T08:00:00.872+0000] {dag.py:3947} INFO - Setting next_dagrun for hello_airflow to None, run_after=None
[2026-08-13T08:00:00.919+0000] {processor.py:183} INFO - Processing /opt/airflow/dags/hello_airflow.py took 0.178 seconds
[2026-08-13T08:00:30.991+0000] {processor.py:161} INFO - Started process (PID=3022) to work on /opt/airflow/dags/hello_airflow.py
[2026-08-13T08:00:30.993+0000] {processor.py:830} INFO - Processing file /opt/airflow/dags/hello_airflow.py for tasks to queue
[2026-08-13T08:00:30.998+0000] {logging_mixin.py:188} INFO - [2026-08-13T08:00:30.997+0000] {dagbag.py:545} INFO - Filling up the DagBag from /opt/airflow/dags/hello_airflow.py
[2026-08-13T08:00:31.027+0000] {processor.py:840} INFO - DAG(s) 'hello_airflow' retrieved from /opt/airflow/dags/hello_airflow.py
[2026-08-13T08:00:31.077+0000] {logging_mixin.py:188} INFO - [2026-08-13T08:00:31.077+0000] {dag.py:3089} INFO - Sync 1 DAGs
[2026-08-13T08:00:31.100+0000] {logging_mixin.py:188} INFO - [2026-08-13T08:00:31.100+0000] {dag.py:3947} INFO - Setting next_dagrun for hello_airflow to None, run_after=None
[2026-08-13T08:00:31.135+0000] {processor.py:183} INFO - Processing /opt/airflow/dags/hello_airflow.py took 0.156 seconds
[2026-08-13T08:01:01.553+0000] {processor.py:161} INFO - Started process (PID=3046) to work on /opt/airflow/dags/hello_airflow.py
[2026-08-13T08:01:01.557+0000] {processor.py:830} INFO - Processing file /opt/airflow/dags/hello_airflow.py for tasks to queue
[2026-08-13T08:01:01.563+0000] {logging_mixin.py:188} INFO - [2026-08-13T08:01:01.562+0000] {dagbag.py:545} INFO - Filling up the DagBag from /opt/airflow/dags/hello_airflow.py
[2026-08-13T08:01:01.608+0000] {processor.py:840} INFO - DAG(s) 'hello_airflow' retrieved from /opt/airflow/dags/hello_airflow.py
[2026-08-13T08:01:01.687+0000] {logging_mixin.py:188} INFO - [2026-08-13T08:01:01.687+0000] {dag.py:3089} INFO - Sync 1 DAGs
[2026-08-13T08:01:01.726+0000] {logging_mixin.py:188} INFO - [2026-08-13T08:01:01.726+0000] {dag.py:3947} INFO - Setting next_dagrun for hello_airflow to None, run_after=None
[2026-08-13T08:01:01.782+0000] {processor.py:183} INFO - Processing /opt/airflow/dags/hello_airflow.py took 0.247 seconds
[2026-08-13T08:01:32.223+0000] {processor.py:161} INFO - Started process (PID=3070) to work on /opt/airflow/dags/hello_airflow.py
[2026-08-13T08:01:32.227+0000] {processor.py:830} INFO - Processing file /opt/airflow/dags/hello_airflow.py for tasks to queue
[2026-08-13T08:01:32.232+0000] {logging_mixin.py:188} INFO - [2026-08-13T08:01:32.232+0000] {dagbag.py:545} INFO - Filling up the DagBag from /opt/airflow/dags/hello_airflow.py
[2026-08-13T08:01:32.290+0000] {processor.py:840} INFO - DAG(s) 'hello_airflow' retrieved from /opt/airflow/dags/hello_airflow.py
[2026-08-13T08:01:32.375+0000] {logging_mixin.py:188} INFO - [2026-08-13T08:01:32.374+0000] {dag.py:3089} INFO - Sync 1 DAGs
[2026-08-13T08:01:32.417+0000] {logging_mixin.py:188} INFO - [2026-08-13T08:01:32.417+0000] {dag.py:3947} INFO - Setting next_dagrun for hello_airflow to None, run_after=None
[2026-08-13T08:01:32.473+0000] {processor.py:183} INFO - Processing /opt/airflow/dags/hello_airflow.py took 0.270 seconds
[2026-08-13T08:02:02.814+0000] {processor.py:161} INFO - Started process (PID=3094) to work on /opt/airflow/dags/hello_airflow.py
[2026-08-13T08:02:02.817+0000] {processor.py:830} INFO - Processing file /opt/airflow/dags/hello_airflow.py for tasks to queue
[2026-08-13T08:02:02.823+0000] {logging_mixin.py:188} INFO - [2026-08-13T08:02:02.822+0000] {dagbag.py:545} INFO - Filling up the DagBag from /opt/airflow/dags/hello_airflow.py
[2026-08-13T08:02:02.866+0000] {processor.py:840} INFO - DAG(s) 'hello_airflow' retrieved from /opt/airflow/dags/hello_airflow.py
[2026-08-13T08:02:02.937+0000] {logging_mixin.py:188} INFO - [2026-08-13T08:02:02.936+0000] {dag.py:3089} INFO - Sync 1 DAGs
[2026-08-13T08:02:02.969+0000] {logging_mixin.py:188} INFO - [2026-08-13T08:02:02.968+0000] {dag.py:3947} INFO - Setting next_dagrun for hello_airflow to None, run_after=None
[2026-08-13T08:02:03.021+0000] {processor.py:183} INFO - Processing /opt/airflow/dags/hello_airflow.py took 0.222 seconds
[2026-08-13T08:02:33.364+0000] {processor.py:161} INFO - Started process (PID=3118) to work on /opt/airflow/dags/hello_airflow.py
[2026-08-13T08:02:33.369+0000] {processor.py:830} INFO - Processing file /opt/airflow/dags/hello_airflow.py for tasks to queue
[2026-08-13T08:02:33.376+0000] {logging_mixin.py:188} INFO - [2026-08-13T08:02:33.375+0000] {dagbag.py:545} INFO - Filling up the DagBag from /opt/airflow/dags/hello_airflow.py
[2026-08-13T08:02:33.430+0000] {processor.py:840} INFO - DAG(s) 'hello_airflow' retrieved from /opt/airflow/dags/hello_airflow.py
[2026-08-13T08:02:33.516+0000] {logging_mixin.py:188} INFO - [2026-08-13T08:02:33.515+0000] {dag.py:3089} INFO - Sync 1 DAGs
[2026-08-13T08:02:33.554+0000] {logging_mixin.py:188} INFO - [2026-08-13T08:02:33.553+0000] {dag.py:3947} INFO - Setting next_dagrun for hello_airflow to None, run_after=None
[2026-08-13T08:02:33.617+0000] {processor.py:183} INFO - Processing /opt/airflow/dags/hello_airflow.py took 0.270 seconds
[2026-08-13T08:03:03.987+0000] {processor.py:161} INFO - Started process (PID=3142) to work on /opt/airflow/dags/hello_airflow.py
[2026-08-13T08:03:03.990+0000] {processor.py:830} INFO - Processing file /opt/airflow/dags/hello_airflow.py for tasks to queue
[2026-08-13T08:03:03.996+0000] {logging_mixin.py:188} INFO - [2026-08-13T08:03:03.995+0000] {dagbag.py:545} INFO - Filling up the DagBag from /opt/airflow/dags/hello_airflow.py
[2026-08-13T08:03:04.037+0000] {processor.py:840} INFO - DAG(s) 'hello_airflow' retrieved from /opt/airflow/dags/hello_airflow.py
[2026-08-13T08:03:04.106+0000] {logging_mixin.py:188} INFO - [2026-08-13T08:03:04.105+0000] {dag.py:3089} INFO - Sync 1 DAGs
[2026-08-13T08:03:04.139+0000] {logging_mixin.py:188} INFO - [2026-08-13T08:03:04.138+0000] {dag.py:3947} INFO - Setting next_dagrun for hello_airflow to None, run_after=None
[2026-08-13T08:03:04.189+0000] {processor.py:183} INFO - Processing /opt/airflow/dags/hello_airflow.py took 0.219 seconds
[2026-08-13T08:03:34.525+0000] {processor.py:161} INFO - Started process (PID=3159) to work on /opt/airflow/dags/hello_airflow.py
[2026-08-13T08:03:34.526+0000] {processor.py:830} INFO - Processing file /opt/airflow/dags/hello_airflow.py for tasks to queue
[2026-08-13T08:03:34.529+0000] {logging_mixin.py:188} INFO - [2026-08-13T08:03:34.528+0000] {dagbag.py:545} INFO - Filling up the DagBag from /opt/airflow/dags/hello_airflow.py
[2026-08-13T08:03:34.547+0000] {processor.py:840} INFO - DAG(s) 'hello_airflow' retrieved from /opt/airflow/dags/hello_airflow.py
[2026-08-13T08:03:34.581+0000] {logging_mixin.py:188} INFO - [2026-08-13T08:03:34.580+0000] {dag.py:3089} INFO - Sync 1 DAGs
[2026-08-13T08:03:34.597+0000] {logging_mixin.py:188} INFO - [2026-08-13T08:03:34.596+0000] {dag.py:3947} INFO - Setting next_dagrun for hello_airflow to None, run_after=None
[2026-08-13T08:03:34.622+0000] {processor.py:183} INFO - Processing /opt/airflow/dags/hello_airflow.py took 0.103 seconds
[2026-08-13T08:04:04.950+0000] {processor.py:161} INFO - Started process (PID=3183) to work on /opt/airflow/dags/hello_airflow.py
[2026-08-13T08:04:04.952+0000] {processor.py:830} INFO - Processing file /opt/airflow/dags/hello_airflow.py for tasks to queue
[2026-08-13T08:04:04.955+0000] {logging_mixin.py:188} INFO - [2026-08-13T08:04:04.954+0000] {dagbag.py:545} INFO - Filling up the DagBag from /opt/airflow/dags/hello_airflow.py
[2026-08-13T08:04:04.980+0000] {processor.py:840} INFO - DAG(s) 'hello_airflow' retrieved from /opt/airflow/dags/hello_airflow.py
[2026-08-13T08:04:05.021+0000] {logging_mixin.py:188} INFO - [2026-08-13T08:04:05.021+0000] {dag.py:3089} INFO - Sync 1 DAGs
[2026-08-13T08:04:05.041+0000] {logging_mixin.py:188} INFO - [2026-08-13T08:04:05.040+0000] {dag.py:3947} INFO - Setting next_dagrun for hello_airflow to None, run_after=None
[2026-08-13T08:04:05.080+0000] {processor.py:183} INFO - Processing /opt/airflow/dags/hello_airflow.py took 0.139 seconds
[2026-08-13T08:04:35.365+0000] {processor.py:161} INFO - Started process (PID=3207) to work on /opt/airflow/dags/hello_airflow.py
[2026-08-13T08:04:35.366+0000] {processor.py:830} INFO - Processing file /opt/airflow/dags/hello_airflow.py for tasks to queue
[2026-08-13T08:04:35.369+0000] {logging_mixin.py:188} INFO - [2026-08-13T08:04:35.369+0000] {dagbag.py:545} INFO - Filling up the DagBag from /opt/airflow/dags/hello_airflow.py
[2026-08-13T08:04:35.391+0000] {processor.py:840} INFO - DAG(s) 'hello_airflow' retrieved from /opt/airflow/dags/hello_airflow.py
[2026-08-13T08:04:35.433+0000] {logging_mixin.py:188} INFO - [2026-08-13T08:04:35.433+0000] {dag.py:3089} INFO - Sync 1 DAGs
[2026-08-13T08:04:35.452+0000] {logging_mixin.py:188} INFO - [2026-08-13T08:04:35.452+0000] {dag.py:3947} INFO - Setting next_dagrun for hello_airflow to None, run_after=None
[2026-08-13T08:04:35.483+0000] {processor.py:183} INFO - Processing /opt/airflow/dags/hello_airflow.py took 0.126 seconds
[2026-08-13T08:05:05.786+0000] {processor.py:161} INFO - Started process (PID=3231) to work on /opt/airflow/dags/hello_airflow.py
[2026-08-13T08:05:05.788+0000] {processor.py:830} INFO - Processing file /opt/airflow/dags/hello_airflow.py for tasks to queue
[2026-08-13T08:05:05.791+0000] {logging_mixin.py:188} INFO - [2026-08-13T08:05:05.791+0000] {dagbag.py:545} INFO - Filling up the DagBag from /opt/airflow/dags/hello_airflow.py
[2026-08-13T08:05:05.817+0000] {processor.py:840} INFO - DAG(s) 'hello_airflow' retrieved from /opt/airflow/dags/hello_airflow.py
[2026-08-13T08:05:05.860+0000] {logging_mixin.py:188} INFO - [2026-08-13T08:05:05.860+0000] {dag.py:3089} INFO - Sync 1 DAGs
[2026-08-13T08:05:05.880+0000] {logging_mixin.py:188} INFO - [2026-08-13T08:05:05.880+0000] {dag.py:3947} INFO - Setting next_dagrun for hello_airflow to None, run_after=None
[2026-08-13T08:05:05.911+0000] {processor.py:183} INFO - Processing /opt/airflow/dags/hello_airflow.py took 0.133 seconds
[2026-08-13T08:05:36.233+0000] {processor.py:161} INFO - Started process (PID=3255) to work on /opt/airflow/dags/hello_airflow.py
[2026-08-13T08:05:36.235+0000] {processor.py:830} INFO - Processing file /opt/airflow/dags/hello_airflow.py for tasks to queue
[2026-08-13T08:05:36.239+0000] {logging_mixin.py:188} INFO - [2026-08-13T08:05:36.238+0000] {dagbag.py:545} INFO - Filling up the DagBag from /opt/airflow/dags/hello_airflow.py
[2026-08-13T08:05:36.261+0000] {processor.py:840} INFO - DAG(s) 'hello_airflow' retrieved from /opt/airflow/dags/hello_airflow.py
[2026-08-13T08:05:36.301+0000] {logging_mixin.py:188} INFO - [2026-08-13T08:05:36.300+0000] {dag.py:3089} INFO - Sync 1 DAGs
[2026-08-13T08:05:36.320+0000] {logging_mixin.py:188} INFO - [2026-08-13T08:05:36.320+0000] {dag.py:3947} INFO - Setting next_dagrun for hello_airflow to None, run_after=None
[2026-08-13T08:05:36.350+0000] {processor.py:183} INFO - Processing /opt/airflow/dags/hello_airflow.py took 0.124 seconds
[2026-08-13T08:06:06.645+0000] {processor.py:161} INFO - Started process (PID=3279) to work on /opt/airflow/dags/hello_airflow.py
[2026-08-13T08:06:06.650+0000] {processor.py:830} INFO - Processing file /opt/airflow/dags/hello_airflow.py for tasks to queue
[2026-08-13T08:06:06.659+0000] {logging_mixin.py:188} INFO - [2026-08-13T08:06:06.657+0000] {dagbag.py:545} INFO - Filling up the DagBag from /opt/airflow/dags/hello_airflow.py
[2026-08-13T08:06:06.721+0000] {processor.py:840} INFO - DAG(s) 'hello_airflow' retrieved from /opt/airflow/dags/hello_airflow.py
[2026-08-13T08:06:06.828+0000] {logging_mixin.py:188} INFO - [2026-08-13T08:06:06.827+0000] {dag.py:3089} INFO - Sync 1 DAGs
[2026-08-13T08:06:06.885+0000] {logging_mixin.py:188} INFO - [2026-08-13T08:06:06.885+0000] {dag.py:3947} INFO - Setting next_dagrun for hello_airflow to None, run_after=None
[2026-08-13T08:06:06.968+0000] {processor.py:183} INFO - Processing /opt/airflow/dags/hello_airflow.py took 0.349 seconds
[2026-08-13T08:06:37.460+0000] {processor.py:161} INFO - Started process (PID=3296) to work on /opt/airflow/dags/hello_airflow.py
[2026-08-13T08:06:37.463+0000] {processor.py:830} INFO - Processing file /opt/airflow/dags/hello_airflow.py for tasks to queue
[2026-08-13T08:06:37.470+0000] {logging_mixin.py:188} INFO - [2026-08-13T08:06:37.469+0000] {dagbag.py:545} INFO - Filling up the DagBag from /opt/airflow/dags/hello_airflow.py
[2026-08-13T08:06:37.503+0000] {processor.py:840} INFO - DAG(s) 'hello_airflow' retrieved from /opt/airflow/dags/hello_airflow.py
[2026-08-13T08:06:37.558+0000] {logging_mixin.py:188} INFO - [2026-08-13T08:06:37.557+0000] {dag.py:3089} INFO - Sync 1 DAGs
[2026-08-13T08:06:37.584+0000] {logging_mixin.py:188} INFO - [2026-08-13T08:06:37.583+0000] {dag.py:3947} INFO - Setting next_dagrun for hello_airflow to None, run_after=None
[2026-08-13T08:06:37.624+0000] {processor.py:183} INFO - Processing /opt/airflow/dags/hello_airflow.py took 0.175 seconds
[2026-08-13T08:07:08.610+0000] {processor.py:161} INFO - Started process (PID=3320) to work on /opt/airflow/dags/hello_airflow.py
[2026-08-13T08:07:08.618+0000] {processor.py:830} INFO - Processing file /opt/airflow/dags/hello_airflow.py for tasks to queue
[2026-08-13T08:07:08.632+0000] {logging_mixin.py:188} INFO - [2026-08-13T08:07:08.630+0000] {dagbag.py:545} INFO - Filling up the DagBag from /opt/airflow/dags/hello_airflow.py
[2026-08-13T08:07:08.731+0000] {processor.py:840} INFO - DAG(s) 'hello_airflow' retrieved from /opt/airflow/dags/hello_airflow.py
[2026-08-13T08:07:08.942+0000] {logging_mixin.py:188} INFO - [2026-08-13T08:07:08.940+0000] {dag.py:3089} INFO - Sync 1 DAGs
[2026-08-13T08:07:09.085+0000] {logging_mixin.py:188} INFO - [2026-08-13T08:07:09.084+0000] {dag.py:3947} INFO - Setting next_dagrun for hello_airflow to None, run_after=None
[2026-08-13T08:07:09.255+0000] {processor.py:183} INFO - Processing /opt/airflow/dags/hello_airflow.py took 0.696 seconds
[2026-08-13T08:07:39.828+0000] {processor.py:161} INFO - Started process (PID=3344) to work on /opt/airflow/dags/hello_airflow.py
[2026-08-13T08:07:39.835+0000] {processor.py:830} INFO - Processing file /opt/airflow/dags/hello_airflow.py for tasks to queue
[2026-08-13T08:07:39.854+0000] {logging_mixin.py:188} INFO - [2026-08-13T08:07:39.852+0000] {dagbag.py:545} INFO - Filling up the DagBag from /opt/airflow/dags/hello_airflow.py
[2026-08-13T08:07:39.987+0000] {processor.py:840} INFO - DAG(s) 'hello_airflow' retrieved from /opt/airflow/dags/hello_airflow.py
[2026-08-13T08:07:40.184+0000] {logging_mixin.py:188} INFO - [2026-08-13T08:07:40.181+0000] {dag.py:3089} INFO - Sync 1 DAGs
[2026-08-13T08:07:40.329+0000] {logging_mixin.py:188} INFO - [2026-08-13T08:07:40.326+0000] {dag.py:3947} INFO - Setting next_dagrun for hello_airflow to None, run_after=None
[2026-08-13T08:07:40.549+0000] {processor.py:183} INFO - Processing /opt/airflow/dags/hello_airflow.py took 0.764 seconds
[2026-08-13T08:08:11.233+0000] {processor.py:161} INFO - Started process (PID=3361) to work on /opt/airflow/dags/hello_airflow.py
[2026-08-13T08:08:11.239+0000] {processor.py:830} INFO - Processing file /opt/airflow/dags/hello_airflow.py for tasks to queue
[2026-08-13T08:08:11.249+0000] {logging_mixin.py:188} INFO - [2026-08-13T08:08:11.248+0000] {dagbag.py:545} INFO - Filling up the DagBag from /opt/airflow/dags/hello_airflow.py
[2026-08-13T08:08:11.315+0000] {processor.py:840} INFO - DAG(s) 'hello_airflow' retrieved from /opt/airflow/dags/hello_airflow.py
[2026-08-13T08:08:11.444+0000] {logging_mixin.py:188} INFO - [2026-08-13T08:08:11.443+0000] {dag.py:3089} INFO - Sync 1 DAGs
[2026-08-13T08:08:11.508+0000] {logging_mixin.py:188} INFO - [2026-08-13T08:08:11.507+0000] {dag.py:3947} INFO - Setting next_dagrun for hello_airflow to None, run_after=None
[2026-08-13T08:08:11.597+0000] {processor.py:183} INFO - Processing /opt/airflow/dags/hello_airflow.py took 0.391 seconds
[2026-08-13T08:08:41.808+0000] {processor.py:161} INFO - Started process (PID=3385) to work on /opt/airflow/dags/hello_airflow.py
[2026-08-13T08:08:41.818+0000] {processor.py:830} INFO - Processing file /opt/airflow/dags/hello_airflow.py for tasks to queue
[2026-08-13T08:08:41.830+0000] {logging_mixin.py:188} INFO - [2026-08-13T08:08:41.828+0000] {dagbag.py:545} INFO - Filling up the DagBag from /opt/airflow/dags/hello_airflow.py
[2026-08-13T08:08:41.961+0000] {processor.py:840} INFO - DAG(s) 'hello_airflow' retrieved from /opt/airflow/dags/hello_airflow.py
[2026-08-13T08:08:42.190+0000] {logging_mixin.py:188} INFO - [2026-08-13T08:08:42.189+0000] {dag.py:3089} INFO - Sync 1 DAGs
[2026-08-13T08:08:42.296+0000] {logging_mixin.py:188} INFO - [2026-08-13T08:08:42.295+0000] {dag.py:3947} INFO - Setting next_dagrun for hello_airflow to None, run_after=None
[2026-08-13T08:08:42.436+0000] {processor.py:183} INFO - Processing /opt/airflow/dags/hello_airflow.py took 0.681 seconds
[2026-08-13T08:09:13.045+0000] {processor.py:161} INFO - Started process (PID=3402) to work on /opt/airflow/dags/hello_airflow.py
[2026-08-13T08:09:13.049+0000] {processor.py:830} INFO - Processing file /opt/airflow/dags/hello_airflow.py for tasks to queue
[2026-08-13T08:09:13.059+0000] {logging_mixin.py:188} INFO - [2026-08-13T08:09:13.058+0000] {dagbag.py:545} INFO - Filling up the DagBag from /opt/airflow/dags/hello_airflow.py
[2026-08-13T08:09:13.126+0000] {processor.py:840} INFO - DAG(s) 'hello_airflow' retrieved from /opt/airflow/dags/hello_airflow.py
[2026-08-13T08:09:13.281+0000] {logging_mixin.py:188} INFO - [2026-08-13T08:09:13.271+0000] {dag.py:3089} INFO - Sync 1 DAGs
[2026-08-13T08:09:13.419+0000] {logging_mixin.py:188} INFO - [2026-08-13T08:09:13.417+0000] {dag.py:3947} INFO - Setting next_dagrun for hello_airflow to None, run_after=None
[2026-08-13T08:09:13.605+0000] {processor.py:183} INFO - Processing /opt/airflow/dags/hello_airflow.py took 0.589 seconds
[2026-08-13T08:09:43.890+0000] {processor.py:161} INFO - Started process (PID=3427) to work on /opt/airflow/dags/hello_airflow.py
[2026-08-13T08:09:43.897+0000] {processor.py:830} INFO - Processing file /opt/airflow/dags/hello_airflow.py for tasks to queue
[2026-08-13T08:09:43.908+0000] {logging_mixin.py:188} INFO - [2026-08-13T08:09:43.906+0000] {dagbag.py:545} INFO - Filling up the DagBag from /opt/airflow/dags/hello_airflow.py
[2026-08-13T08:09:43.995+0000] {processor.py:840} INFO - DAG(s) 'hello_airflow' retrieved from /opt/airflow/dags/hello_airflow.py
[2026-08-13T08:09:44.122+0000] {logging_mixin.py:188} INFO - [2026-08-13T08:09:44.121+0000] {dag.py:3089} INFO - Sync 1 DAGs
[2026-08-13T08:09:44.173+0000] {logging_mixin.py:188} INFO - [2026-08-13T08:09:44.172+0000] {dag.py:3947} INFO - Setting next_dagrun for hello_airflow to None, run_after=None
[2026-08-13T08:09:44.257+0000] {processor.py:183} INFO - Processing /opt/airflow/dags/hello_airflow.py took 0.397 seconds
[2026-08-13T08:10:14.759+0000] {processor.py:161} INFO - Started process (PID=3444) to work on /opt/airflow/dags/hello_airflow.py
[2026-08-13T08:10:14.762+0000] {processor.py:830} INFO - Processing file /opt/airflow/dags/hello_airflow.py for tasks to queue
[2026-08-13T08:10:14.769+0000] {logging_mixin.py:188} INFO - [2026-08-13T08:10:14.767+0000] {dagbag.py:545} INFO - Filling up the DagBag from /opt/airflow/dags/hello_airflow.py
[2026-08-13T08:10:14.824+0000] {processor.py:840} INFO - DAG(s) 'hello_airflow' retrieved from /opt/airflow/dags/hello_airflow.py
[2026-08-13T08:10:14.908+0000] {logging_mixin.py:188} INFO - [2026-08-13T08:10:14.907+0000] {dag.py:3089} INFO - Sync 1 DAGs
[2026-08-13T08:10:14.946+0000] {logging_mixin.py:188} INFO - [2026-08-13T08:10:14.945+0000] {dag.py:3947} INFO - Setting next_dagrun for hello_airflow to None, run_after=None
[2026-08-13T08:10:15.008+0000] {processor.py:183} INFO - Processing /opt/airflow/dags/hello_airflow.py took 0.270 seconds
[2026-08-13T08:10:45.086+0000] {processor.py:161} INFO - Started process (PID=3468) to work on /opt/airflow/dags/hello_airflow.py
[2026-08-13T08:10:45.088+0000] {processor.py:830} INFO - Processing file /opt/airflow/dags/hello_airflow.py for tasks to queue
[2026-08-13T08:10:45.091+0000] {logging_mixin.py:188} INFO - [2026-08-13T08:10:45.090+0000] {dagbag.py:545} INFO - Filling up the DagBag from /opt/airflow/dags/hello_airflow.py
[2026-08-13T08:10:45.115+0000] {processor.py:840} INFO - DAG(s) 'hello_airflow' retrieved from /opt/airflow/dags/hello_airflow.py
[2026-08-13T08:10:45.155+0000] {logging_mixin.py:188} INFO - [2026-08-13T08:10:45.154+0000] {dag.py:3089} INFO - Sync 1 DAGs
[2026-08-13T08:10:45.173+0000] {logging_mixin.py:188} INFO - [2026-08-13T08:10:45.173+0000] {dag.py:3947} INFO - Setting next_dagrun for hello_airflow to None, run_after=None
[2026-08-13T08:10:45.204+0000] {processor.py:183} INFO - Processing /opt/airflow/dags/hello_airflow.py took 0.126 seconds
[2026-08-13T08:11:15.516+0000] {processor.py:161} INFO - Started process (PID=3492) to work on /opt/airflow/dags/hello_airflow.py
[2026-08-13T08:11:15.518+0000] {processor.py:830} INFO - Processing file /opt/airflow/dags/hello_airflow.py for tasks to queue
[2026-08-13T08:11:15.521+0000] {logging_mixin.py:188} INFO - [2026-08-13T08:11:15.521+0000] {dagbag.py:545} INFO - Filling up the DagBag from /opt/airflow/dags/hello_airflow.py
[2026-08-13T08:11:15.546+0000] {processor.py:840} INFO - DAG(s) 'hello_airflow' retrieved from /opt/airflow/dags/hello_airflow.py
[2026-08-13T08:11:15.589+0000] {logging_mixin.py:188} INFO - [2026-08-13T08:11:15.589+0000] {dag.py:3089} INFO - Sync 1 DAGs
[2026-08-13T08:11:15.609+0000] {logging_mixin.py:188} INFO - [2026-08-13T08:11:15.609+0000] {dag.py:3947} INFO - Setting next_dagrun for hello_airflow to None, run_after=None
[2026-08-13T08:11:15.677+0000] {processor.py:183} INFO - Processing /opt/airflow/dags/hello_airflow.py took 0.169 seconds
[2026-08-13T08:11:46.039+0000] {processor.py:161} INFO - Started process (PID=3516) to work on /opt/airflow/dags/hello_airflow.py
[2026-08-13T08:11:46.041+0000] {processor.py:830} INFO - Processing file /opt/airflow/dags/hello_airflow.py for tasks to queue
[2026-08-13T08:11:46.044+0000] {logging_mixin.py:188} INFO - [2026-08-13T08:11:46.043+0000] {dagbag.py:545} INFO - Filling up the DagBag from /opt/airflow/dags/hello_airflow.py
[2026-08-13T08:11:46.067+0000] {processor.py:840} INFO - DAG(s) 'hello_airflow' retrieved from /opt/airflow/dags/hello_airflow.py
[2026-08-13T08:11:46.107+0000] {logging_mixin.py:188} INFO - [2026-08-13T08:11:46.106+0000] {dag.py:3089} INFO - Sync 1 DAGs
[2026-08-13T08:11:46.125+0000] {logging_mixin.py:188} INFO - [2026-08-13T08:11:46.125+0000] {dag.py:3947} INFO - Setting next_dagrun for hello_airflow to None, run_after=None
[2026-08-13T08:11:46.154+0000] {processor.py:183} INFO - Processing /opt/airflow/dags/hello_airflow.py took 0.123 seconds
[2026-08-13T08:12:16.536+0000] {processor.py:161} INFO - Started process (PID=3540) to work on /opt/airflow/dags/hello_airflow.py
[2026-08-13T08:12:16.538+0000] {processor.py:830} INFO - Processing file /opt/airflow/dags/hello_airflow.py for tasks to queue
[2026-08-13T08:12:16.542+0000] {logging_mixin.py:188} INFO - [2026-08-13T08:12:16.542+0000] {dagbag.py:545} INFO - Filling up the DagBag from /opt/airflow/dags/hello_airflow.py
[2026-08-13T08:12:16.575+0000] {processor.py:840} INFO - DAG(s) 'hello_airflow' retrieved from /opt/airflow/dags/hello_airflow.py
[2026-08-13T08:12:16.631+0000] {logging_mixin.py:188} INFO - [2026-08-13T08:12:16.630+0000] {dag.py:3089} INFO - Sync 1 DAGs
[2026-08-13T08:12:16.658+0000] {logging_mixin.py:188} INFO - [2026-08-13T08:12:16.657+0000] {dag.py:3947} INFO - Setting next_dagrun for hello_airflow to None, run_after=None
[2026-08-13T08:12:16.695+0000] {processor.py:183} INFO - Processing /opt/airflow/dags/hello_airflow.py took 0.168 seconds
[2026-08-13T08:12:46.836+0000] {processor.py:161} INFO - Started process (PID=3564) to work on /opt/airflow/dags/hello_airflow.py
[2026-08-13T08:12:46.839+0000] {processor.py:830} INFO - Processing file /opt/airflow/dags/hello_airflow.py for tasks to queue
[2026-08-13T08:12:46.845+0000] {logging_mixin.py:188} INFO - [2026-08-13T08:12:46.844+0000] {dagbag.py:545} INFO - Filling up the DagBag from /opt/airflow/dags/hello_airflow.py
[2026-08-13T08:12:46.876+0000] {processor.py:840} INFO - DAG(s) 'hello_airflow' retrieved from /opt/airflow/dags/hello_airflow.py
[2026-08-13T08:12:46.931+0000] {logging_mixin.py:188} INFO - [2026-08-13T08:12:46.931+0000] {dag.py:3089} INFO - Sync 1 DAGs
[2026-08-13T08:12:46.964+0000] {logging_mixin.py:188} INFO - [2026-08-13T08:12:46.964+0000] {dag.py:3947} INFO - Setting next_dagrun for hello_airflow to None, run_after=None
[2026-08-13T08:12:47.000+0000] {processor.py:183} INFO - Processing /opt/airflow/dags/hello_airflow.py took 0.176 seconds
[2026-08-13T08:13:17.352+0000] {processor.py:161} INFO - Started process (PID=3588) to work on /opt/airflow/dags/hello_airflow.py
[2026-08-13T08:13:17.355+0000] {processor.py:830} INFO - Processing file /opt/airflow/dags/hello_airflow.py for tasks to queue
[2026-08-13T08:13:17.360+0000] {logging_mixin.py:188} INFO - [2026-08-13T08:13:17.359+0000] {dagbag.py:545} INFO - Filling up the DagBag from /opt/airflow/dags/hello_airflow.py
[2026-08-13T08:13:17.397+0000] {processor.py:840} INFO - DAG(s) 'hello_airflow' retrieved from /opt/airflow/dags/hello_airflow.py
[2026-08-13T08:13:17.453+0000] {logging_mixin.py:188} INFO - [2026-08-13T08:13:17.452+0000] {dag.py:3089} INFO - Sync 1 DAGs
[2026-08-13T08:13:17.478+0000] {logging_mixin.py:188} INFO - [2026-08-13T08:13:17.477+0000] {dag.py:3947} INFO - Setting next_dagrun for hello_airflow to None, run_after=None
[2026-08-13T08:13:17.519+0000] {processor.py:183} INFO - Processing /opt/airflow/dags/hello_airflow.py took 0.178 seconds
[2026-08-13T08:13:47.906+0000] {processor.py:161} INFO - Started process (PID=3612) to work on /opt/airflow/dags/hello_airflow.py
[2026-08-13T08:13:47.912+0000] {processor.py:830} INFO - Processing file /opt/airflow/dags/hello_airflow.py for tasks to queue
[2026-08-13T08:13:47.920+0000] {logging_mixin.py:188} INFO - [2026-08-13T08:13:47.918+0000] {dagbag.py:545} INFO - Filling up the DagBag from /opt/airflow/dags/hello_airflow.py
[2026-08-13T08:13:47.977+0000] {processor.py:840} INFO - DAG(s) 'hello_airflow' retrieved from /opt/airflow/dags/hello_airflow.py
[2026-08-13T08:13:48.065+0000] {logging_mixin.py:188} INFO - [2026-08-13T08:13:48.065+0000] {dag.py:3089} INFO - Sync 1 DAGs
[2026-08-13T08:13:48.106+0000] {logging_mixin.py:188} INFO - [2026-08-13T08:13:48.105+0000] {dag.py:3947} INFO - Setting next_dagrun for hello_airflow to None, run_after=None
[2026-08-13T08:13:48.170+0000] {processor.py:183} INFO - Processing /opt/airflow/dags/hello_airflow.py took 0.287 seconds
[2026-08-13T08:14:18.478+0000] {processor.py:161} INFO - Started process (PID=3636) to work on /opt/airflow/dags/hello_airflow.py
[2026-08-13T08:14:18.484+0000] {processor.py:830} INFO - Processing file /opt/airflow/dags/hello_airflow.py for tasks to queue
[2026-08-13T08:14:18.493+0000] {logging_mixin.py:188} INFO - [2026-08-13T08:14:18.491+0000] {dagbag.py:545} INFO - Filling up the DagBag from /opt/airflow/dags/hello_airflow.py
[2026-08-13T08:14:18.553+0000] {processor.py:840} INFO - DAG(s) 'hello_airflow' retrieved from /opt/airflow/dags/hello_airflow.py
[2026-08-13T08:14:18.647+0000] {logging_mixin.py:188} INFO - [2026-08-13T08:14:18.646+0000] {dag.py:3089} INFO - Sync 1 DAGs
[2026-08-13T08:14:18.690+0000] {logging_mixin.py:188} INFO - [2026-08-13T08:14:18.690+0000] {dag.py:3947} INFO - Setting next_dagrun for hello_airflow to None, run_after=None
[2026-08-13T08:14:18.756+0000] {processor.py:183} INFO - Processing /opt/airflow/dags/hello_airflow.py took 0.301 seconds
[2026-08-13T08:14:49.054+0000] {processor.py:161} INFO - Started process (PID=3660) to work on /opt/airflow/dags/hello_airflow.py
[2026-08-13T08:14:49.058+0000] {processor.py:830} INFO - Processing file /opt/airflow/dags/hello_airflow.py for tasks to queue
[2026-08-13T08:14:49.064+0000] {logging_mixin.py:188} INFO - [2026-08-13T08:14:49.063+0000] {dagbag.py:545} INFO - Filling up the DagBag from /opt/airflow/dags/hello_airflow.py
[2026-08-13T08:14:49.109+0000] {processor.py:840} INFO - DAG(s) 'hello_airflow' retrieved from /opt/airflow/dags/hello_airflow.py
[2026-08-13T08:14:49.186+0000] {logging_mixin.py:188} INFO - [2026-08-13T08:14:49.185+0000] {dag.py:3089} INFO - Sync 1 DAGs
[2026-08-13T08:14:49.231+0000] {logging_mixin.py:188} INFO - [2026-08-13T08:14:49.230+0000] {dag.py:3947} INFO - Setting next_dagrun for hello_airflow to None, run_after=None
[2026-08-13T08:14:49.299+0000] {processor.py:183} INFO - Processing /opt/airflow/dags/hello_airflow.py took 0.264 seconds
[2026-08-13T08:15:19.911+0000] {processor.py:161} INFO - Started process (PID=3677) to work on /opt/airflow/dags/hello_airflow.py
[2026-08-13T08:15:19.914+0000] {processor.py:830} INFO - Processing file /opt/airflow/dags/hello_airflow.py for tasks to queue
[2026-08-13T08:15:19.918+0000] {logging_mixin.py:188} INFO - [2026-08-13T08:15:19.918+0000] {dagbag.py:545} INFO - Filling up the DagBag from /opt/airflow/dags/hello_airflow.py
[2026-08-13T08:15:19.955+0000] {processor.py:840} INFO - DAG(s) 'hello_airflow' retrieved from /opt/airflow/dags/hello_airflow.py
[2026-08-13T08:15:20.016+0000] {logging_mixin.py:188} INFO - [2026-08-13T08:15:20.016+0000] {dag.py:3089} INFO - Sync 1 DAGs
[2026-08-13T08:15:20.043+0000] {logging_mixin.py:188} INFO - [2026-08-13T08:15:20.043+0000] {dag.py:3947} INFO - Setting next_dagrun for hello_airflow to None, run_after=None
[2026-08-13T08:15:20.087+0000] {processor.py:183} INFO - Processing /opt/airflow/dags/hello_airflow.py took 0.187 seconds
[2026-08-13T08:15:50.737+0000] {processor.py:161} INFO - Started process (PID=3701) to work on /opt/airflow/dags/hello_airflow.py
[2026-08-13T08:15:50.743+0000] {processor.py:830} INFO - Processing file /opt/airflow/dags/hello_airflow.py for tasks to queue
[2026-08-13T08:15:50.756+0000] {logging_mixin.py:188} INFO - [2026-08-13T08:15:50.754+0000] {dagbag.py:545} INFO - Filling up the DagBag from /opt/airflow/dags/hello_airflow.py
[2026-08-13T08:15:50.851+0000] {processor.py:840} INFO - DAG(s) 'hello_airflow' retrieved from /opt/airflow/dags/hello_airflow.py
[2026-08-13T08:15:51.050+0000] {logging_mixin.py:188} INFO - [2026-08-13T08:15:51.048+0000] {dag.py:3089} INFO - Sync 1 DAGs
[2026-08-13T08:15:51.168+0000] {logging_mixin.py:188} INFO - [2026-08-13T08:15:51.167+0000] {dag.py:3947} INFO - Setting next_dagrun for hello_airflow to None, run_after=None
[2026-08-13T08:15:51.293+0000] {processor.py:183} INFO - Processing /opt/airflow/dags/hello_airflow.py took 0.588 seconds
[2026-08-13T08:16:21.934+0000] {processor.py:161} INFO - Started process (PID=3726) to work on /opt/airflow/dags/hello_airflow.py
[2026-08-13T08:16:21.938+0000] {processor.py:830} INFO - Processing file /opt/airflow/dags/hello_airflow.py for tasks to queue
[2026-08-13T08:16:21.944+0000] {logging_mixin.py:188} INFO - [2026-08-13T08:16:21.942+0000] {dagbag.py:545} INFO - Filling up the DagBag from /opt/airflow/dags/hello_airflow.py
[2026-08-13T08:16:21.988+0000] {processor.py:840} INFO - DAG(s) 'hello_airflow' retrieved from /opt/airflow/dags/hello_airflow.py
[2026-08-13T08:16:22.064+0000] {logging_mixin.py:188} INFO - [2026-08-13T08:16:22.063+0000] {dag.py:3089} INFO - Sync 1 DAGs
[2026-08-13T08:16:22.095+0000] {logging_mixin.py:188} INFO - [2026-08-13T08:16:22.094+0000] {dag.py:3947} INFO - Setting next_dagrun for hello_airflow to None, run_after=None
[2026-08-13T08:16:22.147+0000] {processor.py:183} INFO - Processing /opt/airflow/dags/hello_airflow.py took 0.238 seconds
[2026-08-13T08:16:52.470+0000] {processor.py:161} INFO - Started process (PID=3750) to work on /opt/airflow/dags/hello_airflow.py
[2026-08-13T08:16:52.475+0000] {processor.py:830} INFO - Processing file /opt/airflow/dags/hello_airflow.py for tasks to queue
[2026-08-13T08:16:52.481+0000] {logging_mixin.py:188} INFO - [2026-08-13T08:16:52.480+0000] {dagbag.py:545} INFO - Filling up the DagBag from /opt/airflow/dags/hello_airflow.py
[2026-08-13T08:16:52.523+0000] {processor.py:840} INFO - DAG(s) 'hello_airflow' retrieved from /opt/airflow/dags/hello_airflow.py
[2026-08-13T08:16:52.598+0000] {logging_mixin.py:188} INFO - [2026-08-13T08:16:52.597+0000] {dag.py:3089} INFO - Sync 1 DAGs
[2026-08-13T08:16:52.632+0000] {logging_mixin.py:188} INFO - [2026-08-13T08:16:52.631+0000] {dag.py:3947} INFO - Setting next_dagrun for hello_airflow to None, run_after=None
[2026-08-13T08:16:52.680+0000] {processor.py:183} INFO - Processing /opt/airflow/dags/hello_airflow.py took 0.228 seconds
[2026-08-13T08:17:23.008+0000] {processor.py:161} INFO - Started process (PID=3775) to work on /opt/airflow/dags/hello_airflow.py
[2026-08-13T08:17:23.010+0000] {processor.py:830} INFO - Processing file /opt/airflow/dags/hello_airflow.py for tasks to queue
[2026-08-13T08:17:23.016+0000] {logging_mixin.py:188} INFO - [2026-08-13T08:17:23.015+0000] {dagbag.py:545} INFO - Filling up the DagBag from /opt/airflow/dags/hello_airflow.py
[2026-08-13T08:17:23.054+0000] {processor.py:840} INFO - DAG(s) 'hello_airflow' retrieved from /opt/airflow/dags/hello_airflow.py
[2026-08-13T08:17:23.111+0000] {logging_mixin.py:188} INFO - [2026-08-13T08:17:23.110+0000] {dag.py:3089} INFO - Sync 1 DAGs
[2026-08-13T08:17:23.136+0000] {logging_mixin.py:188} INFO - [2026-08-13T08:17:23.136+0000] {dag.py:3947} INFO - Setting next_dagrun for hello_airflow to None, run_after=None
[2026-08-13T08:17:23.177+0000] {processor.py:183} INFO - Processing /opt/airflow/dags/hello_airflow.py took 0.181 seconds
[2026-08-13T08:17:53.504+0000] {processor.py:161} INFO - Started process (PID=3799) to work on /opt/airflow/dags/hello_airflow.py
[2026-08-13T08:17:53.506+0000] {processor.py:830} INFO - Processing file /opt/airflow/dags/hello_airflow.py for tasks to queue
[2026-08-13T08:17:53.512+0000] {logging_mixin.py:188} INFO - [2026-08-13T08:17:53.511+0000] {dagbag.py:545} INFO - Filling up the DagBag from /opt/airflow/dags/hello_airflow.py
[2026-08-13T08:17:53.542+0000] {processor.py:840} INFO - DAG(s) 'hello_airflow' retrieved from /opt/airflow/dags/hello_airflow.py
[2026-08-13T08:17:53.599+0000] {logging_mixin.py:188} INFO - [2026-08-13T08:17:53.598+0000] {dag.py:3089} INFO - Sync 1 DAGs
[2026-08-13T08:17:53.628+0000] {logging_mixin.py:188} INFO - [2026-08-13T08:17:53.627+0000] {dag.py:3947} INFO - Setting next_dagrun for hello_airflow to None, run_after=None
[2026-08-13T08:17:53.665+0000] {processor.py:183} INFO - Processing /opt/airflow/dags/hello_airflow.py took 0.175 seconds
[2026-08-13T08:18:23.969+0000] {processor.py:161} INFO - Started process (PID=3823) to work on /opt/airflow/dags/hello_airflow.py
[2026-08-13T08:18:23.972+0000] {processor.py:830} INFO - Processing file /opt/airflow/dags/hello_airflow.py for tasks to queue
[2026-08-13T08:18:23.977+0000] {logging_mixin.py:188} INFO - [2026-08-13T08:18:23.976+0000] {dagbag.py:545} INFO - Filling up the DagBag from /opt/airflow/dags/hello_airflow.py
[2026-08-13T08:18:24.021+0000] {processor.py:840} INFO - DAG(s) 'hello_airflow' retrieved from /opt/airflow/dags/hello_airflow.py
[2026-08-13T08:18:24.082+0000] {logging_mixin.py:188} INFO - [2026-08-13T08:18:24.081+0000] {dag.py:3089} INFO - Sync 1 DAGs
[2026-08-13T08:18:24.109+0000] {logging_mixin.py:188} INFO - [2026-08-13T08:18:24.109+0000] {dag.py:3947} INFO - Setting next_dagrun for hello_airflow to None, run_after=None
[2026-08-13T08:18:24.150+0000] {processor.py:183} INFO - Processing /opt/airflow/dags/hello_airflow.py took 0.199 seconds
[2026-08-13T08:18:55.043+0000] {processor.py:161} INFO - Started process (PID=3840) to work on /opt/airflow/dags/hello_airflow.py
[2026-08-13T08:18:55.045+0000] {processor.py:830} INFO - Processing file /opt/airflow/dags/hello_airflow.py for tasks to queue
[2026-08-13T08:18:55.048+0000] {logging_mixin.py:188} INFO - [2026-08-13T08:18:55.048+0000] {dagbag.py:545} INFO - Filling up the DagBag from /opt/airflow/dags/hello_airflow.py
[2026-08-13T08:18:55.073+0000] {processor.py:840} INFO - DAG(s) 'hello_airflow' retrieved from /opt/airflow/dags/hello_airflow.py
[2026-08-13T08:18:55.114+0000] {logging_mixin.py:188} INFO - [2026-08-13T08:18:55.114+0000] {dag.py:3089} INFO - Sync 1 DAGs
[2026-08-13T08:18:55.133+0000] {logging_mixin.py:188} INFO - [2026-08-13T08:18:55.133+0000] {dag.py:3947} INFO - Setting next_dagrun for hello_airflow to None, run_after=None
[2026-08-13T08:18:55.165+0000] {processor.py:183} INFO - Processing /opt/airflow/dags/hello_airflow.py took 0.131 seconds
[2026-08-13T08:19:25.514+0000] {processor.py:161} INFO - Started process (PID=3864) to work on /opt/airflow/dags/hello_airflow.py
[2026-08-13T08:19:25.516+0000] {processor.py:830} INFO - Processing file /opt/airflow/dags/hello_airflow.py for tasks to queue
[2026-08-13T08:19:25.519+0000] {logging_mixin.py:188} INFO - [2026-08-13T08:19:25.519+0000] {dagbag.py:545} INFO - Filling up the DagBag from /opt/airflow/dags/hello_airflow.py
[2026-08-13T08:19:25.548+0000] {processor.py:840} INFO - DAG(s) 'hello_airflow' retrieved from /opt/airflow/dags/hello_airflow.py
[2026-08-13T08:19:25.590+0000] {logging_mixin.py:188} INFO - [2026-08-13T08:19:25.590+0000] {dag.py:3089} INFO - Sync 1 DAGs
[2026-08-13T08:19:25.610+0000] {logging_mixin.py:188} INFO - [2026-08-13T08:19:25.610+0000] {dag.py:3947} INFO - Setting next_dagrun for hello_airflow to None, run_after=None
[2026-08-13T08:19:25.643+0000] {processor.py:183} INFO - Processing /opt/airflow/dags/hello_airflow.py took 0.138 seconds
[2026-08-13T08:19:55.997+0000] {processor.py:161} INFO - Started process (PID=3888) to work on /opt/airflow/dags/hello_airflow.py
[2026-08-13T08:19:56.001+0000] {processor.py:830} INFO - Processing file /opt/airflow/dags/hello_airflow.py for tasks to queue
[2026-08-13T08:19:56.007+0000] {logging_mixin.py:188} INFO - [2026-08-13T08:19:56.006+0000] {dagbag.py:545} INFO - Filling up the DagBag from /opt/airflow/dags/hello_airflow.py
[2026-08-13T08:19:56.059+0000] {processor.py:840} INFO - DAG(s) 'hello_airflow' retrieved from /opt/airflow/dags/hello_airflow.py
[2026-08-13T08:19:56.130+0000] {logging_mixin.py:188} INFO - [2026-08-13T08:19:56.130+0000] {dag.py:3089} INFO - Sync 1 DAGs
[2026-08-13T08:19:56.161+0000] {logging_mixin.py:188} INFO - [2026-08-13T08:19:56.160+0000] {dag.py:3947} INFO - Setting next_dagrun for hello_airflow to None, run_after=None
[2026-08-13T08:19:56.211+0000] {processor.py:183} INFO - Processing /opt/airflow/dags/hello_airflow.py took 0.231 seconds
[2026-08-13T08:20:26.580+0000] {processor.py:161} INFO - Started process (PID=3912) to work on /opt/airflow/dags/hello_airflow.py
[2026-08-13T08:20:26.584+0000] {processor.py:830} INFO - Processing file /opt/airflow/dags/hello_airflow.py for tasks to queue
[2026-08-13T08:20:26.594+0000] {logging_mixin.py:188} INFO - [2026-08-13T08:20:26.592+0000] {dagbag.py:545} INFO - Filling up the DagBag from /opt/airflow/dags/hello_airflow.py
[2026-08-13T08:20:26.656+0000] {processor.py:840} INFO - DAG(s) 'hello_airflow' retrieved from /opt/airflow/dags/hello_airflow.py
[2026-08-13T08:20:26.743+0000] {logging_mixin.py:188} INFO - [2026-08-13T08:20:26.742+0000] {dag.py:3089} INFO - Sync 1 DAGs
[2026-08-13T08:20:26.787+0000] {logging_mixin.py:188} INFO - [2026-08-13T08:20:26.786+0000] {dag.py:3947} INFO - Setting next_dagrun for hello_airflow to None, run_after=None
[2026-08-13T08:20:26.854+0000] {processor.py:183} INFO - Processing /opt/airflow/dags/hello_airflow.py took 0.296 seconds
[2026-08-13T08:20:57.216+0000] {processor.py:161} INFO - Started process (PID=3936) to work on /opt/airflow/dags/hello_airflow.py
[2026-08-13T08:20:57.229+0000] {processor.py:830} INFO - Processing file /opt/airflow/dags/hello_airflow.py for tasks to queue
[2026-08-13T08:20:57.245+0000] {logging_mixin.py:188} INFO - [2026-08-13T08:20:57.238+0000] {dagbag.py:545} INFO - Filling up the DagBag from /opt/airflow/dags/hello_airflow.py
[2026-08-13T08:20:57.384+0000] {processor.py:840} INFO - DAG(s) 'hello_airflow' retrieved from /opt/airflow/dags/hello_airflow.py
[2026-08-13T08:20:57.509+0000] {logging_mixin.py:188} INFO - [2026-08-13T08:20:57.508+0000] {dag.py:3089} INFO - Sync 1 DAGs
[2026-08-13T08:20:57.570+0000] {logging_mixin.py:188} INFO - [2026-08-13T08:20:57.569+0000] {dag.py:3947} INFO - Setting next_dagrun for hello_airflow to None, run_after=None
[2026-08-13T08:20:57.669+0000] {processor.py:183} INFO - Processing /opt/airflow/dags/hello_airflow.py took 0.503 seconds
[2026-08-13T08:21:27.844+0000] {processor.py:161} INFO - Started process (PID=3953) to work on /opt/airflow/dags/hello_airflow.py
[2026-08-13T08:21:27.847+0000] {processor.py:830} INFO - Processing file /opt/airflow/dags/hello_airflow.py for tasks to queue
[2026-08-13T08:21:27.852+0000] {logging_mixin.py:188} INFO - [2026-08-13T08:21:27.851+0000] {dagbag.py:545} INFO - Filling up the DagBag from /opt/airflow/dags/hello_airflow.py
[2026-08-13T08:21:27.892+0000] {processor.py:840} INFO - DAG(s) 'hello_airflow' retrieved from /opt/airflow/dags/hello_airflow.py
[2026-08-13T08:21:27.960+0000] {logging_mixin.py:188} INFO - [2026-08-13T08:21:27.960+0000] {dag.py:3089} INFO - Sync 1 DAGs
[2026-08-13T08:21:27.990+0000] {logging_mixin.py:188} INFO - [2026-08-13T08:21:27.989+0000] {dag.py:3947} INFO - Setting next_dagrun for hello_airflow to None, run_after=None
[2026-08-13T08:21:28.039+0000] {processor.py:183} INFO - Processing /opt/airflow/dags/hello_airflow.py took 0.210 seconds
[2026-08-13T08:21:58.383+0000] {processor.py:161} INFO - Started process (PID=3977) to work on /opt/airflow/dags/hello_airflow.py
[2026-08-13T08:21:58.387+0000] {processor.py:830} INFO - Processing file /opt/airflow/dags/hello_airflow.py for tasks to queue
[2026-08-13T08:21:58.391+0000] {logging_mixin.py:188} INFO - [2026-08-13T08:21:58.390+0000] {dagbag.py:545} INFO - Filling up the DagBag from /opt/airflow/dags/hello_airflow.py
[2026-08-13T08:21:58.415+0000] {processor.py:840} INFO - DAG(s) 'hello_airflow' retrieved from /opt/airflow/dags/hello_airflow.py
[2026-08-13T08:21:58.456+0000] {logging_mixin.py:188} INFO - [2026-08-13T08:21:58.455+0000] {dag.py:3089} INFO - Sync 1 DAGs
[2026-08-13T08:21:58.475+0000] {logging_mixin.py:188} INFO - [2026-08-13T08:21:58.474+0000] {dag.py:3947} INFO - Setting next_dagrun for hello_airflow to None, run_after=None
[2026-08-13T08:21:58.504+0000] {processor.py:183} INFO - Processing /opt/airflow/dags/hello_airflow.py took 0.132 seconds
[2026-08-13T08:22:28.850+0000] {processor.py:161} INFO - Started process (PID=4001) to work on /opt/airflow/dags/hello_airflow.py
[2026-08-13T08:22:28.853+0000] {processor.py:830} INFO - Processing file /opt/airflow/dags/hello_airflow.py for tasks to queue
[2026-08-13T08:22:28.857+0000] {logging_mixin.py:188} INFO - [2026-08-13T08:22:28.857+0000] {dagbag.py:545} INFO - Filling up the DagBag from /opt/airflow/dags/hello_airflow.py
[2026-08-13T08:22:28.891+0000] {processor.py:840} INFO - DAG(s) 'hello_airflow' retrieved from /opt/airflow/dags/hello_airflow.py
[2026-08-13T08:22:28.946+0000] {logging_mixin.py:188} INFO - [2026-08-13T08:22:28.946+0000] {dag.py:3089} INFO - Sync 1 DAGs
[2026-08-13T08:22:28.974+0000] {logging_mixin.py:188} INFO - [2026-08-13T08:22:28.973+0000] {dag.py:3947} INFO - Setting next_dagrun for hello_airflow to None, run_after=None
[2026-08-13T08:22:29.012+0000] {processor.py:183} INFO - Processing /opt/airflow/dags/hello_airflow.py took 0.177 seconds
[2026-08-13T08:22:59.448+0000] {processor.py:161} INFO - Started process (PID=4026) to work on /opt/airflow/dags/hello_airflow.py
[2026-08-13T08:22:59.456+0000] {processor.py:830} INFO - Processing file /opt/airflow/dags/hello_airflow.py for tasks to queue
[2026-08-13T08:22:59.467+0000] {logging_mixin.py:188} INFO - [2026-08-13T08:22:59.466+0000] {dagbag.py:545} INFO - Filling up the DagBag from /opt/airflow/dags/hello_airflow.py
[2026-08-13T08:22:59.603+0000] {processor.py:840} INFO - DAG(s) 'hello_airflow' retrieved from /opt/airflow/dags/hello_airflow.py
[2026-08-13T08:22:59.839+0000] {logging_mixin.py:188} INFO - [2026-08-13T08:22:59.835+0000] {dag.py:3089} INFO - Sync 1 DAGs
[2026-08-13T08:22:59.961+0000] {logging_mixin.py:188} INFO - [2026-08-13T08:22:59.960+0000] {dag.py:3947} INFO - Setting next_dagrun for hello_airflow to None, run_after=None
[2026-08-13T08:23:00.220+0000] {processor.py:183} INFO - Processing /opt/airflow/dags/hello_airflow.py took 0.808 seconds
[2026-08-13T08:23:30.532+0000] {processor.py:161} INFO - Started process (PID=4043) to work on /opt/airflow/dags/hello_airflow.py
[2026-08-13T08:23:30.542+0000] {processor.py:830} INFO - Processing file /opt/airflow/dags/hello_airflow.py for tasks to queue
[2026-08-13T08:23:30.567+0000] {logging_mixin.py:188} INFO - [2026-08-13T08:23:30.564+0000] {dagbag.py:545} INFO - Filling up the DagBag from /opt/airflow/dags/hello_airflow.py
[2026-08-13T08:23:30.689+0000] {processor.py:840} INFO - DAG(s) 'hello_airflow' retrieved from /opt/airflow/dags/hello_airflow.py
[2026-08-13T08:23:30.891+0000] {logging_mixin.py:188} INFO - [2026-08-13T08:23:30.890+0000] {dag.py:3089} INFO - Sync 1 DAGs
[2026-08-13T08:23:31.065+0000] {logging_mixin.py:188} INFO - [2026-08-13T08:23:31.063+0000] {dag.py:3947} INFO - Setting next_dagrun for hello_airflow to None, run_after=None
[2026-08-13T08:23:31.436+0000] {processor.py:183} INFO - Processing /opt/airflow/dags/hello_airflow.py took 0.942 seconds
[2026-08-13T08:24:02.445+0000] {processor.py:161} INFO - Started process (PID=4067) to work on /opt/airflow/dags/hello_airflow.py
[2026-08-13T08:24:02.457+0000] {processor.py:830} INFO - Processing file /opt/airflow/dags/hello_airflow.py for tasks to queue
[2026-08-13T08:24:02.478+0000] {logging_mixin.py:188} INFO - [2026-08-13T08:24:02.474+0000] {dagbag.py:545} INFO - Filling up the DagBag from /opt/airflow/dags/hello_airflow.py
[2026-08-13T08:24:02.617+0000] {processor.py:840} INFO - DAG(s) 'hello_airflow' retrieved from /opt/airflow/dags/hello_airflow.py
[2026-08-13T08:24:02.890+0000] {logging_mixin.py:188} INFO - [2026-08-13T08:24:02.888+0000] {dag.py:3089} INFO - Sync 1 DAGs
[2026-08-13T08:24:03.006+0000] {logging_mixin.py:188} INFO - [2026-08-13T08:24:03.005+0000] {dag.py:3947} INFO - Setting next_dagrun for hello_airflow to None, run_after=None
[2026-08-13T08:24:03.117+0000] {processor.py:183} INFO - Processing /opt/airflow/dags/hello_airflow.py took 0.728 seconds
[2026-08-13T08:24:33.233+0000] {processor.py:161} INFO - Started process (PID=4084) to work on /opt/airflow/dags/hello_airflow.py
[2026-08-13T08:24:33.236+0000] {processor.py:830} INFO - Processing file /opt/airflow/dags/hello_airflow.py for tasks to queue
[2026-08-13T08:24:33.240+0000] {logging_mixin.py:188} INFO - [2026-08-13T08:24:33.240+0000] {dagbag.py:545} INFO - Filling up the DagBag from /opt/airflow/dags/hello_airflow.py
[2026-08-13T08:24:33.276+0000] {processor.py:840} INFO - DAG(s) 'hello_airflow' retrieved from /opt/airflow/dags/hello_airflow.py
[2026-08-13T08:24:33.335+0000] {logging_mixin.py:188} INFO - [2026-08-13T08:24:33.334+0000] {dag.py:3089} INFO - Sync 1 DAGs
[2026-08-13T08:24:33.360+0000] {logging_mixin.py:188} INFO - [2026-08-13T08:24:33.360+0000] {dag.py:3947} INFO - Setting next_dagrun for hello_airflow to None, run_after=None
[2026-08-13T08:24:33.399+0000] {processor.py:183} INFO - Processing /opt/airflow/dags/hello_airflow.py took 0.177 seconds
[2026-08-13T08:25:03.742+0000] {processor.py:161} INFO - Started process (PID=4108) to work on /opt/airflow/dags/hello_airflow.py
[2026-08-13T08:25:03.743+0000] {processor.py:830} INFO - Processing file /opt/airflow/dags/hello_airflow.py for tasks to queue
[2026-08-13T08:25:03.745+0000] {logging_mixin.py:188} INFO - [2026-08-13T08:25:03.744+0000] {dagbag.py:545} INFO - Filling up the DagBag from /opt/airflow/dags/hello_airflow.py
[2026-08-13T08:25:03.761+0000] {processor.py:840} INFO - DAG(s) 'hello_airflow' retrieved from /opt/airflow/dags/hello_airflow.py
[2026-08-13T08:25:03.800+0000] {logging_mixin.py:188} INFO - [2026-08-13T08:25:03.800+0000] {dag.py:3089} INFO - Sync 1 DAGs
[2026-08-13T08:25:03.811+0000] {logging_mixin.py:188} INFO - [2026-08-13T08:25:03.810+0000] {dag.py:3947} INFO - Setting next_dagrun for hello_airflow to None, run_after=None
[2026-08-13T08:25:03.828+0000] {processor.py:183} INFO - Processing /opt/airflow/dags/hello_airflow.py took 0.091 seconds
[2026-08-13T08:25:34.092+0000] {processor.py:161} INFO - Started process (PID=4140) to work on /opt/airflow/dags/hello_airflow.py
[2026-08-13T08:25:34.095+0000] {processor.py:830} INFO - Processing file /opt/airflow/dags/hello_airflow.py for tasks to queue
[2026-08-13T08:25:34.099+0000] {logging_mixin.py:188} INFO - [2026-08-13T08:25:34.098+0000] {dagbag.py:545} INFO - Filling up the DagBag from /opt/airflow/dags/hello_airflow.py
[2026-08-13T08:25:34.128+0000] {processor.py:840} INFO - DAG(s) 'hello_airflow' retrieved from /opt/airflow/dags/hello_airflow.py
[2026-08-13T08:25:34.179+0000] {logging_mixin.py:188} INFO - [2026-08-13T08:25:34.178+0000] {dag.py:3089} INFO - Sync 1 DAGs
[2026-08-13T08:25:34.202+0000] {logging_mixin.py:188} INFO - [2026-08-13T08:25:34.202+0000] {dag.py:3947} INFO - Setting next_dagrun for hello_airflow to None, run_after=None
[2026-08-13T08:25:34.236+0000] {processor.py:183} INFO - Processing /opt/airflow/dags/hello_airflow.py took 0.156 seconds
[2026-08-13T08:26:04.513+0000] {processor.py:161} INFO - Started process (PID=4164) to work on /opt/airflow/dags/hello_airflow.py
[2026-08-13T08:26:04.515+0000] {processor.py:830} INFO - Processing file /opt/airflow/dags/hello_airflow.py for tasks to queue
[2026-08-13T08:26:04.517+0000] {logging_mixin.py:188} INFO - [2026-08-13T08:26:04.516+0000] {dagbag.py:545} INFO - Filling up the DagBag from /opt/airflow/dags/hello_airflow.py
[2026-08-13T08:26:04.533+0000] {processor.py:840} INFO - DAG(s) 'hello_airflow' retrieved from /opt/airflow/dags/hello_airflow.py
[2026-08-13T08:26:04.560+0000] {logging_mixin.py:188} INFO - [2026-08-13T08:26:04.559+0000] {dag.py:3089} INFO - Sync 1 DAGs
[2026-08-13T08:26:04.572+0000] {logging_mixin.py:188} INFO - [2026-08-13T08:26:04.571+0000] {dag.py:3947} INFO - Setting next_dagrun for hello_airflow to None, run_after=None
[2026-08-13T08:26:04.590+0000] {processor.py:183} INFO - Processing /opt/airflow/dags/hello_airflow.py took 0.082 seconds
[2026-08-13T08:26:34.951+0000] {processor.py:161} INFO - Started process (PID=4188) to work on /opt/airflow/dags/hello_airflow.py
[2026-08-13T08:26:34.952+0000] {processor.py:830} INFO - Processing file /opt/airflow/dags/hello_airflow.py for tasks to queue
[2026-08-13T08:26:34.953+0000] {logging_mixin.py:188} INFO - [2026-08-13T08:26:34.953+0000] {dagbag.py:545} INFO - Filling up the DagBag from /opt/airflow/dags/hello_airflow.py
[2026-08-13T08:26:34.967+0000] {processor.py:840} INFO - DAG(s) 'hello_airflow' retrieved from /opt/airflow/dags/hello_airflow.py
[2026-08-13T08:26:34.988+0000] {logging_mixin.py:188} INFO - [2026-08-13T08:26:34.988+0000] {dag.py:3089} INFO - Sync 1 DAGs
[2026-08-13T08:26:34.999+0000] {logging_mixin.py:188} INFO - [2026-08-13T08:26:34.999+0000] {dag.py:3947} INFO - Setting next_dagrun for hello_airflow to None, run_after=None
[2026-08-13T08:26:35.017+0000] {processor.py:183} INFO - Processing /opt/airflow/dags/hello_airflow.py took 0.070 seconds
[2026-08-13T08:27:05.286+0000] {processor.py:161} INFO - Started process (PID=4219) to work on /opt/airflow/dags/hello_airflow.py
[2026-08-13T08:27:05.287+0000] {processor.py:830} INFO - Processing file /opt/airflow/dags/hello_airflow.py for tasks to queue
[2026-08-13T08:27:05.290+0000] {logging_mixin.py:188} INFO - [2026-08-13T08:27:05.289+0000] {dagbag.py:545} INFO - Filling up the DagBag from /opt/airflow/dags/hello_airflow.py
[2026-08-13T08:27:05.305+0000] {processor.py:840} INFO - DAG(s) 'hello_airflow' retrieved from /opt/airflow/dags/hello_airflow.py
[2026-08-13T08:27:05.329+0000] {logging_mixin.py:188} INFO - [2026-08-13T08:27:05.329+0000] {dag.py:3089} INFO - Sync 1 DAGs
[2026-08-13T08:27:05.341+0000] {logging_mixin.py:188} INFO - [2026-08-13T08:27:05.341+0000] {dag.py:3947} INFO - Setting next_dagrun for hello_airflow to None, run_after=None
[2026-08-13T08:27:05.360+0000] {processor.py:183} INFO - Processing /opt/airflow/dags/hello_airflow.py took 0.079 seconds
[2026-08-13T08:27:35.628+0000] {processor.py:161} INFO - Started process (PID=4243) to work on /opt/airflow/dags/hello_airflow.py
[2026-08-13T08:27:35.629+0000] {processor.py:830} INFO - Processing file /opt/airflow/dags/hello_airflow.py for tasks to queue
[2026-08-13T08:27:35.632+0000] {logging_mixin.py:188} INFO - [2026-08-13T08:27:35.631+0000] {dagbag.py:545} INFO - Filling up the DagBag from /opt/airflow/dags/hello_airflow.py
[2026-08-13T08:27:35.650+0000] {processor.py:840} INFO - DAG(s) 'hello_airflow' retrieved from /opt/airflow/dags/hello_airflow.py
[2026-08-13T08:27:35.679+0000] {logging_mixin.py:188} INFO - [2026-08-13T08:27:35.678+0000] {dag.py:3089} INFO - Sync 1 DAGs
[2026-08-13T08:27:35.692+0000] {logging_mixin.py:188} INFO - [2026-08-13T08:27:35.692+0000] {dag.py:3947} INFO - Setting next_dagrun for hello_airflow to None, run_after=None
[2026-08-13T08:27:35.713+0000] {processor.py:183} INFO - Processing /opt/airflow/dags/hello_airflow.py took 0.092 seconds
[2026-08-13T08:28:05.983+0000] {processor.py:161} INFO - Started process (PID=4267) to work on /opt/airflow/dags/hello_airflow.py
[2026-08-13T08:28:05.984+0000] {processor.py:830} INFO - Processing file /opt/airflow/dags/hello_airflow.py for tasks to queue
[2026-08-13T08:28:05.987+0000] {logging_mixin.py:188} INFO - [2026-08-13T08:28:05.987+0000] {dagbag.py:545} INFO - Filling up the DagBag from /opt/airflow/dags/hello_airflow.py
[2026-08-13T08:28:06.003+0000] {processor.py:840} INFO - DAG(s) 'hello_airflow' retrieved from /opt/airflow/dags/hello_airflow.py
[2026-08-13T08:28:06.029+0000] {logging_mixin.py:188} INFO - [2026-08-13T08:28:06.029+0000] {dag.py:3089} INFO - Sync 1 DAGs
[2026-08-13T08:28:06.041+0000] {logging_mixin.py:188} INFO - [2026-08-13T08:28:06.040+0000] {dag.py:3947} INFO - Setting next_dagrun for hello_airflow to None, run_after=None
[2026-08-13T08:28:06.060+0000] {processor.py:183} INFO - Processing /opt/airflow/dags/hello_airflow.py took 0.082 seconds
[2026-08-13T08:28:36.319+0000] {processor.py:161} INFO - Started process (PID=4297) to work on /opt/airflow/dags/hello_airflow.py
[2026-08-13T08:28:36.320+0000] {processor.py:830} INFO - Processing file /opt/airflow/dags/hello_airflow.py for tasks to queue
[2026-08-13T08:28:36.323+0000] {logging_mixin.py:188} INFO - [2026-08-13T08:28:36.323+0000] {dagbag.py:545} INFO - Filling up the DagBag from /opt/airflow/dags/hello_airflow.py
[2026-08-13T08:28:36.339+0000] {processor.py:840} INFO - DAG(s) 'hello_airflow' retrieved from /opt/airflow/dags/hello_airflow.py
[2026-08-13T08:28:36.363+0000] {logging_mixin.py:188} INFO - [2026-08-13T08:28:36.363+0000] {dag.py:3089} INFO - Sync 1 DAGs
[2026-08-13T08:28:36.375+0000] {logging_mixin.py:188} INFO - [2026-08-13T08:28:36.374+0000] {dag.py:3947} INFO - Setting next_dagrun for hello_airflow to None, run_after=None
[2026-08-13T08:28:36.393+0000] {processor.py:183} INFO - Processing /opt/airflow/dags/hello_airflow.py took 0.079 seconds
[2026-08-13T08:29:06.777+0000] {processor.py:161} INFO - Started process (PID=4315) to work on /opt/airflow/dags/hello_airflow.py
[2026-08-13T08:29:06.779+0000] {processor.py:830} INFO - Processing file /opt/airflow/dags/hello_airflow.py for tasks to queue
[2026-08-13T08:29:06.784+0000] {logging_mixin.py:188} INFO - [2026-08-13T08:29:06.783+0000] {dagbag.py:545} INFO - Filling up the DagBag from /opt/airflow/dags/hello_airflow.py
[2026-08-13T08:29:06.811+0000] {processor.py:840} INFO - DAG(s) 'hello_airflow' retrieved from /opt/airflow/dags/hello_airflow.py
[2026-08-13T08:29:06.852+0000] {logging_mixin.py:188} INFO - [2026-08-13T08:29:06.852+0000] {dag.py:3089} INFO - Sync 1 DAGs
[2026-08-13T08:29:06.871+0000] {logging_mixin.py:188} INFO - [2026-08-13T08:29:06.871+0000] {dag.py:3947} INFO - Setting next_dagrun for hello_airflow to None, run_after=None
[2026-08-13T08:29:06.903+0000] {processor.py:183} INFO - Processing /opt/airflow/dags/hello_airflow.py took 0.134 seconds
[2026-08-13T08:29:37.237+0000] {processor.py:161} INFO - Started process (PID=4339) to work on /opt/airflow/dags/hello_airflow.py
[2026-08-13T08:29:37.240+0000] {processor.py:830} INFO - Processing file /opt/airflow/dags/hello_airflow.py for tasks to queue
[2026-08-13T08:29:37.245+0000] {logging_mixin.py:188} INFO - [2026-08-13T08:29:37.244+0000] {dagbag.py:545} INFO - Filling up the DagBag from /opt/airflow/dags/hello_airflow.py
[2026-08-13T08:29:37.287+0000] {processor.py:840} INFO - DAG(s) 'hello_airflow' retrieved from /opt/airflow/dags/hello_airflow.py
[2026-08-13T08:29:37.348+0000] {logging_mixin.py:188} INFO - [2026-08-13T08:29:37.347+0000] {dag.py:3089} INFO - Sync 1 DAGs
[2026-08-13T08:29:37.374+0000] {logging_mixin.py:188} INFO - [2026-08-13T08:29:37.374+0000] {dag.py:3947} INFO - Setting next_dagrun for hello_airflow to None, run_after=None
[2026-08-13T08:29:37.417+0000] {processor.py:183} INFO - Processing /opt/airflow/dags/hello_airflow.py took 0.196 seconds
[2026-08-13T08:30:07.716+0000] {processor.py:161} INFO - Started process (PID=4363) to work on /opt/airflow/dags/hello_airflow.py
[2026-08-13T08:30:07.717+0000] {processor.py:830} INFO - Processing file /opt/airflow/dags/hello_airflow.py for tasks to queue
[2026-08-13T08:30:07.719+0000] {logging_mixin.py:188} INFO - [2026-08-13T08:30:07.719+0000] {dagbag.py:545} INFO - Filling up the DagBag from /opt/airflow/dags/hello_airflow.py
[2026-08-13T08:30:07.734+0000] {processor.py:840} INFO - DAG(s) 'hello_airflow' retrieved from /opt/airflow/dags/hello_airflow.py
[2026-08-13T08:30:07.762+0000] {logging_mixin.py:188} INFO - [2026-08-13T08:30:07.762+0000] {dag.py:3089} INFO - Sync 1 DAGs
[2026-08-13T08:30:07.773+0000] {logging_mixin.py:188} INFO - [2026-08-13T08:30:07.772+0000] {dag.py:3947} INFO - Setting next_dagrun for hello_airflow to None, run_after=None
[2026-08-13T08:30:07.790+0000] {processor.py:183} INFO - Processing /opt/airflow/dags/hello_airflow.py took 0.080 seconds
[2026-08-13T08:30:38.070+0000] {processor.py:161} INFO - Started process (PID=4394) to work on /opt/airflow/dags/hello_airflow.py
[2026-08-13T08:30:38.072+0000] {processor.py:830} INFO - Processing file /opt/airflow/dags/hello_airflow.py for tasks to queue
[2026-08-13T08:30:38.076+0000] {logging_mixin.py:188} INFO - [2026-08-13T08:30:38.075+0000] {dagbag.py:545} INFO - Filling up the DagBag from /opt/airflow/dags/hello_airflow.py
[2026-08-13T08:30:38.098+0000] {processor.py:840} INFO - DAG(s) 'hello_airflow' retrieved from /opt/airflow/dags/hello_airflow.py
[2026-08-13T08:30:38.133+0000] {logging_mixin.py:188} INFO - [2026-08-13T08:30:38.133+0000] {dag.py:3089} INFO - Sync 1 DAGs
[2026-08-13T08:30:38.150+0000] {logging_mixin.py:188} INFO - [2026-08-13T08:30:38.149+0000] {dag.py:3947} INFO - Setting next_dagrun for hello_airflow to None, run_after=None
[2026-08-13T08:30:38.175+0000] {processor.py:183} INFO - Processing /opt/airflow/dags/hello_airflow.py took 0.113 seconds
[2026-08-13T08:31:08.340+0000] {processor.py:161} INFO - Started process (PID=4418) to work on /opt/airflow/dags/hello_airflow.py
[2026-08-13T08:31:08.341+0000] {processor.py:830} INFO - Processing file /opt/airflow/dags/hello_airflow.py for tasks to queue
[2026-08-13T08:31:08.343+0000] {logging_mixin.py:188} INFO - [2026-08-13T08:31:08.343+0000] {dagbag.py:545} INFO - Filling up the DagBag from /opt/airflow/dags/hello_airflow.py
[2026-08-13T08:31:08.359+0000] {processor.py:840} INFO - DAG(s) 'hello_airflow' retrieved from /opt/airflow/dags/hello_airflow.py
[2026-08-13T08:31:08.385+0000] {logging_mixin.py:188} INFO - [2026-08-13T08:31:08.384+0000] {dag.py:3089} INFO - Sync 1 DAGs
[2026-08-13T08:31:08.396+0000] {logging_mixin.py:188} INFO - [2026-08-13T08:31:08.395+0000] {dag.py:3947} INFO - Setting next_dagrun for hello_airflow to None, run_after=None
[2026-08-13T08:31:08.413+0000] {processor.py:183} INFO - Processing /opt/airflow/dags/hello_airflow.py took 0.080 seconds
[2026-08-13T08:31:38.724+0000] {processor.py:161} INFO - Started process (PID=4442) to work on /opt/airflow/dags/hello_airflow.py
[2026-08-13T08:31:38.725+0000] {processor.py:830} INFO - Processing file /opt/airflow/dags/hello_airflow.py for tasks to queue
[2026-08-13T08:31:38.726+0000] {logging_mixin.py:188} INFO - [2026-08-13T08:31:38.726+0000] {dagbag.py:545} INFO - Filling up the DagBag from /opt/airflow/dags/hello_airflow.py
[2026-08-13T08:31:38.741+0000] {processor.py:840} INFO - DAG(s) 'hello_airflow' retrieved from /opt/airflow/dags/hello_airflow.py
[2026-08-13T08:31:38.764+0000] {logging_mixin.py:188} INFO - [2026-08-13T08:31:38.764+0000] {dag.py:3089} INFO - Sync 1 DAGs
[2026-08-13T08:31:38.775+0000] {logging_mixin.py:188} INFO - [2026-08-13T08:31:38.774+0000] {dag.py:3947} INFO - Setting next_dagrun for hello_airflow to None, run_after=None
[2026-08-13T08:31:38.791+0000] {processor.py:183} INFO - Processing /opt/airflow/dags/hello_airflow.py took 0.073 seconds
[2026-08-13T08:32:09.061+0000] {processor.py:161} INFO - Started process (PID=4473) to work on /opt/airflow/dags/hello_airflow.py
[2026-08-13T08:32:09.063+0000] {processor.py:830} INFO - Processing file /opt/airflow/dags/hello_airflow.py for tasks to queue
[2026-08-13T08:32:09.067+0000] {logging_mixin.py:188} INFO - [2026-08-13T08:32:09.066+0000] {dagbag.py:545} INFO - Filling up the DagBag from /opt/airflow/dags/hello_airflow.py
[2026-08-13T08:32:09.110+0000] {processor.py:840} INFO - DAG(s) 'hello_airflow' retrieved from /opt/airflow/dags/hello_airflow.py
[2026-08-13T08:32:09.147+0000] {logging_mixin.py:188} INFO - [2026-08-13T08:32:09.147+0000] {dag.py:3089} INFO - Sync 1 DAGs
[2026-08-13T08:32:09.169+0000] {logging_mixin.py:188} INFO - [2026-08-13T08:32:09.169+0000] {dag.py:3947} INFO - Setting next_dagrun for hello_airflow to None, run_after=None
[2026-08-13T08:32:09.196+0000] {processor.py:183} INFO - Processing /opt/airflow/dags/hello_airflow.py took 0.142 seconds
[2026-08-13T08:32:39.457+0000] {processor.py:161} INFO - Started process (PID=4497) to work on /opt/airflow/dags/hello_airflow.py
[2026-08-13T08:32:39.459+0000] {processor.py:830} INFO - Processing file /opt/airflow/dags/hello_airflow.py for tasks to queue
[2026-08-13T08:32:39.461+0000] {logging_mixin.py:188} INFO - [2026-08-13T08:32:39.461+0000] {dagbag.py:545} INFO - Filling up the DagBag from /opt/airflow/dags/hello_airflow.py
[2026-08-13T08:32:39.476+0000] {processor.py:840} INFO - DAG(s) 'hello_airflow' retrieved from /opt/airflow/dags/hello_airflow.py
[2026-08-13T08:32:39.499+0000] {logging_mixin.py:188} INFO - [2026-08-13T08:32:39.499+0000] {dag.py:3089} INFO - Sync 1 DAGs
[2026-08-13T08:32:39.512+0000] {logging_mixin.py:188} INFO - [2026-08-13T08:32:39.512+0000] {dag.py:3947} INFO - Setting next_dagrun for hello_airflow to None, run_after=None
[2026-08-13T08:32:39.530+0000] {processor.py:183} INFO - Processing /opt/airflow/dags/hello_airflow.py took 0.078 seconds
[2026-08-13T08:33:09.793+0000] {processor.py:161} INFO - Started process (PID=4521) to work on /opt/airflow/dags/hello_airflow.py
[2026-08-13T08:33:09.795+0000] {processor.py:830} INFO - Processing file /opt/airflow/dags/hello_airflow.py for tasks to queue
[2026-08-13T08:33:09.797+0000] {logging_mixin.py:188} INFO - [2026-08-13T08:33:09.796+0000] {dagbag.py:545} INFO - Filling up the DagBag from /opt/airflow/dags/hello_airflow.py
[2026-08-13T08:33:09.812+0000] {processor.py:840} INFO - DAG(s) 'hello_airflow' retrieved from /opt/airflow/dags/hello_airflow.py
[2026-08-13T08:33:09.840+0000] {logging_mixin.py:188} INFO - [2026-08-13T08:33:09.839+0000] {dag.py:3089} INFO - Sync 1 DAGs
[2026-08-13T08:33:09.851+0000] {logging_mixin.py:188} INFO - [2026-08-13T08:33:09.851+0000] {dag.py:3947} INFO - Setting next_dagrun for hello_airflow to None, run_after=None
[2026-08-13T08:33:09.868+0000] {processor.py:183} INFO - Processing /opt/airflow/dags/hello_airflow.py took 0.080 seconds
[2026-08-13T08:33:40.143+0000] {processor.py:161} INFO - Started process (PID=4552) to work on /opt/airflow/dags/hello_airflow.py
[2026-08-13T08:33:40.144+0000] {processor.py:830} INFO - Processing file /opt/airflow/dags/hello_airflow.py for tasks to queue
[2026-08-13T08:33:40.147+0000] {logging_mixin.py:188} INFO - [2026-08-13T08:33:40.147+0000] {dagbag.py:545} INFO - Filling up the DagBag from /opt/airflow/dags/hello_airflow.py
[2026-08-13T08:33:40.168+0000] {processor.py:840} INFO - DAG(s) 'hello_airflow' retrieved from /opt/airflow/dags/hello_airflow.py
[2026-08-13T08:33:40.207+0000] {logging_mixin.py:188} INFO - [2026-08-13T08:33:40.207+0000] {dag.py:3089} INFO - Sync 1 DAGs
[2026-08-13T08:33:40.224+0000] {logging_mixin.py:188} INFO - [2026-08-13T08:33:40.224+0000] {dag.py:3947} INFO - Setting next_dagrun for hello_airflow to None, run_after=None
[2026-08-13T08:33:40.251+0000] {processor.py:183} INFO - Processing /opt/airflow/dags/hello_airflow.py took 0.116 seconds
[2026-08-13T08:34:10.410+0000] {processor.py:161} INFO - Started process (PID=4577) to work on /opt/airflow/dags/hello_airflow.py
[2026-08-13T08:34:10.412+0000] {processor.py:830} INFO - Processing file /opt/airflow/dags/hello_airflow.py for tasks to queue
[2026-08-13T08:34:10.414+0000] {logging_mixin.py:188} INFO - [2026-08-13T08:34:10.413+0000] {dagbag.py:545} INFO - Filling up the DagBag from /opt/airflow/dags/hello_airflow.py
[2026-08-13T08:34:10.438+0000] {processor.py:840} INFO - DAG(s) 'hello_airflow' retrieved from /opt/airflow/dags/hello_airflow.py
[2026-08-13T08:34:10.461+0000] {logging_mixin.py:188} INFO - [2026-08-13T08:34:10.461+0000] {dag.py:3089} INFO - Sync 1 DAGs
[2026-08-13T08:34:10.471+0000] {logging_mixin.py:188} INFO - [2026-08-13T08:34:10.471+0000] {dag.py:3947} INFO - Setting next_dagrun for hello_airflow to None, run_after=None
[2026-08-13T08:34:10.488+0000] {processor.py:183} INFO - Processing /opt/airflow/dags/hello_airflow.py took 0.082 seconds
[2026-08-13T08:34:40.761+0000] {processor.py:161} INFO - Started process (PID=4601) to work on /opt/airflow/dags/hello_airflow.py
[2026-08-13T08:34:40.762+0000] {processor.py:830} INFO - Processing file /opt/airflow/dags/hello_airflow.py for tasks to queue
[2026-08-13T08:34:40.764+0000] {logging_mixin.py:188} INFO - [2026-08-13T08:34:40.764+0000] {dagbag.py:545} INFO - Filling up the DagBag from /opt/airflow/dags/hello_airflow.py
[2026-08-13T08:34:40.780+0000] {processor.py:840} INFO - DAG(s) 'hello_airflow' retrieved from /opt/airflow/dags/hello_airflow.py
[2026-08-13T08:34:40.806+0000] {logging_mixin.py:188} INFO - [2026-08-13T08:34:40.806+0000] {dag.py:3089} INFO - Sync 1 DAGs
[2026-08-13T08:34:40.818+0000] {logging_mixin.py:188} INFO - [2026-08-13T08:34:40.818+0000] {dag.py:3947} INFO - Setting next_dagrun for hello_airflow to None, run_after=None
[2026-08-13T08:34:40.836+0000] {processor.py:183} INFO - Processing /opt/airflow/dags/hello_airflow.py took 0.080 seconds
[2026-08-13T08:35:11.092+0000] {processor.py:161} INFO - Started process (PID=4632) to work on /opt/airflow/dags/hello_airflow.py
[2026-08-13T08:35:11.093+0000] {processor.py:830} INFO - Processing file /opt/airflow/dags/hello_airflow.py for tasks to queue
[2026-08-13T08:35:11.097+0000] {logging_mixin.py:188} INFO - [2026-08-13T08:35:11.096+0000] {dagbag.py:545} INFO - Filling up the DagBag from /opt/airflow/dags/hello_airflow.py
[2026-08-13T08:35:11.117+0000] {processor.py:840} INFO - DAG(s) 'hello_airflow' retrieved from /opt/airflow/dags/hello_airflow.py
[2026-08-13T08:35:11.150+0000] {logging_mixin.py:188} INFO - [2026-08-13T08:35:11.150+0000] {dag.py:3089} INFO - Sync 1 DAGs
[2026-08-13T08:35:11.167+0000] {logging_mixin.py:188} INFO - [2026-08-13T08:35:11.166+0000] {dag.py:3947} INFO - Setting next_dagrun for hello_airflow to None, run_after=None
[2026-08-13T08:35:11.190+0000] {processor.py:183} INFO - Processing /opt/airflow/dags/hello_airflow.py took 0.106 seconds
[2026-08-13T08:35:41.350+0000] {processor.py:161} INFO - Started process (PID=4656) to work on /opt/airflow/dags/hello_airflow.py
[2026-08-13T08:35:41.352+0000] {processor.py:830} INFO - Processing file /opt/airflow/dags/hello_airflow.py for tasks to queue
[2026-08-13T08:35:41.354+0000] {logging_mixin.py:188} INFO - [2026-08-13T08:35:41.354+0000] {dagbag.py:545} INFO - Filling up the DagBag from /opt/airflow/dags/hello_airflow.py
[2026-08-13T08:35:41.374+0000] {processor.py:840} INFO - DAG(s) 'hello_airflow' retrieved from /opt/airflow/dags/hello_airflow.py
[2026-08-13T08:35:41.403+0000] {logging_mixin.py:188} INFO - [2026-08-13T08:35:41.402+0000] {dag.py:3089} INFO - Sync 1 DAGs
[2026-08-13T08:35:41.417+0000] {logging_mixin.py:188} INFO - [2026-08-13T08:35:41.416+0000] {dag.py:3947} INFO - Setting next_dagrun for hello_airflow to None, run_after=None
[2026-08-13T08:35:41.437+0000] {processor.py:183} INFO - Processing /opt/airflow/dags/hello_airflow.py took 0.093 seconds
[2026-08-13T08:36:11.688+0000] {processor.py:161} INFO - Started process (PID=4682) to work on /opt/airflow/dags/hello_airflow.py
[2026-08-13T08:36:11.689+0000] {processor.py:830} INFO - Processing file /opt/airflow/dags/hello_airflow.py for tasks to queue
[2026-08-13T08:36:11.692+0000] {logging_mixin.py:188} INFO - [2026-08-13T08:36:11.691+0000] {dagbag.py:545} INFO - Filling up the DagBag from /opt/airflow/dags/hello_airflow.py
[2026-08-13T08:36:11.708+0000] {processor.py:840} INFO - DAG(s) 'hello_airflow' retrieved from /opt/airflow/dags/hello_airflow.py
[2026-08-13T08:36:11.734+0000] {logging_mixin.py:188} INFO - [2026-08-13T08:36:11.734+0000] {dag.py:3089} INFO - Sync 1 DAGs
[2026-08-13T08:36:11.746+0000] {logging_mixin.py:188} INFO - [2026-08-13T08:36:11.746+0000] {dag.py:3947} INFO - Setting next_dagrun for hello_airflow to None, run_after=None
[2026-08-13T08:36:11.763+0000] {processor.py:183} INFO - Processing /opt/airflow/dags/hello_airflow.py took 0.081 seconds
[2026-08-13T08:36:42.072+0000] {processor.py:161} INFO - Started process (PID=4713) to work on /opt/airflow/dags/hello_airflow.py
[2026-08-13T08:36:42.074+0000] {processor.py:830} INFO - Processing file /opt/airflow/dags/hello_airflow.py for tasks to queue
[2026-08-13T08:36:42.077+0000] {logging_mixin.py:188} INFO - [2026-08-13T08:36:42.076+0000] {dagbag.py:545} INFO - Filling up the DagBag from /opt/airflow/dags/hello_airflow.py
[2026-08-13T08:36:42.097+0000] {processor.py:840} INFO - DAG(s) 'hello_airflow' retrieved from /opt/airflow/dags/hello_airflow.py
[2026-08-13T08:36:42.131+0000] {logging_mixin.py:188} INFO - [2026-08-13T08:36:42.131+0000] {dag.py:3089} INFO - Sync 1 DAGs
[2026-08-13T08:36:42.147+0000] {logging_mixin.py:188} INFO - [2026-08-13T08:36:42.147+0000] {dag.py:3947} INFO - Setting next_dagrun for hello_airflow to None, run_after=None
[2026-08-13T08:36:42.173+0000] {processor.py:183} INFO - Processing /opt/airflow/dags/hello_airflow.py took 0.108 seconds
[2026-08-13T08:37:12.450+0000] {processor.py:161} INFO - Started process (PID=4737) to work on /opt/airflow/dags/hello_airflow.py
[2026-08-13T08:37:12.451+0000] {processor.py:830} INFO - Processing file /opt/airflow/dags/hello_airflow.py for tasks to queue
[2026-08-13T08:37:12.453+0000] {logging_mixin.py:188} INFO - [2026-08-13T08:37:12.453+0000] {dagbag.py:545} INFO - Filling up the DagBag from /opt/airflow/dags/hello_airflow.py
[2026-08-13T08:37:12.467+0000] {processor.py:840} INFO - DAG(s) 'hello_airflow' retrieved from /opt/airflow/dags/hello_airflow.py
[2026-08-13T08:37:12.489+0000] {logging_mixin.py:188} INFO - [2026-08-13T08:37:12.489+0000] {dag.py:3089} INFO - Sync 1 DAGs
[2026-08-13T08:37:12.499+0000] {logging_mixin.py:188} INFO - [2026-08-13T08:37:12.499+0000] {dag.py:3947} INFO - Setting next_dagrun for hello_airflow to None, run_after=None
[2026-08-13T08:37:12.515+0000] {processor.py:183} INFO - Processing /opt/airflow/dags/hello_airflow.py took 0.069 seconds
[2026-08-13T08:37:42.789+0000] {processor.py:161} INFO - Started process (PID=4768) to work on /opt/airflow/dags/hello_airflow.py
[2026-08-13T08:37:42.790+0000] {processor.py:830} INFO - Processing file /opt/airflow/dags/hello_airflow.py for tasks to queue
[2026-08-13T08:37:42.792+0000] {logging_mixin.py:188} INFO - [2026-08-13T08:37:42.792+0000] {dagbag.py:545} INFO - Filling up the DagBag from /opt/airflow/dags/hello_airflow.py
[2026-08-13T08:37:42.807+0000] {processor.py:840} INFO - DAG(s) 'hello_airflow' retrieved from /opt/airflow/dags/hello_airflow.py
[2026-08-13T08:37:42.831+0000] {logging_mixin.py:188} INFO - [2026-08-13T08:37:42.831+0000] {dag.py:3089} INFO - Sync 1 DAGs
[2026-08-13T08:37:42.843+0000] {logging_mixin.py:188} INFO - [2026-08-13T08:37:42.842+0000] {dag.py:3947} INFO - Setting next_dagrun for hello_airflow to None, run_after=None
[2026-08-13T08:37:42.862+0000] {processor.py:183} INFO - Processing /opt/airflow/dags/hello_airflow.py took 0.078 seconds
[2026-08-13T08:38:13.178+0000] {processor.py:161} INFO - Started process (PID=4793) to work on /opt/airflow/dags/hello_airflow.py
[2026-08-13T08:38:13.179+0000] {processor.py:830} INFO - Processing file /opt/airflow/dags/hello_airflow.py for tasks to queue
[2026-08-13T08:38:13.182+0000] {logging_mixin.py:188} INFO - [2026-08-13T08:38:13.181+0000] {dagbag.py:545} INFO - Filling up the DagBag from /opt/airflow/dags/hello_airflow.py
[2026-08-13T08:38:13.218+0000] {processor.py:840} INFO - DAG(s) 'hello_airflow' retrieved from /opt/airflow/dags/hello_airflow.py
[2026-08-13T08:38:13.247+0000] {logging_mixin.py:188} INFO - [2026-08-13T08:38:13.247+0000] {dag.py:3089} INFO - Sync 1 DAGs
[2026-08-13T08:38:13.262+0000] {logging_mixin.py:188} INFO - [2026-08-13T08:38:13.262+0000] {dag.py:3947} INFO - Setting next_dagrun for hello_airflow to None, run_after=None
[2026-08-13T08:38:13.285+0000] {processor.py:183} INFO - Processing /opt/airflow/dags/hello_airflow.py took 0.114 seconds
[2026-08-13T08:38:43.420+0000] {processor.py:161} INFO - Started process (PID=4818) to work on /opt/airflow/dags/hello_airflow.py
[2026-08-13T08:38:43.421+0000] {processor.py:830} INFO - Processing file /opt/airflow/dags/hello_airflow.py for tasks to queue
[2026-08-13T08:38:43.423+0000] {logging_mixin.py:188} INFO - [2026-08-13T08:38:43.423+0000] {dagbag.py:545} INFO - Filling up the DagBag from /opt/airflow/dags/hello_airflow.py
[2026-08-13T08:38:43.436+0000] {processor.py:840} INFO - DAG(s) 'hello_airflow' retrieved from /opt/airflow/dags/hello_airflow.py
[2026-08-13T08:38:43.462+0000] {logging_mixin.py:188} INFO - [2026-08-13T08:38:43.461+0000] {dag.py:3089} INFO - Sync 1 DAGs
[2026-08-13T08:38:43.473+0000] {logging_mixin.py:188} INFO - [2026-08-13T08:38:43.473+0000] {dag.py:3947} INFO - Setting next_dagrun for hello_airflow to None, run_after=None
[2026-08-13T08:38:43.491+0000] {processor.py:183} INFO - Processing /opt/airflow/dags/hello_airflow.py took 0.076 seconds
[2026-08-13T08:39:13.773+0000] {processor.py:161} INFO - Started process (PID=4849) to work on /opt/airflow/dags/hello_airflow.py
[2026-08-13T08:39:13.775+0000] {processor.py:830} INFO - Processing file /opt/airflow/dags/hello_airflow.py for tasks to queue
[2026-08-13T08:39:13.779+0000] {logging_mixin.py:188} INFO - [2026-08-13T08:39:13.778+0000] {dagbag.py:545} INFO - Filling up the DagBag from /opt/airflow/dags/hello_airflow.py
[2026-08-13T08:39:13.804+0000] {processor.py:840} INFO - DAG(s) 'hello_airflow' retrieved from /opt/airflow/dags/hello_airflow.py
[2026-08-13T08:39:13.846+0000] {logging_mixin.py:188} INFO - [2026-08-13T08:39:13.846+0000] {dag.py:3089} INFO - Sync 1 DAGs
[2026-08-13T08:39:13.865+0000] {logging_mixin.py:188} INFO - [2026-08-13T08:39:13.864+0000] {dag.py:3947} INFO - Setting next_dagrun for hello_airflow to None, run_after=None
[2026-08-13T08:39:13.894+0000] {processor.py:183} INFO - Processing /opt/airflow/dags/hello_airflow.py took 0.130 seconds
[2026-08-13T08:39:44.073+0000] {processor.py:161} INFO - Started process (PID=4873) to work on /opt/airflow/dags/hello_airflow.py
[2026-08-13T08:39:44.076+0000] {processor.py:830} INFO - Processing file /opt/airflow/dags/hello_airflow.py for tasks to queue
[2026-08-13T08:39:44.082+0000] {logging_mixin.py:188} INFO - [2026-08-13T08:39:44.081+0000] {dagbag.py:545} INFO - Filling up the DagBag from /opt/airflow/dags/hello_airflow.py
[2026-08-13T08:39:44.135+0000] {processor.py:840} INFO - DAG(s) 'hello_airflow' retrieved from /opt/airflow/dags/hello_airflow.py
[2026-08-13T08:39:44.215+0000] {logging_mixin.py:188} INFO - [2026-08-13T08:39:44.215+0000] {dag.py:3089} INFO - Sync 1 DAGs
[2026-08-13T08:39:44.257+0000] {logging_mixin.py:188} INFO - [2026-08-13T08:39:44.256+0000] {dag.py:3947} INFO - Setting next_dagrun for hello_airflow to None, run_after=None
[2026-08-13T08:39:44.313+0000] {processor.py:183} INFO - Processing /opt/airflow/dags/hello_airflow.py took 0.254 seconds
[2026-08-13T09:08:04.481+0000] {processor.py:161} INFO - Started process (PID=4900) to work on /opt/airflow/dags/hello_airflow.py
[2026-08-13T09:08:04.486+0000] {processor.py:830} INFO - Processing file /opt/airflow/dags/hello_airflow.py for tasks to queue
[2026-08-13T09:08:04.496+0000] {logging_mixin.py:188} INFO - [2026-08-13T09:08:04.495+0000] {dagbag.py:545} INFO - Filling up the DagBag from /opt/airflow/dags/hello_airflow.py
[2026-08-13T09:08:04.563+0000] {processor.py:840} INFO - DAG(s) 'hello_airflow' retrieved from /opt/airflow/dags/hello_airflow.py
[2026-08-13T09:08:04.653+0000] {logging_mixin.py:188} INFO - [2026-08-13T09:08:04.652+0000] {dag.py:3089} INFO - Sync 1 DAGs
[2026-08-13T09:08:04.703+0000] {logging_mixin.py:188} INFO - [2026-08-13T09:08:04.703+0000] {dag.py:3947} INFO - Setting next_dagrun for hello_airflow to None, run_after=None
[2026-08-13T09:08:04.766+0000] {processor.py:183} INFO - Processing /opt/airflow/dags/hello_airflow.py took 0.294 seconds
[2026-08-13T09:16:05.375+0000] {processor.py:161} INFO - Started process (PID=4917) to work on /opt/airflow/dags/hello_airflow.py
[2026-08-13T09:16:05.437+0000] {processor.py:830} INFO - Processing file /opt/airflow/dags/hello_airflow.py for tasks to queue
[2026-08-13T09:16:05.472+0000] {logging_mixin.py:188} INFO - [2026-08-13T09:16:05.469+0000] {dagbag.py:545} INFO - Filling up the DagBag from /opt/airflow/dags/hello_airflow.py
[2026-08-13T09:16:06.344+0000] {processor.py:840} INFO - DAG(s) 'hello_airflow' retrieved from /opt/airflow/dags/hello_airflow.py
[2026-08-13T09:16:06.974+0000] {logging_mixin.py:188} INFO - [2026-08-13T09:16:06.971+0000] {dag.py:3089} INFO - Sync 1 DAGs
[2026-08-13T09:16:07.351+0000] {logging_mixin.py:188} INFO - [2026-08-13T09:16:07.340+0000] {dag.py:3947} INFO - Setting next_dagrun for hello_airflow to None, run_after=None
[2026-08-13T09:16:07.733+0000] {processor.py:183} INFO - Processing /opt/airflow/dags/hello_airflow.py took 2.475 seconds
[2026-08-13T09:16:38.765+0000] {processor.py:161} INFO - Started process (PID=4934) to work on /opt/airflow/dags/hello_airflow.py
[2026-08-13T09:16:38.766+0000] {processor.py:830} INFO - Processing file /opt/airflow/dags/hello_airflow.py for tasks to queue
[2026-08-13T09:16:38.768+0000] {logging_mixin.py:188} INFO - [2026-08-13T09:16:38.768+0000] {dagbag.py:545} INFO - Filling up the DagBag from /opt/airflow/dags/hello_airflow.py
[2026-08-13T09:16:38.784+0000] {processor.py:840} INFO - DAG(s) 'hello_airflow' retrieved from /opt/airflow/dags/hello_airflow.py
[2026-08-13T09:16:38.811+0000] {logging_mixin.py:188} INFO - [2026-08-13T09:16:38.810+0000] {dag.py:3089} INFO - Sync 1 DAGs
[2026-08-13T09:16:38.823+0000] {logging_mixin.py:188} INFO - [2026-08-13T09:16:38.823+0000] {dag.py:3947} INFO - Setting next_dagrun for hello_airflow to None, run_after=None
[2026-08-13T09:16:38.841+0000] {processor.py:183} INFO - Processing /opt/airflow/dags/hello_airflow.py took 0.082 seconds
[2026-08-13T09:17:09.908+0000] {processor.py:161} INFO - Started process (PID=4959) to work on /opt/airflow/dags/hello_airflow.py
[2026-08-13T09:17:09.919+0000] {processor.py:830} INFO - Processing file /opt/airflow/dags/hello_airflow.py for tasks to queue
[2026-08-13T09:17:09.935+0000] {logging_mixin.py:188} INFO - [2026-08-13T09:17:09.933+0000] {dagbag.py:545} INFO - Filling up the DagBag from /opt/airflow/dags/hello_airflow.py
[2026-08-13T09:17:10.133+0000] {processor.py:840} INFO - DAG(s) 'hello_airflow' retrieved from /opt/airflow/dags/hello_airflow.py
[2026-08-13T09:17:10.330+0000] {logging_mixin.py:188} INFO - [2026-08-13T09:17:10.329+0000] {dag.py:3089} INFO - Sync 1 DAGs
[2026-08-13T09:17:10.706+0000] {logging_mixin.py:188} INFO - [2026-08-13T09:17:10.704+0000] {dag.py:3947} INFO - Setting next_dagrun for hello_airflow to None, run_after=None
[2026-08-13T09:17:10.967+0000] {processor.py:183} INFO - Processing /opt/airflow/dags/hello_airflow.py took 1.127 seconds
[2026-08-13T09:17:41.524+0000] {processor.py:161} INFO - Started process (PID=4983) to work on /opt/airflow/dags/hello_airflow.py
[2026-08-13T09:17:41.528+0000] {processor.py:830} INFO - Processing file /opt/airflow/dags/hello_airflow.py for tasks to queue
[2026-08-13T09:17:41.533+0000] {logging_mixin.py:188} INFO - [2026-08-13T09:17:41.533+0000] {dagbag.py:545} INFO - Filling up the DagBag from /opt/airflow/dags/hello_airflow.py
[2026-08-13T09:17:41.587+0000] {processor.py:840} INFO - DAG(s) 'hello_airflow' retrieved from /opt/airflow/dags/hello_airflow.py
[2026-08-13T09:17:41.687+0000] {logging_mixin.py:188} INFO - [2026-08-13T09:17:41.686+0000] {dag.py:3089} INFO - Sync 1 DAGs
[2026-08-13T09:17:41.745+0000] {logging_mixin.py:188} INFO - [2026-08-13T09:17:41.744+0000] {dag.py:3947} INFO - Setting next_dagrun for hello_airflow to None, run_after=None
[2026-08-13T09:17:41.855+0000] {processor.py:183} INFO - Processing /opt/airflow/dags/hello_airflow.py took 0.351 seconds
[2026-08-13T09:18:12.267+0000] {processor.py:161} INFO - Started process (PID=5008) to work on /opt/airflow/dags/hello_airflow.py
[2026-08-13T09:18:12.269+0000] {processor.py:830} INFO - Processing file /opt/airflow/dags/hello_airflow.py for tasks to queue
[2026-08-13T09:18:12.277+0000] {logging_mixin.py:188} INFO - [2026-08-13T09:18:12.276+0000] {dagbag.py:545} INFO - Filling up the DagBag from /opt/airflow/dags/hello_airflow.py
[2026-08-13T09:18:12.319+0000] {processor.py:840} INFO - DAG(s) 'hello_airflow' retrieved from /opt/airflow/dags/hello_airflow.py
[2026-08-13T09:18:12.399+0000] {logging_mixin.py:188} INFO - [2026-08-13T09:18:12.399+0000] {dag.py:3089} INFO - Sync 1 DAGs
[2026-08-13T09:18:12.442+0000] {logging_mixin.py:188} INFO - [2026-08-13T09:18:12.442+0000] {dag.py:3947} INFO - Setting next_dagrun for hello_airflow to None, run_after=None
[2026-08-13T09:18:12.494+0000] {processor.py:183} INFO - Processing /opt/airflow/dags/hello_airflow.py took 0.242 seconds
[2026-08-13T09:18:42.786+0000] {processor.py:161} INFO - Started process (PID=5032) to work on /opt/airflow/dags/hello_airflow.py
[2026-08-13T09:18:42.788+0000] {processor.py:830} INFO - Processing file /opt/airflow/dags/hello_airflow.py for tasks to queue
[2026-08-13T09:18:42.794+0000] {logging_mixin.py:188} INFO - [2026-08-13T09:18:42.793+0000] {dagbag.py:545} INFO - Filling up the DagBag from /opt/airflow/dags/hello_airflow.py
[2026-08-13T09:18:42.816+0000] {processor.py:840} INFO - DAG(s) 'hello_airflow' retrieved from /opt/airflow/dags/hello_airflow.py
[2026-08-13T09:18:42.852+0000] {logging_mixin.py:188} INFO - [2026-08-13T09:18:42.852+0000] {dag.py:3089} INFO - Sync 1 DAGs
[2026-08-13T09:18:42.869+0000] {logging_mixin.py:188} INFO - [2026-08-13T09:18:42.868+0000] {dag.py:3947} INFO - Setting next_dagrun for hello_airflow to None, run_after=None
[2026-08-13T09:18:42.895+0000] {processor.py:183} INFO - Processing /opt/airflow/dags/hello_airflow.py took 0.116 seconds
[2026-08-13T09:19:13.372+0000] {processor.py:161} INFO - Started process (PID=5056) to work on /opt/airflow/dags/hello_airflow.py
[2026-08-13T09:19:13.388+0000] {processor.py:830} INFO - Processing file /opt/airflow/dags/hello_airflow.py for tasks to queue
[2026-08-13T09:19:13.425+0000] {logging_mixin.py:188} INFO - [2026-08-13T09:19:13.423+0000] {dagbag.py:545} INFO - Filling up the DagBag from /opt/airflow/dags/hello_airflow.py
[2026-08-13T09:19:13.573+0000] {processor.py:840} INFO - DAG(s) 'hello_airflow' retrieved from /opt/airflow/dags/hello_airflow.py
[2026-08-13T09:19:13.748+0000] {logging_mixin.py:188} INFO - [2026-08-13T09:19:13.747+0000] {dag.py:3089} INFO - Sync 1 DAGs
[2026-08-13T09:19:13.821+0000] {logging_mixin.py:188} INFO - [2026-08-13T09:19:13.819+0000] {dag.py:3947} INFO - Setting next_dagrun for hello_airflow to None, run_after=None
[2026-08-13T09:19:13.918+0000] {processor.py:183} INFO - Processing /opt/airflow/dags/hello_airflow.py took 0.619 seconds
[2026-08-13T09:19:44.489+0000] {processor.py:161} INFO - Started process (PID=5080) to work on /opt/airflow/dags/hello_airflow.py
[2026-08-13T09:19:44.492+0000] {processor.py:830} INFO - Processing file /opt/airflow/dags/hello_airflow.py for tasks to queue
[2026-08-13T09:19:44.499+0000] {logging_mixin.py:188} INFO - [2026-08-13T09:19:44.499+0000] {dagbag.py:545} INFO - Filling up the DagBag from /opt/airflow/dags/hello_airflow.py
[2026-08-13T09:19:44.546+0000] {processor.py:840} INFO - DAG(s) 'hello_airflow' retrieved from /opt/airflow/dags/hello_airflow.py
[2026-08-13T09:19:44.637+0000] {logging_mixin.py:188} INFO - [2026-08-13T09:19:44.637+0000] {dag.py:3089} INFO - Sync 1 DAGs
[2026-08-13T09:19:44.704+0000] {logging_mixin.py:188} INFO - [2026-08-13T09:19:44.703+0000] {dag.py:3947} INFO - Setting next_dagrun for hello_airflow to None, run_after=None
[2026-08-13T09:19:44.778+0000] {processor.py:183} INFO - Processing /opt/airflow/dags/hello_airflow.py took 0.307 seconds
[2026-08-13T09:20:15.023+0000] {processor.py:161} INFO - Started process (PID=5104) to work on /opt/airflow/dags/hello_airflow.py
[2026-08-13T09:20:15.024+0000] {processor.py:830} INFO - Processing file /opt/airflow/dags/hello_airflow.py for tasks to queue
[2026-08-13T09:20:15.028+0000] {logging_mixin.py:188} INFO - [2026-08-13T09:20:15.027+0000] {dagbag.py:545} INFO - Filling up the DagBag from /opt/airflow/dags/hello_airflow.py
[2026-08-13T09:20:15.053+0000] {processor.py:840} INFO - DAG(s) 'hello_airflow' retrieved from /opt/airflow/dags/hello_airflow.py
[2026-08-13T09:20:15.093+0000] {logging_mixin.py:188} INFO - [2026-08-13T09:20:15.093+0000] {dag.py:3089} INFO - Sync 1 DAGs
[2026-08-13T09:20:15.113+0000] {logging_mixin.py:188} INFO - [2026-08-13T09:20:15.112+0000] {dag.py:3947} INFO - Setting next_dagrun for hello_airflow to None, run_after=None
[2026-08-13T09:20:15.143+0000] {processor.py:183} INFO - Processing /opt/airflow/dags/hello_airflow.py took 0.127 seconds
[2026-08-13T09:20:45.360+0000] {processor.py:161} INFO - Started process (PID=5128) to work on /opt/airflow/dags/hello_airflow.py
[2026-08-13T09:20:45.363+0000] {processor.py:830} INFO - Processing file /opt/airflow/dags/hello_airflow.py for tasks to queue
[2026-08-13T09:20:45.371+0000] {logging_mixin.py:188} INFO - [2026-08-13T09:20:45.370+0000] {dagbag.py:545} INFO - Filling up the DagBag from /opt/airflow/dags/hello_airflow.py
[2026-08-13T09:20:45.419+0000] {processor.py:840} INFO - DAG(s) 'hello_airflow' retrieved from /opt/airflow/dags/hello_airflow.py
[2026-08-13T09:20:45.506+0000] {logging_mixin.py:188} INFO - [2026-08-13T09:20:45.505+0000] {dag.py:3089} INFO - Sync 1 DAGs
[2026-08-13T09:20:45.548+0000] {logging_mixin.py:188} INFO - [2026-08-13T09:20:45.547+0000] {dag.py:3947} INFO - Setting next_dagrun for hello_airflow to None, run_after=None
[2026-08-13T09:20:45.620+0000] {processor.py:183} INFO - Processing /opt/airflow/dags/hello_airflow.py took 0.277 seconds
[2026-08-13T09:21:16.526+0000] {processor.py:161} INFO - Started process (PID=5152) to work on /opt/airflow/dags/hello_airflow.py
[2026-08-13T09:21:16.536+0000] {processor.py:830} INFO - Processing file /opt/airflow/dags/hello_airflow.py for tasks to queue
[2026-08-13T09:21:16.549+0000] {logging_mixin.py:188} INFO - [2026-08-13T09:21:16.543+0000] {dagbag.py:545} INFO - Filling up the DagBag from /opt/airflow/dags/hello_airflow.py
[2026-08-13T09:21:16.620+0000] {processor.py:840} INFO - DAG(s) 'hello_airflow' retrieved from /opt/airflow/dags/hello_airflow.py
[2026-08-13T09:21:16.834+0000] {logging_mixin.py:188} INFO - [2026-08-13T09:21:16.833+0000] {dag.py:3089} INFO - Sync 1 DAGs
[2026-08-13T09:21:16.914+0000] {logging_mixin.py:188} INFO - [2026-08-13T09:21:16.914+0000] {dag.py:3947} INFO - Setting next_dagrun for hello_airflow to None, run_after=None
[2026-08-13T09:21:17.036+0000] {processor.py:183} INFO - Processing /opt/airflow/dags/hello_airflow.py took 0.580 seconds
[2026-08-13T09:21:47.859+0000] {processor.py:161} INFO - Started process (PID=5169) to work on /opt/airflow/dags/hello_airflow.py
[2026-08-13T09:21:47.862+0000] {processor.py:830} INFO - Processing file /opt/airflow/dags/hello_airflow.py for tasks to queue
[2026-08-13T09:21:47.869+0000] {logging_mixin.py:188} INFO - [2026-08-13T09:21:47.868+0000] {dagbag.py:545} INFO - Filling up the DagBag from /opt/airflow/dags/hello_airflow.py
[2026-08-13T09:21:47.917+0000] {processor.py:840} INFO - DAG(s) 'hello_airflow' retrieved from /opt/airflow/dags/hello_airflow.py
[2026-08-13T09:21:47.993+0000] {logging_mixin.py:188} INFO - [2026-08-13T09:21:47.992+0000] {dag.py:3089} INFO - Sync 1 DAGs
[2026-08-13T09:21:48.028+0000] {logging_mixin.py:188} INFO - [2026-08-13T09:21:48.028+0000] {dag.py:3947} INFO - Setting next_dagrun for hello_airflow to None, run_after=None
[2026-08-13T09:21:48.089+0000] {processor.py:183} INFO - Processing /opt/airflow/dags/hello_airflow.py took 0.247 seconds
[2026-08-13T09:22:18.895+0000] {processor.py:161} INFO - Started process (PID=5193) to work on /opt/airflow/dags/hello_airflow.py
[2026-08-13T09:22:18.898+0000] {processor.py:830} INFO - Processing file /opt/airflow/dags/hello_airflow.py for tasks to queue
[2026-08-13T09:22:18.904+0000] {logging_mixin.py:188} INFO - [2026-08-13T09:22:18.903+0000] {dagbag.py:545} INFO - Filling up the DagBag from /opt/airflow/dags/hello_airflow.py
[2026-08-13T09:22:18.939+0000] {processor.py:840} INFO - DAG(s) 'hello_airflow' retrieved from /opt/airflow/dags/hello_airflow.py
[2026-08-13T09:22:19.005+0000] {logging_mixin.py:188} INFO - [2026-08-13T09:22:19.005+0000] {dag.py:3089} INFO - Sync 1 DAGs
[2026-08-13T09:22:19.036+0000] {logging_mixin.py:188} INFO - [2026-08-13T09:22:19.035+0000] {dag.py:3947} INFO - Setting next_dagrun for hello_airflow to None, run_after=None
[2026-08-13T09:22:19.086+0000] {processor.py:183} INFO - Processing /opt/airflow/dags/hello_airflow.py took 0.209 seconds
[2026-08-13T09:22:49.327+0000] {processor.py:161} INFO - Started process (PID=5217) to work on /opt/airflow/dags/hello_airflow.py
[2026-08-13T09:22:49.328+0000] {processor.py:830} INFO - Processing file /opt/airflow/dags/hello_airflow.py for tasks to queue
[2026-08-13T09:22:49.330+0000] {logging_mixin.py:188} INFO - [2026-08-13T09:22:49.330+0000] {dagbag.py:545} INFO - Filling up the DagBag from /opt/airflow/dags/hello_airflow.py
[2026-08-13T09:22:49.345+0000] {processor.py:840} INFO - DAG(s) 'hello_airflow' retrieved from /opt/airflow/dags/hello_airflow.py
[2026-08-13T09:22:49.369+0000] {logging_mixin.py:188} INFO - [2026-08-13T09:22:49.369+0000] {dag.py:3089} INFO - Sync 1 DAGs
[2026-08-13T09:22:49.381+0000] {logging_mixin.py:188} INFO - [2026-08-13T09:22:49.380+0000] {dag.py:3947} INFO - Setting next_dagrun for hello_airflow to None, run_after=None
[2026-08-13T09:22:49.400+0000] {processor.py:183} INFO - Processing /opt/airflow/dags/hello_airflow.py took 0.079 seconds
[2026-08-13T09:23:19.659+0000] {processor.py:161} INFO - Started process (PID=5241) to work on /opt/airflow/dags/hello_airflow.py
[2026-08-13T09:23:19.661+0000] {processor.py:830} INFO - Processing file /opt/airflow/dags/hello_airflow.py for tasks to queue
[2026-08-13T09:23:19.664+0000] {logging_mixin.py:188} INFO - [2026-08-13T09:23:19.664+0000] {dagbag.py:545} INFO - Filling up the DagBag from /opt/airflow/dags/hello_airflow.py
[2026-08-13T09:23:19.686+0000] {processor.py:840} INFO - DAG(s) 'hello_airflow' retrieved from /opt/airflow/dags/hello_airflow.py
[2026-08-13T09:23:19.723+0000] {logging_mixin.py:188} INFO - [2026-08-13T09:23:19.723+0000] {dag.py:3089} INFO - Sync 1 DAGs
[2026-08-13T09:23:19.741+0000] {logging_mixin.py:188} INFO - [2026-08-13T09:23:19.741+0000] {dag.py:3947} INFO - Setting next_dagrun for hello_airflow to None, run_after=None
[2026-08-13T09:23:19.769+0000] {processor.py:183} INFO - Processing /opt/airflow/dags/hello_airflow.py took 0.117 seconds
[2026-08-13T09:23:50.197+0000] {processor.py:161} INFO - Started process (PID=5265) to work on /opt/airflow/dags/hello_airflow.py
[2026-08-13T09:23:50.199+0000] {processor.py:830} INFO - Processing file /opt/airflow/dags/hello_airflow.py for tasks to queue
[2026-08-13T09:23:50.202+0000] {logging_mixin.py:188} INFO - [2026-08-13T09:23:50.202+0000] {dagbag.py:545} INFO - Filling up the DagBag from /opt/airflow/dags/hello_airflow.py
[2026-08-13T09:23:50.225+0000] {processor.py:840} INFO - DAG(s) 'hello_airflow' retrieved from /opt/airflow/dags/hello_airflow.py
[2026-08-13T09:23:50.261+0000] {logging_mixin.py:188} INFO - [2026-08-13T09:23:50.261+0000] {dag.py:3089} INFO - Sync 1 DAGs
[2026-08-13T09:23:50.280+0000] {logging_mixin.py:188} INFO - [2026-08-13T09:23:50.280+0000] {dag.py:3947} INFO - Setting next_dagrun for hello_airflow to None, run_after=None
[2026-08-13T09:23:50.309+0000] {processor.py:183} INFO - Processing /opt/airflow/dags/hello_airflow.py took 0.121 seconds
[2026-08-13T09:24:20.461+0000] {processor.py:161} INFO - Started process (PID=5290) to work on /opt/airflow/dags/hello_airflow.py
[2026-08-13T09:24:20.462+0000] {processor.py:830} INFO - Processing file /opt/airflow/dags/hello_airflow.py for tasks to queue
[2026-08-13T09:24:20.465+0000] {logging_mixin.py:188} INFO - [2026-08-13T09:24:20.464+0000] {dagbag.py:545} INFO - Filling up the DagBag from /opt/airflow/dags/hello_airflow.py
[2026-08-13T09:24:20.484+0000] {processor.py:840} INFO - DAG(s) 'hello_airflow' retrieved from /opt/airflow/dags/hello_airflow.py
[2026-08-13T09:24:20.518+0000] {logging_mixin.py:188} INFO - [2026-08-13T09:24:20.518+0000] {dag.py:3089} INFO - Sync 1 DAGs
[2026-08-13T09:24:20.533+0000] {logging_mixin.py:188} INFO - [2026-08-13T09:24:20.533+0000] {dag.py:3947} INFO - Setting next_dagrun for hello_airflow to None, run_after=None
[2026-08-13T09:24:20.557+0000] {processor.py:183} INFO - Processing /opt/airflow/dags/hello_airflow.py took 0.103 seconds
[2026-08-13T09:24:50.885+0000] {processor.py:161} INFO - Started process (PID=5321) to work on /opt/airflow/dags/hello_airflow.py
[2026-08-13T09:24:50.888+0000] {processor.py:830} INFO - Processing file /opt/airflow/dags/hello_airflow.py for tasks to queue
[2026-08-13T09:24:50.893+0000] {logging_mixin.py:188} INFO - [2026-08-13T09:24:50.892+0000] {dagbag.py:545} INFO - Filling up the DagBag from /opt/airflow/dags/hello_airflow.py
[2026-08-13T09:24:50.931+0000] {processor.py:840} INFO - DAG(s) 'hello_airflow' retrieved from /opt/airflow/dags/hello_airflow.py
[2026-08-13T09:24:50.988+0000] {logging_mixin.py:188} INFO - [2026-08-13T09:24:50.988+0000] {dag.py:3089} INFO - Sync 1 DAGs
[2026-08-13T09:24:51.014+0000] {logging_mixin.py:188} INFO - [2026-08-13T09:24:51.014+0000] {dag.py:3947} INFO - Setting next_dagrun for hello_airflow to None, run_after=None
[2026-08-13T09:24:51.057+0000] {processor.py:183} INFO - Processing /opt/airflow/dags/hello_airflow.py took 0.185 seconds
[2026-08-13T09:25:21.132+0000] {processor.py:161} INFO - Started process (PID=5346) to work on /opt/airflow/dags/hello_airflow.py
[2026-08-13T09:25:21.133+0000] {processor.py:830} INFO - Processing file /opt/airflow/dags/hello_airflow.py for tasks to queue
[2026-08-13T09:25:21.136+0000] {logging_mixin.py:188} INFO - [2026-08-13T09:25:21.135+0000] {dagbag.py:545} INFO - Filling up the DagBag from /opt/airflow/dags/hello_airflow.py
[2026-08-13T09:25:21.154+0000] {processor.py:840} INFO - DAG(s) 'hello_airflow' retrieved from /opt/airflow/dags/hello_airflow.py
[2026-08-13T09:25:21.184+0000] {logging_mixin.py:188} INFO - [2026-08-13T09:25:21.183+0000] {dag.py:3089} INFO - Sync 1 DAGs
[2026-08-13T09:25:21.197+0000] {logging_mixin.py:188} INFO - [2026-08-13T09:25:21.197+0000] {dag.py:3947} INFO - Setting next_dagrun for hello_airflow to None, run_after=None
[2026-08-13T09:25:21.222+0000] {processor.py:183} INFO - Processing /opt/airflow/dags/hello_airflow.py took 0.096 seconds
[2026-08-13T09:25:51.393+0000] {processor.py:161} INFO - Started process (PID=5370) to work on /opt/airflow/dags/hello_airflow.py
[2026-08-13T09:25:51.394+0000] {processor.py:830} INFO - Processing file /opt/airflow/dags/hello_airflow.py for tasks to queue
[2026-08-13T09:25:51.398+0000] {logging_mixin.py:188} INFO - [2026-08-13T09:25:51.397+0000] {dagbag.py:545} INFO - Filling up the DagBag from /opt/airflow/dags/hello_airflow.py
[2026-08-13T09:25:51.425+0000] {processor.py:840} INFO - DAG(s) 'hello_airflow' retrieved from /opt/airflow/dags/hello_airflow.py
[2026-08-13T09:25:51.471+0000] {logging_mixin.py:188} INFO - [2026-08-13T09:25:51.470+0000] {dag.py:3089} INFO - Sync 1 DAGs
[2026-08-13T09:25:51.492+0000] {logging_mixin.py:188} INFO - [2026-08-13T09:25:51.491+0000] {dag.py:3947} INFO - Setting next_dagrun for hello_airflow to None, run_after=None
[2026-08-13T09:25:51.592+0000] {processor.py:183} INFO - Processing /opt/airflow/dags/hello_airflow.py took 0.208 seconds
[2026-08-13T09:26:21.949+0000] {processor.py:161} INFO - Started process (PID=5394) to work on /opt/airflow/dags/hello_airflow.py
[2026-08-13T09:26:21.950+0000] {processor.py:830} INFO - Processing file /opt/airflow/dags/hello_airflow.py for tasks to queue
[2026-08-13T09:26:21.953+0000] {logging_mixin.py:188} INFO - [2026-08-13T09:26:21.953+0000] {dagbag.py:545} INFO - Filling up the DagBag from /opt/airflow/dags/hello_airflow.py
[2026-08-13T09:26:21.967+0000] {processor.py:840} INFO - DAG(s) 'hello_airflow' retrieved from /opt/airflow/dags/hello_airflow.py
[2026-08-13T09:26:21.989+0000] {logging_mixin.py:188} INFO - [2026-08-13T09:26:21.989+0000] {dag.py:3089} INFO - Sync 1 DAGs
[2026-08-13T09:26:22.001+0000] {logging_mixin.py:188} INFO - [2026-08-13T09:26:22.001+0000] {dag.py:3947} INFO - Setting next_dagrun for hello_airflow to None, run_after=None
[2026-08-13T09:26:22.019+0000] {processor.py:183} INFO - Processing /opt/airflow/dags/hello_airflow.py took 0.075 seconds
[2026-08-13T09:26:52.265+0000] {processor.py:161} INFO - Started process (PID=5425) to work on /opt/airflow/dags/hello_airflow.py
[2026-08-13T09:26:52.269+0000] {processor.py:830} INFO - Processing file /opt/airflow/dags/hello_airflow.py for tasks to queue
[2026-08-13T09:26:52.276+0000] {logging_mixin.py:188} INFO - [2026-08-13T09:26:52.275+0000] {dagbag.py:545} INFO - Filling up the DagBag from /opt/airflow/dags/hello_airflow.py
[2026-08-13T09:26:52.324+0000] {processor.py:840} INFO - DAG(s) 'hello_airflow' retrieved from /opt/airflow/dags/hello_airflow.py
[2026-08-13T09:26:52.429+0000] {logging_mixin.py:188} INFO - [2026-08-13T09:26:52.428+0000] {dag.py:3089} INFO - Sync 1 DAGs
[2026-08-13T09:26:52.480+0000] {logging_mixin.py:188} INFO - [2026-08-13T09:26:52.479+0000] {dag.py:3947} INFO - Setting next_dagrun for hello_airflow to None, run_after=None
[2026-08-13T09:26:52.542+0000] {processor.py:183} INFO - Processing /opt/airflow/dags/hello_airflow.py took 0.300 seconds
[2026-08-13T09:27:22.838+0000] {processor.py:161} INFO - Started process (PID=5442) to work on /opt/airflow/dags/hello_airflow.py
[2026-08-13T09:27:22.839+0000] {processor.py:830} INFO - Processing file /opt/airflow/dags/hello_airflow.py for tasks to queue
[2026-08-13T09:27:22.841+0000] {logging_mixin.py:188} INFO - [2026-08-13T09:27:22.841+0000] {dagbag.py:545} INFO - Filling up the DagBag from /opt/airflow/dags/hello_airflow.py
[2026-08-13T09:27:22.910+0000] {processor.py:840} INFO - DAG(s) 'hello_airflow' retrieved from /opt/airflow/dags/hello_airflow.py
[2026-08-13T09:27:22.940+0000] {logging_mixin.py:188} INFO - [2026-08-13T09:27:22.940+0000] {dag.py:3089} INFO - Sync 1 DAGs
[2026-08-13T09:27:22.954+0000] {logging_mixin.py:188} INFO - [2026-08-13T09:27:22.953+0000] {dag.py:3947} INFO - Setting next_dagrun for hello_airflow to None, run_after=None
[2026-08-13T09:27:22.972+0000] {processor.py:183} INFO - Processing /opt/airflow/dags/hello_airflow.py took 0.141 seconds
[2026-08-13T09:27:53.245+0000] {processor.py:161} INFO - Started process (PID=5473) to work on /opt/airflow/dags/hello_airflow.py
[2026-08-13T09:27:53.247+0000] {processor.py:830} INFO - Processing file /opt/airflow/dags/hello_airflow.py for tasks to queue
[2026-08-13T09:27:53.250+0000] {logging_mixin.py:188} INFO - [2026-08-13T09:27:53.250+0000] {dagbag.py:545} INFO - Filling up the DagBag from /opt/airflow/dags/hello_airflow.py
[2026-08-13T09:27:53.293+0000] {processor.py:840} INFO - DAG(s) 'hello_airflow' retrieved from /opt/airflow/dags/hello_airflow.py
[2026-08-13T09:27:53.423+0000] {logging_mixin.py:188} INFO - [2026-08-13T09:27:53.423+0000] {dag.py:3089} INFO - Sync 1 DAGs
[2026-08-13T09:27:53.469+0000] {logging_mixin.py:188} INFO - [2026-08-13T09:27:53.469+0000] {dag.py:3947} INFO - Setting next_dagrun for hello_airflow to None, run_after=None
[2026-08-13T09:27:53.528+0000] {processor.py:183} INFO - Processing /opt/airflow/dags/hello_airflow.py took 0.292 seconds
[2026-08-13T09:28:23.834+0000] {processor.py:161} INFO - Started process (PID=5497) to work on /opt/airflow/dags/hello_airflow.py
[2026-08-13T09:28:23.835+0000] {processor.py:830} INFO - Processing file /opt/airflow/dags/hello_airflow.py for tasks to queue
[2026-08-13T09:28:23.837+0000] {logging_mixin.py:188} INFO - [2026-08-13T09:28:23.837+0000] {dagbag.py:545} INFO - Filling up the DagBag from /opt/airflow/dags/hello_airflow.py
[2026-08-13T09:28:23.853+0000] {processor.py:840} INFO - DAG(s) 'hello_airflow' retrieved from /opt/airflow/dags/hello_airflow.py
[2026-08-13T09:28:23.880+0000] {logging_mixin.py:188} INFO - [2026-08-13T09:28:23.880+0000] {dag.py:3089} INFO - Sync 1 DAGs
[2026-08-13T09:28:23.892+0000] {logging_mixin.py:188} INFO - [2026-08-13T09:28:23.892+0000] {dag.py:3947} INFO - Setting next_dagrun for hello_airflow to None, run_after=None
[2026-08-13T09:28:23.913+0000] {processor.py:183} INFO - Processing /opt/airflow/dags/hello_airflow.py took 0.084 seconds
[2026-08-13T09:28:54.090+0000] {processor.py:161} INFO - Started process (PID=5521) to work on /opt/airflow/dags/hello_airflow.py
[2026-08-13T09:28:54.092+0000] {processor.py:830} INFO - Processing file /opt/airflow/dags/hello_airflow.py for tasks to queue
[2026-08-13T09:28:54.095+0000] {logging_mixin.py:188} INFO - [2026-08-13T09:28:54.094+0000] {dagbag.py:545} INFO - Filling up the DagBag from /opt/airflow/dags/hello_airflow.py
[2026-08-13T09:28:54.112+0000] {processor.py:840} INFO - DAG(s) 'hello_airflow' retrieved from /opt/airflow/dags/hello_airflow.py
[2026-08-13T09:28:54.143+0000] {logging_mixin.py:188} INFO - [2026-08-13T09:28:54.143+0000] {dag.py:3089} INFO - Sync 1 DAGs
[2026-08-13T09:28:54.157+0000] {logging_mixin.py:188} INFO - [2026-08-13T09:28:54.157+0000] {dag.py:3947} INFO - Setting next_dagrun for hello_airflow to None, run_after=None
[2026-08-13T09:28:54.180+0000] {processor.py:183} INFO - Processing /opt/airflow/dags/hello_airflow.py took 0.097 seconds
[2026-08-13T09:29:24.484+0000] {processor.py:161} INFO - Started process (PID=5545) to work on /opt/airflow/dags/hello_airflow.py
[2026-08-13T09:29:24.485+0000] {processor.py:830} INFO - Processing file /opt/airflow/dags/hello_airflow.py for tasks to queue
[2026-08-13T09:29:24.487+0000] {logging_mixin.py:188} INFO - [2026-08-13T09:29:24.486+0000] {dagbag.py:545} INFO - Filling up the DagBag from /opt/airflow/dags/hello_airflow.py
[2026-08-13T09:29:24.500+0000] {processor.py:840} INFO - DAG(s) 'hello_airflow' retrieved from /opt/airflow/dags/hello_airflow.py
[2026-08-13T09:29:24.529+0000] {logging_mixin.py:188} INFO - [2026-08-13T09:29:24.529+0000] {dag.py:3089} INFO - Sync 1 DAGs
[2026-08-13T09:29:24.543+0000] {logging_mixin.py:188} INFO - [2026-08-13T09:29:24.543+0000] {dag.py:3947} INFO - Setting next_dagrun for hello_airflow to None, run_after=None
[2026-08-13T09:29:24.565+0000] {processor.py:183} INFO - Processing /opt/airflow/dags/hello_airflow.py took 0.086 seconds
[2026-08-13T09:29:54.796+0000] {processor.py:161} INFO - Started process (PID=5569) to work on /opt/airflow/dags/hello_airflow.py
[2026-08-13T09:29:54.798+0000] {processor.py:830} INFO - Processing file /opt/airflow/dags/hello_airflow.py for tasks to queue
[2026-08-13T09:29:54.804+0000] {logging_mixin.py:188} INFO - [2026-08-13T09:29:54.803+0000] {dagbag.py:545} INFO - Filling up the DagBag from /opt/airflow/dags/hello_airflow.py
[2026-08-13T09:29:54.838+0000] {processor.py:840} INFO - DAG(s) 'hello_airflow' retrieved from /opt/airflow/dags/hello_airflow.py
[2026-08-13T09:29:54.888+0000] {logging_mixin.py:188} INFO - [2026-08-13T09:29:54.888+0000] {dag.py:3089} INFO - Sync 1 DAGs
[2026-08-13T09:29:54.914+0000] {logging_mixin.py:188} INFO - [2026-08-13T09:29:54.913+0000] {dag.py:3947} INFO - Setting next_dagrun for hello_airflow to None, run_after=None
[2026-08-13T09:29:54.952+0000] {processor.py:183} INFO - Processing /opt/airflow/dags/hello_airflow.py took 0.168 seconds
[2026-08-13T09:30:25.251+0000] {processor.py:161} INFO - Started process (PID=5593) to work on /opt/airflow/dags/hello_airflow.py
[2026-08-13T09:30:25.261+0000] {processor.py:830} INFO - Processing file /opt/airflow/dags/hello_airflow.py for tasks to queue
[2026-08-13T09:30:25.279+0000] {logging_mixin.py:188} INFO - [2026-08-13T09:30:25.278+0000] {dagbag.py:545} INFO - Filling up the DagBag from /opt/airflow/dags/hello_airflow.py
[2026-08-13T09:30:25.312+0000] {processor.py:840} INFO - DAG(s) 'hello_airflow' retrieved from /opt/airflow/dags/hello_airflow.py
[2026-08-13T09:30:25.370+0000] {logging_mixin.py:188} INFO - [2026-08-13T09:30:25.370+0000] {dag.py:3089} INFO - Sync 1 DAGs
[2026-08-13T09:30:25.393+0000] {logging_mixin.py:188} INFO - [2026-08-13T09:30:25.392+0000] {dag.py:3947} INFO - Setting next_dagrun for hello_airflow to None, run_after=None
[2026-08-13T09:30:25.427+0000] {processor.py:183} INFO - Processing /opt/airflow/dags/hello_airflow.py took 0.189 seconds
[2026-08-13T09:30:55.716+0000] {processor.py:161} INFO - Started process (PID=5617) to work on /opt/airflow/dags/hello_airflow.py
[2026-08-13T09:30:55.718+0000] {processor.py:830} INFO - Processing file /opt/airflow/dags/hello_airflow.py for tasks to queue
[2026-08-13T09:30:55.723+0000] {logging_mixin.py:188} INFO - [2026-08-13T09:30:55.722+0000] {dagbag.py:545} INFO - Filling up the DagBag from /opt/airflow/dags/hello_airflow.py
[2026-08-13T09:30:55.747+0000] {processor.py:840} INFO - DAG(s) 'hello_airflow' retrieved from /opt/airflow/dags/hello_airflow.py
[2026-08-13T09:30:55.791+0000] {logging_mixin.py:188} INFO - [2026-08-13T09:30:55.791+0000] {dag.py:3089} INFO - Sync 1 DAGs
[2026-08-13T09:30:55.823+0000] {logging_mixin.py:188} INFO - [2026-08-13T09:30:55.823+0000] {dag.py:3947} INFO - Setting next_dagrun for hello_airflow to None, run_after=None
[2026-08-13T09:30:55.862+0000] {processor.py:183} INFO - Processing /opt/airflow/dags/hello_airflow.py took 0.154 seconds
[2026-08-13T09:31:26.114+0000] {processor.py:161} INFO - Started process (PID=5641) to work on /opt/airflow/dags/hello_airflow.py
[2026-08-13T09:31:26.117+0000] {processor.py:830} INFO - Processing file /opt/airflow/dags/hello_airflow.py for tasks to queue
[2026-08-13T09:31:26.120+0000] {logging_mixin.py:188} INFO - [2026-08-13T09:31:26.120+0000] {dagbag.py:545} INFO - Filling up the DagBag from /opt/airflow/dags/hello_airflow.py
[2026-08-13T09:31:26.151+0000] {processor.py:840} INFO - DAG(s) 'hello_airflow' retrieved from /opt/airflow/dags/hello_airflow.py
[2026-08-13T09:31:26.203+0000] {logging_mixin.py:188} INFO - [2026-08-13T09:31:26.203+0000] {dag.py:3089} INFO - Sync 1 DAGs
[2026-08-13T09:31:26.230+0000] {logging_mixin.py:188} INFO - [2026-08-13T09:31:26.230+0000] {dag.py:3947} INFO - Setting next_dagrun for hello_airflow to None, run_after=None
[2026-08-13T09:31:26.272+0000] {processor.py:183} INFO - Processing /opt/airflow/dags/hello_airflow.py took 0.170 seconds
[2026-08-13T09:31:56.354+0000] {processor.py:161} INFO - Started process (PID=5662) to work on /opt/airflow/dags/hello_airflow.py
[2026-08-13T09:31:56.355+0000] {processor.py:830} INFO - Processing file /opt/airflow/dags/hello_airflow.py for tasks to queue
[2026-08-13T09:31:56.357+0000] {logging_mixin.py:188} INFO - [2026-08-13T09:31:56.357+0000] {dagbag.py:545} INFO - Filling up the DagBag from /opt/airflow/dags/hello_airflow.py
[2026-08-13T09:31:56.374+0000] {processor.py:840} INFO - DAG(s) 'hello_airflow' retrieved from /opt/airflow/dags/hello_airflow.py
[2026-08-13T09:31:56.402+0000] {logging_mixin.py:188} INFO - [2026-08-13T09:31:56.402+0000] {dag.py:3089} INFO - Sync 1 DAGs
[2026-08-13T09:31:56.415+0000] {logging_mixin.py:188} INFO - [2026-08-13T09:31:56.415+0000] {dag.py:3947} INFO - Setting next_dagrun for hello_airflow to None, run_after=None
[2026-08-13T09:31:56.438+0000] {processor.py:183} INFO - Processing /opt/airflow/dags/hello_airflow.py took 0.089 seconds
[2026-08-13T09:32:26.757+0000] {processor.py:161} INFO - Started process (PID=5696) to work on /opt/airflow/dags/hello_airflow.py
[2026-08-13T09:32:26.759+0000] {processor.py:830} INFO - Processing file /opt/airflow/dags/hello_airflow.py for tasks to queue
[2026-08-13T09:32:26.765+0000] {logging_mixin.py:188} INFO - [2026-08-13T09:32:26.764+0000] {dagbag.py:545} INFO - Filling up the DagBag from /opt/airflow/dags/hello_airflow.py
[2026-08-13T09:32:26.803+0000] {processor.py:840} INFO - DAG(s) 'hello_airflow' retrieved from /opt/airflow/dags/hello_airflow.py
[2026-08-13T09:32:26.866+0000] {logging_mixin.py:188} INFO - [2026-08-13T09:32:26.866+0000] {dag.py:3089} INFO - Sync 1 DAGs
[2026-08-13T09:32:26.894+0000] {logging_mixin.py:188} INFO - [2026-08-13T09:32:26.894+0000] {dag.py:3947} INFO - Setting next_dagrun for hello_airflow to None, run_after=None
[2026-08-13T09:32:26.938+0000] {processor.py:183} INFO - Processing /opt/airflow/dags/hello_airflow.py took 0.198 seconds
[2026-08-13T09:32:57.325+0000] {processor.py:161} INFO - Started process (PID=5720) to work on /opt/airflow/dags/hello_airflow.py
[2026-08-13T09:32:57.328+0000] {processor.py:830} INFO - Processing file /opt/airflow/dags/hello_airflow.py for tasks to queue
[2026-08-13T09:32:57.333+0000] {logging_mixin.py:188} INFO - [2026-08-13T09:32:57.332+0000] {dagbag.py:545} INFO - Filling up the DagBag from /opt/airflow/dags/hello_airflow.py
[2026-08-13T09:32:57.380+0000] {processor.py:840} INFO - DAG(s) 'hello_airflow' retrieved from /opt/airflow/dags/hello_airflow.py
[2026-08-13T09:32:57.457+0000] {logging_mixin.py:188} INFO - [2026-08-13T09:32:57.456+0000] {dag.py:3089} INFO - Sync 1 DAGs
[2026-08-13T09:32:57.488+0000] {logging_mixin.py:188} INFO - [2026-08-13T09:32:57.487+0000] {dag.py:3947} INFO - Setting next_dagrun for hello_airflow to None, run_after=None
[2026-08-13T09:32:57.543+0000] {processor.py:183} INFO - Processing /opt/airflow/dags/hello_airflow.py took 0.233 seconds
[2026-08-13T09:33:27.732+0000] {processor.py:161} INFO - Started process (PID=5744) to work on /opt/airflow/dags/hello_airflow.py
[2026-08-13T09:33:27.736+0000] {processor.py:830} INFO - Processing file /opt/airflow/dags/hello_airflow.py for tasks to queue
[2026-08-13T09:33:27.744+0000] {logging_mixin.py:188} INFO - [2026-08-13T09:33:27.743+0000] {dagbag.py:545} INFO - Filling up the DagBag from /opt/airflow/dags/hello_airflow.py
[2026-08-13T09:33:27.809+0000] {processor.py:840} INFO - DAG(s) 'hello_airflow' retrieved from /opt/airflow/dags/hello_airflow.py
[2026-08-13T09:33:27.913+0000] {logging_mixin.py:188} INFO - [2026-08-13T09:33:27.912+0000] {dag.py:3089} INFO - Sync 1 DAGs
[2026-08-13T09:33:27.956+0000] {logging_mixin.py:188} INFO - [2026-08-13T09:33:27.955+0000] {dag.py:3947} INFO - Setting next_dagrun for hello_airflow to None, run_after=None
[2026-08-13T09:33:28.021+0000] {processor.py:183} INFO - Processing /opt/airflow/dags/hello_airflow.py took 0.313 seconds
[2026-08-13T09:33:58.511+0000] {processor.py:161} INFO - Started process (PID=5768) to work on /opt/airflow/dags/hello_airflow.py
[2026-08-13T09:33:58.512+0000] {processor.py:830} INFO - Processing file /opt/airflow/dags/hello_airflow.py for tasks to queue
[2026-08-13T09:33:58.514+0000] {logging_mixin.py:188} INFO - [2026-08-13T09:33:58.514+0000] {dagbag.py:545} INFO - Filling up the DagBag from /opt/airflow/dags/hello_airflow.py
[2026-08-13T09:33:58.535+0000] {processor.py:840} INFO - DAG(s) 'hello_airflow' retrieved from /opt/airflow/dags/hello_airflow.py
[2026-08-13T09:33:58.566+0000] {logging_mixin.py:188} INFO - [2026-08-13T09:33:58.565+0000] {dag.py:3089} INFO - Sync 1 DAGs
[2026-08-13T09:33:58.580+0000] {logging_mixin.py:188} INFO - [2026-08-13T09:33:58.580+0000] {dag.py:3947} INFO - Setting next_dagrun for hello_airflow to None, run_after=None
[2026-08-13T09:33:58.613+0000] {processor.py:183} INFO - Processing /opt/airflow/dags/hello_airflow.py took 0.109 seconds
[2026-08-13T09:34:28.838+0000] {processor.py:161} INFO - Started process (PID=5792) to work on /opt/airflow/dags/hello_airflow.py
[2026-08-13T09:34:28.841+0000] {processor.py:830} INFO - Processing file /opt/airflow/dags/hello_airflow.py for tasks to queue
[2026-08-13T09:34:28.851+0000] {logging_mixin.py:188} INFO - [2026-08-13T09:34:28.849+0000] {dagbag.py:545} INFO - Filling up the DagBag from /opt/airflow/dags/hello_airflow.py
[2026-08-13T09:34:28.934+0000] {processor.py:840} INFO - DAG(s) 'hello_airflow' retrieved from /opt/airflow/dags/hello_airflow.py
[2026-08-13T09:34:29.375+0000] {logging_mixin.py:188} INFO - [2026-08-13T09:34:29.371+0000] {dag.py:3089} INFO - Sync 1 DAGs
[2026-08-13T09:34:29.512+0000] {logging_mixin.py:188} INFO - [2026-08-13T09:34:29.511+0000] {dag.py:3947} INFO - Setting next_dagrun for hello_airflow to None, run_after=None
[2026-08-13T09:34:29.714+0000] {processor.py:183} INFO - Processing /opt/airflow/dags/hello_airflow.py took 0.897 seconds
[2026-08-13T09:35:00.005+0000] {processor.py:161} INFO - Started process (PID=5816) to work on /opt/airflow/dags/hello_airflow.py
[2026-08-13T09:35:00.009+0000] {processor.py:830} INFO - Processing file /opt/airflow/dags/hello_airflow.py for tasks to queue
[2026-08-13T09:35:00.016+0000] {logging_mixin.py:188} INFO - [2026-08-13T09:35:00.015+0000] {dagbag.py:545} INFO - Filling up the DagBag from /opt/airflow/dags/hello_airflow.py
[2026-08-13T09:35:00.065+0000] {processor.py:840} INFO - DAG(s) 'hello_airflow' retrieved from /opt/airflow/dags/hello_airflow.py
[2026-08-13T09:35:00.147+0000] {logging_mixin.py:188} INFO - [2026-08-13T09:35:00.147+0000] {dag.py:3089} INFO - Sync 1 DAGs
[2026-08-13T09:35:00.186+0000] {logging_mixin.py:188} INFO - [2026-08-13T09:35:00.185+0000] {dag.py:3947} INFO - Setting next_dagrun for hello_airflow to None, run_after=None
[2026-08-13T09:35:00.239+0000] {processor.py:183} INFO - Processing /opt/airflow/dags/hello_airflow.py took 0.251 seconds
[2026-08-13T09:35:30.531+0000] {processor.py:161} INFO - Started process (PID=5840) to work on /opt/airflow/dags/hello_airflow.py
[2026-08-13T09:35:30.532+0000] {processor.py:830} INFO - Processing file /opt/airflow/dags/hello_airflow.py for tasks to queue
[2026-08-13T09:35:30.535+0000] {logging_mixin.py:188} INFO - [2026-08-13T09:35:30.534+0000] {dagbag.py:545} INFO - Filling up the DagBag from /opt/airflow/dags/hello_airflow.py
[2026-08-13T09:35:30.553+0000] {processor.py:840} INFO - DAG(s) 'hello_airflow' retrieved from /opt/airflow/dags/hello_airflow.py
[2026-08-13T09:35:30.584+0000] {logging_mixin.py:188} INFO - [2026-08-13T09:35:30.584+0000] {dag.py:3089} INFO - Sync 1 DAGs
[2026-08-13T09:35:30.605+0000] {logging_mixin.py:188} INFO - [2026-08-13T09:35:30.605+0000] {dag.py:3947} INFO - Setting next_dagrun for hello_airflow to None, run_after=None
[2026-08-13T09:35:30.629+0000] {processor.py:183} INFO - Processing /opt/airflow/dags/hello_airflow.py took 0.105 seconds
[2026-08-13T09:36:00.934+0000] {processor.py:161} INFO - Started process (PID=5865) to work on /opt/airflow/dags/hello_airflow.py
[2026-08-13T09:36:00.935+0000] {processor.py:830} INFO - Processing file /opt/airflow/dags/hello_airflow.py for tasks to queue
[2026-08-13T09:36:00.937+0000] {logging_mixin.py:188} INFO - [2026-08-13T09:36:00.937+0000] {dagbag.py:545} INFO - Filling up the DagBag from /opt/airflow/dags/hello_airflow.py
[2026-08-13T09:36:00.951+0000] {processor.py:840} INFO - DAG(s) 'hello_airflow' retrieved from /opt/airflow/dags/hello_airflow.py
[2026-08-13T09:36:00.976+0000] {logging_mixin.py:188} INFO - [2026-08-13T09:36:00.976+0000] {dag.py:3089} INFO - Sync 1 DAGs
[2026-08-13T09:36:00.987+0000] {logging_mixin.py:188} INFO - [2026-08-13T09:36:00.987+0000] {dag.py:3947} INFO - Setting next_dagrun for hello_airflow to None, run_after=None
[2026-08-13T09:36:01.005+0000] {processor.py:183} INFO - Processing /opt/airflow/dags/hello_airflow.py took 0.077 seconds
[2026-08-13T09:36:31.218+0000] {processor.py:161} INFO - Started process (PID=5896) to work on /opt/airflow/dags/hello_airflow.py
[2026-08-13T09:36:31.221+0000] {processor.py:830} INFO - Processing file /opt/airflow/dags/hello_airflow.py for tasks to queue
[2026-08-13T09:36:31.225+0000] {logging_mixin.py:188} INFO - [2026-08-13T09:36:31.224+0000] {dagbag.py:545} INFO - Filling up the DagBag from /opt/airflow/dags/hello_airflow.py
[2026-08-13T09:36:31.263+0000] {processor.py:840} INFO - DAG(s) 'hello_airflow' retrieved from /opt/airflow/dags/hello_airflow.py
[2026-08-13T09:36:31.318+0000] {logging_mixin.py:188} INFO - [2026-08-13T09:36:31.317+0000] {dag.py:3089} INFO - Sync 1 DAGs
[2026-08-13T09:36:31.344+0000] {logging_mixin.py:188} INFO - [2026-08-13T09:36:31.343+0000] {dag.py:3947} INFO - Setting next_dagrun for hello_airflow to None, run_after=None
[2026-08-13T09:36:31.381+0000] {processor.py:183} INFO - Processing /opt/airflow/dags/hello_airflow.py took 0.174 seconds
[2026-08-13T09:37:01.466+0000] {processor.py:161} INFO - Started process (PID=5920) to work on /opt/airflow/dags/hello_airflow.py
[2026-08-13T09:37:01.467+0000] {processor.py:830} INFO - Processing file /opt/airflow/dags/hello_airflow.py for tasks to queue
[2026-08-13T09:37:01.469+0000] {logging_mixin.py:188} INFO - [2026-08-13T09:37:01.469+0000] {dagbag.py:545} INFO - Filling up the DagBag from /opt/airflow/dags/hello_airflow.py
[2026-08-13T09:37:01.485+0000] {processor.py:840} INFO - DAG(s) 'hello_airflow' retrieved from /opt/airflow/dags/hello_airflow.py
[2026-08-13T09:37:01.509+0000] {logging_mixin.py:188} INFO - [2026-08-13T09:37:01.509+0000] {dag.py:3089} INFO - Sync 1 DAGs
[2026-08-13T09:37:01.520+0000] {logging_mixin.py:188} INFO - [2026-08-13T09:37:01.520+0000] {dag.py:3947} INFO - Setting next_dagrun for hello_airflow to None, run_after=None
[2026-08-13T09:37:01.537+0000] {processor.py:183} INFO - Processing /opt/airflow/dags/hello_airflow.py took 0.077 seconds
[2026-08-13T09:37:31.717+0000] {processor.py:161} INFO - Started process (PID=5944) to work on /opt/airflow/dags/hello_airflow.py
[2026-08-13T09:37:31.718+0000] {processor.py:830} INFO - Processing file /opt/airflow/dags/hello_airflow.py for tasks to queue
[2026-08-13T09:37:31.720+0000] {logging_mixin.py:188} INFO - [2026-08-13T09:37:31.720+0000] {dagbag.py:545} INFO - Filling up the DagBag from /opt/airflow/dags/hello_airflow.py
[2026-08-13T09:37:31.734+0000] {processor.py:840} INFO - DAG(s) 'hello_airflow' retrieved from /opt/airflow/dags/hello_airflow.py
[2026-08-13T09:37:31.759+0000] {logging_mixin.py:188} INFO - [2026-08-13T09:37:31.758+0000] {dag.py:3089} INFO - Sync 1 DAGs
[2026-08-13T09:37:31.769+0000] {logging_mixin.py:188} INFO - [2026-08-13T09:37:31.769+0000] {dag.py:3947} INFO - Setting next_dagrun for hello_airflow to None, run_after=None
[2026-08-13T09:37:31.786+0000] {processor.py:183} INFO - Processing /opt/airflow/dags/hello_airflow.py took 0.074 seconds
[2026-08-13T09:38:02.014+0000] {processor.py:161} INFO - Started process (PID=5975) to work on /opt/airflow/dags/hello_airflow.py
[2026-08-13T09:38:02.015+0000] {processor.py:830} INFO - Processing file /opt/airflow/dags/hello_airflow.py for tasks to queue
[2026-08-13T09:38:02.018+0000] {logging_mixin.py:188} INFO - [2026-08-13T09:38:02.017+0000] {dagbag.py:545} INFO - Filling up the DagBag from /opt/airflow/dags/hello_airflow.py
[2026-08-13T09:38:02.036+0000] {processor.py:840} INFO - DAG(s) 'hello_airflow' retrieved from /opt/airflow/dags/hello_airflow.py
[2026-08-13T09:38:02.067+0000] {logging_mixin.py:188} INFO - [2026-08-13T09:38:02.066+0000] {dag.py:3089} INFO - Sync 1 DAGs
[2026-08-13T09:38:02.082+0000] {logging_mixin.py:188} INFO - [2026-08-13T09:38:02.082+0000] {dag.py:3947} INFO - Setting next_dagrun for hello_airflow to None, run_after=None
[2026-08-13T09:38:02.105+0000] {processor.py:183} INFO - Processing /opt/airflow/dags/hello_airflow.py took 0.097 seconds
[2026-08-13T09:38:32.366+0000] {processor.py:161} INFO - Started process (PID=5999) to work on /opt/airflow/dags/hello_airflow.py
[2026-08-13T09:38:32.367+0000] {processor.py:830} INFO - Processing file /opt/airflow/dags/hello_airflow.py for tasks to queue
[2026-08-13T09:38:32.370+0000] {logging_mixin.py:188} INFO - [2026-08-13T09:38:32.369+0000] {dagbag.py:545} INFO - Filling up the DagBag from /opt/airflow/dags/hello_airflow.py
[2026-08-13T09:38:32.386+0000] {processor.py:840} INFO - DAG(s) 'hello_airflow' retrieved from /opt/airflow/dags/hello_airflow.py
[2026-08-13T09:38:32.414+0000] {logging_mixin.py:188} INFO - [2026-08-13T09:38:32.414+0000] {dag.py:3089} INFO - Sync 1 DAGs
[2026-08-13T09:38:32.427+0000] {logging_mixin.py:188} INFO - [2026-08-13T09:38:32.427+0000] {dag.py:3947} INFO - Setting next_dagrun for hello_airflow to None, run_after=None
[2026-08-13T09:38:32.448+0000] {processor.py:183} INFO - Processing /opt/airflow/dags/hello_airflow.py took 0.088 seconds
[2026-08-13T09:39:02.621+0000] {processor.py:161} INFO - Started process (PID=6030) to work on /opt/airflow/dags/hello_airflow.py
[2026-08-13T09:39:02.622+0000] {processor.py:830} INFO - Processing file /opt/airflow/dags/hello_airflow.py for tasks to queue
[2026-08-13T09:39:02.625+0000] {logging_mixin.py:188} INFO - [2026-08-13T09:39:02.624+0000] {dagbag.py:545} INFO - Filling up the DagBag from /opt/airflow/dags/hello_airflow.py
[2026-08-13T09:39:02.639+0000] {processor.py:840} INFO - DAG(s) 'hello_airflow' retrieved from /opt/airflow/dags/hello_airflow.py
[2026-08-13T09:39:02.666+0000] {logging_mixin.py:188} INFO - [2026-08-13T09:39:02.666+0000] {dag.py:3089} INFO - Sync 1 DAGs
[2026-08-13T09:39:02.678+0000] {logging_mixin.py:188} INFO - [2026-08-13T09:39:02.678+0000] {dag.py:3947} INFO - Setting next_dagrun for hello_airflow to None, run_after=None
[2026-08-13T09:39:02.696+0000] {processor.py:183} INFO - Processing /opt/airflow/dags/hello_airflow.py took 0.082 seconds
[2026-08-13T09:39:33.003+0000] {processor.py:161} INFO - Started process (PID=6054) to work on /opt/airflow/dags/hello_airflow.py
[2026-08-13T09:39:33.006+0000] {processor.py:830} INFO - Processing file /opt/airflow/dags/hello_airflow.py for tasks to queue
[2026-08-13T09:39:33.012+0000] {logging_mixin.py:188} INFO - [2026-08-13T09:39:33.011+0000] {dagbag.py:545} INFO - Filling up the DagBag from /opt/airflow/dags/hello_airflow.py
[2026-08-13T09:39:33.048+0000] {processor.py:840} INFO - DAG(s) 'hello_airflow' retrieved from /opt/airflow/dags/hello_airflow.py
[2026-08-13T09:39:33.108+0000] {logging_mixin.py:188} INFO - [2026-08-13T09:39:33.107+0000] {dag.py:3089} INFO - Sync 1 DAGs
[2026-08-13T09:39:33.134+0000] {logging_mixin.py:188} INFO - [2026-08-13T09:39:33.133+0000] {dag.py:3947} INFO - Setting next_dagrun for hello_airflow to None, run_after=None
[2026-08-13T09:39:33.175+0000] {processor.py:183} INFO - Processing /opt/airflow/dags/hello_airflow.py took 0.186 seconds
[2026-08-13T09:40:03.241+0000] {processor.py:161} INFO - Started process (PID=6078) to work on /opt/airflow/dags/hello_airflow.py
[2026-08-13T09:40:03.242+0000] {processor.py:830} INFO - Processing file /opt/airflow/dags/hello_airflow.py for tasks to queue
[2026-08-13T09:40:03.244+0000] {logging_mixin.py:188} INFO - [2026-08-13T09:40:03.243+0000] {dagbag.py:545} INFO - Filling up the DagBag from /opt/airflow/dags/hello_airflow.py
[2026-08-13T09:40:03.258+0000] {processor.py:840} INFO - DAG(s) 'hello_airflow' retrieved from /opt/airflow/dags/hello_airflow.py
[2026-08-13T09:40:03.283+0000] {logging_mixin.py:188} INFO - [2026-08-13T09:40:03.283+0000] {dag.py:3089} INFO - Sync 1 DAGs
[2026-08-13T09:40:03.294+0000] {logging_mixin.py:188} INFO - [2026-08-13T09:40:03.294+0000] {dag.py:3947} INFO - Setting next_dagrun for hello_airflow to None, run_after=None
[2026-08-13T09:40:03.311+0000] {processor.py:183} INFO - Processing /opt/airflow/dags/hello_airflow.py took 0.076 seconds
[2026-08-13T09:40:33.522+0000] {processor.py:161} INFO - Started process (PID=6110) to work on /opt/airflow/dags/hello_airflow.py
[2026-08-13T09:40:33.525+0000] {processor.py:830} INFO - Processing file /opt/airflow/dags/hello_airflow.py for tasks to queue
[2026-08-13T09:40:33.529+0000] {logging_mixin.py:188} INFO - [2026-08-13T09:40:33.529+0000] {dagbag.py:545} INFO - Filling up the DagBag from /opt/airflow/dags/hello_airflow.py
[2026-08-13T09:40:33.562+0000] {processor.py:840} INFO - DAG(s) 'hello_airflow' retrieved from /opt/airflow/dags/hello_airflow.py
[2026-08-13T09:40:33.618+0000] {logging_mixin.py:188} INFO - [2026-08-13T09:40:33.617+0000] {dag.py:3089} INFO - Sync 1 DAGs
[2026-08-13T09:40:33.643+0000] {logging_mixin.py:188} INFO - [2026-08-13T09:40:33.642+0000] {dag.py:3947} INFO - Setting next_dagrun for hello_airflow to None, run_after=None
[2026-08-13T09:40:33.681+0000] {processor.py:183} INFO - Processing /opt/airflow/dags/hello_airflow.py took 0.172 seconds
[2026-08-13T09:41:03.993+0000] {processor.py:161} INFO - Started process (PID=6134) to work on /opt/airflow/dags/hello_airflow.py
[2026-08-13T09:41:03.994+0000] {processor.py:830} INFO - Processing file /opt/airflow/dags/hello_airflow.py for tasks to queue
[2026-08-13T09:41:03.997+0000] {logging_mixin.py:188} INFO - [2026-08-13T09:41:03.997+0000] {dagbag.py:545} INFO - Filling up the DagBag from /opt/airflow/dags/hello_airflow.py
[2026-08-13T09:41:04.015+0000] {processor.py:840} INFO - DAG(s) 'hello_airflow' retrieved from /opt/airflow/dags/hello_airflow.py
[2026-08-13T09:41:04.038+0000] {logging_mixin.py:188} INFO - [2026-08-13T09:41:04.038+0000] {dag.py:3089} INFO - Sync 1 DAGs
[2026-08-13T09:41:04.049+0000] {logging_mixin.py:188} INFO - [2026-08-13T09:41:04.049+0000] {dag.py:3947} INFO - Setting next_dagrun for hello_airflow to None, run_after=None
[2026-08-13T09:41:04.067+0000] {processor.py:183} INFO - Processing /opt/airflow/dags/hello_airflow.py took 0.079 seconds
[2026-08-13T09:41:34.236+0000] {processor.py:161} INFO - Started process (PID=6158) to work on /opt/airflow/dags/hello_airflow.py
[2026-08-13T09:41:34.238+0000] {processor.py:830} INFO - Processing file /opt/airflow/dags/hello_airflow.py for tasks to queue
[2026-08-13T09:41:34.240+0000] {logging_mixin.py:188} INFO - [2026-08-13T09:41:34.240+0000] {dagbag.py:545} INFO - Filling up the DagBag from /opt/airflow/dags/hello_airflow.py
[2026-08-13T09:41:34.256+0000] {processor.py:840} INFO - DAG(s) 'hello_airflow' retrieved from /opt/airflow/dags/hello_airflow.py
[2026-08-13T09:41:34.282+0000] {logging_mixin.py:188} INFO - [2026-08-13T09:41:34.282+0000] {dag.py:3089} INFO - Sync 1 DAGs
[2026-08-13T09:41:34.295+0000] {logging_mixin.py:188} INFO - [2026-08-13T09:41:34.295+0000] {dag.py:3947} INFO - Setting next_dagrun for hello_airflow to None, run_after=None
[2026-08-13T09:41:34.314+0000] {processor.py:183} INFO - Processing /opt/airflow/dags/hello_airflow.py took 0.084 seconds
[2026-08-13T09:42:04.613+0000] {processor.py:161} INFO - Started process (PID=6189) to work on /opt/airflow/dags/hello_airflow.py
[2026-08-13T09:42:04.615+0000] {processor.py:830} INFO - Processing file /opt/airflow/dags/hello_airflow.py for tasks to queue
[2026-08-13T09:42:04.619+0000] {logging_mixin.py:188} INFO - [2026-08-13T09:42:04.619+0000] {dagbag.py:545} INFO - Filling up the DagBag from /opt/airflow/dags/hello_airflow.py
[2026-08-13T09:42:04.650+0000] {processor.py:840} INFO - DAG(s) 'hello_airflow' retrieved from /opt/airflow/dags/hello_airflow.py
[2026-08-13T09:42:04.706+0000] {logging_mixin.py:188} INFO - [2026-08-13T09:42:04.705+0000] {dag.py:3089} INFO - Sync 1 DAGs
[2026-08-13T09:42:04.727+0000] {logging_mixin.py:188} INFO - [2026-08-13T09:42:04.726+0000] {dag.py:3947} INFO - Setting next_dagrun for hello_airflow to None, run_after=None
[2026-08-13T09:42:04.761+0000] {processor.py:183} INFO - Processing /opt/airflow/dags/hello_airflow.py took 0.163 seconds
[2026-08-13T09:42:35.049+0000] {processor.py:161} INFO - Started process (PID=6213) to work on /opt/airflow/dags/hello_airflow.py
[2026-08-13T09:42:35.050+0000] {processor.py:830} INFO - Processing file /opt/airflow/dags/hello_airflow.py for tasks to queue
[2026-08-13T09:42:35.053+0000] {logging_mixin.py:188} INFO - [2026-08-13T09:42:35.053+0000] {dagbag.py:545} INFO - Filling up the DagBag from /opt/airflow/dags/hello_airflow.py
[2026-08-13T09:42:35.073+0000] {processor.py:840} INFO - DAG(s) 'hello_airflow' retrieved from /opt/airflow/dags/hello_airflow.py
[2026-08-13T09:42:35.109+0000] {logging_mixin.py:188} INFO - [2026-08-13T09:42:35.109+0000] {dag.py:3089} INFO - Sync 1 DAGs
[2026-08-13T09:42:35.124+0000] {logging_mixin.py:188} INFO - [2026-08-13T09:42:35.124+0000] {dag.py:3947} INFO - Setting next_dagrun for hello_airflow to None, run_after=None
[2026-08-13T09:42:35.148+0000] {processor.py:183} INFO - Processing /opt/airflow/dags/hello_airflow.py took 0.106 seconds
[2026-08-13T09:43:05.444+0000] {processor.py:161} INFO - Started process (PID=6237) to work on /opt/airflow/dags/hello_airflow.py
[2026-08-13T09:43:05.445+0000] {processor.py:830} INFO - Processing file /opt/airflow/dags/hello_airflow.py for tasks to queue
[2026-08-13T09:43:05.448+0000] {logging_mixin.py:188} INFO - [2026-08-13T09:43:05.447+0000] {dagbag.py:545} INFO - Filling up the DagBag from /opt/airflow/dags/hello_airflow.py
[2026-08-13T09:43:05.471+0000] {processor.py:840} INFO - DAG(s) 'hello_airflow' retrieved from /opt/airflow/dags/hello_airflow.py
[2026-08-13T09:43:05.505+0000] {logging_mixin.py:188} INFO - [2026-08-13T09:43:05.504+0000] {dag.py:3089} INFO - Sync 1 DAGs
[2026-08-13T09:43:05.519+0000] {logging_mixin.py:188} INFO - [2026-08-13T09:43:05.519+0000] {dag.py:3947} INFO - Setting next_dagrun for hello_airflow to None, run_after=None
[2026-08-13T09:43:05.542+0000] {processor.py:183} INFO - Processing /opt/airflow/dags/hello_airflow.py took 0.105 seconds
[2026-08-13T09:43:35.705+0000] {processor.py:161} INFO - Started process (PID=6261) to work on /opt/airflow/dags/hello_airflow.py
[2026-08-13T09:43:35.706+0000] {processor.py:830} INFO - Processing file /opt/airflow/dags/hello_airflow.py for tasks to queue
[2026-08-13T09:43:35.709+0000] {logging_mixin.py:188} INFO - [2026-08-13T09:43:35.709+0000] {dagbag.py:545} INFO - Filling up the DagBag from /opt/airflow/dags/hello_airflow.py
[2026-08-13T09:43:35.730+0000] {processor.py:840} INFO - DAG(s) 'hello_airflow' retrieved from /opt/airflow/dags/hello_airflow.py
[2026-08-13T09:43:35.773+0000] {logging_mixin.py:188} INFO - [2026-08-13T09:43:35.773+0000] {dag.py:3089} INFO - Sync 1 DAGs
[2026-08-13T09:43:35.791+0000] {logging_mixin.py:188} INFO - [2026-08-13T09:43:35.791+0000] {dag.py:3947} INFO - Setting next_dagrun for hello_airflow to None, run_after=None
[2026-08-13T09:43:35.818+0000] {processor.py:183} INFO - Processing /opt/airflow/dags/hello_airflow.py took 0.121 seconds
[2026-08-13T09:44:06.002+0000] {processor.py:161} INFO - Started process (PID=6286) to work on /opt/airflow/dags/hello_airflow.py
[2026-08-13T09:44:06.003+0000] {processor.py:830} INFO - Processing file /opt/airflow/dags/hello_airflow.py for tasks to queue
[2026-08-13T09:44:06.005+0000] {logging_mixin.py:188} INFO - [2026-08-13T09:44:06.005+0000] {dagbag.py:545} INFO - Filling up the DagBag from /opt/airflow/dags/hello_airflow.py
[2026-08-13T09:44:06.017+0000] {processor.py:840} INFO - DAG(s) 'hello_airflow' retrieved from /opt/airflow/dags/hello_airflow.py
[2026-08-13T09:44:06.042+0000] {logging_mixin.py:188} INFO - [2026-08-13T09:44:06.042+0000] {dag.py:3089} INFO - Sync 1 DAGs
[2026-08-13T09:44:06.055+0000] {logging_mixin.py:188} INFO - [2026-08-13T09:44:06.054+0000] {dag.py:3947} INFO - Setting next_dagrun for hello_airflow to None, run_after=None
[2026-08-13T09:44:06.073+0000] {processor.py:183} INFO - Processing /opt/airflow/dags/hello_airflow.py took 0.076 seconds
[2026-08-13T09:44:36.289+0000] {processor.py:161} INFO - Started process (PID=6317) to work on /opt/airflow/dags/hello_airflow.py
[2026-08-13T09:44:36.290+0000] {processor.py:830} INFO - Processing file /opt/airflow/dags/hello_airflow.py for tasks to queue
[2026-08-13T09:44:36.292+0000] {logging_mixin.py:188} INFO - [2026-08-13T09:44:36.292+0000] {dagbag.py:545} INFO - Filling up the DagBag from /opt/airflow/dags/hello_airflow.py
[2026-08-13T09:44:36.307+0000] {processor.py:840} INFO - DAG(s) 'hello_airflow' retrieved from /opt/airflow/dags/hello_airflow.py
[2026-08-13T09:44:36.332+0000] {logging_mixin.py:188} INFO - [2026-08-13T09:44:36.332+0000] {dag.py:3089} INFO - Sync 1 DAGs
[2026-08-13T09:44:36.345+0000] {logging_mixin.py:188} INFO - [2026-08-13T09:44:36.345+0000] {dag.py:3947} INFO - Setting next_dagrun for hello_airflow to None, run_after=None
[2026-08-13T09:44:36.366+0000] {processor.py:183} INFO - Processing /opt/airflow/dags/hello_airflow.py took 0.083 seconds
[2026-08-13T09:45:06.548+0000] {processor.py:161} INFO - Started process (PID=6341) to work on /opt/airflow/dags/hello_airflow.py
[2026-08-13T09:45:06.549+0000] {processor.py:830} INFO - Processing file /opt/airflow/dags/hello_airflow.py for tasks to queue
[2026-08-13T09:45:06.552+0000] {logging_mixin.py:188} INFO - [2026-08-13T09:45:06.551+0000] {dagbag.py:545} INFO - Filling up the DagBag from /opt/airflow/dags/hello_airflow.py
[2026-08-13T09:45:06.566+0000] {processor.py:840} INFO - DAG(s) 'hello_airflow' retrieved from /opt/airflow/dags/hello_airflow.py
[2026-08-13T09:45:06.592+0000] {logging_mixin.py:188} INFO - [2026-08-13T09:45:06.592+0000] {dag.py:3089} INFO - Sync 1 DAGs
[2026-08-13T09:45:06.603+0000] {logging_mixin.py:188} INFO - [2026-08-13T09:45:06.603+0000] {dag.py:3947} INFO - Setting next_dagrun for hello_airflow to None, run_after=None
[2026-08-13T09:45:06.619+0000] {processor.py:183} INFO - Processing /opt/airflow/dags/hello_airflow.py took 0.078 seconds
[2026-08-13T09:45:36.988+0000] {processor.py:161} INFO - Started process (PID=6372) to work on /opt/airflow/dags/hello_airflow.py
[2026-08-13T09:45:36.993+0000] {processor.py:830} INFO - Processing file /opt/airflow/dags/hello_airflow.py for tasks to queue
[2026-08-13T09:45:37.002+0000] {logging_mixin.py:188} INFO - [2026-08-13T09:45:37.001+0000] {dagbag.py:545} INFO - Filling up the DagBag from /opt/airflow/dags/hello_airflow.py
[2026-08-13T09:45:37.070+0000] {processor.py:840} INFO - DAG(s) 'hello_airflow' retrieved from /opt/airflow/dags/hello_airflow.py
[2026-08-13T09:45:37.180+0000] {logging_mixin.py:188} INFO - [2026-08-13T09:45:37.179+0000] {dag.py:3089} INFO - Sync 1 DAGs
[2026-08-13T09:45:37.233+0000] {logging_mixin.py:188} INFO - [2026-08-13T09:45:37.232+0000] {dag.py:3947} INFO - Setting next_dagrun for hello_airflow to None, run_after=None
[2026-08-13T09:45:37.301+0000] {processor.py:183} INFO - Processing /opt/airflow/dags/hello_airflow.py took 0.348 seconds
[2026-08-13T09:46:07.588+0000] {processor.py:161} INFO - Started process (PID=6396) to work on /opt/airflow/dags/hello_airflow.py
[2026-08-13T09:46:07.589+0000] {processor.py:830} INFO - Processing file /opt/airflow/dags/hello_airflow.py for tasks to queue
[2026-08-13T09:46:07.591+0000] {logging_mixin.py:188} INFO - [2026-08-13T09:46:07.591+0000] {dagbag.py:545} INFO - Filling up the DagBag from /opt/airflow/dags/hello_airflow.py
[2026-08-13T09:46:07.607+0000] {processor.py:840} INFO - DAG(s) 'hello_airflow' retrieved from /opt/airflow/dags/hello_airflow.py
[2026-08-13T09:46:07.633+0000] {logging_mixin.py:188} INFO - [2026-08-13T09:46:07.633+0000] {dag.py:3089} INFO - Sync 1 DAGs
[2026-08-13T09:46:07.646+0000] {logging_mixin.py:188} INFO - [2026-08-13T09:46:07.646+0000] {dag.py:3947} INFO - Setting next_dagrun for hello_airflow to None, run_after=None
[2026-08-13T09:46:07.666+0000] {processor.py:183} INFO - Processing /opt/airflow/dags/hello_airflow.py took 0.085 seconds
[2026-08-13T09:46:37.944+0000] {processor.py:161} INFO - Started process (PID=6420) to work on /opt/airflow/dags/hello_airflow.py
[2026-08-13T09:46:37.946+0000] {processor.py:830} INFO - Processing file /opt/airflow/dags/hello_airflow.py for tasks to queue
[2026-08-13T09:46:37.948+0000] {logging_mixin.py:188} INFO - [2026-08-13T09:46:37.948+0000] {dagbag.py:545} INFO - Filling up the DagBag from /opt/airflow/dags/hello_airflow.py
[2026-08-13T09:46:37.962+0000] {processor.py:840} INFO - DAG(s) 'hello_airflow' retrieved from /opt/airflow/dags/hello_airflow.py
[2026-08-13T09:46:37.988+0000] {logging_mixin.py:188} INFO - [2026-08-13T09:46:37.988+0000] {dag.py:3089} INFO - Sync 1 DAGs
[2026-08-13T09:46:37.999+0000] {logging_mixin.py:188} INFO - [2026-08-13T09:46:37.999+0000] {dag.py:3947} INFO - Setting next_dagrun for hello_airflow to None, run_after=None
[2026-08-13T09:46:38.017+0000] {processor.py:183} INFO - Processing /opt/airflow/dags/hello_airflow.py took 0.079 seconds
[2026-08-13T09:47:08.300+0000] {processor.py:161} INFO - Started process (PID=6452) to work on /opt/airflow/dags/hello_airflow.py
[2026-08-13T09:47:08.302+0000] {processor.py:830} INFO - Processing file /opt/airflow/dags/hello_airflow.py for tasks to queue
[2026-08-13T09:47:08.305+0000] {logging_mixin.py:188} INFO - [2026-08-13T09:47:08.305+0000] {dagbag.py:545} INFO - Filling up the DagBag from /opt/airflow/dags/hello_airflow.py
[2026-08-13T09:47:08.329+0000] {processor.py:840} INFO - DAG(s) 'hello_airflow' retrieved from /opt/airflow/dags/hello_airflow.py
[2026-08-13T09:47:08.376+0000] {logging_mixin.py:188} INFO - [2026-08-13T09:47:08.376+0000] {dag.py:3089} INFO - Sync 1 DAGs
[2026-08-13T09:47:08.398+0000] {logging_mixin.py:188} INFO - [2026-08-13T09:47:08.398+0000] {dag.py:3947} INFO - Setting next_dagrun for hello_airflow to None, run_after=None
[2026-08-13T09:47:08.428+0000] {processor.py:183} INFO - Processing /opt/airflow/dags/hello_airflow.py took 0.137 seconds
[2026-08-13T09:47:38.698+0000] {processor.py:161} INFO - Started process (PID=6476) to work on /opt/airflow/dags/hello_airflow.py
[2026-08-13T09:47:38.699+0000] {processor.py:830} INFO - Processing file /opt/airflow/dags/hello_airflow.py for tasks to queue
[2026-08-13T09:47:38.701+0000] {logging_mixin.py:188} INFO - [2026-08-13T09:47:38.701+0000] {dagbag.py:545} INFO - Filling up the DagBag from /opt/airflow/dags/hello_airflow.py
[2026-08-13T09:47:38.715+0000] {processor.py:840} INFO - DAG(s) 'hello_airflow' retrieved from /opt/airflow/dags/hello_airflow.py
[2026-08-13T09:47:38.740+0000] {logging_mixin.py:188} INFO - [2026-08-13T09:47:38.740+0000] {dag.py:3089} INFO - Sync 1 DAGs
[2026-08-13T09:47:38.751+0000] {logging_mixin.py:188} INFO - [2026-08-13T09:47:38.750+0000] {dag.py:3947} INFO - Setting next_dagrun for hello_airflow to None, run_after=None
[2026-08-13T09:47:38.768+0000] {processor.py:183} INFO - Processing /opt/airflow/dags/hello_airflow.py took 0.075 seconds
[2026-08-13T09:48:09.040+0000] {processor.py:161} INFO - Started process (PID=6507) to work on /opt/airflow/dags/hello_airflow.py
[2026-08-13T09:48:09.043+0000] {processor.py:830} INFO - Processing file /opt/airflow/dags/hello_airflow.py for tasks to queue
[2026-08-13T09:48:09.046+0000] {logging_mixin.py:188} INFO - [2026-08-13T09:48:09.045+0000] {dagbag.py:545} INFO - Filling up the DagBag from /opt/airflow/dags/hello_airflow.py
[2026-08-13T09:48:09.070+0000] {processor.py:840} INFO - DAG(s) 'hello_airflow' retrieved from /opt/airflow/dags/hello_airflow.py
[2026-08-13T09:48:09.106+0000] {logging_mixin.py:188} INFO - [2026-08-13T09:48:09.106+0000] {dag.py:3089} INFO - Sync 1 DAGs
[2026-08-13T09:48:09.125+0000] {logging_mixin.py:188} INFO - [2026-08-13T09:48:09.125+0000] {dag.py:3947} INFO - Setting next_dagrun for hello_airflow to None, run_after=None
[2026-08-13T09:48:09.151+0000] {processor.py:183} INFO - Processing /opt/airflow/dags/hello_airflow.py took 0.121 seconds
[2026-08-13T09:48:39.281+0000] {processor.py:161} INFO - Started process (PID=6531) to work on /opt/airflow/dags/hello_airflow.py
[2026-08-13T09:48:39.282+0000] {processor.py:830} INFO - Processing file /opt/airflow/dags/hello_airflow.py for tasks to queue
[2026-08-13T09:48:39.288+0000] {logging_mixin.py:188} INFO - [2026-08-13T09:48:39.288+0000] {dagbag.py:545} INFO - Filling up the DagBag from /opt/airflow/dags/hello_airflow.py
[2026-08-13T09:48:39.306+0000] {processor.py:840} INFO - DAG(s) 'hello_airflow' retrieved from /opt/airflow/dags/hello_airflow.py
[2026-08-13T09:48:39.336+0000] {logging_mixin.py:188} INFO - [2026-08-13T09:48:39.335+0000] {dag.py:3089} INFO - Sync 1 DAGs
[2026-08-13T09:48:39.349+0000] {logging_mixin.py:188} INFO - [2026-08-13T09:48:39.349+0000] {dag.py:3947} INFO - Setting next_dagrun for hello_airflow to None, run_after=None
[2026-08-13T09:48:39.370+0000] {processor.py:183} INFO - Processing /opt/airflow/dags/hello_airflow.py took 0.096 seconds
[2026-08-13T09:49:09.640+0000] {processor.py:161} INFO - Started process (PID=6555) to work on /opt/airflow/dags/hello_airflow.py
[2026-08-13T09:49:09.641+0000] {processor.py:830} INFO - Processing file /opt/airflow/dags/hello_airflow.py for tasks to queue
[2026-08-13T09:49:09.643+0000] {logging_mixin.py:188} INFO - [2026-08-13T09:49:09.642+0000] {dagbag.py:545} INFO - Filling up the DagBag from /opt/airflow/dags/hello_airflow.py
[2026-08-13T09:49:09.657+0000] {processor.py:840} INFO - DAG(s) 'hello_airflow' retrieved from /opt/airflow/dags/hello_airflow.py
[2026-08-13T09:49:09.679+0000] {logging_mixin.py:188} INFO - [2026-08-13T09:49:09.679+0000] {dag.py:3089} INFO - Sync 1 DAGs
[2026-08-13T09:49:09.694+0000] {logging_mixin.py:188} INFO - [2026-08-13T09:49:09.694+0000] {dag.py:3947} INFO - Setting next_dagrun for hello_airflow to None, run_after=None
[2026-08-13T09:49:09.711+0000] {processor.py:183} INFO - Processing /opt/airflow/dags/hello_airflow.py took 0.076 seconds
[2026-08-13T09:49:39.904+0000] {processor.py:161} INFO - Started process (PID=6586) to work on /opt/airflow/dags/hello_airflow.py
[2026-08-13T09:49:39.906+0000] {processor.py:830} INFO - Processing file /opt/airflow/dags/hello_airflow.py for tasks to queue
[2026-08-13T09:49:39.908+0000] {logging_mixin.py:188} INFO - [2026-08-13T09:49:39.908+0000] {dagbag.py:545} INFO - Filling up the DagBag from /opt/airflow/dags/hello_airflow.py
[2026-08-13T09:49:39.928+0000] {processor.py:840} INFO - DAG(s) 'hello_airflow' retrieved from /opt/airflow/dags/hello_airflow.py
[2026-08-13T09:49:39.961+0000] {logging_mixin.py:188} INFO - [2026-08-13T09:49:39.960+0000] {dag.py:3089} INFO - Sync 1 DAGs
[2026-08-13T09:49:39.977+0000] {logging_mixin.py:188} INFO - [2026-08-13T09:49:39.977+0000] {dag.py:3947} INFO - Setting next_dagrun for hello_airflow to None, run_after=None
[2026-08-13T09:49:40.003+0000] {processor.py:183} INFO - Processing /opt/airflow/dags/hello_airflow.py took 0.106 seconds
[2026-08-13T09:50:10.158+0000] {processor.py:161} INFO - Started process (PID=6610) to work on /opt/airflow/dags/hello_airflow.py
[2026-08-13T09:50:10.159+0000] {processor.py:830} INFO - Processing file /opt/airflow/dags/hello_airflow.py for tasks to queue
[2026-08-13T09:50:10.161+0000] {logging_mixin.py:188} INFO - [2026-08-13T09:50:10.161+0000] {dagbag.py:545} INFO - Filling up the DagBag from /opt/airflow/dags/hello_airflow.py
[2026-08-13T09:50:10.174+0000] {processor.py:840} INFO - DAG(s) 'hello_airflow' retrieved from /opt/airflow/dags/hello_airflow.py
[2026-08-13T09:50:10.198+0000] {logging_mixin.py:188} INFO - [2026-08-13T09:50:10.198+0000] {dag.py:3089} INFO - Sync 1 DAGs
[2026-08-13T09:50:10.210+0000] {logging_mixin.py:188} INFO - [2026-08-13T09:50:10.210+0000] {dag.py:3947} INFO - Setting next_dagrun for hello_airflow to None, run_after=None
[2026-08-13T09:50:10.227+0000] {processor.py:183} INFO - Processing /opt/airflow/dags/hello_airflow.py took 0.073 seconds
[2026-08-13T09:50:40.464+0000] {processor.py:161} INFO - Started process (PID=6640) to work on /opt/airflow/dags/hello_airflow.py
[2026-08-13T09:50:40.465+0000] {processor.py:830} INFO - Processing file /opt/airflow/dags/hello_airflow.py for tasks to queue
[2026-08-13T09:50:40.467+0000] {logging_mixin.py:188} INFO - [2026-08-13T09:50:40.467+0000] {dagbag.py:545} INFO - Filling up the DagBag from /opt/airflow/dags/hello_airflow.py
[2026-08-13T09:50:40.482+0000] {processor.py:840} INFO - DAG(s) 'hello_airflow' retrieved from /opt/airflow/dags/hello_airflow.py
[2026-08-13T09:50:40.507+0000] {logging_mixin.py:188} INFO - [2026-08-13T09:50:40.507+0000] {dag.py:3089} INFO - Sync 1 DAGs
[2026-08-13T09:50:40.518+0000] {logging_mixin.py:188} INFO - [2026-08-13T09:50:40.518+0000] {dag.py:3947} INFO - Setting next_dagrun for hello_airflow to None, run_after=None
[2026-08-13T09:50:40.538+0000] {processor.py:183} INFO - Processing /opt/airflow/dags/hello_airflow.py took 0.080 seconds
[2026-08-13T09:58:37.873+0000] {processor.py:161} INFO - Started process (PID=6651) to work on /opt/airflow/dags/hello_airflow.py
[2026-08-13T09:58:37.874+0000] {processor.py:830} INFO - Processing file /opt/airflow/dags/hello_airflow.py for tasks to queue
[2026-08-13T09:58:37.877+0000] {logging_mixin.py:188} INFO - [2026-08-13T09:58:37.876+0000] {dagbag.py:545} INFO - Filling up the DagBag from /opt/airflow/dags/hello_airflow.py
[2026-08-13T09:58:37.893+0000] {processor.py:840} INFO - DAG(s) 'hello_airflow' retrieved from /opt/airflow/dags/hello_airflow.py
[2026-08-13T09:58:37.922+0000] {logging_mixin.py:188} INFO - [2026-08-13T09:58:37.922+0000] {dag.py:3089} INFO - Sync 1 DAGs
[2026-08-13T09:58:37.935+0000] {logging_mixin.py:188} INFO - [2026-08-13T09:58:37.935+0000] {dag.py:3947} INFO - Setting next_dagrun for hello_airflow to None, run_after=None
[2026-08-13T09:58:37.957+0000] {processor.py:183} INFO - Processing /opt/airflow/dags/hello_airflow.py took 0.090 seconds
[2026-08-13T09:59:08.362+0000] {processor.py:161} INFO - Started process (PID=6675) to work on /opt/airflow/dags/hello_airflow.py
[2026-08-13T09:59:08.363+0000] {processor.py:830} INFO - Processing file /opt/airflow/dags/hello_airflow.py for tasks to queue
[2026-08-13T09:59:08.365+0000] {logging_mixin.py:188} INFO - [2026-08-13T09:59:08.365+0000] {dagbag.py:545} INFO - Filling up the DagBag from /opt/airflow/dags/hello_airflow.py
[2026-08-13T09:59:08.387+0000] {processor.py:840} INFO - DAG(s) 'hello_airflow' retrieved from /opt/airflow/dags/hello_airflow.py
[2026-08-13T09:59:08.422+0000] {logging_mixin.py:188} INFO - [2026-08-13T09:59:08.421+0000] {dag.py:3089} INFO - Sync 1 DAGs
[2026-08-13T09:59:08.444+0000] {logging_mixin.py:188} INFO - [2026-08-13T09:59:08.444+0000] {dag.py:3947} INFO - Setting next_dagrun for hello_airflow to None, run_after=None
[2026-08-13T09:59:08.473+0000] {processor.py:183} INFO - Processing /opt/airflow/dags/hello_airflow.py took 0.118 seconds
[2026-08-13T09:59:38.752+0000] {processor.py:161} INFO - Started process (PID=6699) to work on /opt/airflow/dags/hello_airflow.py
[2026-08-13T09:59:38.754+0000] {processor.py:830} INFO - Processing file /opt/airflow/dags/hello_airflow.py for tasks to queue
[2026-08-13T09:59:38.759+0000] {logging_mixin.py:188} INFO - [2026-08-13T09:59:38.758+0000] {dagbag.py:545} INFO - Filling up the DagBag from /opt/airflow/dags/hello_airflow.py
[2026-08-13T09:59:38.792+0000] {processor.py:840} INFO - DAG(s) 'hello_airflow' retrieved from /opt/airflow/dags/hello_airflow.py
[2026-08-13T09:59:38.843+0000] {logging_mixin.py:188} INFO - [2026-08-13T09:59:38.843+0000] {dag.py:3089} INFO - Sync 1 DAGs
[2026-08-13T09:59:38.870+0000] {logging_mixin.py:188} INFO - [2026-08-13T09:59:38.870+0000] {dag.py:3947} INFO - Setting next_dagrun for hello_airflow to None, run_after=None
[2026-08-13T09:59:38.908+0000] {processor.py:183} INFO - Processing /opt/airflow/dags/hello_airflow.py took 0.168 seconds
[2026-08-13T10:00:09.177+0000] {processor.py:161} INFO - Started process (PID=6723) to work on /opt/airflow/dags/hello_airflow.py
[2026-08-13T10:00:09.179+0000] {processor.py:830} INFO - Processing file /opt/airflow/dags/hello_airflow.py for tasks to queue
[2026-08-13T10:00:09.182+0000] {logging_mixin.py:188} INFO - [2026-08-13T10:00:09.182+0000] {dagbag.py:545} INFO - Filling up the DagBag from /opt/airflow/dags/hello_airflow.py
[2026-08-13T10:00:09.205+0000] {processor.py:840} INFO - DAG(s) 'hello_airflow' retrieved from /opt/airflow/dags/hello_airflow.py
[2026-08-13T10:00:09.242+0000] {logging_mixin.py:188} INFO - [2026-08-13T10:00:09.241+0000] {dag.py:3089} INFO - Sync 1 DAGs
[2026-08-13T10:00:09.259+0000] {logging_mixin.py:188} INFO - [2026-08-13T10:00:09.258+0000] {dag.py:3947} INFO - Setting next_dagrun for hello_airflow to None, run_after=None
[2026-08-13T10:00:09.282+0000] {processor.py:183} INFO - Processing /opt/airflow/dags/hello_airflow.py took 0.113 seconds
[2026-08-13T10:00:39.421+0000] {processor.py:161} INFO - Started process (PID=6747) to work on /opt/airflow/dags/hello_airflow.py
[2026-08-13T10:00:39.423+0000] {processor.py:830} INFO - Processing file /opt/airflow/dags/hello_airflow.py for tasks to queue
[2026-08-13T10:00:39.427+0000] {logging_mixin.py:188} INFO - [2026-08-13T10:00:39.426+0000] {dagbag.py:545} INFO - Filling up the DagBag from /opt/airflow/dags/hello_airflow.py
[2026-08-13T10:00:39.450+0000] {processor.py:840} INFO - DAG(s) 'hello_airflow' retrieved from /opt/airflow/dags/hello_airflow.py
[2026-08-13T10:00:39.492+0000] {logging_mixin.py:188} INFO - [2026-08-13T10:00:39.491+0000] {dag.py:3089} INFO - Sync 1 DAGs
[2026-08-13T10:00:39.510+0000] {logging_mixin.py:188} INFO - [2026-08-13T10:00:39.510+0000] {dag.py:3947} INFO - Setting next_dagrun for hello_airflow to None, run_after=None
[2026-08-13T10:00:39.540+0000] {processor.py:183} INFO - Processing /opt/airflow/dags/hello_airflow.py took 0.127 seconds
[2026-08-13T10:01:10.185+0000] {processor.py:161} INFO - Started process (PID=6772) to work on /opt/airflow/dags/hello_airflow.py
[2026-08-13T10:01:10.195+0000] {processor.py:830} INFO - Processing file /opt/airflow/dags/hello_airflow.py for tasks to queue
[2026-08-13T10:01:10.306+0000] {logging_mixin.py:188} INFO - [2026-08-13T10:01:10.305+0000] {dagbag.py:545} INFO - Filling up the DagBag from /opt/airflow/dags/hello_airflow.py
[2026-08-13T10:01:10.434+0000] {processor.py:840} INFO - DAG(s) 'hello_airflow' retrieved from /opt/airflow/dags/hello_airflow.py
[2026-08-13T10:01:10.562+0000] {logging_mixin.py:188} INFO - [2026-08-13T10:01:10.558+0000] {dag.py:3089} INFO - Sync 1 DAGs
[2026-08-13T10:01:10.667+0000] {logging_mixin.py:188} INFO - [2026-08-13T10:01:10.666+0000] {dag.py:3947} INFO - Setting next_dagrun for hello_airflow to None, run_after=None
[2026-08-13T10:01:11.134+0000] {processor.py:183} INFO - Processing /opt/airflow/dags/hello_airflow.py took 1.010 seconds
[2026-08-13T10:01:41.953+0000] {processor.py:161} INFO - Started process (PID=6797) to work on /opt/airflow/dags/hello_airflow.py
[2026-08-13T10:01:41.964+0000] {processor.py:830} INFO - Processing file /opt/airflow/dags/hello_airflow.py for tasks to queue
[2026-08-13T10:01:42.002+0000] {logging_mixin.py:188} INFO - [2026-08-13T10:01:42.000+0000] {dagbag.py:545} INFO - Filling up the DagBag from /opt/airflow/dags/hello_airflow.py
[2026-08-13T10:01:43.104+0000] {processor.py:840} INFO - DAG(s) 'hello_airflow' retrieved from /opt/airflow/dags/hello_airflow.py
[2026-08-13T10:01:43.410+0000] {logging_mixin.py:188} INFO - [2026-08-13T10:01:43.409+0000] {dag.py:3089} INFO - Sync 1 DAGs
[2026-08-13T10:01:43.829+0000] {logging_mixin.py:188} INFO - [2026-08-13T10:01:43.827+0000] {dag.py:3947} INFO - Setting next_dagrun for hello_airflow to None, run_after=None
[2026-08-13T10:01:44.268+0000] {processor.py:183} INFO - Processing /opt/airflow/dags/hello_airflow.py took 2.366 seconds
[2026-08-13T10:02:15.259+0000] {processor.py:161} INFO - Started process (PID=6814) to work on /opt/airflow/dags/hello_airflow.py
[2026-08-13T10:02:15.277+0000] {processor.py:830} INFO - Processing file /opt/airflow/dags/hello_airflow.py for tasks to queue
[2026-08-13T10:02:15.308+0000] {logging_mixin.py:188} INFO - [2026-08-13T10:02:15.306+0000] {dagbag.py:545} INFO - Filling up the DagBag from /opt/airflow/dags/hello_airflow.py
[2026-08-13T10:02:15.849+0000] {processor.py:840} INFO - DAG(s) 'hello_airflow' retrieved from /opt/airflow/dags/hello_airflow.py
[2026-08-13T10:02:16.563+0000] {logging_mixin.py:188} INFO - [2026-08-13T10:02:16.561+0000] {dag.py:3089} INFO - Sync 1 DAGs
[2026-08-13T10:02:16.825+0000] {logging_mixin.py:188} INFO - [2026-08-13T10:02:16.823+0000] {dag.py:3947} INFO - Setting next_dagrun for hello_airflow to None, run_after=None
[2026-08-13T10:02:17.248+0000] {processor.py:183} INFO - Processing /opt/airflow/dags/hello_airflow.py took 2.030 seconds
[2026-08-13T10:02:47.775+0000] {processor.py:161} INFO - Started process (PID=6835) to work on /opt/airflow/dags/hello_airflow.py
[2026-08-13T10:02:47.788+0000] {processor.py:830} INFO - Processing file /opt/airflow/dags/hello_airflow.py for tasks to queue
[2026-08-13T10:02:47.853+0000] {logging_mixin.py:188} INFO - [2026-08-13T10:02:47.825+0000] {dagbag.py:545} INFO - Filling up the DagBag from /opt/airflow/dags/hello_airflow.py
[2026-08-13T10:02:48.272+0000] {processor.py:840} INFO - DAG(s) 'hello_airflow' retrieved from /opt/airflow/dags/hello_airflow.py
[2026-08-13T10:02:48.467+0000] {logging_mixin.py:188} INFO - [2026-08-13T10:02:48.465+0000] {dag.py:3089} INFO - Sync 1 DAGs
[2026-08-13T10:02:48.536+0000] {logging_mixin.py:188} INFO - [2026-08-13T10:02:48.535+0000] {dag.py:3947} INFO - Setting next_dagrun for hello_airflow to None, run_after=None
[2026-08-13T10:02:48.646+0000] {processor.py:183} INFO - Processing /opt/airflow/dags/hello_airflow.py took 0.894 seconds
[2026-08-13T10:03:19.084+0000] {processor.py:161} INFO - Started process (PID=6859) to work on /opt/airflow/dags/hello_airflow.py
[2026-08-13T10:03:19.094+0000] {processor.py:830} INFO - Processing file /opt/airflow/dags/hello_airflow.py for tasks to queue
[2026-08-13T10:03:19.108+0000] {logging_mixin.py:188} INFO - [2026-08-13T10:03:19.106+0000] {dagbag.py:545} INFO - Filling up the DagBag from /opt/airflow/dags/hello_airflow.py
[2026-08-13T10:03:19.238+0000] {processor.py:840} INFO - DAG(s) 'hello_airflow' retrieved from /opt/airflow/dags/hello_airflow.py
[2026-08-13T10:03:19.448+0000] {logging_mixin.py:188} INFO - [2026-08-13T10:03:19.447+0000] {dag.py:3089} INFO - Sync 1 DAGs
[2026-08-13T10:03:19.600+0000] {logging_mixin.py:188} INFO - [2026-08-13T10:03:19.599+0000] {dag.py:3947} INFO - Setting next_dagrun for hello_airflow to None, run_after=None
[2026-08-13T10:03:19.759+0000] {processor.py:183} INFO - Processing /opt/airflow/dags/hello_airflow.py took 0.712 seconds
[2026-08-13T10:03:50.602+0000] {processor.py:161} INFO - Started process (PID=6876) to work on /opt/airflow/dags/hello_airflow.py
[2026-08-13T10:03:50.608+0000] {processor.py:830} INFO - Processing file /opt/airflow/dags/hello_airflow.py for tasks to queue
[2026-08-13T10:03:50.618+0000] {logging_mixin.py:188} INFO - [2026-08-13T10:03:50.617+0000] {dagbag.py:545} INFO - Filling up the DagBag from /opt/airflow/dags/hello_airflow.py
[2026-08-13T10:03:50.687+0000] {processor.py:840} INFO - DAG(s) 'hello_airflow' retrieved from /opt/airflow/dags/hello_airflow.py
[2026-08-13T10:03:50.810+0000] {logging_mixin.py:188} INFO - [2026-08-13T10:03:50.810+0000] {dag.py:3089} INFO - Sync 1 DAGs
[2026-08-13T10:03:50.872+0000] {logging_mixin.py:188} INFO - [2026-08-13T10:03:50.871+0000] {dag.py:3947} INFO - Setting next_dagrun for hello_airflow to None, run_after=None
[2026-08-13T10:03:50.954+0000] {processor.py:183} INFO - Processing /opt/airflow/dags/hello_airflow.py took 0.377 seconds
[2026-08-13T10:04:22.582+0000] {processor.py:161} INFO - Started process (PID=6903) to work on /opt/airflow/dags/hello_airflow.py
[2026-08-13T10:04:22.617+0000] {processor.py:830} INFO - Processing file /opt/airflow/dags/hello_airflow.py for tasks to queue
[2026-08-13T10:04:22.673+0000] {logging_mixin.py:188} INFO - [2026-08-13T10:04:22.656+0000] {dagbag.py:545} INFO - Filling up the DagBag from /opt/airflow/dags/hello_airflow.py
[2026-08-13T10:04:23.023+0000] {processor.py:840} INFO - DAG(s) 'hello_airflow' retrieved from /opt/airflow/dags/hello_airflow.py
[2026-08-13T10:04:23.399+0000] {logging_mixin.py:188} INFO - [2026-08-13T10:04:23.398+0000] {dag.py:3089} INFO - Sync 1 DAGs
[2026-08-13T10:04:23.588+0000] {logging_mixin.py:188} INFO - [2026-08-13T10:04:23.587+0000] {dag.py:3947} INFO - Setting next_dagrun for hello_airflow to None, run_after=None
[2026-08-13T10:04:23.878+0000] {processor.py:183} INFO - Processing /opt/airflow/dags/hello_airflow.py took 1.381 seconds
[2026-08-13T10:04:54.822+0000] {processor.py:161} INFO - Started process (PID=6920) to work on /opt/airflow/dags/hello_airflow.py
[2026-08-13T10:04:54.824+0000] {processor.py:830} INFO - Processing file /opt/airflow/dags/hello_airflow.py for tasks to queue
[2026-08-13T10:04:54.828+0000] {logging_mixin.py:188} INFO - [2026-08-13T10:04:54.828+0000] {dagbag.py:545} INFO - Filling up the DagBag from /opt/airflow/dags/hello_airflow.py
[2026-08-13T10:04:54.855+0000] {processor.py:840} INFO - DAG(s) 'hello_airflow' retrieved from /opt/airflow/dags/hello_airflow.py
[2026-08-13T10:04:54.928+0000] {logging_mixin.py:188} INFO - [2026-08-13T10:04:54.918+0000] {dag.py:3089} INFO - Sync 1 DAGs
[2026-08-13T10:04:55.021+0000] {logging_mixin.py:188} INFO - [2026-08-13T10:04:55.020+0000] {dag.py:3947} INFO - Setting next_dagrun for hello_airflow to None, run_after=None
[2026-08-13T10:04:55.105+0000] {processor.py:183} INFO - Processing /opt/airflow/dags/hello_airflow.py took 0.293 seconds
[2026-08-13T10:05:25.200+0000] {processor.py:161} INFO - Started process (PID=6944) to work on /opt/airflow/dags/hello_airflow.py
[2026-08-13T10:05:25.201+0000] {processor.py:830} INFO - Processing file /opt/airflow/dags/hello_airflow.py for tasks to queue
[2026-08-13T10:05:25.204+0000] {logging_mixin.py:188} INFO - [2026-08-13T10:05:25.204+0000] {dagbag.py:545} INFO - Filling up the DagBag from /opt/airflow/dags/hello_airflow.py
[2026-08-13T10:05:25.222+0000] {processor.py:840} INFO - DAG(s) 'hello_airflow' retrieved from /opt/airflow/dags/hello_airflow.py
[2026-08-13T10:05:25.250+0000] {logging_mixin.py:188} INFO - [2026-08-13T10:05:25.250+0000] {dag.py:3089} INFO - Sync 1 DAGs
[2026-08-13T10:05:25.264+0000] {logging_mixin.py:188} INFO - [2026-08-13T10:05:25.263+0000] {dag.py:3947} INFO - Setting next_dagrun for hello_airflow to None, run_after=None
[2026-08-13T10:05:25.286+0000] {processor.py:183} INFO - Processing /opt/airflow/dags/hello_airflow.py took 0.092 seconds
[2026-08-13T10:05:55.485+0000] {processor.py:161} INFO - Started process (PID=6968) to work on /opt/airflow/dags/hello_airflow.py
[2026-08-13T10:05:55.487+0000] {processor.py:830} INFO - Processing file /opt/airflow/dags/hello_airflow.py for tasks to queue
[2026-08-13T10:05:55.491+0000] {logging_mixin.py:188} INFO - [2026-08-13T10:05:55.491+0000] {dagbag.py:545} INFO - Filling up the DagBag from /opt/airflow/dags/hello_airflow.py
[2026-08-13T10:05:55.522+0000] {processor.py:840} INFO - DAG(s) 'hello_airflow' retrieved from /opt/airflow/dags/hello_airflow.py
[2026-08-13T10:05:55.569+0000] {logging_mixin.py:188} INFO - [2026-08-13T10:05:55.568+0000] {dag.py:3089} INFO - Sync 1 DAGs
[2026-08-13T10:05:55.594+0000] {logging_mixin.py:188} INFO - [2026-08-13T10:05:55.594+0000] {dag.py:3947} INFO - Setting next_dagrun for hello_airflow to None, run_after=None
[2026-08-13T10:05:55.628+0000] {processor.py:183} INFO - Processing /opt/airflow/dags/hello_airflow.py took 0.154 seconds
[2026-08-13T10:06:25.805+0000] {processor.py:161} INFO - Started process (PID=6992) to work on /opt/airflow/dags/hello_airflow.py
[2026-08-13T10:06:25.806+0000] {processor.py:830} INFO - Processing file /opt/airflow/dags/hello_airflow.py for tasks to queue
[2026-08-13T10:06:25.809+0000] {logging_mixin.py:188} INFO - [2026-08-13T10:06:25.809+0000] {dagbag.py:545} INFO - Filling up the DagBag from /opt/airflow/dags/hello_airflow.py
[2026-08-13T10:06:25.827+0000] {processor.py:840} INFO - DAG(s) 'hello_airflow' retrieved from /opt/airflow/dags/hello_airflow.py
[2026-08-13T10:06:25.858+0000] {logging_mixin.py:188} INFO - [2026-08-13T10:06:25.858+0000] {dag.py:3089} INFO - Sync 1 DAGs
[2026-08-13T10:06:25.873+0000] {logging_mixin.py:188} INFO - [2026-08-13T10:06:25.873+0000] {dag.py:3947} INFO - Setting next_dagrun for hello_airflow to None, run_after=None
[2026-08-13T10:06:25.897+0000] {processor.py:183} INFO - Processing /opt/airflow/dags/hello_airflow.py took 0.098 seconds
[2026-08-13T10:06:56.376+0000] {processor.py:161} INFO - Started process (PID=7016) to work on /opt/airflow/dags/hello_airflow.py
[2026-08-13T10:06:56.378+0000] {processor.py:830} INFO - Processing file /opt/airflow/dags/hello_airflow.py for tasks to queue
[2026-08-13T10:06:56.381+0000] {logging_mixin.py:188} INFO - [2026-08-13T10:06:56.381+0000] {dagbag.py:545} INFO - Filling up the DagBag from /opt/airflow/dags/hello_airflow.py
[2026-08-13T10:06:56.404+0000] {processor.py:840} INFO - DAG(s) 'hello_airflow' retrieved from /opt/airflow/dags/hello_airflow.py
[2026-08-13T10:06:56.443+0000] {logging_mixin.py:188} INFO - [2026-08-13T10:06:56.443+0000] {dag.py:3089} INFO - Sync 1 DAGs
[2026-08-13T10:06:56.461+0000] {logging_mixin.py:188} INFO - [2026-08-13T10:06:56.461+0000] {dag.py:3947} INFO - Setting next_dagrun for hello_airflow to None, run_after=None
[2026-08-13T10:06:56.491+0000] {processor.py:183} INFO - Processing /opt/airflow/dags/hello_airflow.py took 0.124 seconds
[2026-08-13T10:07:26.742+0000] {processor.py:161} INFO - Started process (PID=7040) to work on /opt/airflow/dags/hello_airflow.py
[2026-08-13T10:07:26.744+0000] {processor.py:830} INFO - Processing file /opt/airflow/dags/hello_airflow.py for tasks to queue
[2026-08-13T10:07:26.746+0000] {logging_mixin.py:188} INFO - [2026-08-13T10:07:26.746+0000] {dagbag.py:545} INFO - Filling up the DagBag from /opt/airflow/dags/hello_airflow.py
[2026-08-13T10:07:26.764+0000] {processor.py:840} INFO - DAG(s) 'hello_airflow' retrieved from /opt/airflow/dags/hello_airflow.py
[2026-08-13T10:07:26.791+0000] {logging_mixin.py:188} INFO - [2026-08-13T10:07:26.791+0000] {dag.py:3089} INFO - Sync 1 DAGs
[2026-08-13T10:07:26.805+0000] {logging_mixin.py:188} INFO - [2026-08-13T10:07:26.805+0000] {dag.py:3947} INFO - Setting next_dagrun for hello_airflow to None, run_after=None
[2026-08-13T10:07:26.827+0000] {processor.py:183} INFO - Processing /opt/airflow/dags/hello_airflow.py took 0.091 seconds
[2026-08-13T10:07:57.011+0000] {processor.py:161} INFO - Started process (PID=7071) to work on /opt/airflow/dags/hello_airflow.py
[2026-08-13T10:07:57.013+0000] {processor.py:830} INFO - Processing file /opt/airflow/dags/hello_airflow.py for tasks to queue
[2026-08-13T10:07:57.019+0000] {logging_mixin.py:188} INFO - [2026-08-13T10:07:57.019+0000] {dagbag.py:545} INFO - Filling up the DagBag from /opt/airflow/dags/hello_airflow.py
[2026-08-13T10:07:57.052+0000] {processor.py:840} INFO - DAG(s) 'hello_airflow' retrieved from /opt/airflow/dags/hello_airflow.py
[2026-08-13T10:07:57.108+0000] {logging_mixin.py:188} INFO - [2026-08-13T10:07:57.108+0000] {dag.py:3089} INFO - Sync 1 DAGs
[2026-08-13T10:07:57.132+0000] {logging_mixin.py:188} INFO - [2026-08-13T10:07:57.131+0000] {dag.py:3947} INFO - Setting next_dagrun for hello_airflow to None, run_after=None
[2026-08-13T10:07:57.171+0000] {processor.py:183} INFO - Processing /opt/airflow/dags/hello_airflow.py took 0.172 seconds
[2026-08-13T10:08:28.158+0000] {processor.py:161} INFO - Started process (PID=7089) to work on /opt/airflow/dags/hello_airflow.py
[2026-08-13T10:08:28.165+0000] {processor.py:830} INFO - Processing file /opt/airflow/dags/hello_airflow.py for tasks to queue
[2026-08-13T10:08:28.174+0000] {logging_mixin.py:188} INFO - [2026-08-13T10:08:28.173+0000] {dagbag.py:545} INFO - Filling up the DagBag from /opt/airflow/dags/hello_airflow.py
[2026-08-13T10:08:28.232+0000] {processor.py:840} INFO - DAG(s) 'hello_airflow' retrieved from /opt/airflow/dags/hello_airflow.py
[2026-08-13T10:08:28.340+0000] {logging_mixin.py:188} INFO - [2026-08-13T10:08:28.339+0000] {dag.py:3089} INFO - Sync 1 DAGs
[2026-08-13T10:08:28.385+0000] {logging_mixin.py:188} INFO - [2026-08-13T10:08:28.384+0000] {dag.py:3947} INFO - Setting next_dagrun for hello_airflow to None, run_after=None
[2026-08-13T10:08:28.452+0000] {processor.py:183} INFO - Processing /opt/airflow/dags/hello_airflow.py took 0.332 seconds
[2026-08-13T10:08:58.801+0000] {processor.py:161} INFO - Started process (PID=7113) to work on /opt/airflow/dags/hello_airflow.py
[2026-08-13T10:08:58.803+0000] {processor.py:830} INFO - Processing file /opt/airflow/dags/hello_airflow.py for tasks to queue
[2026-08-13T10:08:58.806+0000] {logging_mixin.py:188} INFO - [2026-08-13T10:08:58.806+0000] {dagbag.py:545} INFO - Filling up the DagBag from /opt/airflow/dags/hello_airflow.py
[2026-08-13T10:08:58.831+0000] {processor.py:840} INFO - DAG(s) 'hello_airflow' retrieved from /opt/airflow/dags/hello_airflow.py
[2026-08-13T10:08:58.872+0000] {logging_mixin.py:188} INFO - [2026-08-13T10:08:58.872+0000] {dag.py:3089} INFO - Sync 1 DAGs
[2026-08-13T10:08:58.891+0000] {logging_mixin.py:188} INFO - [2026-08-13T10:08:58.891+0000] {dag.py:3947} INFO - Setting next_dagrun for hello_airflow to None, run_after=None
[2026-08-13T10:08:58.918+0000] {processor.py:183} INFO - Processing /opt/airflow/dags/hello_airflow.py took 0.128 seconds
[2026-08-13T10:09:29.163+0000] {processor.py:161} INFO - Started process (PID=7137) to work on /opt/airflow/dags/hello_airflow.py
[2026-08-13T10:09:29.166+0000] {processor.py:830} INFO - Processing file /opt/airflow/dags/hello_airflow.py for tasks to queue
[2026-08-13T10:09:29.170+0000] {logging_mixin.py:188} INFO - [2026-08-13T10:09:29.169+0000] {dagbag.py:545} INFO - Filling up the DagBag from /opt/airflow/dags/hello_airflow.py
[2026-08-13T10:09:29.212+0000] {processor.py:840} INFO - DAG(s) 'hello_airflow' retrieved from /opt/airflow/dags/hello_airflow.py
[2026-08-13T10:09:29.268+0000] {logging_mixin.py:188} INFO - [2026-08-13T10:09:29.268+0000] {dag.py:3089} INFO - Sync 1 DAGs
[2026-08-13T10:09:29.298+0000] {logging_mixin.py:188} INFO - [2026-08-13T10:09:29.297+0000] {dag.py:3947} INFO - Setting next_dagrun for hello_airflow to None, run_after=None
[2026-08-13T10:09:29.337+0000] {processor.py:183} INFO - Processing /opt/airflow/dags/hello_airflow.py took 0.188 seconds
[2026-08-13T10:09:59.636+0000] {processor.py:161} INFO - Started process (PID=7168) to work on /opt/airflow/dags/hello_airflow.py
[2026-08-13T10:09:59.638+0000] {processor.py:830} INFO - Processing file /opt/airflow/dags/hello_airflow.py for tasks to queue
[2026-08-13T10:09:59.642+0000] {logging_mixin.py:188} INFO - [2026-08-13T10:09:59.641+0000] {dagbag.py:545} INFO - Filling up the DagBag from /opt/airflow/dags/hello_airflow.py
[2026-08-13T10:09:59.664+0000] {processor.py:840} INFO - DAG(s) 'hello_airflow' retrieved from /opt/airflow/dags/hello_airflow.py
[2026-08-13T10:09:59.705+0000] {logging_mixin.py:188} INFO - [2026-08-13T10:09:59.705+0000] {dag.py:3089} INFO - Sync 1 DAGs
[2026-08-13T10:09:59.728+0000] {logging_mixin.py:188} INFO - [2026-08-13T10:09:59.727+0000] {dag.py:3947} INFO - Setting next_dagrun for hello_airflow to None, run_after=None
[2026-08-13T10:09:59.758+0000] {processor.py:183} INFO - Processing /opt/airflow/dags/hello_airflow.py took 0.130 seconds
[2026-08-13T10:10:29.968+0000] {processor.py:161} INFO - Started process (PID=7192) to work on /opt/airflow/dags/hello_airflow.py
[2026-08-13T10:10:29.972+0000] {processor.py:830} INFO - Processing file /opt/airflow/dags/hello_airflow.py for tasks to queue
[2026-08-13T10:10:29.978+0000] {logging_mixin.py:188} INFO - [2026-08-13T10:10:29.977+0000] {dagbag.py:545} INFO - Filling up the DagBag from /opt/airflow/dags/hello_airflow.py
[2026-08-13T10:10:30.016+0000] {processor.py:840} INFO - DAG(s) 'hello_airflow' retrieved from /opt/airflow/dags/hello_airflow.py
[2026-08-13T10:10:30.082+0000] {logging_mixin.py:188} INFO - [2026-08-13T10:10:30.081+0000] {dag.py:3089} INFO - Sync 1 DAGs
[2026-08-13T10:10:30.115+0000] {logging_mixin.py:188} INFO - [2026-08-13T10:10:30.114+0000] {dag.py:3947} INFO - Setting next_dagrun for hello_airflow to None, run_after=None
[2026-08-13T10:10:30.160+0000] {processor.py:183} INFO - Processing /opt/airflow/dags/hello_airflow.py took 0.204 seconds
[2026-08-13T10:11:00.548+0000] {processor.py:161} INFO - Started process (PID=7216) to work on /opt/airflow/dags/hello_airflow.py
[2026-08-13T10:11:00.555+0000] {processor.py:830} INFO - Processing file /opt/airflow/dags/hello_airflow.py for tasks to queue
[2026-08-13T10:11:00.568+0000] {logging_mixin.py:188} INFO - [2026-08-13T10:11:00.565+0000] {dagbag.py:545} INFO - Filling up the DagBag from /opt/airflow/dags/hello_airflow.py
[2026-08-13T10:11:00.655+0000] {processor.py:840} INFO - DAG(s) 'hello_airflow' retrieved from /opt/airflow/dags/hello_airflow.py
[2026-08-13T10:11:00.782+0000] {logging_mixin.py:188} INFO - [2026-08-13T10:11:00.782+0000] {dag.py:3089} INFO - Sync 1 DAGs
[2026-08-13T10:11:00.839+0000] {logging_mixin.py:188} INFO - [2026-08-13T10:11:00.838+0000] {dag.py:3947} INFO - Setting next_dagrun for hello_airflow to None, run_after=None
[2026-08-13T10:11:00.893+0000] {processor.py:183} INFO - Processing /opt/airflow/dags/hello_airflow.py took 0.387 seconds
[2026-08-13T10:11:31.359+0000] {processor.py:161} INFO - Started process (PID=7240) to work on /opt/airflow/dags/hello_airflow.py
[2026-08-13T10:11:31.367+0000] {processor.py:830} INFO - Processing file /opt/airflow/dags/hello_airflow.py for tasks to queue
[2026-08-13T10:11:31.385+0000] {logging_mixin.py:188} INFO - [2026-08-13T10:11:31.383+0000] {dagbag.py:545} INFO - Filling up the DagBag from /opt/airflow/dags/hello_airflow.py
[2026-08-13T10:11:31.550+0000] {processor.py:840} INFO - DAG(s) 'hello_airflow' retrieved from /opt/airflow/dags/hello_airflow.py
[2026-08-13T10:11:31.715+0000] {logging_mixin.py:188} INFO - [2026-08-13T10:11:31.714+0000] {dag.py:3089} INFO - Sync 1 DAGs
[2026-08-13T10:11:31.777+0000] {logging_mixin.py:188} INFO - [2026-08-13T10:11:31.776+0000] {dag.py:3947} INFO - Setting next_dagrun for hello_airflow to None, run_after=None
[2026-08-13T10:11:31.882+0000] {processor.py:183} INFO - Processing /opt/airflow/dags/hello_airflow.py took 0.577 seconds
[2026-08-13T10:12:02.141+0000] {processor.py:161} INFO - Started process (PID=7264) to work on /opt/airflow/dags/hello_airflow.py
[2026-08-13T10:12:02.142+0000] {processor.py:830} INFO - Processing file /opt/airflow/dags/hello_airflow.py for tasks to queue
[2026-08-13T10:12:02.144+0000] {logging_mixin.py:188} INFO - [2026-08-13T10:12:02.144+0000] {dagbag.py:545} INFO - Filling up the DagBag from /opt/airflow/dags/hello_airflow.py
[2026-08-13T10:12:02.158+0000] {processor.py:840} INFO - DAG(s) 'hello_airflow' retrieved from /opt/airflow/dags/hello_airflow.py
[2026-08-13T10:12:02.184+0000] {logging_mixin.py:188} INFO - [2026-08-13T10:12:02.183+0000] {dag.py:3089} INFO - Sync 1 DAGs
[2026-08-13T10:12:02.196+0000] {logging_mixin.py:188} INFO - [2026-08-13T10:12:02.196+0000] {dag.py:3947} INFO - Setting next_dagrun for hello_airflow to None, run_after=None
[2026-08-13T10:12:02.220+0000] {processor.py:183} INFO - Processing /opt/airflow/dags/hello_airflow.py took 0.084 seconds
[2026-08-13T10:12:32.417+0000] {processor.py:161} INFO - Started process (PID=7295) to work on /opt/airflow/dags/hello_airflow.py
[2026-08-13T10:12:32.419+0000] {processor.py:830} INFO - Processing file /opt/airflow/dags/hello_airflow.py for tasks to queue
[2026-08-13T10:12:32.423+0000] {logging_mixin.py:188} INFO - [2026-08-13T10:12:32.422+0000] {dagbag.py:545} INFO - Filling up the DagBag from /opt/airflow/dags/hello_airflow.py
[2026-08-13T10:12:32.451+0000] {processor.py:840} INFO - DAG(s) 'hello_airflow' retrieved from /opt/airflow/dags/hello_airflow.py
[2026-08-13T10:12:32.496+0000] {logging_mixin.py:188} INFO - [2026-08-13T10:12:32.496+0000] {dag.py:3089} INFO - Sync 1 DAGs
[2026-08-13T10:12:32.520+0000] {logging_mixin.py:188} INFO - [2026-08-13T10:12:32.519+0000] {dag.py:3947} INFO - Setting next_dagrun for hello_airflow to None, run_after=None
[2026-08-13T10:12:32.556+0000] {processor.py:183} INFO - Processing /opt/airflow/dags/hello_airflow.py took 0.149 seconds
[2026-08-13T10:13:02.814+0000] {processor.py:161} INFO - Started process (PID=7319) to work on /opt/airflow/dags/hello_airflow.py
[2026-08-13T10:13:02.815+0000] {processor.py:830} INFO - Processing file /opt/airflow/dags/hello_airflow.py for tasks to queue
[2026-08-13T10:13:02.817+0000] {logging_mixin.py:188} INFO - [2026-08-13T10:13:02.817+0000] {dagbag.py:545} INFO - Filling up the DagBag from /opt/airflow/dags/hello_airflow.py
[2026-08-13T10:13:02.833+0000] {processor.py:840} INFO - DAG(s) 'hello_airflow' retrieved from /opt/airflow/dags/hello_airflow.py
[2026-08-13T10:13:02.858+0000] {logging_mixin.py:188} INFO - [2026-08-13T10:13:02.858+0000] {dag.py:3089} INFO - Sync 1 DAGs
[2026-08-13T10:13:02.870+0000] {logging_mixin.py:188} INFO - [2026-08-13T10:13:02.870+0000] {dag.py:3947} INFO - Setting next_dagrun for hello_airflow to None, run_after=None
[2026-08-13T10:13:02.888+0000] {processor.py:183} INFO - Processing /opt/airflow/dags/hello_airflow.py took 0.080 seconds
[2026-08-13T10:13:33.149+0000] {processor.py:161} INFO - Started process (PID=7343) to work on /opt/airflow/dags/hello_airflow.py
[2026-08-13T10:13:33.150+0000] {processor.py:830} INFO - Processing file /opt/airflow/dags/hello_airflow.py for tasks to queue
[2026-08-13T10:13:33.152+0000] {logging_mixin.py:188} INFO - [2026-08-13T10:13:33.151+0000] {dagbag.py:545} INFO - Filling up the DagBag from /opt/airflow/dags/hello_airflow.py
[2026-08-13T10:13:33.164+0000] {processor.py:840} INFO - DAG(s) 'hello_airflow' retrieved from /opt/airflow/dags/hello_airflow.py
[2026-08-13T10:13:33.192+0000] {logging_mixin.py:188} INFO - [2026-08-13T10:13:33.192+0000] {dag.py:3089} INFO - Sync 1 DAGs
[2026-08-13T10:13:33.203+0000] {logging_mixin.py:188} INFO - [2026-08-13T10:13:33.203+0000] {dag.py:3947} INFO - Setting next_dagrun for hello_airflow to None, run_after=None
[2026-08-13T10:13:33.222+0000] {processor.py:183} INFO - Processing /opt/airflow/dags/hello_airflow.py took 0.078 seconds
[2026-08-13T10:14:03.494+0000] {processor.py:161} INFO - Started process (PID=7374) to work on /opt/airflow/dags/hello_airflow.py
[2026-08-13T10:14:03.497+0000] {processor.py:830} INFO - Processing file /opt/airflow/dags/hello_airflow.py for tasks to queue
[2026-08-13T10:14:03.502+0000] {logging_mixin.py:188} INFO - [2026-08-13T10:14:03.501+0000] {dagbag.py:545} INFO - Filling up the DagBag from /opt/airflow/dags/hello_airflow.py
[2026-08-13T10:14:03.535+0000] {processor.py:840} INFO - DAG(s) 'hello_airflow' retrieved from /opt/airflow/dags/hello_airflow.py
[2026-08-13T10:14:03.605+0000] {logging_mixin.py:188} INFO - [2026-08-13T10:14:03.605+0000] {dag.py:3089} INFO - Sync 1 DAGs
[2026-08-13T10:14:03.643+0000] {logging_mixin.py:188} INFO - [2026-08-13T10:14:03.642+0000] {dag.py:3947} INFO - Setting next_dagrun for hello_airflow to None, run_after=None
[2026-08-13T10:14:03.694+0000] {processor.py:183} INFO - Processing /opt/airflow/dags/hello_airflow.py took 0.212 seconds
[2026-08-13T10:14:34.027+0000] {processor.py:161} INFO - Started process (PID=7398) to work on /opt/airflow/dags/hello_airflow.py
[2026-08-13T10:14:34.029+0000] {processor.py:830} INFO - Processing file /opt/airflow/dags/hello_airflow.py for tasks to queue
[2026-08-13T10:14:34.033+0000] {logging_mixin.py:188} INFO - [2026-08-13T10:14:34.032+0000] {dagbag.py:545} INFO - Filling up the DagBag from /opt/airflow/dags/hello_airflow.py
[2026-08-13T10:14:34.064+0000] {processor.py:840} INFO - DAG(s) 'hello_airflow' retrieved from /opt/airflow/dags/hello_airflow.py
[2026-08-13T10:14:34.116+0000] {logging_mixin.py:188} INFO - [2026-08-13T10:14:34.116+0000] {dag.py:3089} INFO - Sync 1 DAGs
[2026-08-13T10:14:34.141+0000] {logging_mixin.py:188} INFO - [2026-08-13T10:14:34.141+0000] {dag.py:3947} INFO - Setting next_dagrun for hello_airflow to None, run_after=None
[2026-08-13T10:14:34.180+0000] {processor.py:183} INFO - Processing /opt/airflow/dags/hello_airflow.py took 0.163 seconds
[2026-08-13T10:15:04.344+0000] {processor.py:161} INFO - Started process (PID=7422) to work on /opt/airflow/dags/hello_airflow.py
[2026-08-13T10:15:04.347+0000] {processor.py:830} INFO - Processing file /opt/airflow/dags/hello_airflow.py for tasks to queue
[2026-08-13T10:15:04.352+0000] {logging_mixin.py:188} INFO - [2026-08-13T10:15:04.351+0000] {dagbag.py:545} INFO - Filling up the DagBag from /opt/airflow/dags/hello_airflow.py
[2026-08-13T10:15:04.390+0000] {processor.py:840} INFO - DAG(s) 'hello_airflow' retrieved from /opt/airflow/dags/hello_airflow.py
[2026-08-13T10:15:04.455+0000] {logging_mixin.py:188} INFO - [2026-08-13T10:15:04.455+0000] {dag.py:3089} INFO - Sync 1 DAGs
[2026-08-13T10:15:04.491+0000] {logging_mixin.py:188} INFO - [2026-08-13T10:15:04.491+0000] {dag.py:3947} INFO - Setting next_dagrun for hello_airflow to None, run_after=None
[2026-08-13T10:15:04.538+0000] {processor.py:183} INFO - Processing /opt/airflow/dags/hello_airflow.py took 0.208 seconds
[2026-08-13T10:15:34.650+0000] {processor.py:161} INFO - Started process (PID=7446) to work on /opt/airflow/dags/hello_airflow.py
[2026-08-13T10:15:34.651+0000] {processor.py:830} INFO - Processing file /opt/airflow/dags/hello_airflow.py for tasks to queue
[2026-08-13T10:15:34.653+0000] {logging_mixin.py:188} INFO - [2026-08-13T10:15:34.653+0000] {dagbag.py:545} INFO - Filling up the DagBag from /opt/airflow/dags/hello_airflow.py
[2026-08-13T10:15:34.668+0000] {processor.py:840} INFO - DAG(s) 'hello_airflow' retrieved from /opt/airflow/dags/hello_airflow.py
[2026-08-13T10:15:34.697+0000] {logging_mixin.py:188} INFO - [2026-08-13T10:15:34.697+0000] {dag.py:3089} INFO - Sync 1 DAGs
[2026-08-13T10:15:34.710+0000] {logging_mixin.py:188} INFO - [2026-08-13T10:15:34.710+0000] {dag.py:3947} INFO - Setting next_dagrun for hello_airflow to None, run_after=None
[2026-08-13T10:15:34.730+0000] {processor.py:183} INFO - Processing /opt/airflow/dags/hello_airflow.py took 0.085 seconds
[2026-08-13T10:16:04.915+0000] {processor.py:161} INFO - Started process (PID=7470) to work on /opt/airflow/dags/hello_airflow.py
[2026-08-13T10:16:04.916+0000] {processor.py:830} INFO - Processing file /opt/airflow/dags/hello_airflow.py for tasks to queue
[2026-08-13T10:16:04.919+0000] {logging_mixin.py:188} INFO - [2026-08-13T10:16:04.919+0000] {dagbag.py:545} INFO - Filling up the DagBag from /opt/airflow/dags/hello_airflow.py
[2026-08-13T10:16:04.940+0000] {processor.py:840} INFO - DAG(s) 'hello_airflow' retrieved from /opt/airflow/dags/hello_airflow.py
[2026-08-13T10:16:04.975+0000] {logging_mixin.py:188} INFO - [2026-08-13T10:16:04.975+0000] {dag.py:3089} INFO - Sync 1 DAGs
[2026-08-13T10:16:04.990+0000] {logging_mixin.py:188} INFO - [2026-08-13T10:16:04.989+0000] {dag.py:3947} INFO - Setting next_dagrun for hello_airflow to None, run_after=None
[2026-08-13T10:16:05.013+0000] {processor.py:183} INFO - Processing /opt/airflow/dags/hello_airflow.py took 0.105 seconds
[2026-08-13T10:16:35.304+0000] {processor.py:161} INFO - Started process (PID=7501) to work on /opt/airflow/dags/hello_airflow.py
[2026-08-13T10:16:35.307+0000] {processor.py:830} INFO - Processing file /opt/airflow/dags/hello_airflow.py for tasks to queue
[2026-08-13T10:16:35.312+0000] {logging_mixin.py:188} INFO - [2026-08-13T10:16:35.311+0000] {dagbag.py:545} INFO - Filling up the DagBag from /opt/airflow/dags/hello_airflow.py
[2026-08-13T10:16:35.344+0000] {processor.py:840} INFO - DAG(s) 'hello_airflow' retrieved from /opt/airflow/dags/hello_airflow.py
[2026-08-13T10:16:35.397+0000] {logging_mixin.py:188} INFO - [2026-08-13T10:16:35.397+0000] {dag.py:3089} INFO - Sync 1 DAGs
[2026-08-13T10:16:35.422+0000] {logging_mixin.py:188} INFO - [2026-08-13T10:16:35.422+0000] {dag.py:3947} INFO - Setting next_dagrun for hello_airflow to None, run_after=None
[2026-08-13T10:16:35.461+0000] {processor.py:183} INFO - Processing /opt/airflow/dags/hello_airflow.py took 0.169 seconds
[2026-08-13T10:17:05.545+0000] {processor.py:161} INFO - Started process (PID=7525) to work on /opt/airflow/dags/hello_airflow.py
[2026-08-13T10:17:05.546+0000] {processor.py:830} INFO - Processing file /opt/airflow/dags/hello_airflow.py for tasks to queue
[2026-08-13T10:17:05.549+0000] {logging_mixin.py:188} INFO - [2026-08-13T10:17:05.549+0000] {dagbag.py:545} INFO - Filling up the DagBag from /opt/airflow/dags/hello_airflow.py
[2026-08-13T10:17:05.564+0000] {processor.py:840} INFO - DAG(s) 'hello_airflow' retrieved from /opt/airflow/dags/hello_airflow.py
[2026-08-13T10:17:05.590+0000] {logging_mixin.py:188} INFO - [2026-08-13T10:17:05.589+0000] {dag.py:3089} INFO - Sync 1 DAGs
[2026-08-13T10:17:05.601+0000] {logging_mixin.py:188} INFO - [2026-08-13T10:17:05.601+0000] {dag.py:3947} INFO - Setting next_dagrun for hello_airflow to None, run_after=None
[2026-08-13T10:17:05.619+0000] {processor.py:183} INFO - Processing /opt/airflow/dags/hello_airflow.py took 0.081 seconds
[2026-08-13T10:17:35.867+0000] {processor.py:161} INFO - Started process (PID=7556) to work on /opt/airflow/dags/hello_airflow.py
[2026-08-13T10:17:35.868+0000] {processor.py:830} INFO - Processing file /opt/airflow/dags/hello_airflow.py for tasks to queue
[2026-08-13T10:17:35.871+0000] {logging_mixin.py:188} INFO - [2026-08-13T10:17:35.871+0000] {dagbag.py:545} INFO - Filling up the DagBag from /opt/airflow/dags/hello_airflow.py
[2026-08-13T10:17:35.887+0000] {processor.py:840} INFO - DAG(s) 'hello_airflow' retrieved from /opt/airflow/dags/hello_airflow.py
[2026-08-13T10:17:35.918+0000] {logging_mixin.py:188} INFO - [2026-08-13T10:17:35.917+0000] {dag.py:3089} INFO - Sync 1 DAGs
[2026-08-13T10:17:35.931+0000] {logging_mixin.py:188} INFO - [2026-08-13T10:17:35.931+0000] {dag.py:3947} INFO - Setting next_dagrun for hello_airflow to None, run_after=None
[2026-08-13T10:17:35.958+0000] {processor.py:183} INFO - Processing /opt/airflow/dags/hello_airflow.py took 0.099 seconds
[2026-08-13T10:18:06.233+0000] {processor.py:161} INFO - Started process (PID=7580) to work on /opt/airflow/dags/hello_airflow.py
[2026-08-13T10:18:06.234+0000] {processor.py:830} INFO - Processing file /opt/airflow/dags/hello_airflow.py for tasks to queue
[2026-08-13T10:18:06.236+0000] {logging_mixin.py:188} INFO - [2026-08-13T10:18:06.236+0000] {dagbag.py:545} INFO - Filling up the DagBag from /opt/airflow/dags/hello_airflow.py
[2026-08-13T10:18:06.248+0000] {processor.py:840} INFO - DAG(s) 'hello_airflow' retrieved from /opt/airflow/dags/hello_airflow.py
[2026-08-13T10:18:06.274+0000] {logging_mixin.py:188} INFO - [2026-08-13T10:18:06.273+0000] {dag.py:3089} INFO - Sync 1 DAGs
[2026-08-13T10:18:06.285+0000] {logging_mixin.py:188} INFO - [2026-08-13T10:18:06.285+0000] {dag.py:3947} INFO - Setting next_dagrun for hello_airflow to None, run_after=None
[2026-08-13T10:18:06.304+0000] {processor.py:183} INFO - Processing /opt/airflow/dags/hello_airflow.py took 0.077 seconds
[2026-08-13T10:18:36.608+0000] {processor.py:161} INFO - Started process (PID=7604) to work on /opt/airflow/dags/hello_airflow.py
[2026-08-13T10:18:36.610+0000] {processor.py:830} INFO - Processing file /opt/airflow/dags/hello_airflow.py for tasks to queue
[2026-08-13T10:18:36.616+0000] {logging_mixin.py:188} INFO - [2026-08-13T10:18:36.615+0000] {dagbag.py:545} INFO - Filling up the DagBag from /opt/airflow/dags/hello_airflow.py
[2026-08-13T10:18:36.653+0000] {processor.py:840} INFO - DAG(s) 'hello_airflow' retrieved from /opt/airflow/dags/hello_airflow.py
[2026-08-13T10:18:36.711+0000] {logging_mixin.py:188} INFO - [2026-08-13T10:18:36.711+0000] {dag.py:3089} INFO - Sync 1 DAGs
[2026-08-13T10:18:36.736+0000] {logging_mixin.py:188} INFO - [2026-08-13T10:18:36.736+0000] {dag.py:3947} INFO - Setting next_dagrun for hello_airflow to None, run_after=None
[2026-08-13T10:18:36.775+0000] {processor.py:183} INFO - Processing /opt/airflow/dags/hello_airflow.py took 0.178 seconds
[2026-08-13T10:19:07.191+0000] {processor.py:161} INFO - Started process (PID=7636) to work on /opt/airflow/dags/hello_airflow.py
[2026-08-13T10:19:07.194+0000] {processor.py:830} INFO - Processing file /opt/airflow/dags/hello_airflow.py for tasks to queue
[2026-08-13T10:19:07.200+0000] {logging_mixin.py:188} INFO - [2026-08-13T10:19:07.199+0000] {dagbag.py:545} INFO - Filling up the DagBag from /opt/airflow/dags/hello_airflow.py
[2026-08-13T10:19:07.240+0000] {processor.py:840} INFO - DAG(s) 'hello_airflow' retrieved from /opt/airflow/dags/hello_airflow.py
[2026-08-13T10:19:07.312+0000] {logging_mixin.py:188} INFO - [2026-08-13T10:19:07.311+0000] {dag.py:3089} INFO - Sync 1 DAGs
[2026-08-13T10:19:07.345+0000] {logging_mixin.py:188} INFO - [2026-08-13T10:19:07.345+0000] {dag.py:3947} INFO - Setting next_dagrun for hello_airflow to None, run_after=None
[2026-08-13T10:19:07.398+0000] {processor.py:183} INFO - Processing /opt/airflow/dags/hello_airflow.py took 0.220 seconds
[2026-08-13T10:19:37.713+0000] {processor.py:161} INFO - Started process (PID=7660) to work on /opt/airflow/dags/hello_airflow.py
[2026-08-13T10:19:37.717+0000] {processor.py:830} INFO - Processing file /opt/airflow/dags/hello_airflow.py for tasks to queue
[2026-08-13T10:19:37.722+0000] {logging_mixin.py:188} INFO - [2026-08-13T10:19:37.721+0000] {dagbag.py:545} INFO - Filling up the DagBag from /opt/airflow/dags/hello_airflow.py
[2026-08-13T10:19:37.768+0000] {processor.py:840} INFO - DAG(s) 'hello_airflow' retrieved from /opt/airflow/dags/hello_airflow.py
[2026-08-13T10:19:37.836+0000] {logging_mixin.py:188} INFO - [2026-08-13T10:19:37.836+0000] {dag.py:3089} INFO - Sync 1 DAGs
[2026-08-13T10:19:37.869+0000] {logging_mixin.py:188} INFO - [2026-08-13T10:19:37.868+0000] {dag.py:3947} INFO - Setting next_dagrun for hello_airflow to None, run_after=None
[2026-08-13T10:19:37.920+0000] {processor.py:183} INFO - Processing /opt/airflow/dags/hello_airflow.py took 0.222 seconds
[2026-08-13T10:20:08.176+0000] {processor.py:161} INFO - Started process (PID=7684) to work on /opt/airflow/dags/hello_airflow.py
[2026-08-13T10:20:08.177+0000] {processor.py:830} INFO - Processing file /opt/airflow/dags/hello_airflow.py for tasks to queue
[2026-08-13T10:20:08.179+0000] {logging_mixin.py:188} INFO - [2026-08-13T10:20:08.179+0000] {dagbag.py:545} INFO - Filling up the DagBag from /opt/airflow/dags/hello_airflow.py
[2026-08-13T10:20:08.194+0000] {processor.py:840} INFO - DAG(s) 'hello_airflow' retrieved from /opt/airflow/dags/hello_airflow.py
[2026-08-13T10:20:08.221+0000] {logging_mixin.py:188} INFO - [2026-08-13T10:20:08.221+0000] {dag.py:3089} INFO - Sync 1 DAGs
[2026-08-13T10:20:08.235+0000] {logging_mixin.py:188} INFO - [2026-08-13T10:20:08.234+0000] {dag.py:3947} INFO - Setting next_dagrun for hello_airflow to None, run_after=None
[2026-08-13T10:20:08.255+0000] {processor.py:183} INFO - Processing /opt/airflow/dags/hello_airflow.py took 0.083 seconds
[2026-08-13T10:20:38.432+0000] {processor.py:161} INFO - Started process (PID=7708) to work on /opt/airflow/dags/hello_airflow.py
[2026-08-13T10:20:38.434+0000] {processor.py:830} INFO - Processing file /opt/airflow/dags/hello_airflow.py for tasks to queue
[2026-08-13T10:20:38.437+0000] {logging_mixin.py:188} INFO - [2026-08-13T10:20:38.436+0000] {dagbag.py:545} INFO - Filling up the DagBag from /opt/airflow/dags/hello_airflow.py
[2026-08-13T10:20:38.457+0000] {processor.py:840} INFO - DAG(s) 'hello_airflow' retrieved from /opt/airflow/dags/hello_airflow.py
[2026-08-13T10:20:38.498+0000] {logging_mixin.py:188} INFO - [2026-08-13T10:20:38.497+0000] {dag.py:3089} INFO - Sync 1 DAGs
[2026-08-13T10:20:38.518+0000] {logging_mixin.py:188} INFO - [2026-08-13T10:20:38.518+0000] {dag.py:3947} INFO - Setting next_dagrun for hello_airflow to None, run_after=None
[2026-08-13T10:20:38.538+0000] {processor.py:183} INFO - Processing /opt/airflow/dags/hello_airflow.py took 0.115 seconds
[2026-08-13T10:21:08.787+0000] {processor.py:161} INFO - Started process (PID=7732) to work on /opt/airflow/dags/hello_airflow.py
[2026-08-13T10:21:08.789+0000] {processor.py:830} INFO - Processing file /opt/airflow/dags/hello_airflow.py for tasks to queue
[2026-08-13T10:21:08.791+0000] {logging_mixin.py:188} INFO - [2026-08-13T10:21:08.790+0000] {dagbag.py:545} INFO - Filling up the DagBag from /opt/airflow/dags/hello_airflow.py
[2026-08-13T10:21:08.808+0000] {processor.py:840} INFO - DAG(s) 'hello_airflow' retrieved from /opt/airflow/dags/hello_airflow.py
[2026-08-13T10:21:08.840+0000] {logging_mixin.py:188} INFO - [2026-08-13T10:21:08.840+0000] {dag.py:3089} INFO - Sync 1 DAGs
[2026-08-13T10:21:08.855+0000] {logging_mixin.py:188} INFO - [2026-08-13T10:21:08.855+0000] {dag.py:3947} INFO - Setting next_dagrun for hello_airflow to None, run_after=None
[2026-08-13T10:21:08.880+0000] {processor.py:183} INFO - Processing /opt/airflow/dags/hello_airflow.py took 0.099 seconds
[2026-08-13T10:21:39.080+0000] {processor.py:161} INFO - Started process (PID=7763) to work on /opt/airflow/dags/hello_airflow.py
[2026-08-13T10:21:39.084+0000] {processor.py:830} INFO - Processing file /opt/airflow/dags/hello_airflow.py for tasks to queue
[2026-08-13T10:21:39.091+0000] {logging_mixin.py:188} INFO - [2026-08-13T10:21:39.090+0000] {dagbag.py:545} INFO - Filling up the DagBag from /opt/airflow/dags/hello_airflow.py
[2026-08-13T10:21:39.134+0000] {processor.py:840} INFO - DAG(s) 'hello_airflow' retrieved from /opt/airflow/dags/hello_airflow.py
[2026-08-13T10:21:39.198+0000] {logging_mixin.py:188} INFO - [2026-08-13T10:21:39.198+0000] {dag.py:3089} INFO - Sync 1 DAGs
[2026-08-13T10:21:39.229+0000] {logging_mixin.py:188} INFO - [2026-08-13T10:21:39.229+0000] {dag.py:3947} INFO - Setting next_dagrun for hello_airflow to None, run_after=None
[2026-08-13T10:21:39.280+0000] {processor.py:183} INFO - Processing /opt/airflow/dags/hello_airflow.py took 0.216 seconds
[2026-08-13T10:22:09.624+0000] {processor.py:161} INFO - Started process (PID=7787) to work on /opt/airflow/dags/hello_airflow.py
[2026-08-13T10:22:09.627+0000] {processor.py:830} INFO - Processing file /opt/airflow/dags/hello_airflow.py for tasks to queue
[2026-08-13T10:22:09.632+0000] {logging_mixin.py:188} INFO - [2026-08-13T10:22:09.632+0000] {dagbag.py:545} INFO - Filling up the DagBag from /opt/airflow/dags/hello_airflow.py
[2026-08-13T10:22:09.677+0000] {processor.py:840} INFO - DAG(s) 'hello_airflow' retrieved from /opt/airflow/dags/hello_airflow.py
[2026-08-13T10:22:09.750+0000] {logging_mixin.py:188} INFO - [2026-08-13T10:22:09.749+0000] {dag.py:3089} INFO - Sync 1 DAGs
[2026-08-13T10:22:09.792+0000] {logging_mixin.py:188} INFO - [2026-08-13T10:22:09.792+0000] {dag.py:3947} INFO - Setting next_dagrun for hello_airflow to None, run_after=None
[2026-08-13T10:22:09.851+0000] {processor.py:183} INFO - Processing /opt/airflow/dags/hello_airflow.py took 0.241 seconds
[2026-08-13T10:22:40.115+0000] {processor.py:161} INFO - Started process (PID=7811) to work on /opt/airflow/dags/hello_airflow.py
[2026-08-13T10:22:40.117+0000] {processor.py:830} INFO - Processing file /opt/airflow/dags/hello_airflow.py for tasks to queue
[2026-08-13T10:22:40.120+0000] {logging_mixin.py:188} INFO - [2026-08-13T10:22:40.119+0000] {dagbag.py:545} INFO - Filling up the DagBag from /opt/airflow/dags/hello_airflow.py
[2026-08-13T10:22:40.146+0000] {processor.py:840} INFO - DAG(s) 'hello_airflow' retrieved from /opt/airflow/dags/hello_airflow.py
[2026-08-13T10:22:40.181+0000] {logging_mixin.py:188} INFO - [2026-08-13T10:22:40.180+0000] {dag.py:3089} INFO - Sync 1 DAGs
[2026-08-13T10:22:40.198+0000] {logging_mixin.py:188} INFO - [2026-08-13T10:22:40.197+0000] {dag.py:3947} INFO - Setting next_dagrun for hello_airflow to None, run_after=None
[2026-08-13T10:22:40.226+0000] {processor.py:183} INFO - Processing /opt/airflow/dags/hello_airflow.py took 0.120 seconds
[2026-08-13T10:23:10.340+0000] {processor.py:161} INFO - Started process (PID=7835) to work on /opt/airflow/dags/hello_airflow.py
[2026-08-13T10:23:10.342+0000] {processor.py:830} INFO - Processing file /opt/airflow/dags/hello_airflow.py for tasks to queue
[2026-08-13T10:23:10.344+0000] {logging_mixin.py:188} INFO - [2026-08-13T10:23:10.344+0000] {dagbag.py:545} INFO - Filling up the DagBag from /opt/airflow/dags/hello_airflow.py
[2026-08-13T10:23:10.365+0000] {processor.py:840} INFO - DAG(s) 'hello_airflow' retrieved from /opt/airflow/dags/hello_airflow.py
[2026-08-13T10:23:10.392+0000] {logging_mixin.py:188} INFO - [2026-08-13T10:23:10.392+0000] {dag.py:3089} INFO - Sync 1 DAGs
[2026-08-13T10:23:10.403+0000] {logging_mixin.py:188} INFO - [2026-08-13T10:23:10.403+0000] {dag.py:3947} INFO - Setting next_dagrun for hello_airflow to None, run_after=None
[2026-08-13T10:23:10.420+0000] {processor.py:183} INFO - Processing /opt/airflow/dags/hello_airflow.py took 0.087 seconds
[2026-08-13T10:23:40.820+0000] {processor.py:161} INFO - Started process (PID=7859) to work on /opt/airflow/dags/hello_airflow.py
[2026-08-13T10:23:40.822+0000] {processor.py:830} INFO - Processing file /opt/airflow/dags/hello_airflow.py for tasks to queue
[2026-08-13T10:23:40.826+0000] {logging_mixin.py:188} INFO - [2026-08-13T10:23:40.826+0000] {dagbag.py:545} INFO - Filling up the DagBag from /opt/airflow/dags/hello_airflow.py
[2026-08-13T10:23:40.860+0000] {processor.py:840} INFO - DAG(s) 'hello_airflow' retrieved from /opt/airflow/dags/hello_airflow.py
[2026-08-13T10:23:40.911+0000] {logging_mixin.py:188} INFO - [2026-08-13T10:23:40.910+0000] {dag.py:3089} INFO - Sync 1 DAGs
[2026-08-13T10:23:40.938+0000] {logging_mixin.py:188} INFO - [2026-08-13T10:23:40.938+0000] {dag.py:3947} INFO - Setting next_dagrun for hello_airflow to None, run_after=None
[2026-08-13T10:23:40.976+0000] {processor.py:183} INFO - Processing /opt/airflow/dags/hello_airflow.py took 0.167 seconds
[2026-08-13T10:24:11.086+0000] {processor.py:161} INFO - Started process (PID=7884) to work on /opt/airflow/dags/hello_airflow.py
[2026-08-13T10:24:11.087+0000] {processor.py:830} INFO - Processing file /opt/airflow/dags/hello_airflow.py for tasks to queue
[2026-08-13T10:24:11.089+0000] {logging_mixin.py:188} INFO - [2026-08-13T10:24:11.088+0000] {dagbag.py:545} INFO - Filling up the DagBag from /opt/airflow/dags/hello_airflow.py
[2026-08-13T10:24:11.102+0000] {processor.py:840} INFO - DAG(s) 'hello_airflow' retrieved from /opt/airflow/dags/hello_airflow.py
[2026-08-13T10:24:11.128+0000] {logging_mixin.py:188} INFO - [2026-08-13T10:24:11.127+0000] {dag.py:3089} INFO - Sync 1 DAGs
[2026-08-13T10:24:11.139+0000] {logging_mixin.py:188} INFO - [2026-08-13T10:24:11.138+0000] {dag.py:3947} INFO - Setting next_dagrun for hello_airflow to None, run_after=None
[2026-08-13T10:24:11.155+0000] {processor.py:183} INFO - Processing /opt/airflow/dags/hello_airflow.py took 0.076 seconds
[2026-08-13T10:24:41.365+0000] {processor.py:161} INFO - Started process (PID=7915) to work on /opt/airflow/dags/hello_airflow.py
[2026-08-13T10:24:41.368+0000] {processor.py:830} INFO - Processing file /opt/airflow/dags/hello_airflow.py for tasks to queue
[2026-08-13T10:24:41.374+0000] {logging_mixin.py:188} INFO - [2026-08-13T10:24:41.373+0000] {dagbag.py:545} INFO - Filling up the DagBag from /opt/airflow/dags/hello_airflow.py
[2026-08-13T10:24:41.414+0000] {processor.py:840} INFO - DAG(s) 'hello_airflow' retrieved from /opt/airflow/dags/hello_airflow.py
[2026-08-13T10:24:41.480+0000] {logging_mixin.py:188} INFO - [2026-08-13T10:24:41.479+0000] {dag.py:3089} INFO - Sync 1 DAGs
[2026-08-13T10:24:41.512+0000] {logging_mixin.py:188} INFO - [2026-08-13T10:24:41.511+0000] {dag.py:3947} INFO - Setting next_dagrun for hello_airflow to None, run_after=None
[2026-08-13T10:24:41.560+0000] {processor.py:183} INFO - Processing /opt/airflow/dags/hello_airflow.py took 0.216 seconds
[2026-08-13T10:25:12.013+0000] {processor.py:161} INFO - Started process (PID=7939) to work on /opt/airflow/dags/hello_airflow.py
[2026-08-13T10:25:12.019+0000] {processor.py:830} INFO - Processing file /opt/airflow/dags/hello_airflow.py for tasks to queue
[2026-08-13T10:25:12.026+0000] {logging_mixin.py:188} INFO - [2026-08-13T10:25:12.024+0000] {dagbag.py:545} INFO - Filling up the DagBag from /opt/airflow/dags/hello_airflow.py
[2026-08-13T10:25:12.085+0000] {processor.py:840} INFO - DAG(s) 'hello_airflow' retrieved from /opt/airflow/dags/hello_airflow.py
[2026-08-13T10:25:12.181+0000] {logging_mixin.py:188} INFO - [2026-08-13T10:25:12.180+0000] {dag.py:3089} INFO - Sync 1 DAGs
[2026-08-13T10:25:12.234+0000] {logging_mixin.py:188} INFO - [2026-08-13T10:25:12.233+0000] {dag.py:3947} INFO - Setting next_dagrun for hello_airflow to None, run_after=None
[2026-08-13T10:25:12.309+0000] {processor.py:183} INFO - Processing /opt/airflow/dags/hello_airflow.py took 0.318 seconds
[2026-08-13T10:25:42.744+0000] {processor.py:161} INFO - Started process (PID=7963) to work on /opt/airflow/dags/hello_airflow.py
[2026-08-13T10:25:42.754+0000] {processor.py:830} INFO - Processing file /opt/airflow/dags/hello_airflow.py for tasks to queue
[2026-08-13T10:25:42.765+0000] {logging_mixin.py:188} INFO - [2026-08-13T10:25:42.763+0000] {dagbag.py:545} INFO - Filling up the DagBag from /opt/airflow/dags/hello_airflow.py
[2026-08-13T10:25:42.858+0000] {processor.py:840} INFO - DAG(s) 'hello_airflow' retrieved from /opt/airflow/dags/hello_airflow.py
[2026-08-13T10:25:43.046+0000] {logging_mixin.py:188} INFO - [2026-08-13T10:25:43.045+0000] {dag.py:3089} INFO - Sync 1 DAGs
[2026-08-13T10:25:43.108+0000] {logging_mixin.py:188} INFO - [2026-08-13T10:25:43.107+0000] {dag.py:3947} INFO - Setting next_dagrun for hello_airflow to None, run_after=None
[2026-08-13T10:25:43.229+0000] {processor.py:183} INFO - Processing /opt/airflow/dags/hello_airflow.py took 0.514 seconds
[2026-08-13T10:26:14.079+0000] {processor.py:161} INFO - Started process (PID=7980) to work on /opt/airflow/dags/hello_airflow.py
[2026-08-13T10:26:14.102+0000] {processor.py:830} INFO - Processing file /opt/airflow/dags/hello_airflow.py for tasks to queue
[2026-08-13T10:26:14.121+0000] {logging_mixin.py:188} INFO - [2026-08-13T10:26:14.114+0000] {dagbag.py:545} INFO - Filling up the DagBag from /opt/airflow/dags/hello_airflow.py
[2026-08-13T10:26:14.218+0000] {processor.py:840} INFO - DAG(s) 'hello_airflow' retrieved from /opt/airflow/dags/hello_airflow.py
[2026-08-13T10:26:14.333+0000] {logging_mixin.py:188} INFO - [2026-08-13T10:26:14.332+0000] {dag.py:3089} INFO - Sync 1 DAGs
[2026-08-13T10:26:14.379+0000] {logging_mixin.py:188} INFO - [2026-08-13T10:26:14.378+0000] {dag.py:3947} INFO - Setting next_dagrun for hello_airflow to None, run_after=None
[2026-08-13T10:26:14.453+0000] {processor.py:183} INFO - Processing /opt/airflow/dags/hello_airflow.py took 0.411 seconds
[2026-08-13T10:26:44.693+0000] {processor.py:161} INFO - Started process (PID=8004) to work on /opt/airflow/dags/hello_airflow.py
[2026-08-13T10:26:44.699+0000] {processor.py:830} INFO - Processing file /opt/airflow/dags/hello_airflow.py for tasks to queue
[2026-08-13T10:26:44.707+0000] {logging_mixin.py:188} INFO - [2026-08-13T10:26:44.705+0000] {dagbag.py:545} INFO - Filling up the DagBag from /opt/airflow/dags/hello_airflow.py
[2026-08-13T10:26:44.762+0000] {processor.py:840} INFO - DAG(s) 'hello_airflow' retrieved from /opt/airflow/dags/hello_airflow.py
[2026-08-13T10:26:44.862+0000] {logging_mixin.py:188} INFO - [2026-08-13T10:26:44.861+0000] {dag.py:3089} INFO - Sync 1 DAGs
[2026-08-13T10:26:44.909+0000] {logging_mixin.py:188} INFO - [2026-08-13T10:26:44.909+0000] {dag.py:3947} INFO - Setting next_dagrun for hello_airflow to None, run_after=None
[2026-08-13T10:26:44.974+0000] {processor.py:183} INFO - Processing /opt/airflow/dags/hello_airflow.py took 0.302 seconds
[2026-08-13T10:27:15.310+0000] {processor.py:161} INFO - Started process (PID=8028) to work on /opt/airflow/dags/hello_airflow.py
[2026-08-13T10:27:15.313+0000] {processor.py:830} INFO - Processing file /opt/airflow/dags/hello_airflow.py for tasks to queue
[2026-08-13T10:27:15.318+0000] {logging_mixin.py:188} INFO - [2026-08-13T10:27:15.317+0000] {dagbag.py:545} INFO - Filling up the DagBag from /opt/airflow/dags/hello_airflow.py
[2026-08-13T10:27:15.365+0000] {processor.py:840} INFO - DAG(s) 'hello_airflow' retrieved from /opt/airflow/dags/hello_airflow.py
[2026-08-13T10:27:15.442+0000] {logging_mixin.py:188} INFO - [2026-08-13T10:27:15.441+0000] {dag.py:3089} INFO - Sync 1 DAGs
[2026-08-13T10:27:15.483+0000] {logging_mixin.py:188} INFO - [2026-08-13T10:27:15.483+0000] {dag.py:3947} INFO - Setting next_dagrun for hello_airflow to None, run_after=None
[2026-08-13T10:27:15.539+0000] {processor.py:183} INFO - Processing /opt/airflow/dags/hello_airflow.py took 0.248 seconds
[2026-08-13T10:27:46.079+0000] {processor.py:161} INFO - Started process (PID=8052) to work on /opt/airflow/dags/hello_airflow.py
[2026-08-13T10:27:46.082+0000] {processor.py:830} INFO - Processing file /opt/airflow/dags/hello_airflow.py for tasks to queue
[2026-08-13T10:27:46.091+0000] {logging_mixin.py:188} INFO - [2026-08-13T10:27:46.090+0000] {dagbag.py:545} INFO - Filling up the DagBag from /opt/airflow/dags/hello_airflow.py
[2026-08-13T10:27:46.154+0000] {processor.py:840} INFO - DAG(s) 'hello_airflow' retrieved from /opt/airflow/dags/hello_airflow.py
[2026-08-13T10:27:46.244+0000] {logging_mixin.py:188} INFO - [2026-08-13T10:27:46.243+0000] {dag.py:3089} INFO - Sync 1 DAGs
[2026-08-13T10:27:46.296+0000] {logging_mixin.py:188} INFO - [2026-08-13T10:27:46.295+0000] {dag.py:3947} INFO - Setting next_dagrun for hello_airflow to None, run_after=None
[2026-08-13T10:27:46.359+0000] {processor.py:183} INFO - Processing /opt/airflow/dags/hello_airflow.py took 0.299 seconds
[2026-08-13T10:28:16.700+0000] {processor.py:161} INFO - Started process (PID=8069) to work on /opt/airflow/dags/hello_airflow.py
[2026-08-13T10:28:16.702+0000] {processor.py:830} INFO - Processing file /opt/airflow/dags/hello_airflow.py for tasks to queue
[2026-08-13T10:28:16.708+0000] {logging_mixin.py:188} INFO - [2026-08-13T10:28:16.707+0000] {dagbag.py:545} INFO - Filling up the DagBag from /opt/airflow/dags/hello_airflow.py
[2026-08-13T10:28:16.751+0000] {processor.py:840} INFO - DAG(s) 'hello_airflow' retrieved from /opt/airflow/dags/hello_airflow.py
[2026-08-13T10:28:16.806+0000] {logging_mixin.py:188} INFO - [2026-08-13T10:28:16.806+0000] {dag.py:3089} INFO - Sync 1 DAGs
[2026-08-13T10:28:16.837+0000] {logging_mixin.py:188} INFO - [2026-08-13T10:28:16.836+0000] {dag.py:3947} INFO - Setting next_dagrun for hello_airflow to None, run_after=None
[2026-08-13T10:28:16.879+0000] {processor.py:183} INFO - Processing /opt/airflow/dags/hello_airflow.py took 0.192 seconds
[2026-08-13T10:28:47.224+0000] {processor.py:161} INFO - Started process (PID=8093) to work on /opt/airflow/dags/hello_airflow.py
[2026-08-13T10:28:47.226+0000] {processor.py:830} INFO - Processing file /opt/airflow/dags/hello_airflow.py for tasks to queue
[2026-08-13T10:28:47.233+0000] {logging_mixin.py:188} INFO - [2026-08-13T10:28:47.232+0000] {dagbag.py:545} INFO - Filling up the DagBag from /opt/airflow/dags/hello_airflow.py
[2026-08-13T10:28:47.257+0000] {processor.py:840} INFO - DAG(s) 'hello_airflow' retrieved from /opt/airflow/dags/hello_airflow.py
[2026-08-13T10:28:47.302+0000] {logging_mixin.py:188} INFO - [2026-08-13T10:28:47.301+0000] {dag.py:3089} INFO - Sync 1 DAGs
[2026-08-13T10:28:47.323+0000] {logging_mixin.py:188} INFO - [2026-08-13T10:28:47.322+0000] {dag.py:3947} INFO - Setting next_dagrun for hello_airflow to None, run_after=None
[2026-08-13T10:28:47.351+0000] {processor.py:183} INFO - Processing /opt/airflow/dags/hello_airflow.py took 0.136 seconds
[2026-08-13T10:29:17.472+0000] {processor.py:161} INFO - Started process (PID=8118) to work on /opt/airflow/dags/hello_airflow.py
[2026-08-13T10:29:17.473+0000] {processor.py:830} INFO - Processing file /opt/airflow/dags/hello_airflow.py for tasks to queue
[2026-08-13T10:29:17.476+0000] {logging_mixin.py:188} INFO - [2026-08-13T10:29:17.476+0000] {dagbag.py:545} INFO - Filling up the DagBag from /opt/airflow/dags/hello_airflow.py
[2026-08-13T10:29:17.491+0000] {processor.py:840} INFO - DAG(s) 'hello_airflow' retrieved from /opt/airflow/dags/hello_airflow.py
[2026-08-13T10:29:17.517+0000] {logging_mixin.py:188} INFO - [2026-08-13T10:29:17.517+0000] {dag.py:3089} INFO - Sync 1 DAGs
[2026-08-13T10:29:17.529+0000] {logging_mixin.py:188} INFO - [2026-08-13T10:29:17.529+0000] {dag.py:3947} INFO - Setting next_dagrun for hello_airflow to None, run_after=None
[2026-08-13T10:29:17.549+0000] {processor.py:183} INFO - Processing /opt/airflow/dags/hello_airflow.py took 0.082 seconds
[2026-08-13T10:29:48.093+0000] {processor.py:161} INFO - Started process (PID=8142) to work on /opt/airflow/dags/hello_airflow.py
[2026-08-13T10:29:48.095+0000] {processor.py:830} INFO - Processing file /opt/airflow/dags/hello_airflow.py for tasks to queue
[2026-08-13T10:29:48.099+0000] {logging_mixin.py:188} INFO - [2026-08-13T10:29:48.099+0000] {dagbag.py:545} INFO - Filling up the DagBag from /opt/airflow/dags/hello_airflow.py
[2026-08-13T10:29:48.126+0000] {processor.py:840} INFO - DAG(s) 'hello_airflow' retrieved from /opt/airflow/dags/hello_airflow.py
[2026-08-13T10:29:48.172+0000] {logging_mixin.py:188} INFO - [2026-08-13T10:29:48.172+0000] {dag.py:3089} INFO - Sync 1 DAGs
[2026-08-13T10:29:48.196+0000] {logging_mixin.py:188} INFO - [2026-08-13T10:29:48.196+0000] {dag.py:3947} INFO - Setting next_dagrun for hello_airflow to None, run_after=None
[2026-08-13T10:29:48.233+0000] {processor.py:183} INFO - Processing /opt/airflow/dags/hello_airflow.py took 0.148 seconds
[2026-08-13T10:30:18.400+0000] {processor.py:161} INFO - Started process (PID=8166) to work on /opt/airflow/dags/hello_airflow.py
[2026-08-13T10:30:18.402+0000] {processor.py:830} INFO - Processing file /opt/airflow/dags/hello_airflow.py for tasks to queue
[2026-08-13T10:30:18.406+0000] {logging_mixin.py:188} INFO - [2026-08-13T10:30:18.405+0000] {dagbag.py:545} INFO - Filling up the DagBag from /opt/airflow/dags/hello_airflow.py
[2026-08-13T10:30:18.431+0000] {processor.py:840} INFO - DAG(s) 'hello_airflow' retrieved from /opt/airflow/dags/hello_airflow.py
[2026-08-13T10:30:18.482+0000] {logging_mixin.py:188} INFO - [2026-08-13T10:30:18.481+0000] {dag.py:3089} INFO - Sync 1 DAGs
[2026-08-13T10:30:18.508+0000] {logging_mixin.py:188} INFO - [2026-08-13T10:30:18.507+0000] {dag.py:3947} INFO - Setting next_dagrun for hello_airflow to None, run_after=None
[2026-08-13T10:30:18.542+0000] {processor.py:183} INFO - Processing /opt/airflow/dags/hello_airflow.py took 0.150 seconds
[2026-08-13T10:30:48.878+0000] {processor.py:161} INFO - Started process (PID=8190) to work on /opt/airflow/dags/hello_airflow.py
[2026-08-13T10:30:48.880+0000] {processor.py:830} INFO - Processing file /opt/airflow/dags/hello_airflow.py for tasks to queue
[2026-08-13T10:30:48.887+0000] {logging_mixin.py:188} INFO - [2026-08-13T10:30:48.887+0000] {dagbag.py:545} INFO - Filling up the DagBag from /opt/airflow/dags/hello_airflow.py
[2026-08-13T10:30:48.927+0000] {processor.py:840} INFO - DAG(s) 'hello_airflow' retrieved from /opt/airflow/dags/hello_airflow.py
[2026-08-13T10:30:48.994+0000] {logging_mixin.py:188} INFO - [2026-08-13T10:30:48.993+0000] {dag.py:3089} INFO - Sync 1 DAGs
[2026-08-13T10:30:49.043+0000] {logging_mixin.py:188} INFO - [2026-08-13T10:30:49.042+0000] {dag.py:3947} INFO - Setting next_dagrun for hello_airflow to None, run_after=None
[2026-08-13T10:30:49.114+0000] {processor.py:183} INFO - Processing /opt/airflow/dags/hello_airflow.py took 0.250 seconds
[2026-08-13T10:31:19.469+0000] {processor.py:161} INFO - Started process (PID=8215) to work on /opt/airflow/dags/hello_airflow.py
[2026-08-13T10:31:19.472+0000] {processor.py:830} INFO - Processing file /opt/airflow/dags/hello_airflow.py for tasks to queue
[2026-08-13T10:31:19.478+0000] {logging_mixin.py:188} INFO - [2026-08-13T10:31:19.477+0000] {dagbag.py:545} INFO - Filling up the DagBag from /opt/airflow/dags/hello_airflow.py
[2026-08-13T10:31:19.526+0000] {processor.py:840} INFO - DAG(s) 'hello_airflow' retrieved from /opt/airflow/dags/hello_airflow.py
[2026-08-13T10:31:19.619+0000] {logging_mixin.py:188} INFO - [2026-08-13T10:31:19.618+0000] {dag.py:3089} INFO - Sync 1 DAGs
[2026-08-13T10:31:19.653+0000] {logging_mixin.py:188} INFO - [2026-08-13T10:31:19.653+0000] {dag.py:3947} INFO - Setting next_dagrun for hello_airflow to None, run_after=None
[2026-08-13T10:31:19.712+0000] {processor.py:183} INFO - Processing /opt/airflow/dags/hello_airflow.py took 0.261 seconds
[2026-08-13T10:31:50.074+0000] {processor.py:161} INFO - Started process (PID=8239) to work on /opt/airflow/dags/hello_airflow.py
[2026-08-13T10:31:50.077+0000] {processor.py:830} INFO - Processing file /opt/airflow/dags/hello_airflow.py for tasks to queue
[2026-08-13T10:31:50.084+0000] {logging_mixin.py:188} INFO - [2026-08-13T10:31:50.082+0000] {dagbag.py:545} INFO - Filling up the DagBag from /opt/airflow/dags/hello_airflow.py
[2026-08-13T10:31:50.147+0000] {processor.py:840} INFO - DAG(s) 'hello_airflow' retrieved from /opt/airflow/dags/hello_airflow.py
[2026-08-13T10:31:50.258+0000] {logging_mixin.py:188} INFO - [2026-08-13T10:31:50.257+0000] {dag.py:3089} INFO - Sync 1 DAGs
[2026-08-13T10:31:50.313+0000] {logging_mixin.py:188} INFO - [2026-08-13T10:31:50.312+0000] {dag.py:3947} INFO - Setting next_dagrun for hello_airflow to None, run_after=None
[2026-08-13T10:31:50.393+0000] {processor.py:183} INFO - Processing /opt/airflow/dags/hello_airflow.py took 0.341 seconds
[2026-08-13T10:32:20.822+0000] {processor.py:161} INFO - Started process (PID=8264) to work on /opt/airflow/dags/hello_airflow.py
[2026-08-13T10:32:20.828+0000] {processor.py:830} INFO - Processing file /opt/airflow/dags/hello_airflow.py for tasks to queue
[2026-08-13T10:32:20.836+0000] {logging_mixin.py:188} INFO - [2026-08-13T10:32:20.835+0000] {dagbag.py:545} INFO - Filling up the DagBag from /opt/airflow/dags/hello_airflow.py
[2026-08-13T10:32:20.897+0000] {processor.py:840} INFO - DAG(s) 'hello_airflow' retrieved from /opt/airflow/dags/hello_airflow.py
[2026-08-13T10:32:21.003+0000] {logging_mixin.py:188} INFO - [2026-08-13T10:32:21.002+0000] {dag.py:3089} INFO - Sync 1 DAGs
[2026-08-13T10:32:21.053+0000] {logging_mixin.py:188} INFO - [2026-08-13T10:32:21.052+0000] {dag.py:3947} INFO - Setting next_dagrun for hello_airflow to None, run_after=None
[2026-08-13T10:32:21.129+0000] {processor.py:183} INFO - Processing /opt/airflow/dags/hello_airflow.py took 0.335 seconds
[2026-08-13T10:32:51.503+0000] {processor.py:161} INFO - Started process (PID=8288) to work on /opt/airflow/dags/hello_airflow.py
[2026-08-13T10:32:51.506+0000] {processor.py:830} INFO - Processing file /opt/airflow/dags/hello_airflow.py for tasks to queue
[2026-08-13T10:32:51.514+0000] {logging_mixin.py:188} INFO - [2026-08-13T10:32:51.513+0000] {dagbag.py:545} INFO - Filling up the DagBag from /opt/airflow/dags/hello_airflow.py
[2026-08-13T10:32:51.566+0000] {processor.py:840} INFO - DAG(s) 'hello_airflow' retrieved from /opt/airflow/dags/hello_airflow.py
[2026-08-13T10:32:51.665+0000] {logging_mixin.py:188} INFO - [2026-08-13T10:32:51.663+0000] {dag.py:3089} INFO - Sync 1 DAGs
[2026-08-13T10:32:51.716+0000] {logging_mixin.py:188} INFO - [2026-08-13T10:32:51.716+0000] {dag.py:3947} INFO - Setting next_dagrun for hello_airflow to None, run_after=None
[2026-08-13T10:32:51.784+0000] {processor.py:183} INFO - Processing /opt/airflow/dags/hello_airflow.py took 0.304 seconds
[2026-08-13T10:33:22.105+0000] {processor.py:161} INFO - Started process (PID=8312) to work on /opt/airflow/dags/hello_airflow.py
[2026-08-13T10:33:22.108+0000] {processor.py:830} INFO - Processing file /opt/airflow/dags/hello_airflow.py for tasks to queue
[2026-08-13T10:33:22.113+0000] {logging_mixin.py:188} INFO - [2026-08-13T10:33:22.112+0000] {dagbag.py:545} INFO - Filling up the DagBag from /opt/airflow/dags/hello_airflow.py
[2026-08-13T10:33:22.150+0000] {processor.py:840} INFO - DAG(s) 'hello_airflow' retrieved from /opt/airflow/dags/hello_airflow.py
[2026-08-13T10:33:22.227+0000] {logging_mixin.py:188} INFO - [2026-08-13T10:33:22.226+0000] {dag.py:3089} INFO - Sync 1 DAGs
[2026-08-13T10:33:22.263+0000] {logging_mixin.py:188} INFO - [2026-08-13T10:33:22.263+0000] {dag.py:3947} INFO - Setting next_dagrun for hello_airflow to None, run_after=None
[2026-08-13T10:33:22.313+0000] {processor.py:183} INFO - Processing /opt/airflow/dags/hello_airflow.py took 0.223 seconds
[2026-08-13T10:33:52.903+0000] {processor.py:161} INFO - Started process (PID=8329) to work on /opt/airflow/dags/hello_airflow.py
[2026-08-13T10:33:52.905+0000] {processor.py:830} INFO - Processing file /opt/airflow/dags/hello_airflow.py for tasks to queue
[2026-08-13T10:33:52.908+0000] {logging_mixin.py:188} INFO - [2026-08-13T10:33:52.908+0000] {dagbag.py:545} INFO - Filling up the DagBag from /opt/airflow/dags/hello_airflow.py
[2026-08-13T10:33:52.934+0000] {processor.py:840} INFO - DAG(s) 'hello_airflow' retrieved from /opt/airflow/dags/hello_airflow.py
[2026-08-13T10:33:52.977+0000] {logging_mixin.py:188} INFO - [2026-08-13T10:33:52.977+0000] {dag.py:3089} INFO - Sync 1 DAGs
[2026-08-13T10:33:53.001+0000] {logging_mixin.py:188} INFO - [2026-08-13T10:33:53.000+0000] {dag.py:3947} INFO - Setting next_dagrun for hello_airflow to None, run_after=None
[2026-08-13T10:33:53.030+0000] {processor.py:183} INFO - Processing /opt/airflow/dags/hello_airflow.py took 0.136 seconds
[2026-08-13T10:34:23.172+0000] {processor.py:161} INFO - Started process (PID=8353) to work on /opt/airflow/dags/hello_airflow.py
[2026-08-13T10:34:23.174+0000] {processor.py:830} INFO - Processing file /opt/airflow/dags/hello_airflow.py for tasks to queue
[2026-08-13T10:34:23.177+0000] {logging_mixin.py:188} INFO - [2026-08-13T10:34:23.176+0000] {dagbag.py:545} INFO - Filling up the DagBag from /opt/airflow/dags/hello_airflow.py
[2026-08-13T10:34:23.203+0000] {processor.py:840} INFO - DAG(s) 'hello_airflow' retrieved from /opt/airflow/dags/hello_airflow.py
[2026-08-13T10:34:23.248+0000] {logging_mixin.py:188} INFO - [2026-08-13T10:34:23.248+0000] {dag.py:3089} INFO - Sync 1 DAGs
[2026-08-13T10:34:23.270+0000] {logging_mixin.py:188} INFO - [2026-08-13T10:34:23.269+0000] {dag.py:3947} INFO - Setting next_dagrun for hello_airflow to None, run_after=None
[2026-08-13T10:34:23.299+0000] {processor.py:183} INFO - Processing /opt/airflow/dags/hello_airflow.py took 0.136 seconds
[2026-08-13T10:34:53.512+0000] {processor.py:161} INFO - Started process (PID=8377) to work on /opt/airflow/dags/hello_airflow.py
[2026-08-13T10:34:53.514+0000] {processor.py:830} INFO - Processing file /opt/airflow/dags/hello_airflow.py for tasks to queue
[2026-08-13T10:34:53.517+0000] {logging_mixin.py:188} INFO - [2026-08-13T10:34:53.516+0000] {dagbag.py:545} INFO - Filling up the DagBag from /opt/airflow/dags/hello_airflow.py
[2026-08-13T10:34:53.540+0000] {processor.py:840} INFO - DAG(s) 'hello_airflow' retrieved from /opt/airflow/dags/hello_airflow.py
[2026-08-13T10:34:53.588+0000] {logging_mixin.py:188} INFO - [2026-08-13T10:34:53.588+0000] {dag.py:3089} INFO - Sync 1 DAGs
[2026-08-13T10:34:53.608+0000] {logging_mixin.py:188} INFO - [2026-08-13T10:34:53.608+0000] {dag.py:3947} INFO - Setting next_dagrun for hello_airflow to None, run_after=None
[2026-08-13T10:34:53.637+0000] {processor.py:183} INFO - Processing /opt/airflow/dags/hello_airflow.py took 0.135 seconds
[2026-08-13T10:35:23.950+0000] {processor.py:161} INFO - Started process (PID=8401) to work on /opt/airflow/dags/hello_airflow.py
[2026-08-13T10:35:23.952+0000] {processor.py:830} INFO - Processing file /opt/airflow/dags/hello_airflow.py for tasks to queue
[2026-08-13T10:35:23.956+0000] {logging_mixin.py:188} INFO - [2026-08-13T10:35:23.955+0000] {dagbag.py:545} INFO - Filling up the DagBag from /opt/airflow/dags/hello_airflow.py
[2026-08-13T10:35:23.982+0000] {processor.py:840} INFO - DAG(s) 'hello_airflow' retrieved from /opt/airflow/dags/hello_airflow.py
[2026-08-13T10:35:24.029+0000] {logging_mixin.py:188} INFO - [2026-08-13T10:35:24.028+0000] {dag.py:3089} INFO - Sync 1 DAGs
[2026-08-13T10:35:24.054+0000] {logging_mixin.py:188} INFO - [2026-08-13T10:35:24.053+0000] {dag.py:3947} INFO - Setting next_dagrun for hello_airflow to None, run_after=None
[2026-08-13T10:35:24.096+0000] {processor.py:183} INFO - Processing /opt/airflow/dags/hello_airflow.py took 0.153 seconds
[2026-08-13T10:35:54.230+0000] {processor.py:161} INFO - Started process (PID=8425) to work on /opt/airflow/dags/hello_airflow.py
[2026-08-13T10:35:54.232+0000] {processor.py:830} INFO - Processing file /opt/airflow/dags/hello_airflow.py for tasks to queue
[2026-08-13T10:35:54.236+0000] {logging_mixin.py:188} INFO - [2026-08-13T10:35:54.236+0000] {dagbag.py:545} INFO - Filling up the DagBag from /opt/airflow/dags/hello_airflow.py
[2026-08-13T10:35:54.267+0000] {processor.py:840} INFO - DAG(s) 'hello_airflow' retrieved from /opt/airflow/dags/hello_airflow.py
[2026-08-13T10:35:54.325+0000] {logging_mixin.py:188} INFO - [2026-08-13T10:35:54.324+0000] {dag.py:3089} INFO - Sync 1 DAGs
[2026-08-13T10:35:54.350+0000] {logging_mixin.py:188} INFO - [2026-08-13T10:35:54.349+0000] {dag.py:3947} INFO - Setting next_dagrun for hello_airflow to None, run_after=None
[2026-08-13T10:35:54.386+0000] {processor.py:183} INFO - Processing /opt/airflow/dags/hello_airflow.py took 0.167 seconds
[2026-08-13T10:36:24.765+0000] {processor.py:161} INFO - Started process (PID=8449) to work on /opt/airflow/dags/hello_airflow.py
[2026-08-13T10:36:24.769+0000] {processor.py:830} INFO - Processing file /opt/airflow/dags/hello_airflow.py for tasks to queue
[2026-08-13T10:36:24.779+0000] {logging_mixin.py:188} INFO - [2026-08-13T10:36:24.777+0000] {dagbag.py:545} INFO - Filling up the DagBag from /opt/airflow/dags/hello_airflow.py
[2026-08-13T10:36:24.832+0000] {processor.py:840} INFO - DAG(s) 'hello_airflow' retrieved from /opt/airflow/dags/hello_airflow.py
[2026-08-13T10:36:24.924+0000] {logging_mixin.py:188} INFO - [2026-08-13T10:36:24.923+0000] {dag.py:3089} INFO - Sync 1 DAGs
[2026-08-13T10:36:24.961+0000] {logging_mixin.py:188} INFO - [2026-08-13T10:36:24.960+0000] {dag.py:3947} INFO - Setting next_dagrun for hello_airflow to None, run_after=None
[2026-08-13T10:36:25.024+0000] {processor.py:183} INFO - Processing /opt/airflow/dags/hello_airflow.py took 0.280 seconds
[2026-08-13T10:36:55.422+0000] {processor.py:161} INFO - Started process (PID=8473) to work on /opt/airflow/dags/hello_airflow.py
[2026-08-13T10:36:55.427+0000] {processor.py:830} INFO - Processing file /opt/airflow/dags/hello_airflow.py for tasks to queue
[2026-08-13T10:36:55.436+0000] {logging_mixin.py:188} INFO - [2026-08-13T10:36:55.434+0000] {dagbag.py:545} INFO - Filling up the DagBag from /opt/airflow/dags/hello_airflow.py
[2026-08-13T10:36:55.500+0000] {processor.py:840} INFO - DAG(s) 'hello_airflow' retrieved from /opt/airflow/dags/hello_airflow.py
[2026-08-13T10:36:55.637+0000] {logging_mixin.py:188} INFO - [2026-08-13T10:36:55.636+0000] {dag.py:3089} INFO - Sync 1 DAGs
[2026-08-13T10:36:55.712+0000] {logging_mixin.py:188} INFO - [2026-08-13T10:36:55.711+0000] {dag.py:3947} INFO - Setting next_dagrun for hello_airflow to None, run_after=None
[2026-08-13T10:36:55.808+0000] {processor.py:183} INFO - Processing /opt/airflow/dags/hello_airflow.py took 0.406 seconds
[2026-08-13T10:37:26.210+0000] {processor.py:161} INFO - Started process (PID=8497) to work on /opt/airflow/dags/hello_airflow.py
[2026-08-13T10:37:26.213+0000] {processor.py:830} INFO - Processing file /opt/airflow/dags/hello_airflow.py for tasks to queue
[2026-08-13T10:37:26.219+0000] {logging_mixin.py:188} INFO - [2026-08-13T10:37:26.218+0000] {dagbag.py:545} INFO - Filling up the DagBag from /opt/airflow/dags/hello_airflow.py
[2026-08-13T10:37:26.272+0000] {processor.py:840} INFO - DAG(s) 'hello_airflow' retrieved from /opt/airflow/dags/hello_airflow.py
[2026-08-13T10:37:26.376+0000] {logging_mixin.py:188} INFO - [2026-08-13T10:37:26.376+0000] {dag.py:3089} INFO - Sync 1 DAGs
[2026-08-13T10:37:26.449+0000] {logging_mixin.py:188} INFO - [2026-08-13T10:37:26.448+0000] {dag.py:3947} INFO - Setting next_dagrun for hello_airflow to None, run_after=None
[2026-08-13T10:37:26.552+0000] {processor.py:183} INFO - Processing /opt/airflow/dags/hello_airflow.py took 0.358 seconds
[2026-08-13T10:37:56.884+0000] {processor.py:161} INFO - Started process (PID=8522) to work on /opt/airflow/dags/hello_airflow.py
[2026-08-13T10:37:56.887+0000] {processor.py:830} INFO - Processing file /opt/airflow/dags/hello_airflow.py for tasks to queue
[2026-08-13T10:37:56.893+0000] {logging_mixin.py:188} INFO - [2026-08-13T10:37:56.892+0000] {dagbag.py:545} INFO - Filling up the DagBag from /opt/airflow/dags/hello_airflow.py
[2026-08-13T10:37:56.940+0000] {processor.py:840} INFO - DAG(s) 'hello_airflow' retrieved from /opt/airflow/dags/hello_airflow.py
[2026-08-13T10:37:57.015+0000] {logging_mixin.py:188} INFO - [2026-08-13T10:37:57.015+0000] {dag.py:3089} INFO - Sync 1 DAGs
[2026-08-13T10:37:57.051+0000] {logging_mixin.py:188} INFO - [2026-08-13T10:37:57.051+0000] {dag.py:3947} INFO - Setting next_dagrun for hello_airflow to None, run_after=None
[2026-08-13T10:37:57.109+0000] {processor.py:183} INFO - Processing /opt/airflow/dags/hello_airflow.py took 0.244 seconds
[2026-08-13T10:38:27.430+0000] {processor.py:161} INFO - Started process (PID=8546) to work on /opt/airflow/dags/hello_airflow.py
[2026-08-13T10:38:27.432+0000] {processor.py:830} INFO - Processing file /opt/airflow/dags/hello_airflow.py for tasks to queue
[2026-08-13T10:38:27.436+0000] {logging_mixin.py:188} INFO - [2026-08-13T10:38:27.435+0000] {dagbag.py:545} INFO - Filling up the DagBag from /opt/airflow/dags/hello_airflow.py
[2026-08-13T10:38:27.471+0000] {processor.py:840} INFO - DAG(s) 'hello_airflow' retrieved from /opt/airflow/dags/hello_airflow.py
[2026-08-13T10:38:27.528+0000] {logging_mixin.py:188} INFO - [2026-08-13T10:38:27.528+0000] {dag.py:3089} INFO - Sync 1 DAGs
[2026-08-13T10:38:27.565+0000] {logging_mixin.py:188} INFO - [2026-08-13T10:38:27.564+0000] {dag.py:3947} INFO - Setting next_dagrun for hello_airflow to None, run_after=None
[2026-08-13T10:38:27.622+0000] {processor.py:183} INFO - Processing /opt/airflow/dags/hello_airflow.py took 0.206 seconds
[2026-08-13T10:38:58.286+0000] {processor.py:161} INFO - Started process (PID=8570) to work on /opt/airflow/dags/hello_airflow.py
[2026-08-13T10:38:58.289+0000] {processor.py:830} INFO - Processing file /opt/airflow/dags/hello_airflow.py for tasks to queue
[2026-08-13T10:38:58.294+0000] {logging_mixin.py:188} INFO - [2026-08-13T10:38:58.293+0000] {dagbag.py:545} INFO - Filling up the DagBag from /opt/airflow/dags/hello_airflow.py
[2026-08-13T10:38:58.319+0000] {processor.py:840} INFO - DAG(s) 'hello_airflow' retrieved from /opt/airflow/dags/hello_airflow.py
[2026-08-13T10:38:58.375+0000] {logging_mixin.py:188} INFO - [2026-08-13T10:38:58.375+0000] {dag.py:3089} INFO - Sync 1 DAGs
[2026-08-13T10:38:58.402+0000] {logging_mixin.py:188} INFO - [2026-08-13T10:38:58.402+0000] {dag.py:3947} INFO - Setting next_dagrun for hello_airflow to None, run_after=None
[2026-08-13T10:38:58.442+0000] {processor.py:183} INFO - Processing /opt/airflow/dags/hello_airflow.py took 0.166 seconds
[2026-08-13T10:39:28.636+0000] {processor.py:161} INFO - Started process (PID=8587) to work on /opt/airflow/dags/hello_airflow.py
[2026-08-13T10:39:28.639+0000] {processor.py:830} INFO - Processing file /opt/airflow/dags/hello_airflow.py for tasks to queue
[2026-08-13T10:39:28.645+0000] {logging_mixin.py:188} INFO - [2026-08-13T10:39:28.644+0000] {dagbag.py:545} INFO - Filling up the DagBag from /opt/airflow/dags/hello_airflow.py
[2026-08-13T10:39:28.682+0000] {processor.py:840} INFO - DAG(s) 'hello_airflow' retrieved from /opt/airflow/dags/hello_airflow.py
[2026-08-13T10:39:28.745+0000] {logging_mixin.py:188} INFO - [2026-08-13T10:39:28.744+0000] {dag.py:3089} INFO - Sync 1 DAGs
[2026-08-13T10:39:28.774+0000] {logging_mixin.py:188} INFO - [2026-08-13T10:39:28.774+0000] {dag.py:3947} INFO - Setting next_dagrun for hello_airflow to None, run_after=None
[2026-08-13T10:39:28.819+0000] {processor.py:183} INFO - Processing /opt/airflow/dags/hello_airflow.py took 0.196 seconds
[2026-08-13T10:39:59.130+0000] {processor.py:161} INFO - Started process (PID=8611) to work on /opt/airflow/dags/hello_airflow.py
[2026-08-13T10:39:59.132+0000] {processor.py:830} INFO - Processing file /opt/airflow/dags/hello_airflow.py for tasks to queue
[2026-08-13T10:39:59.138+0000] {logging_mixin.py:188} INFO - [2026-08-13T10:39:59.137+0000] {dagbag.py:545} INFO - Filling up the DagBag from /opt/airflow/dags/hello_airflow.py
[2026-08-13T10:39:59.169+0000] {processor.py:840} INFO - DAG(s) 'hello_airflow' retrieved from /opt/airflow/dags/hello_airflow.py
[2026-08-13T10:39:59.224+0000] {logging_mixin.py:188} INFO - [2026-08-13T10:39:59.223+0000] {dag.py:3089} INFO - Sync 1 DAGs
[2026-08-13T10:39:59.249+0000] {logging_mixin.py:188} INFO - [2026-08-13T10:39:59.249+0000] {dag.py:3947} INFO - Setting next_dagrun for hello_airflow to None, run_after=None
[2026-08-13T10:39:59.285+0000] {processor.py:183} INFO - Processing /opt/airflow/dags/hello_airflow.py took 0.166 seconds
[2026-08-13T10:40:29.605+0000] {processor.py:161} INFO - Started process (PID=8635) to work on /opt/airflow/dags/hello_airflow.py
[2026-08-13T10:40:29.607+0000] {processor.py:830} INFO - Processing file /opt/airflow/dags/hello_airflow.py for tasks to queue
[2026-08-13T10:40:29.612+0000] {logging_mixin.py:188} INFO - [2026-08-13T10:40:29.611+0000] {dagbag.py:545} INFO - Filling up the DagBag from /opt/airflow/dags/hello_airflow.py
[2026-08-13T10:40:29.648+0000] {processor.py:840} INFO - DAG(s) 'hello_airflow' retrieved from /opt/airflow/dags/hello_airflow.py
[2026-08-13T10:40:29.707+0000] {logging_mixin.py:188} INFO - [2026-08-13T10:40:29.707+0000] {dag.py:3089} INFO - Sync 1 DAGs
[2026-08-13T10:40:29.734+0000] {logging_mixin.py:188} INFO - [2026-08-13T10:40:29.733+0000] {dag.py:3947} INFO - Setting next_dagrun for hello_airflow to None, run_after=None
[2026-08-13T10:40:29.772+0000] {processor.py:183} INFO - Processing /opt/airflow/dags/hello_airflow.py took 0.182 seconds
[2026-08-13T10:40:59.920+0000] {processor.py:161} INFO - Started process (PID=8659) to work on /opt/airflow/dags/hello_airflow.py
[2026-08-13T10:40:59.922+0000] {processor.py:830} INFO - Processing file /opt/airflow/dags/hello_airflow.py for tasks to queue
[2026-08-13T10:40:59.927+0000] {logging_mixin.py:188} INFO - [2026-08-13T10:40:59.926+0000] {dagbag.py:545} INFO - Filling up the DagBag from /opt/airflow/dags/hello_airflow.py
[2026-08-13T10:40:59.959+0000] {processor.py:840} INFO - DAG(s) 'hello_airflow' retrieved from /opt/airflow/dags/hello_airflow.py
[2026-08-13T10:41:00.022+0000] {logging_mixin.py:188} INFO - [2026-08-13T10:41:00.021+0000] {dag.py:3089} INFO - Sync 1 DAGs
[2026-08-13T10:41:00.051+0000] {logging_mixin.py:188} INFO - [2026-08-13T10:41:00.050+0000] {dag.py:3947} INFO - Setting next_dagrun for hello_airflow to None, run_after=None
[2026-08-13T10:41:00.090+0000] {processor.py:183} INFO - Processing /opt/airflow/dags/hello_airflow.py took 0.183 seconds
[2026-08-13T10:41:30.413+0000] {processor.py:161} INFO - Started process (PID=8683) to work on /opt/airflow/dags/hello_airflow.py
[2026-08-13T10:41:30.416+0000] {processor.py:830} INFO - Processing file /opt/airflow/dags/hello_airflow.py for tasks to queue
[2026-08-13T10:41:30.422+0000] {logging_mixin.py:188} INFO - [2026-08-13T10:41:30.421+0000] {dagbag.py:545} INFO - Filling up the DagBag from /opt/airflow/dags/hello_airflow.py
[2026-08-13T10:41:30.456+0000] {processor.py:840} INFO - DAG(s) 'hello_airflow' retrieved from /opt/airflow/dags/hello_airflow.py
[2026-08-13T10:41:30.583+0000] {logging_mixin.py:188} INFO - [2026-08-13T10:41:30.581+0000] {dag.py:3089} INFO - Sync 1 DAGs
[2026-08-13T10:41:30.659+0000] {logging_mixin.py:188} INFO - [2026-08-13T10:41:30.659+0000] {dag.py:3947} INFO - Setting next_dagrun for hello_airflow to None, run_after=None
[2026-08-13T10:41:30.716+0000] {processor.py:183} INFO - Processing /opt/airflow/dags/hello_airflow.py took 0.320 seconds
[2026-08-13T10:42:01.223+0000] {processor.py:161} INFO - Started process (PID=8707) to work on /opt/airflow/dags/hello_airflow.py
[2026-08-13T10:42:01.226+0000] {processor.py:830} INFO - Processing file /opt/airflow/dags/hello_airflow.py for tasks to queue
[2026-08-13T10:42:01.232+0000] {logging_mixin.py:188} INFO - [2026-08-13T10:42:01.231+0000] {dagbag.py:545} INFO - Filling up the DagBag from /opt/airflow/dags/hello_airflow.py
[2026-08-13T10:42:01.276+0000] {processor.py:840} INFO - DAG(s) 'hello_airflow' retrieved from /opt/airflow/dags/hello_airflow.py
[2026-08-13T10:42:01.353+0000] {logging_mixin.py:188} INFO - [2026-08-13T10:42:01.353+0000] {dag.py:3089} INFO - Sync 1 DAGs
[2026-08-13T10:42:01.388+0000] {logging_mixin.py:188} INFO - [2026-08-13T10:42:01.388+0000] {dag.py:3947} INFO - Setting next_dagrun for hello_airflow to None, run_after=None
[2026-08-13T10:42:01.438+0000] {processor.py:183} INFO - Processing /opt/airflow/dags/hello_airflow.py took 0.236 seconds
[2026-08-13T10:42:31.689+0000] {processor.py:161} INFO - Started process (PID=8731) to work on /opt/airflow/dags/hello_airflow.py
[2026-08-13T10:42:31.690+0000] {processor.py:830} INFO - Processing file /opt/airflow/dags/hello_airflow.py for tasks to queue
[2026-08-13T10:42:31.692+0000] {logging_mixin.py:188} INFO - [2026-08-13T10:42:31.692+0000] {dagbag.py:545} INFO - Filling up the DagBag from /opt/airflow/dags/hello_airflow.py
[2026-08-13T10:42:31.705+0000] {processor.py:840} INFO - DAG(s) 'hello_airflow' retrieved from /opt/airflow/dags/hello_airflow.py
[2026-08-13T10:42:31.729+0000] {logging_mixin.py:188} INFO - [2026-08-13T10:42:31.728+0000] {dag.py:3089} INFO - Sync 1 DAGs
[2026-08-13T10:42:31.741+0000] {logging_mixin.py:188} INFO - [2026-08-13T10:42:31.740+0000] {dag.py:3947} INFO - Setting next_dagrun for hello_airflow to None, run_after=None
[2026-08-13T10:42:31.763+0000] {processor.py:183} INFO - Processing /opt/airflow/dags/hello_airflow.py took 0.080 seconds
[2026-08-13T10:43:01.919+0000] {processor.py:161} INFO - Started process (PID=8755) to work on /opt/airflow/dags/hello_airflow.py
[2026-08-13T10:43:01.919+0000] {processor.py:830} INFO - Processing file /opt/airflow/dags/hello_airflow.py for tasks to queue
[2026-08-13T10:43:01.921+0000] {logging_mixin.py:188} INFO - [2026-08-13T10:43:01.921+0000] {dagbag.py:545} INFO - Filling up the DagBag from /opt/airflow/dags/hello_airflow.py
[2026-08-13T10:43:01.936+0000] {processor.py:840} INFO - DAG(s) 'hello_airflow' retrieved from /opt/airflow/dags/hello_airflow.py
[2026-08-13T10:43:01.959+0000] {logging_mixin.py:188} INFO - [2026-08-13T10:43:01.959+0000] {dag.py:3089} INFO - Sync 1 DAGs
[2026-08-13T10:43:01.972+0000] {logging_mixin.py:188} INFO - [2026-08-13T10:43:01.972+0000] {dag.py:3947} INFO - Setting next_dagrun for hello_airflow to None, run_after=None
[2026-08-13T10:43:01.991+0000] {processor.py:183} INFO - Processing /opt/airflow/dags/hello_airflow.py took 0.079 seconds
[2026-08-13T10:43:32.507+0000] {processor.py:161} INFO - Started process (PID=8780) to work on /opt/airflow/dags/hello_airflow.py
[2026-08-13T10:43:32.517+0000] {processor.py:830} INFO - Processing file /opt/airflow/dags/hello_airflow.py for tasks to queue
[2026-08-13T10:43:32.540+0000] {logging_mixin.py:188} INFO - [2026-08-13T10:43:32.538+0000] {dagbag.py:545} INFO - Filling up the DagBag from /opt/airflow/dags/hello_airflow.py
[2026-08-13T10:43:32.694+0000] {processor.py:840} INFO - DAG(s) 'hello_airflow' retrieved from /opt/airflow/dags/hello_airflow.py
[2026-08-13T10:43:32.992+0000] {logging_mixin.py:188} INFO - [2026-08-13T10:43:32.990+0000] {dag.py:3089} INFO - Sync 1 DAGs
[2026-08-13T10:43:33.148+0000] {logging_mixin.py:188} INFO - [2026-08-13T10:43:33.147+0000] {dag.py:3947} INFO - Setting next_dagrun for hello_airflow to None, run_after=None
[2026-08-13T10:43:33.327+0000] {processor.py:183} INFO - Processing /opt/airflow/dags/hello_airflow.py took 0.899 seconds
[2026-08-13T10:44:03.762+0000] {processor.py:161} INFO - Started process (PID=8804) to work on /opt/airflow/dags/hello_airflow.py
[2026-08-13T10:44:03.764+0000] {processor.py:830} INFO - Processing file /opt/airflow/dags/hello_airflow.py for tasks to queue
[2026-08-13T10:44:03.768+0000] {logging_mixin.py:188} INFO - [2026-08-13T10:44:03.767+0000] {dagbag.py:545} INFO - Filling up the DagBag from /opt/airflow/dags/hello_airflow.py
[2026-08-13T10:44:03.796+0000] {processor.py:840} INFO - DAG(s) 'hello_airflow' retrieved from /opt/airflow/dags/hello_airflow.py
[2026-08-13T10:44:03.851+0000] {logging_mixin.py:188} INFO - [2026-08-13T10:44:03.850+0000] {dag.py:3089} INFO - Sync 1 DAGs
[2026-08-13T10:44:03.875+0000] {logging_mixin.py:188} INFO - [2026-08-13T10:44:03.875+0000] {dag.py:3947} INFO - Setting next_dagrun for hello_airflow to None, run_after=None
[2026-08-13T10:44:03.910+0000] {processor.py:183} INFO - Processing /opt/airflow/dags/hello_airflow.py took 0.160 seconds
[2026-08-13T10:44:34.289+0000] {processor.py:161} INFO - Started process (PID=8828) to work on /opt/airflow/dags/hello_airflow.py
[2026-08-13T10:44:34.293+0000] {processor.py:830} INFO - Processing file /opt/airflow/dags/hello_airflow.py for tasks to queue
[2026-08-13T10:44:34.307+0000] {logging_mixin.py:188} INFO - [2026-08-13T10:44:34.305+0000] {dagbag.py:545} INFO - Filling up the DagBag from /opt/airflow/dags/hello_airflow.py
[2026-08-13T10:44:34.390+0000] {processor.py:840} INFO - DAG(s) 'hello_airflow' retrieved from /opt/airflow/dags/hello_airflow.py
[2026-08-13T10:44:34.509+0000] {logging_mixin.py:188} INFO - [2026-08-13T10:44:34.508+0000] {dag.py:3089} INFO - Sync 1 DAGs
[2026-08-13T10:44:34.572+0000] {logging_mixin.py:188} INFO - [2026-08-13T10:44:34.571+0000] {dag.py:3947} INFO - Setting next_dagrun for hello_airflow to None, run_after=None
[2026-08-13T10:44:34.668+0000] {processor.py:183} INFO - Processing /opt/airflow/dags/hello_airflow.py took 0.408 seconds
[2026-08-13T10:45:05.146+0000] {processor.py:161} INFO - Started process (PID=8845) to work on /opt/airflow/dags/hello_airflow.py
[2026-08-13T10:45:05.149+0000] {processor.py:830} INFO - Processing file /opt/airflow/dags/hello_airflow.py for tasks to queue
[2026-08-13T10:45:05.155+0000] {logging_mixin.py:188} INFO - [2026-08-13T10:45:05.154+0000] {dagbag.py:545} INFO - Filling up the DagBag from /opt/airflow/dags/hello_airflow.py
[2026-08-13T10:45:05.189+0000] {processor.py:840} INFO - DAG(s) 'hello_airflow' retrieved from /opt/airflow/dags/hello_airflow.py
[2026-08-13T10:45:05.249+0000] {logging_mixin.py:188} INFO - [2026-08-13T10:45:05.249+0000] {dag.py:3089} INFO - Sync 1 DAGs
[2026-08-13T10:45:05.278+0000] {logging_mixin.py:188} INFO - [2026-08-13T10:45:05.277+0000] {dag.py:3947} INFO - Setting next_dagrun for hello_airflow to None, run_after=None
[2026-08-13T10:45:05.321+0000] {processor.py:183} INFO - Processing /opt/airflow/dags/hello_airflow.py took 0.191 seconds
[2026-08-13T10:45:35.666+0000] {processor.py:161} INFO - Started process (PID=8869) to work on /opt/airflow/dags/hello_airflow.py
[2026-08-13T10:45:35.669+0000] {processor.py:830} INFO - Processing file /opt/airflow/dags/hello_airflow.py for tasks to queue
[2026-08-13T10:45:35.673+0000] {logging_mixin.py:188} INFO - [2026-08-13T10:45:35.672+0000] {dagbag.py:545} INFO - Filling up the DagBag from /opt/airflow/dags/hello_airflow.py
[2026-08-13T10:45:35.707+0000] {processor.py:840} INFO - DAG(s) 'hello_airflow' retrieved from /opt/airflow/dags/hello_airflow.py
[2026-08-13T10:45:35.768+0000] {logging_mixin.py:188} INFO - [2026-08-13T10:45:35.768+0000] {dag.py:3089} INFO - Sync 1 DAGs
[2026-08-13T10:45:35.798+0000] {logging_mixin.py:188} INFO - [2026-08-13T10:45:35.798+0000] {dag.py:3947} INFO - Setting next_dagrun for hello_airflow to None, run_after=None
[2026-08-13T10:45:35.841+0000] {processor.py:183} INFO - Processing /opt/airflow/dags/hello_airflow.py took 0.191 seconds
[2026-08-13T10:46:06.714+0000] {processor.py:161} INFO - Started process (PID=8893) to work on /opt/airflow/dags/hello_airflow.py
[2026-08-13T10:46:06.741+0000] {processor.py:830} INFO - Processing file /opt/airflow/dags/hello_airflow.py for tasks to queue
[2026-08-13T10:46:06.770+0000] {logging_mixin.py:188} INFO - [2026-08-13T10:46:06.767+0000] {dagbag.py:545} INFO - Filling up the DagBag from /opt/airflow/dags/hello_airflow.py
[2026-08-13T10:46:06.985+0000] {processor.py:840} INFO - DAG(s) 'hello_airflow' retrieved from /opt/airflow/dags/hello_airflow.py
[2026-08-13T10:46:07.350+0000] {logging_mixin.py:188} INFO - [2026-08-13T10:46:07.348+0000] {dag.py:3089} INFO - Sync 1 DAGs
[2026-08-13T10:46:07.480+0000] {logging_mixin.py:188} INFO - [2026-08-13T10:46:07.479+0000] {dag.py:3947} INFO - Setting next_dagrun for hello_airflow to None, run_after=None
[2026-08-13T10:46:07.684+0000] {processor.py:183} INFO - Processing /opt/airflow/dags/hello_airflow.py took 1.005 seconds
[2026-08-13T10:46:38.077+0000] {processor.py:161} INFO - Started process (PID=8917) to work on /opt/airflow/dags/hello_airflow.py
[2026-08-13T10:46:38.080+0000] {processor.py:830} INFO - Processing file /opt/airflow/dags/hello_airflow.py for tasks to queue
[2026-08-13T10:46:38.084+0000] {logging_mixin.py:188} INFO - [2026-08-13T10:46:38.083+0000] {dagbag.py:545} INFO - Filling up the DagBag from /opt/airflow/dags/hello_airflow.py
[2026-08-13T10:46:38.111+0000] {processor.py:840} INFO - DAG(s) 'hello_airflow' retrieved from /opt/airflow/dags/hello_airflow.py
[2026-08-13T10:46:38.158+0000] {logging_mixin.py:188} INFO - [2026-08-13T10:46:38.158+0000] {dag.py:3089} INFO - Sync 1 DAGs
[2026-08-13T10:46:38.181+0000] {logging_mixin.py:188} INFO - [2026-08-13T10:46:38.181+0000] {dag.py:3947} INFO - Setting next_dagrun for hello_airflow to None, run_after=None
[2026-08-13T10:46:38.211+0000] {processor.py:183} INFO - Processing /opt/airflow/dags/hello_airflow.py took 0.145 seconds
[2026-08-13T10:47:08.603+0000] {processor.py:161} INFO - Started process (PID=8941) to work on /opt/airflow/dags/hello_airflow.py
[2026-08-13T10:47:08.607+0000] {processor.py:830} INFO - Processing file /opt/airflow/dags/hello_airflow.py for tasks to queue
[2026-08-13T10:47:08.612+0000] {logging_mixin.py:188} INFO - [2026-08-13T10:47:08.611+0000] {dagbag.py:545} INFO - Filling up the DagBag from /opt/airflow/dags/hello_airflow.py
[2026-08-13T10:47:08.639+0000] {processor.py:840} INFO - DAG(s) 'hello_airflow' retrieved from /opt/airflow/dags/hello_airflow.py
[2026-08-13T10:47:08.689+0000] {logging_mixin.py:188} INFO - [2026-08-13T10:47:08.688+0000] {dag.py:3089} INFO - Sync 1 DAGs
[2026-08-13T10:47:08.714+0000] {logging_mixin.py:188} INFO - [2026-08-13T10:47:08.714+0000] {dag.py:3947} INFO - Setting next_dagrun for hello_airflow to None, run_after=None
[2026-08-13T10:47:08.757+0000] {processor.py:183} INFO - Processing /opt/airflow/dags/hello_airflow.py took 0.163 seconds
[2026-08-13T10:47:39.281+0000] {processor.py:161} INFO - Started process (PID=8958) to work on /opt/airflow/dags/hello_airflow.py
[2026-08-13T10:47:39.282+0000] {processor.py:830} INFO - Processing file /opt/airflow/dags/hello_airflow.py for tasks to queue
[2026-08-13T10:47:39.285+0000] {logging_mixin.py:188} INFO - [2026-08-13T10:47:39.284+0000] {dagbag.py:545} INFO - Filling up the DagBag from /opt/airflow/dags/hello_airflow.py
[2026-08-13T10:47:39.303+0000] {processor.py:840} INFO - DAG(s) 'hello_airflow' retrieved from /opt/airflow/dags/hello_airflow.py
[2026-08-13T10:47:39.337+0000] {logging_mixin.py:188} INFO - [2026-08-13T10:47:39.337+0000] {dag.py:3089} INFO - Sync 1 DAGs
[2026-08-13T10:47:39.352+0000] {logging_mixin.py:188} INFO - [2026-08-13T10:47:39.351+0000] {dag.py:3947} INFO - Setting next_dagrun for hello_airflow to None, run_after=None
[2026-08-13T10:47:39.374+0000] {processor.py:183} INFO - Processing /opt/airflow/dags/hello_airflow.py took 0.100 seconds
[2026-08-13T10:48:09.511+0000] {processor.py:161} INFO - Started process (PID=8982) to work on /opt/airflow/dags/hello_airflow.py
[2026-08-13T10:48:09.513+0000] {processor.py:830} INFO - Processing file /opt/airflow/dags/hello_airflow.py for tasks to queue
[2026-08-13T10:48:09.515+0000] {logging_mixin.py:188} INFO - [2026-08-13T10:48:09.515+0000] {dagbag.py:545} INFO - Filling up the DagBag from /opt/airflow/dags/hello_airflow.py
[2026-08-13T10:48:09.534+0000] {processor.py:840} INFO - DAG(s) 'hello_airflow' retrieved from /opt/airflow/dags/hello_airflow.py
[2026-08-13T10:48:09.569+0000] {logging_mixin.py:188} INFO - [2026-08-13T10:48:09.568+0000] {dag.py:3089} INFO - Sync 1 DAGs
[2026-08-13T10:48:09.584+0000] {logging_mixin.py:188} INFO - [2026-08-13T10:48:09.584+0000] {dag.py:3947} INFO - Setting next_dagrun for hello_airflow to None, run_after=None
[2026-08-13T10:48:09.607+0000] {processor.py:183} INFO - Processing /opt/airflow/dags/hello_airflow.py took 0.104 seconds
[2026-08-13T10:48:39.836+0000] {processor.py:161} INFO - Started process (PID=9006) to work on /opt/airflow/dags/hello_airflow.py
[2026-08-13T10:48:39.838+0000] {processor.py:830} INFO - Processing file /opt/airflow/dags/hello_airflow.py for tasks to queue
[2026-08-13T10:48:39.842+0000] {logging_mixin.py:188} INFO - [2026-08-13T10:48:39.841+0000] {dagbag.py:545} INFO - Filling up the DagBag from /opt/airflow/dags/hello_airflow.py
[2026-08-13T10:48:39.867+0000] {processor.py:840} INFO - DAG(s) 'hello_airflow' retrieved from /opt/airflow/dags/hello_airflow.py
[2026-08-13T10:48:39.914+0000] {logging_mixin.py:188} INFO - [2026-08-13T10:48:39.913+0000] {dag.py:3089} INFO - Sync 1 DAGs
[2026-08-13T10:48:39.933+0000] {logging_mixin.py:188} INFO - [2026-08-13T10:48:39.933+0000] {dag.py:3947} INFO - Setting next_dagrun for hello_airflow to None, run_after=None
[2026-08-13T10:48:39.969+0000] {processor.py:183} INFO - Processing /opt/airflow/dags/hello_airflow.py took 0.142 seconds
[2026-08-13T10:49:10.280+0000] {processor.py:161} INFO - Started process (PID=9030) to work on /opt/airflow/dags/hello_airflow.py
[2026-08-13T10:49:10.282+0000] {processor.py:830} INFO - Processing file /opt/airflow/dags/hello_airflow.py for tasks to queue
[2026-08-13T10:49:10.285+0000] {logging_mixin.py:188} INFO - [2026-08-13T10:49:10.285+0000] {dagbag.py:545} INFO - Filling up the DagBag from /opt/airflow/dags/hello_airflow.py
[2026-08-13T10:49:10.312+0000] {processor.py:840} INFO - DAG(s) 'hello_airflow' retrieved from /opt/airflow/dags/hello_airflow.py
[2026-08-13T10:49:10.351+0000] {logging_mixin.py:188} INFO - [2026-08-13T10:49:10.351+0000] {dag.py:3089} INFO - Sync 1 DAGs
[2026-08-13T10:49:10.372+0000] {logging_mixin.py:188} INFO - [2026-08-13T10:49:10.372+0000] {dag.py:3947} INFO - Setting next_dagrun for hello_airflow to None, run_after=None
[2026-08-13T10:49:10.400+0000] {processor.py:183} INFO - Processing /opt/airflow/dags/hello_airflow.py took 0.130 seconds
[2026-08-13T10:49:40.524+0000] {processor.py:161} INFO - Started process (PID=9054) to work on /opt/airflow/dags/hello_airflow.py
[2026-08-13T10:49:40.526+0000] {processor.py:830} INFO - Processing file /opt/airflow/dags/hello_airflow.py for tasks to queue
[2026-08-13T10:49:40.529+0000] {logging_mixin.py:188} INFO - [2026-08-13T10:49:40.529+0000] {dagbag.py:545} INFO - Filling up the DagBag from /opt/airflow/dags/hello_airflow.py
[2026-08-13T10:49:40.558+0000] {processor.py:840} INFO - DAG(s) 'hello_airflow' retrieved from /opt/airflow/dags/hello_airflow.py
[2026-08-13T10:49:40.606+0000] {logging_mixin.py:188} INFO - [2026-08-13T10:49:40.606+0000] {dag.py:3089} INFO - Sync 1 DAGs
[2026-08-13T10:49:40.626+0000] {logging_mixin.py:188} INFO - [2026-08-13T10:49:40.625+0000] {dag.py:3947} INFO - Setting next_dagrun for hello_airflow to None, run_after=None
[2026-08-13T10:49:40.661+0000] {processor.py:183} INFO - Processing /opt/airflow/dags/hello_airflow.py took 0.146 seconds
[2026-08-13T10:50:10.857+0000] {processor.py:161} INFO - Started process (PID=9078) to work on /opt/airflow/dags/hello_airflow.py
[2026-08-13T10:50:10.859+0000] {processor.py:830} INFO - Processing file /opt/airflow/dags/hello_airflow.py for tasks to queue
[2026-08-13T10:50:10.864+0000] {logging_mixin.py:188} INFO - [2026-08-13T10:50:10.863+0000] {dagbag.py:545} INFO - Filling up the DagBag from /opt/airflow/dags/hello_airflow.py
[2026-08-13T10:50:10.885+0000] {processor.py:840} INFO - DAG(s) 'hello_airflow' retrieved from /opt/airflow/dags/hello_airflow.py
[2026-08-13T10:50:10.922+0000] {logging_mixin.py:188} INFO - [2026-08-13T10:50:10.922+0000] {dag.py:3089} INFO - Sync 1 DAGs
[2026-08-13T10:50:10.940+0000] {logging_mixin.py:188} INFO - [2026-08-13T10:50:10.940+0000] {dag.py:3947} INFO - Setting next_dagrun for hello_airflow to None, run_after=None
[2026-08-13T10:50:10.967+0000] {processor.py:183} INFO - Processing /opt/airflow/dags/hello_airflow.py took 0.118 seconds
[2026-08-13T10:50:41.111+0000] {processor.py:161} INFO - Started process (PID=9102) to work on /opt/airflow/dags/hello_airflow.py
[2026-08-13T10:50:41.113+0000] {processor.py:830} INFO - Processing file /opt/airflow/dags/hello_airflow.py for tasks to queue
[2026-08-13T10:50:41.116+0000] {logging_mixin.py:188} INFO - [2026-08-13T10:50:41.116+0000] {dagbag.py:545} INFO - Filling up the DagBag from /opt/airflow/dags/hello_airflow.py
[2026-08-13T10:50:41.138+0000] {processor.py:840} INFO - DAG(s) 'hello_airflow' retrieved from /opt/airflow/dags/hello_airflow.py
[2026-08-13T10:50:41.179+0000] {logging_mixin.py:188} INFO - [2026-08-13T10:50:41.178+0000] {dag.py:3089} INFO - Sync 1 DAGs
[2026-08-13T10:50:41.198+0000] {logging_mixin.py:188} INFO - [2026-08-13T10:50:41.198+0000] {dag.py:3947} INFO - Setting next_dagrun for hello_airflow to None, run_after=None
[2026-08-13T10:50:41.224+0000] {processor.py:183} INFO - Processing /opt/airflow/dags/hello_airflow.py took 0.121 seconds
[2026-08-13T10:51:11.470+0000] {processor.py:161} INFO - Started process (PID=9126) to work on /opt/airflow/dags/hello_airflow.py
[2026-08-13T10:51:11.471+0000] {processor.py:830} INFO - Processing file /opt/airflow/dags/hello_airflow.py for tasks to queue
[2026-08-13T10:51:11.474+0000] {logging_mixin.py:188} INFO - [2026-08-13T10:51:11.474+0000] {dagbag.py:545} INFO - Filling up the DagBag from /opt/airflow/dags/hello_airflow.py
[2026-08-13T10:51:11.495+0000] {processor.py:840} INFO - DAG(s) 'hello_airflow' retrieved from /opt/airflow/dags/hello_airflow.py
[2026-08-13T10:51:11.532+0000] {logging_mixin.py:188} INFO - [2026-08-13T10:51:11.532+0000] {dag.py:3089} INFO - Sync 1 DAGs
[2026-08-13T10:51:11.548+0000] {logging_mixin.py:188} INFO - [2026-08-13T10:51:11.548+0000] {dag.py:3947} INFO - Setting next_dagrun for hello_airflow to None, run_after=None
[2026-08-13T10:51:11.575+0000] {processor.py:183} INFO - Processing /opt/airflow/dags/hello_airflow.py took 0.113 seconds
[2026-08-13T10:51:41.906+0000] {processor.py:161} INFO - Started process (PID=9150) to work on /opt/airflow/dags/hello_airflow.py
[2026-08-13T10:51:41.909+0000] {processor.py:830} INFO - Processing file /opt/airflow/dags/hello_airflow.py for tasks to queue
[2026-08-13T10:51:41.915+0000] {logging_mixin.py:188} INFO - [2026-08-13T10:51:41.914+0000] {dagbag.py:545} INFO - Filling up the DagBag from /opt/airflow/dags/hello_airflow.py
[2026-08-13T10:51:41.963+0000] {processor.py:840} INFO - DAG(s) 'hello_airflow' retrieved from /opt/airflow/dags/hello_airflow.py
[2026-08-13T10:51:42.032+0000] {logging_mixin.py:188} INFO - [2026-08-13T10:51:42.031+0000] {dag.py:3089} INFO - Sync 1 DAGs
[2026-08-13T10:51:42.063+0000] {logging_mixin.py:188} INFO - [2026-08-13T10:51:42.063+0000] {dag.py:3947} INFO - Setting next_dagrun for hello_airflow to None, run_after=None
[2026-08-13T10:51:42.112+0000] {processor.py:183} INFO - Processing /opt/airflow/dags/hello_airflow.py took 0.221 seconds
[2026-08-13T10:52:12.368+0000] {processor.py:161} INFO - Started process (PID=9175) to work on /opt/airflow/dags/hello_airflow.py
[2026-08-13T10:52:12.369+0000] {processor.py:830} INFO - Processing file /opt/airflow/dags/hello_airflow.py for tasks to queue
[2026-08-13T10:52:12.372+0000] {logging_mixin.py:188} INFO - [2026-08-13T10:52:12.371+0000] {dagbag.py:545} INFO - Filling up the DagBag from /opt/airflow/dags/hello_airflow.py
[2026-08-13T10:52:12.386+0000] {processor.py:840} INFO - DAG(s) 'hello_airflow' retrieved from /opt/airflow/dags/hello_airflow.py
[2026-08-13T10:52:12.411+0000] {logging_mixin.py:188} INFO - [2026-08-13T10:52:12.410+0000] {dag.py:3089} INFO - Sync 1 DAGs
[2026-08-13T10:52:12.422+0000] {logging_mixin.py:188} INFO - [2026-08-13T10:52:12.422+0000] {dag.py:3947} INFO - Setting next_dagrun for hello_airflow to None, run_after=None
[2026-08-13T10:52:12.441+0000] {processor.py:183} INFO - Processing /opt/airflow/dags/hello_airflow.py took 0.079 seconds
[2026-08-13T10:52:42.630+0000] {processor.py:161} INFO - Started process (PID=9206) to work on /opt/airflow/dags/hello_airflow.py
[2026-08-13T10:52:42.632+0000] {processor.py:830} INFO - Processing file /opt/airflow/dags/hello_airflow.py for tasks to queue
[2026-08-13T10:52:42.635+0000] {logging_mixin.py:188} INFO - [2026-08-13T10:52:42.634+0000] {dagbag.py:545} INFO - Filling up the DagBag from /opt/airflow/dags/hello_airflow.py
[2026-08-13T10:52:42.654+0000] {processor.py:840} INFO - DAG(s) 'hello_airflow' retrieved from /opt/airflow/dags/hello_airflow.py
[2026-08-13T10:52:42.684+0000] {logging_mixin.py:188} INFO - [2026-08-13T10:52:42.684+0000] {dag.py:3089} INFO - Sync 1 DAGs
[2026-08-13T10:52:42.699+0000] {logging_mixin.py:188} INFO - [2026-08-13T10:52:42.699+0000] {dag.py:3947} INFO - Setting next_dagrun for hello_airflow to None, run_after=None
[2026-08-13T10:52:42.724+0000] {processor.py:183} INFO - Processing /opt/airflow/dags/hello_airflow.py took 0.100 seconds
[2026-08-13T10:53:12.888+0000] {processor.py:161} INFO - Started process (PID=9230) to work on /opt/airflow/dags/hello_airflow.py
[2026-08-13T10:53:12.889+0000] {processor.py:830} INFO - Processing file /opt/airflow/dags/hello_airflow.py for tasks to queue
[2026-08-13T10:53:12.892+0000] {logging_mixin.py:188} INFO - [2026-08-13T10:53:12.891+0000] {dagbag.py:545} INFO - Filling up the DagBag from /opt/airflow/dags/hello_airflow.py
[2026-08-13T10:53:12.905+0000] {processor.py:840} INFO - DAG(s) 'hello_airflow' retrieved from /opt/airflow/dags/hello_airflow.py
[2026-08-13T10:53:12.932+0000] {logging_mixin.py:188} INFO - [2026-08-13T10:53:12.932+0000] {dag.py:3089} INFO - Sync 1 DAGs
[2026-08-13T10:53:12.943+0000] {logging_mixin.py:188} INFO - [2026-08-13T10:53:12.943+0000] {dag.py:3947} INFO - Setting next_dagrun for hello_airflow to None, run_after=None
[2026-08-13T10:53:12.961+0000] {processor.py:183} INFO - Processing /opt/airflow/dags/hello_airflow.py took 0.081 seconds
[2026-08-13T10:53:43.327+0000] {processor.py:161} INFO - Started process (PID=9254) to work on /opt/airflow/dags/hello_airflow.py
[2026-08-13T10:53:43.329+0000] {processor.py:830} INFO - Processing file /opt/airflow/dags/hello_airflow.py for tasks to queue
[2026-08-13T10:53:43.331+0000] {logging_mixin.py:188} INFO - [2026-08-13T10:53:43.331+0000] {dagbag.py:545} INFO - Filling up the DagBag from /opt/airflow/dags/hello_airflow.py
[2026-08-13T10:53:43.350+0000] {processor.py:840} INFO - DAG(s) 'hello_airflow' retrieved from /opt/airflow/dags/hello_airflow.py
[2026-08-13T10:53:43.381+0000] {logging_mixin.py:188} INFO - [2026-08-13T10:53:43.381+0000] {dag.py:3089} INFO - Sync 1 DAGs
[2026-08-13T10:53:43.397+0000] {logging_mixin.py:188} INFO - [2026-08-13T10:53:43.396+0000] {dag.py:3947} INFO - Setting next_dagrun for hello_airflow to None, run_after=None
[2026-08-13T10:53:43.446+0000] {processor.py:183} INFO - Processing /opt/airflow/dags/hello_airflow.py took 0.127 seconds
[2026-08-13T10:54:13.785+0000] {processor.py:161} INFO - Started process (PID=9279) to work on /opt/airflow/dags/hello_airflow.py
[2026-08-13T10:54:13.787+0000] {processor.py:830} INFO - Processing file /opt/airflow/dags/hello_airflow.py for tasks to queue
[2026-08-13T10:54:13.790+0000] {logging_mixin.py:188} INFO - [2026-08-13T10:54:13.789+0000] {dagbag.py:545} INFO - Filling up the DagBag from /opt/airflow/dags/hello_airflow.py
[2026-08-13T10:54:13.811+0000] {processor.py:840} INFO - DAG(s) 'hello_airflow' retrieved from /opt/airflow/dags/hello_airflow.py
[2026-08-13T10:54:13.846+0000] {logging_mixin.py:188} INFO - [2026-08-13T10:54:13.845+0000] {dag.py:3089} INFO - Sync 1 DAGs
[2026-08-13T10:54:13.863+0000] {logging_mixin.py:188} INFO - [2026-08-13T10:54:13.863+0000] {dag.py:3947} INFO - Setting next_dagrun for hello_airflow to None, run_after=None
[2026-08-13T10:54:13.888+0000] {processor.py:183} INFO - Processing /opt/airflow/dags/hello_airflow.py took 0.112 seconds
[2026-08-13T10:54:44.163+0000] {processor.py:161} INFO - Started process (PID=9303) to work on /opt/airflow/dags/hello_airflow.py
[2026-08-13T10:54:44.164+0000] {processor.py:830} INFO - Processing file /opt/airflow/dags/hello_airflow.py for tasks to queue
[2026-08-13T10:54:44.166+0000] {logging_mixin.py:188} INFO - [2026-08-13T10:54:44.166+0000] {dagbag.py:545} INFO - Filling up the DagBag from /opt/airflow/dags/hello_airflow.py
[2026-08-13T10:54:44.179+0000] {processor.py:840} INFO - DAG(s) 'hello_airflow' retrieved from /opt/airflow/dags/hello_airflow.py
[2026-08-13T10:54:44.203+0000] {logging_mixin.py:188} INFO - [2026-08-13T10:54:44.203+0000] {dag.py:3089} INFO - Sync 1 DAGs
[2026-08-13T10:54:44.216+0000] {logging_mixin.py:188} INFO - [2026-08-13T10:54:44.215+0000] {dag.py:3947} INFO - Setting next_dagrun for hello_airflow to None, run_after=None
[2026-08-13T10:54:44.232+0000] {processor.py:183} INFO - Processing /opt/airflow/dags/hello_airflow.py took 0.074 seconds
[2026-08-13T10:55:14.427+0000] {processor.py:161} INFO - Started process (PID=9334) to work on /opt/airflow/dags/hello_airflow.py
[2026-08-13T10:55:14.429+0000] {processor.py:830} INFO - Processing file /opt/airflow/dags/hello_airflow.py for tasks to queue
[2026-08-13T10:55:14.432+0000] {logging_mixin.py:188} INFO - [2026-08-13T10:55:14.431+0000] {dagbag.py:545} INFO - Filling up the DagBag from /opt/airflow/dags/hello_airflow.py
[2026-08-13T10:55:14.451+0000] {processor.py:840} INFO - DAG(s) 'hello_airflow' retrieved from /opt/airflow/dags/hello_airflow.py
[2026-08-13T10:55:14.485+0000] {logging_mixin.py:188} INFO - [2026-08-13T10:55:14.485+0000] {dag.py:3089} INFO - Sync 1 DAGs
[2026-08-13T10:55:14.504+0000] {logging_mixin.py:188} INFO - [2026-08-13T10:55:14.503+0000] {dag.py:3947} INFO - Setting next_dagrun for hello_airflow to None, run_after=None
[2026-08-13T10:55:14.530+0000] {processor.py:183} INFO - Processing /opt/airflow/dags/hello_airflow.py took 0.113 seconds
[2026-08-13T10:55:44.795+0000] {processor.py:161} INFO - Started process (PID=9359) to work on /opt/airflow/dags/hello_airflow.py
[2026-08-13T10:55:44.796+0000] {processor.py:830} INFO - Processing file /opt/airflow/dags/hello_airflow.py for tasks to queue
[2026-08-13T10:55:44.798+0000] {logging_mixin.py:188} INFO - [2026-08-13T10:55:44.798+0000] {dagbag.py:545} INFO - Filling up the DagBag from /opt/airflow/dags/hello_airflow.py
[2026-08-13T10:55:44.812+0000] {processor.py:840} INFO - DAG(s) 'hello_airflow' retrieved from /opt/airflow/dags/hello_airflow.py
[2026-08-13T10:55:44.840+0000] {logging_mixin.py:188} INFO - [2026-08-13T10:55:44.840+0000] {dag.py:3089} INFO - Sync 1 DAGs
[2026-08-13T10:55:44.852+0000] {logging_mixin.py:188} INFO - [2026-08-13T10:55:44.852+0000] {dag.py:3947} INFO - Setting next_dagrun for hello_airflow to None, run_after=None
[2026-08-13T10:55:44.871+0000] {processor.py:183} INFO - Processing /opt/airflow/dags/hello_airflow.py took 0.081 seconds
[2026-08-13T10:56:15.043+0000] {processor.py:161} INFO - Started process (PID=9383) to work on /opt/airflow/dags/hello_airflow.py
[2026-08-13T10:56:15.044+0000] {processor.py:830} INFO - Processing file /opt/airflow/dags/hello_airflow.py for tasks to queue
[2026-08-13T10:56:15.047+0000] {logging_mixin.py:188} INFO - [2026-08-13T10:56:15.046+0000] {dagbag.py:545} INFO - Filling up the DagBag from /opt/airflow/dags/hello_airflow.py
[2026-08-13T10:56:15.061+0000] {processor.py:840} INFO - DAG(s) 'hello_airflow' retrieved from /opt/airflow/dags/hello_airflow.py
[2026-08-13T10:56:15.087+0000] {logging_mixin.py:188} INFO - [2026-08-13T10:56:15.086+0000] {dag.py:3089} INFO - Sync 1 DAGs
[2026-08-13T10:56:15.098+0000] {logging_mixin.py:188} INFO - [2026-08-13T10:56:15.098+0000] {dag.py:3947} INFO - Setting next_dagrun for hello_airflow to None, run_after=None
[2026-08-13T10:56:15.116+0000] {processor.py:183} INFO - Processing /opt/airflow/dags/hello_airflow.py took 0.079 seconds
[2026-08-13T10:56:45.310+0000] {processor.py:161} INFO - Started process (PID=9415) to work on /opt/airflow/dags/hello_airflow.py
[2026-08-13T10:56:45.312+0000] {processor.py:830} INFO - Processing file /opt/airflow/dags/hello_airflow.py for tasks to queue
[2026-08-13T10:56:45.315+0000] {logging_mixin.py:188} INFO - [2026-08-13T10:56:45.314+0000] {dagbag.py:545} INFO - Filling up the DagBag from /opt/airflow/dags/hello_airflow.py
[2026-08-13T10:56:45.340+0000] {processor.py:840} INFO - DAG(s) 'hello_airflow' retrieved from /opt/airflow/dags/hello_airflow.py
[2026-08-13T10:56:45.380+0000] {logging_mixin.py:188} INFO - [2026-08-13T10:56:45.380+0000] {dag.py:3089} INFO - Sync 1 DAGs
[2026-08-13T10:56:45.398+0000] {logging_mixin.py:188} INFO - [2026-08-13T10:56:45.398+0000] {dag.py:3947} INFO - Setting next_dagrun for hello_airflow to None, run_after=None
[2026-08-13T10:56:45.428+0000] {processor.py:183} INFO - Processing /opt/airflow/dags/hello_airflow.py took 0.129 seconds
[2026-08-13T10:57:15.528+0000] {processor.py:161} INFO - Started process (PID=9439) to work on /opt/airflow/dags/hello_airflow.py
[2026-08-13T10:57:15.530+0000] {processor.py:830} INFO - Processing file /opt/airflow/dags/hello_airflow.py for tasks to queue
[2026-08-13T10:57:15.532+0000] {logging_mixin.py:188} INFO - [2026-08-13T10:57:15.531+0000] {dagbag.py:545} INFO - Filling up the DagBag from /opt/airflow/dags/hello_airflow.py
[2026-08-13T10:57:15.547+0000] {processor.py:840} INFO - DAG(s) 'hello_airflow' retrieved from /opt/airflow/dags/hello_airflow.py
[2026-08-13T10:57:15.573+0000] {logging_mixin.py:188} INFO - [2026-08-13T10:57:15.572+0000] {dag.py:3089} INFO - Sync 1 DAGs
[2026-08-13T10:57:15.584+0000] {logging_mixin.py:188} INFO - [2026-08-13T10:57:15.584+0000] {dag.py:3947} INFO - Setting next_dagrun for hello_airflow to None, run_after=None
[2026-08-13T10:57:15.601+0000] {processor.py:183} INFO - Processing /opt/airflow/dags/hello_airflow.py took 0.080 seconds
[2026-08-13T10:57:45.759+0000] {processor.py:161} INFO - Started process (PID=9471) to work on /opt/airflow/dags/hello_airflow.py
[2026-08-13T10:57:45.761+0000] {processor.py:830} INFO - Processing file /opt/airflow/dags/hello_airflow.py for tasks to queue
[2026-08-13T10:57:45.764+0000] {logging_mixin.py:188} INFO - [2026-08-13T10:57:45.763+0000] {dagbag.py:545} INFO - Filling up the DagBag from /opt/airflow/dags/hello_airflow.py
[2026-08-13T10:57:45.783+0000] {processor.py:840} INFO - DAG(s) 'hello_airflow' retrieved from /opt/airflow/dags/hello_airflow.py
[2026-08-13T10:57:45.825+0000] {logging_mixin.py:188} INFO - [2026-08-13T10:57:45.825+0000] {dag.py:3089} INFO - Sync 1 DAGs
[2026-08-13T10:57:45.848+0000] {logging_mixin.py:188} INFO - [2026-08-13T10:57:45.848+0000] {dag.py:3947} INFO - Setting next_dagrun for hello_airflow to None, run_after=None
[2026-08-13T10:57:45.874+0000] {processor.py:183} INFO - Processing /opt/airflow/dags/hello_airflow.py took 0.124 seconds
[2026-08-13T10:58:16.140+0000] {processor.py:161} INFO - Started process (PID=9496) to work on /opt/airflow/dags/hello_airflow.py
[2026-08-13T10:58:16.141+0000] {processor.py:830} INFO - Processing file /opt/airflow/dags/hello_airflow.py for tasks to queue
[2026-08-13T10:58:16.144+0000] {logging_mixin.py:188} INFO - [2026-08-13T10:58:16.143+0000] {dagbag.py:545} INFO - Filling up the DagBag from /opt/airflow/dags/hello_airflow.py
[2026-08-13T10:58:16.158+0000] {processor.py:840} INFO - DAG(s) 'hello_airflow' retrieved from /opt/airflow/dags/hello_airflow.py
[2026-08-13T10:58:16.181+0000] {logging_mixin.py:188} INFO - [2026-08-13T10:58:16.181+0000] {dag.py:3089} INFO - Sync 1 DAGs
[2026-08-13T10:58:16.193+0000] {logging_mixin.py:188} INFO - [2026-08-13T10:58:16.193+0000] {dag.py:3947} INFO - Setting next_dagrun for hello_airflow to None, run_after=None
[2026-08-13T10:58:16.213+0000] {processor.py:183} INFO - Processing /opt/airflow/dags/hello_airflow.py took 0.078 seconds
[2026-08-13T10:58:46.445+0000] {processor.py:161} INFO - Started process (PID=9520) to work on /opt/airflow/dags/hello_airflow.py
[2026-08-13T10:58:46.446+0000] {processor.py:830} INFO - Processing file /opt/airflow/dags/hello_airflow.py for tasks to queue
[2026-08-13T10:58:46.448+0000] {logging_mixin.py:188} INFO - [2026-08-13T10:58:46.448+0000] {dagbag.py:545} INFO - Filling up the DagBag from /opt/airflow/dags/hello_airflow.py
[2026-08-13T10:58:46.462+0000] {processor.py:840} INFO - DAG(s) 'hello_airflow' retrieved from /opt/airflow/dags/hello_airflow.py
[2026-08-13T10:58:46.486+0000] {logging_mixin.py:188} INFO - [2026-08-13T10:58:46.486+0000] {dag.py:3089} INFO - Sync 1 DAGs
[2026-08-13T10:58:46.497+0000] {logging_mixin.py:188} INFO - [2026-08-13T10:58:46.497+0000] {dag.py:3947} INFO - Setting next_dagrun for hello_airflow to None, run_after=None
[2026-08-13T10:58:46.515+0000] {processor.py:183} INFO - Processing /opt/airflow/dags/hello_airflow.py took 0.076 seconds
[2026-08-13T10:59:16.818+0000] {processor.py:161} INFO - Started process (PID=9551) to work on /opt/airflow/dags/hello_airflow.py
[2026-08-13T10:59:16.820+0000] {processor.py:830} INFO - Processing file /opt/airflow/dags/hello_airflow.py for tasks to queue
[2026-08-13T10:59:16.824+0000] {logging_mixin.py:188} INFO - [2026-08-13T10:59:16.823+0000] {dagbag.py:545} INFO - Filling up the DagBag from /opt/airflow/dags/hello_airflow.py
[2026-08-13T10:59:16.854+0000] {processor.py:840} INFO - DAG(s) 'hello_airflow' retrieved from /opt/airflow/dags/hello_airflow.py
[2026-08-13T10:59:16.897+0000] {logging_mixin.py:188} INFO - [2026-08-13T10:59:16.897+0000] {dag.py:3089} INFO - Sync 1 DAGs
[2026-08-13T10:59:16.918+0000] {logging_mixin.py:188} INFO - [2026-08-13T10:59:16.917+0000] {dag.py:3947} INFO - Setting next_dagrun for hello_airflow to None, run_after=None
[2026-08-13T10:59:16.946+0000] {processor.py:183} INFO - Processing /opt/airflow/dags/hello_airflow.py took 0.139 seconds
[2026-08-13T10:59:47.065+0000] {processor.py:161} INFO - Started process (PID=9575) to work on /opt/airflow/dags/hello_airflow.py
[2026-08-13T10:59:47.066+0000] {processor.py:830} INFO - Processing file /opt/airflow/dags/hello_airflow.py for tasks to queue
[2026-08-13T10:59:47.068+0000] {logging_mixin.py:188} INFO - [2026-08-13T10:59:47.068+0000] {dagbag.py:545} INFO - Filling up the DagBag from /opt/airflow/dags/hello_airflow.py
[2026-08-13T10:59:47.083+0000] {processor.py:840} INFO - DAG(s) 'hello_airflow' retrieved from /opt/airflow/dags/hello_airflow.py
[2026-08-13T10:59:47.108+0000] {logging_mixin.py:188} INFO - [2026-08-13T10:59:47.108+0000] {dag.py:3089} INFO - Sync 1 DAGs
[2026-08-13T10:59:47.119+0000] {logging_mixin.py:188} INFO - [2026-08-13T10:59:47.118+0000] {dag.py:3947} INFO - Setting next_dagrun for hello_airflow to None, run_after=None
[2026-08-13T10:59:47.136+0000] {processor.py:183} INFO - Processing /opt/airflow/dags/hello_airflow.py took 0.077 seconds
[2026-08-13T11:00:17.392+0000] {processor.py:161} INFO - Started process (PID=9606) to work on /opt/airflow/dags/hello_airflow.py
[2026-08-13T11:00:17.393+0000] {processor.py:830} INFO - Processing file /opt/airflow/dags/hello_airflow.py for tasks to queue
[2026-08-13T11:00:17.395+0000] {logging_mixin.py:188} INFO - [2026-08-13T11:00:17.395+0000] {dagbag.py:545} INFO - Filling up the DagBag from /opt/airflow/dags/hello_airflow.py
[2026-08-13T11:00:17.410+0000] {processor.py:840} INFO - DAG(s) 'hello_airflow' retrieved from /opt/airflow/dags/hello_airflow.py
[2026-08-13T11:00:17.441+0000] {logging_mixin.py:188} INFO - [2026-08-13T11:00:17.441+0000] {dag.py:3089} INFO - Sync 1 DAGs
[2026-08-13T11:00:17.454+0000] {logging_mixin.py:188} INFO - [2026-08-13T11:00:17.454+0000] {dag.py:3947} INFO - Setting next_dagrun for hello_airflow to None, run_after=None
[2026-08-13T11:00:17.473+0000] {processor.py:183} INFO - Processing /opt/airflow/dags/hello_airflow.py took 0.087 seconds
[2026-08-13T11:00:47.752+0000] {processor.py:161} INFO - Started process (PID=9630) to work on /opt/airflow/dags/hello_airflow.py
[2026-08-13T11:00:47.753+0000] {processor.py:830} INFO - Processing file /opt/airflow/dags/hello_airflow.py for tasks to queue
[2026-08-13T11:00:47.755+0000] {logging_mixin.py:188} INFO - [2026-08-13T11:00:47.755+0000] {dagbag.py:545} INFO - Filling up the DagBag from /opt/airflow/dags/hello_airflow.py
[2026-08-13T11:00:47.770+0000] {processor.py:840} INFO - DAG(s) 'hello_airflow' retrieved from /opt/airflow/dags/hello_airflow.py
[2026-08-13T11:00:47.793+0000] {logging_mixin.py:188} INFO - [2026-08-13T11:00:47.793+0000] {dag.py:3089} INFO - Sync 1 DAGs
[2026-08-13T11:00:47.806+0000] {logging_mixin.py:188} INFO - [2026-08-13T11:00:47.805+0000] {dag.py:3947} INFO - Setting next_dagrun for hello_airflow to None, run_after=None
[2026-08-13T11:00:47.824+0000] {processor.py:183} INFO - Processing /opt/airflow/dags/hello_airflow.py took 0.077 seconds
[2026-08-13T11:01:17.999+0000] {processor.py:161} INFO - Started process (PID=9654) to work on /opt/airflow/dags/hello_airflow.py
[2026-08-13T11:01:18.000+0000] {processor.py:830} INFO - Processing file /opt/airflow/dags/hello_airflow.py for tasks to queue
[2026-08-13T11:01:18.002+0000] {logging_mixin.py:188} INFO - [2026-08-13T11:01:18.002+0000] {dagbag.py:545} INFO - Filling up the DagBag from /opt/airflow/dags/hello_airflow.py
[2026-08-13T11:01:18.015+0000] {processor.py:840} INFO - DAG(s) 'hello_airflow' retrieved from /opt/airflow/dags/hello_airflow.py
[2026-08-13T11:01:18.045+0000] {logging_mixin.py:188} INFO - [2026-08-13T11:01:18.045+0000] {dag.py:3089} INFO - Sync 1 DAGs
[2026-08-13T11:01:18.057+0000] {logging_mixin.py:188} INFO - [2026-08-13T11:01:18.057+0000] {dag.py:3947} INFO - Setting next_dagrun for hello_airflow to None, run_after=None
[2026-08-13T11:01:18.074+0000] {processor.py:183} INFO - Processing /opt/airflow/dags/hello_airflow.py took 0.081 seconds
[2026-08-13T11:01:48.302+0000] {processor.py:161} INFO - Started process (PID=9685) to work on /opt/airflow/dags/hello_airflow.py
[2026-08-13T11:01:48.303+0000] {processor.py:830} INFO - Processing file /opt/airflow/dags/hello_airflow.py for tasks to queue
[2026-08-13T11:01:48.306+0000] {logging_mixin.py:188} INFO - [2026-08-13T11:01:48.305+0000] {dagbag.py:545} INFO - Filling up the DagBag from /opt/airflow/dags/hello_airflow.py
[2026-08-13T11:01:48.329+0000] {processor.py:840} INFO - DAG(s) 'hello_airflow' retrieved from /opt/airflow/dags/hello_airflow.py
[2026-08-13T11:01:48.364+0000] {logging_mixin.py:188} INFO - [2026-08-13T11:01:48.364+0000] {dag.py:3089} INFO - Sync 1 DAGs
[2026-08-13T11:01:48.380+0000] {logging_mixin.py:188} INFO - [2026-08-13T11:01:48.380+0000] {dag.py:3947} INFO - Setting next_dagrun for hello_airflow to None, run_after=None
[2026-08-13T11:01:48.404+0000] {processor.py:183} INFO - Processing /opt/airflow/dags/hello_airflow.py took 0.110 seconds
[2026-08-13T11:02:18.676+0000] {processor.py:161} INFO - Started process (PID=9709) to work on /opt/airflow/dags/hello_airflow.py
[2026-08-13T11:02:18.677+0000] {processor.py:830} INFO - Processing file /opt/airflow/dags/hello_airflow.py for tasks to queue
[2026-08-13T11:02:18.678+0000] {logging_mixin.py:188} INFO - [2026-08-13T11:02:18.678+0000] {dagbag.py:545} INFO - Filling up the DagBag from /opt/airflow/dags/hello_airflow.py
[2026-08-13T11:02:18.691+0000] {processor.py:840} INFO - DAG(s) 'hello_airflow' retrieved from /opt/airflow/dags/hello_airflow.py
[2026-08-13T11:02:18.714+0000] {logging_mixin.py:188} INFO - [2026-08-13T11:02:18.714+0000] {dag.py:3089} INFO - Sync 1 DAGs
[2026-08-13T11:02:18.725+0000] {logging_mixin.py:188} INFO - [2026-08-13T11:02:18.725+0000] {dag.py:3947} INFO - Setting next_dagrun for hello_airflow to None, run_after=None
[2026-08-13T11:02:18.741+0000] {processor.py:183} INFO - Processing /opt/airflow/dags/hello_airflow.py took 0.069 seconds
[2026-08-13T11:02:48.955+0000] {processor.py:161} INFO - Started process (PID=9740) to work on /opt/airflow/dags/hello_airflow.py
[2026-08-13T11:02:48.957+0000] {processor.py:830} INFO - Processing file /opt/airflow/dags/hello_airflow.py for tasks to queue
[2026-08-13T11:02:48.961+0000] {logging_mixin.py:188} INFO - [2026-08-13T11:02:48.960+0000] {dagbag.py:545} INFO - Filling up the DagBag from /opt/airflow/dags/hello_airflow.py
[2026-08-13T11:02:48.990+0000] {processor.py:840} INFO - DAG(s) 'hello_airflow' retrieved from /opt/airflow/dags/hello_airflow.py
[2026-08-13T11:02:49.049+0000] {logging_mixin.py:188} INFO - [2026-08-13T11:02:49.048+0000] {dag.py:3089} INFO - Sync 1 DAGs
[2026-08-13T11:02:49.070+0000] {logging_mixin.py:188} INFO - [2026-08-13T11:02:49.070+0000] {dag.py:3947} INFO - Setting next_dagrun for hello_airflow to None, run_after=None
[2026-08-13T11:02:49.106+0000] {processor.py:183} INFO - Processing /opt/airflow/dags/hello_airflow.py took 0.159 seconds
[2026-08-13T11:03:19.391+0000] {processor.py:161} INFO - Started process (PID=9764) to work on /opt/airflow/dags/hello_airflow.py
[2026-08-13T11:03:19.392+0000] {processor.py:830} INFO - Processing file /opt/airflow/dags/hello_airflow.py for tasks to queue
[2026-08-13T11:03:19.394+0000] {logging_mixin.py:188} INFO - [2026-08-13T11:03:19.394+0000] {dagbag.py:545} INFO - Filling up the DagBag from /opt/airflow/dags/hello_airflow.py
[2026-08-13T11:03:19.408+0000] {processor.py:840} INFO - DAG(s) 'hello_airflow' retrieved from /opt/airflow/dags/hello_airflow.py
[2026-08-13T11:03:19.431+0000] {logging_mixin.py:188} INFO - [2026-08-13T11:03:19.431+0000] {dag.py:3089} INFO - Sync 1 DAGs
[2026-08-13T11:03:19.442+0000] {logging_mixin.py:188} INFO - [2026-08-13T11:03:19.442+0000] {dag.py:3947} INFO - Setting next_dagrun for hello_airflow to None, run_after=None
[2026-08-13T11:03:19.460+0000] {processor.py:183} INFO - Processing /opt/airflow/dags/hello_airflow.py took 0.074 seconds
[2026-08-13T11:03:49.691+0000] {processor.py:161} INFO - Started process (PID=9795) to work on /opt/airflow/dags/hello_airflow.py
[2026-08-13T11:03:49.693+0000] {processor.py:830} INFO - Processing file /opt/airflow/dags/hello_airflow.py for tasks to queue
[2026-08-13T11:03:49.697+0000] {logging_mixin.py:188} INFO - [2026-08-13T11:03:49.697+0000] {dagbag.py:545} INFO - Filling up the DagBag from /opt/airflow/dags/hello_airflow.py
[2026-08-13T11:03:49.712+0000] {processor.py:840} INFO - DAG(s) 'hello_airflow' retrieved from /opt/airflow/dags/hello_airflow.py
[2026-08-13T11:03:49.736+0000] {logging_mixin.py:188} INFO - [2026-08-13T11:03:49.736+0000] {dag.py:3089} INFO - Sync 1 DAGs
[2026-08-13T11:03:49.749+0000] {logging_mixin.py:188} INFO - [2026-08-13T11:03:49.749+0000] {dag.py:3947} INFO - Setting next_dagrun for hello_airflow to None, run_after=None
[2026-08-13T11:03:49.768+0000] {processor.py:183} INFO - Processing /opt/airflow/dags/hello_airflow.py took 0.085 seconds
[2026-08-13T11:04:20.022+0000] {processor.py:161} INFO - Started process (PID=9819) to work on /opt/airflow/dags/hello_airflow.py
[2026-08-13T11:04:20.023+0000] {processor.py:830} INFO - Processing file /opt/airflow/dags/hello_airflow.py for tasks to queue
[2026-08-13T11:04:20.025+0000] {logging_mixin.py:188} INFO - [2026-08-13T11:04:20.025+0000] {dagbag.py:545} INFO - Filling up the DagBag from /opt/airflow/dags/hello_airflow.py
[2026-08-13T11:04:20.040+0000] {processor.py:840} INFO - DAG(s) 'hello_airflow' retrieved from /opt/airflow/dags/hello_airflow.py
[2026-08-13T11:04:20.073+0000] {logging_mixin.py:188} INFO - [2026-08-13T11:04:20.073+0000] {dag.py:3089} INFO - Sync 1 DAGs
[2026-08-13T11:04:20.085+0000] {logging_mixin.py:188} INFO - [2026-08-13T11:04:20.085+0000] {dag.py:3947} INFO - Setting next_dagrun for hello_airflow to None, run_after=None
[2026-08-13T11:04:20.106+0000] {processor.py:183} INFO - Processing /opt/airflow/dags/hello_airflow.py took 0.091 seconds
[2026-08-13T11:04:50.388+0000] {processor.py:161} INFO - Started process (PID=9843) to work on /opt/airflow/dags/hello_airflow.py
[2026-08-13T11:04:50.389+0000] {processor.py:830} INFO - Processing file /opt/airflow/dags/hello_airflow.py for tasks to queue
[2026-08-13T11:04:50.391+0000] {logging_mixin.py:188} INFO - [2026-08-13T11:04:50.391+0000] {dagbag.py:545} INFO - Filling up the DagBag from /opt/airflow/dags/hello_airflow.py
[2026-08-13T11:04:50.404+0000] {processor.py:840} INFO - DAG(s) 'hello_airflow' retrieved from /opt/airflow/dags/hello_airflow.py
[2026-08-13T11:04:50.429+0000] {logging_mixin.py:188} INFO - [2026-08-13T11:04:50.429+0000] {dag.py:3089} INFO - Sync 1 DAGs
[2026-08-13T11:04:50.440+0000] {logging_mixin.py:188} INFO - [2026-08-13T11:04:50.440+0000] {dag.py:3947} INFO - Setting next_dagrun for hello_airflow to None, run_after=None
[2026-08-13T11:04:50.457+0000] {processor.py:183} INFO - Processing /opt/airflow/dags/hello_airflow.py took 0.074 seconds
[2026-08-13T11:05:20.644+0000] {processor.py:161} INFO - Started process (PID=9874) to work on /opt/airflow/dags/hello_airflow.py
[2026-08-13T11:05:20.646+0000] {processor.py:830} INFO - Processing file /opt/airflow/dags/hello_airflow.py for tasks to queue
[2026-08-13T11:05:20.650+0000] {logging_mixin.py:188} INFO - [2026-08-13T11:05:20.650+0000] {dagbag.py:545} INFO - Filling up the DagBag from /opt/airflow/dags/hello_airflow.py
[2026-08-13T11:05:20.675+0000] {processor.py:840} INFO - DAG(s) 'hello_airflow' retrieved from /opt/airflow/dags/hello_airflow.py
[2026-08-13T11:05:20.717+0000] {logging_mixin.py:188} INFO - [2026-08-13T11:05:20.717+0000] {dag.py:3089} INFO - Sync 1 DAGs
[2026-08-13T11:05:20.738+0000] {logging_mixin.py:188} INFO - [2026-08-13T11:05:20.737+0000] {dag.py:3947} INFO - Setting next_dagrun for hello_airflow to None, run_after=None
[2026-08-13T11:05:20.766+0000] {processor.py:183} INFO - Processing /opt/airflow/dags/hello_airflow.py took 0.133 seconds
[2026-08-13T11:05:50.926+0000] {processor.py:161} INFO - Started process (PID=9899) to work on /opt/airflow/dags/hello_airflow.py
[2026-08-13T11:05:50.928+0000] {processor.py:830} INFO - Processing file /opt/airflow/dags/hello_airflow.py for tasks to queue
[2026-08-13T11:05:50.930+0000] {logging_mixin.py:188} INFO - [2026-08-13T11:05:50.930+0000] {dagbag.py:545} INFO - Filling up the DagBag from /opt/airflow/dags/hello_airflow.py
[2026-08-13T11:05:50.945+0000] {processor.py:840} INFO - DAG(s) 'hello_airflow' retrieved from /opt/airflow/dags/hello_airflow.py
[2026-08-13T11:05:50.972+0000] {logging_mixin.py:188} INFO - [2026-08-13T11:05:50.971+0000] {dag.py:3089} INFO - Sync 1 DAGs
[2026-08-13T11:05:50.983+0000] {logging_mixin.py:188} INFO - [2026-08-13T11:05:50.983+0000] {dag.py:3947} INFO - Setting next_dagrun for hello_airflow to None, run_after=None
[2026-08-13T11:05:51.001+0000] {processor.py:183} INFO - Processing /opt/airflow/dags/hello_airflow.py took 0.081 seconds
[2026-08-13T11:06:21.267+0000] {processor.py:161} INFO - Started process (PID=9930) to work on /opt/airflow/dags/hello_airflow.py
[2026-08-13T11:06:21.270+0000] {processor.py:830} INFO - Processing file /opt/airflow/dags/hello_airflow.py for tasks to queue
[2026-08-13T11:06:21.274+0000] {logging_mixin.py:188} INFO - [2026-08-13T11:06:21.273+0000] {dagbag.py:545} INFO - Filling up the DagBag from /opt/airflow/dags/hello_airflow.py
[2026-08-13T11:06:21.304+0000] {processor.py:840} INFO - DAG(s) 'hello_airflow' retrieved from /opt/airflow/dags/hello_airflow.py
[2026-08-13T11:06:21.351+0000] {logging_mixin.py:188} INFO - [2026-08-13T11:06:21.350+0000] {dag.py:3089} INFO - Sync 1 DAGs
[2026-08-13T11:06:21.396+0000] {logging_mixin.py:188} INFO - [2026-08-13T11:06:21.395+0000] {dag.py:3947} INFO - Setting next_dagrun for hello_airflow to None, run_after=None
[2026-08-13T11:06:21.500+0000] {processor.py:183} INFO - Processing /opt/airflow/dags/hello_airflow.py took 0.244 seconds
[2026-08-13T11:06:51.760+0000] {processor.py:161} INFO - Started process (PID=9954) to work on /opt/airflow/dags/hello_airflow.py
[2026-08-13T11:06:51.761+0000] {processor.py:830} INFO - Processing file /opt/airflow/dags/hello_airflow.py for tasks to queue
[2026-08-13T11:06:51.763+0000] {logging_mixin.py:188} INFO - [2026-08-13T11:06:51.763+0000] {dagbag.py:545} INFO - Filling up the DagBag from /opt/airflow/dags/hello_airflow.py
[2026-08-13T11:06:51.777+0000] {processor.py:840} INFO - DAG(s) 'hello_airflow' retrieved from /opt/airflow/dags/hello_airflow.py
[2026-08-13T11:06:51.803+0000] {logging_mixin.py:188} INFO - [2026-08-13T11:06:51.802+0000] {dag.py:3089} INFO - Sync 1 DAGs
[2026-08-13T11:06:51.815+0000] {logging_mixin.py:188} INFO - [2026-08-13T11:06:51.815+0000] {dag.py:3947} INFO - Setting next_dagrun for hello_airflow to None, run_after=None
[2026-08-13T11:06:51.832+0000] {processor.py:183} INFO - Processing /opt/airflow/dags/hello_airflow.py took 0.078 seconds
[2026-08-13T11:07:22.099+0000] {processor.py:161} INFO - Started process (PID=9985) to work on /opt/airflow/dags/hello_airflow.py
[2026-08-13T11:07:22.100+0000] {processor.py:830} INFO - Processing file /opt/airflow/dags/hello_airflow.py for tasks to queue
[2026-08-13T11:07:22.102+0000] {logging_mixin.py:188} INFO - [2026-08-13T11:07:22.102+0000] {dagbag.py:545} INFO - Filling up the DagBag from /opt/airflow/dags/hello_airflow.py
[2026-08-13T11:07:22.117+0000] {processor.py:840} INFO - DAG(s) 'hello_airflow' retrieved from /opt/airflow/dags/hello_airflow.py
[2026-08-13T11:07:22.141+0000] {logging_mixin.py:188} INFO - [2026-08-13T11:07:22.141+0000] {dag.py:3089} INFO - Sync 1 DAGs
[2026-08-13T11:07:22.152+0000] {logging_mixin.py:188} INFO - [2026-08-13T11:07:22.152+0000] {dag.py:3947} INFO - Setting next_dagrun for hello_airflow to None, run_after=None
[2026-08-13T11:07:22.170+0000] {processor.py:183} INFO - Processing /opt/airflow/dags/hello_airflow.py took 0.077 seconds
[2026-08-13T11:07:52.347+0000] {processor.py:161} INFO - Started process (PID=10009) to work on /opt/airflow/dags/hello_airflow.py
[2026-08-13T11:07:52.348+0000] {processor.py:830} INFO - Processing file /opt/airflow/dags/hello_airflow.py for tasks to queue
[2026-08-13T11:07:52.350+0000] {logging_mixin.py:188} INFO - [2026-08-13T11:07:52.350+0000] {dagbag.py:545} INFO - Filling up the DagBag from /opt/airflow/dags/hello_airflow.py
[2026-08-13T11:07:52.365+0000] {processor.py:840} INFO - DAG(s) 'hello_airflow' retrieved from /opt/airflow/dags/hello_airflow.py
[2026-08-13T11:07:52.391+0000] {logging_mixin.py:188} INFO - [2026-08-13T11:07:52.391+0000] {dag.py:3089} INFO - Sync 1 DAGs
[2026-08-13T11:07:52.403+0000] {logging_mixin.py:188} INFO - [2026-08-13T11:07:52.403+0000] {dag.py:3947} INFO - Setting next_dagrun for hello_airflow to None, run_after=None
[2026-08-13T11:07:52.420+0000] {processor.py:183} INFO - Processing /opt/airflow/dags/hello_airflow.py took 0.080 seconds
[2026-08-13T11:08:22.586+0000] {processor.py:161} INFO - Started process (PID=10033) to work on /opt/airflow/dags/hello_airflow.py
[2026-08-13T11:08:22.588+0000] {processor.py:830} INFO - Processing file /opt/airflow/dags/hello_airflow.py for tasks to queue
[2026-08-13T11:08:22.590+0000] {logging_mixin.py:188} INFO - [2026-08-13T11:08:22.589+0000] {dagbag.py:545} INFO - Filling up the DagBag from /opt/airflow/dags/hello_airflow.py
[2026-08-13T11:08:22.606+0000] {processor.py:840} INFO - DAG(s) 'hello_airflow' retrieved from /opt/airflow/dags/hello_airflow.py
[2026-08-13T11:08:22.634+0000] {logging_mixin.py:188} INFO - [2026-08-13T11:08:22.634+0000] {dag.py:3089} INFO - Sync 1 DAGs
[2026-08-13T11:08:22.646+0000] {logging_mixin.py:188} INFO - [2026-08-13T11:08:22.646+0000] {dag.py:3947} INFO - Setting next_dagrun for hello_airflow to None, run_after=None
[2026-08-13T11:08:22.664+0000] {processor.py:183} INFO - Processing /opt/airflow/dags/hello_airflow.py took 0.084 seconds
[2026-08-13T11:08:52.984+0000] {processor.py:161} INFO - Started process (PID=10064) to work on /opt/airflow/dags/hello_airflow.py
[2026-08-13T11:08:52.987+0000] {processor.py:830} INFO - Processing file /opt/airflow/dags/hello_airflow.py for tasks to queue
[2026-08-13T11:08:52.991+0000] {logging_mixin.py:188} INFO - [2026-08-13T11:08:52.990+0000] {dagbag.py:545} INFO - Filling up the DagBag from /opt/airflow/dags/hello_airflow.py
[2026-08-13T11:08:53.018+0000] {processor.py:840} INFO - DAG(s) 'hello_airflow' retrieved from /opt/airflow/dags/hello_airflow.py
[2026-08-13T11:08:53.054+0000] {logging_mixin.py:188} INFO - [2026-08-13T11:08:53.054+0000] {dag.py:3089} INFO - Sync 1 DAGs
[2026-08-13T11:08:53.072+0000] {logging_mixin.py:188} INFO - [2026-08-13T11:08:53.072+0000] {dag.py:3947} INFO - Setting next_dagrun for hello_airflow to None, run_after=None
[2026-08-13T11:08:53.100+0000] {processor.py:183} INFO - Processing /opt/airflow/dags/hello_airflow.py took 0.124 seconds
[2026-08-13T11:09:23.235+0000] {processor.py:161} INFO - Started process (PID=10089) to work on /opt/airflow/dags/hello_airflow.py
[2026-08-13T11:09:23.237+0000] {processor.py:830} INFO - Processing file /opt/airflow/dags/hello_airflow.py for tasks to queue
[2026-08-13T11:09:23.239+0000] {logging_mixin.py:188} INFO - [2026-08-13T11:09:23.238+0000] {dagbag.py:545} INFO - Filling up the DagBag from /opt/airflow/dags/hello_airflow.py
[2026-08-13T11:09:23.252+0000] {processor.py:840} INFO - DAG(s) 'hello_airflow' retrieved from /opt/airflow/dags/hello_airflow.py
[2026-08-13T11:09:23.277+0000] {logging_mixin.py:188} INFO - [2026-08-13T11:09:23.277+0000] {dag.py:3089} INFO - Sync 1 DAGs
[2026-08-13T11:09:23.289+0000] {logging_mixin.py:188} INFO - [2026-08-13T11:09:23.288+0000] {dag.py:3947} INFO - Setting next_dagrun for hello_airflow to None, run_after=None
[2026-08-13T11:09:23.306+0000] {processor.py:183} INFO - Processing /opt/airflow/dags/hello_airflow.py took 0.077 seconds
[2026-08-13T11:09:53.691+0000] {processor.py:161} INFO - Started process (PID=10113) to work on /opt/airflow/dags/hello_airflow.py
[2026-08-13T11:09:53.692+0000] {processor.py:830} INFO - Processing file /opt/airflow/dags/hello_airflow.py for tasks to queue
[2026-08-13T11:09:53.695+0000] {logging_mixin.py:188} INFO - [2026-08-13T11:09:53.694+0000] {dagbag.py:545} INFO - Filling up the DagBag from /opt/airflow/dags/hello_airflow.py
[2026-08-13T11:09:53.713+0000] {processor.py:840} INFO - DAG(s) 'hello_airflow' retrieved from /opt/airflow/dags/hello_airflow.py
[2026-08-13T11:09:53.744+0000] {logging_mixin.py:188} INFO - [2026-08-13T11:09:53.743+0000] {dag.py:3089} INFO - Sync 1 DAGs
[2026-08-13T11:09:53.760+0000] {logging_mixin.py:188} INFO - [2026-08-13T11:09:53.760+0000] {dag.py:3947} INFO - Setting next_dagrun for hello_airflow to None, run_after=None
[2026-08-13T11:09:53.786+0000] {processor.py:183} INFO - Processing /opt/airflow/dags/hello_airflow.py took 0.101 seconds
[2026-08-13T11:10:24.038+0000] {processor.py:161} INFO - Started process (PID=10137) to work on /opt/airflow/dags/hello_airflow.py
[2026-08-13T11:10:24.040+0000] {processor.py:830} INFO - Processing file /opt/airflow/dags/hello_airflow.py for tasks to queue
[2026-08-13T11:10:24.043+0000] {logging_mixin.py:188} INFO - [2026-08-13T11:10:24.042+0000] {dagbag.py:545} INFO - Filling up the DagBag from /opt/airflow/dags/hello_airflow.py
[2026-08-13T11:10:24.067+0000] {processor.py:840} INFO - DAG(s) 'hello_airflow' retrieved from /opt/airflow/dags/hello_airflow.py
[2026-08-13T11:10:24.112+0000] {logging_mixin.py:188} INFO - [2026-08-13T11:10:24.112+0000] {dag.py:3089} INFO - Sync 1 DAGs
[2026-08-13T11:10:24.133+0000] {logging_mixin.py:188} INFO - [2026-08-13T11:10:24.133+0000] {dag.py:3947} INFO - Setting next_dagrun for hello_airflow to None, run_after=None
[2026-08-13T11:10:24.168+0000] {processor.py:183} INFO - Processing /opt/airflow/dags/hello_airflow.py took 0.139 seconds
[2026-08-13T11:10:54.354+0000] {processor.py:161} INFO - Started process (PID=10161) to work on /opt/airflow/dags/hello_airflow.py
[2026-08-13T11:10:54.355+0000] {processor.py:830} INFO - Processing file /opt/airflow/dags/hello_airflow.py for tasks to queue
[2026-08-13T11:10:54.358+0000] {logging_mixin.py:188} INFO - [2026-08-13T11:10:54.357+0000] {dagbag.py:545} INFO - Filling up the DagBag from /opt/airflow/dags/hello_airflow.py
[2026-08-13T11:10:54.372+0000] {processor.py:840} INFO - DAG(s) 'hello_airflow' retrieved from /opt/airflow/dags/hello_airflow.py
[2026-08-13T11:10:54.400+0000] {logging_mixin.py:188} INFO - [2026-08-13T11:10:54.399+0000] {dag.py:3089} INFO - Sync 1 DAGs
[2026-08-13T11:10:54.411+0000] {logging_mixin.py:188} INFO - [2026-08-13T11:10:54.411+0000] {dag.py:3947} INFO - Setting next_dagrun for hello_airflow to None, run_after=None
[2026-08-13T11:10:54.431+0000] {processor.py:183} INFO - Processing /opt/airflow/dags/hello_airflow.py took 0.083 seconds
[2026-08-13T11:11:24.596+0000] {processor.py:161} INFO - Started process (PID=10185) to work on /opt/airflow/dags/hello_airflow.py
[2026-08-13T11:11:24.597+0000] {processor.py:830} INFO - Processing file /opt/airflow/dags/hello_airflow.py for tasks to queue
[2026-08-13T11:11:24.599+0000] {logging_mixin.py:188} INFO - [2026-08-13T11:11:24.599+0000] {dagbag.py:545} INFO - Filling up the DagBag from /opt/airflow/dags/hello_airflow.py
[2026-08-13T11:11:24.613+0000] {processor.py:840} INFO - DAG(s) 'hello_airflow' retrieved from /opt/airflow/dags/hello_airflow.py
[2026-08-13T11:11:24.638+0000] {logging_mixin.py:188} INFO - [2026-08-13T11:11:24.638+0000] {dag.py:3089} INFO - Sync 1 DAGs
[2026-08-13T11:11:24.650+0000] {logging_mixin.py:188} INFO - [2026-08-13T11:11:24.649+0000] {dag.py:3947} INFO - Setting next_dagrun for hello_airflow to None, run_after=None
[2026-08-13T11:11:24.667+0000] {processor.py:183} INFO - Processing /opt/airflow/dags/hello_airflow.py took 0.078 seconds
[2026-08-13T11:11:54.966+0000] {processor.py:161} INFO - Started process (PID=10216) to work on /opt/airflow/dags/hello_airflow.py
[2026-08-13T11:11:54.969+0000] {processor.py:830} INFO - Processing file /opt/airflow/dags/hello_airflow.py for tasks to queue
[2026-08-13T11:11:54.973+0000] {logging_mixin.py:188} INFO - [2026-08-13T11:11:54.973+0000] {dagbag.py:545} INFO - Filling up the DagBag from /opt/airflow/dags/hello_airflow.py
[2026-08-13T11:11:55.010+0000] {processor.py:840} INFO - DAG(s) 'hello_airflow' retrieved from /opt/airflow/dags/hello_airflow.py
[2026-08-13T11:11:55.066+0000] {logging_mixin.py:188} INFO - [2026-08-13T11:11:55.066+0000] {dag.py:3089} INFO - Sync 1 DAGs
[2026-08-13T11:11:55.094+0000] {logging_mixin.py:188} INFO - [2026-08-13T11:11:55.094+0000] {dag.py:3947} INFO - Setting next_dagrun for hello_airflow to None, run_after=None
[2026-08-13T11:11:55.141+0000] {processor.py:183} INFO - Processing /opt/airflow/dags/hello_airflow.py took 0.187 seconds
[2026-08-13T11:12:25.201+0000] {processor.py:161} INFO - Started process (PID=10237) to work on /opt/airflow/dags/hello_airflow.py
[2026-08-13T11:12:25.202+0000] {processor.py:830} INFO - Processing file /opt/airflow/dags/hello_airflow.py for tasks to queue
[2026-08-13T11:12:25.204+0000] {logging_mixin.py:188} INFO - [2026-08-13T11:12:25.204+0000] {dagbag.py:545} INFO - Filling up the DagBag from /opt/airflow/dags/hello_airflow.py
[2026-08-13T11:12:25.218+0000] {processor.py:840} INFO - DAG(s) 'hello_airflow' retrieved from /opt/airflow/dags/hello_airflow.py
[2026-08-13T11:12:25.243+0000] {logging_mixin.py:188} INFO - [2026-08-13T11:12:25.243+0000] {dag.py:3089} INFO - Sync 1 DAGs
[2026-08-13T11:12:25.255+0000] {logging_mixin.py:188} INFO - [2026-08-13T11:12:25.255+0000] {dag.py:3947} INFO - Setting next_dagrun for hello_airflow to None, run_after=None
[2026-08-13T11:12:25.273+0000] {processor.py:183} INFO - Processing /opt/airflow/dags/hello_airflow.py took 0.076 seconds
[2026-08-13T11:12:55.546+0000] {processor.py:161} INFO - Started process (PID=10271) to work on /opt/airflow/dags/hello_airflow.py
[2026-08-13T11:12:55.548+0000] {processor.py:830} INFO - Processing file /opt/airflow/dags/hello_airflow.py for tasks to queue
[2026-08-13T11:12:55.551+0000] {logging_mixin.py:188} INFO - [2026-08-13T11:12:55.550+0000] {dagbag.py:545} INFO - Filling up the DagBag from /opt/airflow/dags/hello_airflow.py
[2026-08-13T11:12:55.568+0000] {processor.py:840} INFO - DAG(s) 'hello_airflow' retrieved from /opt/airflow/dags/hello_airflow.py
[2026-08-13T11:12:55.600+0000] {logging_mixin.py:188} INFO - [2026-08-13T11:12:55.600+0000] {dag.py:3089} INFO - Sync 1 DAGs
[2026-08-13T11:12:55.616+0000] {logging_mixin.py:188} INFO - [2026-08-13T11:12:55.616+0000] {dag.py:3947} INFO - Setting next_dagrun for hello_airflow to None, run_after=None
[2026-08-13T11:12:55.639+0000] {processor.py:183} INFO - Processing /opt/airflow/dags/hello_airflow.py took 0.100 seconds
[2026-08-13T11:13:25.858+0000] {processor.py:161} INFO - Started process (PID=10295) to work on /opt/airflow/dags/hello_airflow.py
[2026-08-13T11:13:25.860+0000] {processor.py:830} INFO - Processing file /opt/airflow/dags/hello_airflow.py for tasks to queue
[2026-08-13T11:13:25.862+0000] {logging_mixin.py:188} INFO - [2026-08-13T11:13:25.862+0000] {dagbag.py:545} INFO - Filling up the DagBag from /opt/airflow/dags/hello_airflow.py
[2026-08-13T11:13:25.879+0000] {processor.py:840} INFO - DAG(s) 'hello_airflow' retrieved from /opt/airflow/dags/hello_airflow.py
[2026-08-13T11:13:25.909+0000] {logging_mixin.py:188} INFO - [2026-08-13T11:13:25.909+0000] {dag.py:3089} INFO - Sync 1 DAGs
[2026-08-13T11:13:25.923+0000] {logging_mixin.py:188} INFO - [2026-08-13T11:13:25.923+0000] {dag.py:3947} INFO - Setting next_dagrun for hello_airflow to None, run_after=None
[2026-08-13T11:13:25.944+0000] {processor.py:183} INFO - Processing /opt/airflow/dags/hello_airflow.py took 0.092 seconds
[2026-08-13T11:13:56.262+0000] {processor.py:161} INFO - Started process (PID=10319) to work on /opt/airflow/dags/hello_airflow.py
[2026-08-13T11:13:56.263+0000] {processor.py:830} INFO - Processing file /opt/airflow/dags/hello_airflow.py for tasks to queue
[2026-08-13T11:13:56.267+0000] {logging_mixin.py:188} INFO - [2026-08-13T11:13:56.266+0000] {dagbag.py:545} INFO - Filling up the DagBag from /opt/airflow/dags/hello_airflow.py
[2026-08-13T11:13:56.284+0000] {processor.py:840} INFO - DAG(s) 'hello_airflow' retrieved from /opt/airflow/dags/hello_airflow.py
[2026-08-13T11:13:56.318+0000] {logging_mixin.py:188} INFO - [2026-08-13T11:13:56.318+0000] {dag.py:3089} INFO - Sync 1 DAGs
[2026-08-13T11:13:56.333+0000] {logging_mixin.py:188} INFO - [2026-08-13T11:13:56.333+0000] {dag.py:3947} INFO - Setting next_dagrun for hello_airflow to None, run_after=None
[2026-08-13T11:13:56.355+0000] {processor.py:183} INFO - Processing /opt/airflow/dags/hello_airflow.py took 0.100 seconds
[2026-08-13T11:14:27.017+0000] {processor.py:161} INFO - Started process (PID=10343) to work on /opt/airflow/dags/hello_airflow.py
[2026-08-13T11:14:27.019+0000] {processor.py:830} INFO - Processing file /opt/airflow/dags/hello_airflow.py for tasks to queue
[2026-08-13T11:14:27.024+0000] {logging_mixin.py:188} INFO - [2026-08-13T11:14:27.023+0000] {dagbag.py:545} INFO - Filling up the DagBag from /opt/airflow/dags/hello_airflow.py
[2026-08-13T11:14:27.068+0000] {processor.py:840} INFO - DAG(s) 'hello_airflow' retrieved from /opt/airflow/dags/hello_airflow.py
[2026-08-13T11:14:27.136+0000] {logging_mixin.py:188} INFO - [2026-08-13T11:14:27.136+0000] {dag.py:3089} INFO - Sync 1 DAGs
[2026-08-13T11:14:27.169+0000] {logging_mixin.py:188} INFO - [2026-08-13T11:14:27.168+0000] {dag.py:3947} INFO - Setting next_dagrun for hello_airflow to None, run_after=None
[2026-08-13T11:14:27.217+0000] {processor.py:183} INFO - Processing /opt/airflow/dags/hello_airflow.py took 0.216 seconds
[2026-08-13T11:14:57.330+0000] {processor.py:161} INFO - Started process (PID=10367) to work on /opt/airflow/dags/hello_airflow.py
[2026-08-13T11:14:57.331+0000] {processor.py:830} INFO - Processing file /opt/airflow/dags/hello_airflow.py for tasks to queue
[2026-08-13T11:14:57.333+0000] {logging_mixin.py:188} INFO - [2026-08-13T11:14:57.332+0000] {dagbag.py:545} INFO - Filling up the DagBag from /opt/airflow/dags/hello_airflow.py
[2026-08-13T11:14:57.347+0000] {processor.py:840} INFO - DAG(s) 'hello_airflow' retrieved from /opt/airflow/dags/hello_airflow.py
[2026-08-13T11:14:57.375+0000] {logging_mixin.py:188} INFO - [2026-08-13T11:14:57.375+0000] {dag.py:3089} INFO - Sync 1 DAGs
[2026-08-13T11:14:57.388+0000] {logging_mixin.py:188} INFO - [2026-08-13T11:14:57.387+0000] {dag.py:3947} INFO - Setting next_dagrun for hello_airflow to None, run_after=None
[2026-08-13T11:14:57.407+0000] {processor.py:183} INFO - Processing /opt/airflow/dags/hello_airflow.py took 0.083 seconds
